tiempo_s,emg_mV
0.0,0.0030613755027652334
0.0005,0.12301939679404153
0.001,0.1818270135175875
0.0015,0.1573859448155944
0.002,0.07519185275868746
0.0025,-0.013226048622824104
0.003,-0.060510151055554205
0.0035,-0.04629824157294304
0.004,0.013097648195571205
0.0045000000000000005,0.07330653117330763
0.005,0.08953256112368059
0.0055,0.04816422622975785
0.006,-0.021995349021430195
0.006500000000000001,-0.07044755682071048
0.007,-0.06384114211779376
0.0075,-0.012511101035773454
0.008,0.03871869112204732
0.0085,0.04937564452546132
0.009000000000000001,0.01756418774067746
0.0095,-0.021254209710984715
0.01,-0.027932710903021556
0.0105,0.005660383600680368
0.011,0.04931411722785079
0.0115,0.05917749833290808
0.012,0.01609375408214221
0.0125,-0.054337983783902685
0.013000000000000001,-0.10243128156793625
0.0135,-0.09901862783483761
0.014,-0.05888557548889229
0.0145,-0.022360151329965237
0.015,-0.017849359058419747
0.0155,-0.037494806340824624
0.016,-0.04309233831237045
0.0165,-0.0029993738826213246
0.017,0.06702136130074239
0.0175,0.10688573967307749
0.018000000000000002,0.07100180634440988
0.0185,-0.015946155035809303
0.019,-0.07530593617333146
0.0195,-0.0541336405217685
0.02,0.01762595551673409
0.0205,0.059891062187843486
0.021,0.030837926217388203
0.021500000000000002,-0.031466000650079914
0.022,-0.06047815213434364
0.0225,-0.037755590117118557
0.023,-0.0030170520382203254
0.0235,0.0033996762486440887
0.024,-0.012276469694713648
0.0245,-0.012751646149551954
0.025,0.021646470261125397
0.025500000000000002,0.0724446823070804
0.026000000000000002,0.10615894755173279
0.0265,0.10467976559731937
0.027,0.07138673451373481
0.0275,0.020226361499095506
0.028,-0.029444332694079742
0.0285,-0.050978877647686015
0.029,-0.021548446537462334
0.029500000000000002,0.05146068923367195
0.03,0.12193403424410465
0.0305,0.13866646663951449
0.031,0.09159010625833802
0.0315,0.017769290111631156
0.032,-0.04016370034233598
0.0325,-0.07261175153615565
0.033,-0.09382355644964074
0.0335,-0.10484413891282007
0.034,-0.08489512323542797
0.0345,-0.023849221370771393
0.035,0.0503455362393446
0.035500000000000004,0.08776960945878978
0.036000000000000004,0.060296682620094785
0.0365,-0.011823732216938741
0.037,-0.0761433146905281
0.0375,-0.09228539879831991
0.038,-0.06268814714767572
0.0385,-0.02034629754432455
0.039,0.009736633708793312
0.0395,0.02904516563341943
0.04,0.044938714991916935
0.0405,0.04377543324382515
0.041,-0.00047325126736785404
0.0415,-0.08773049350502671
0.042,-0.17292895364811764
0.0425,-0.19832606247257678
0.043000000000000003,-0.1469515576669625
0.043500000000000004,-0.05740314590356029
0.044,0.017459094542884676
0.0445,0.060418989341289
0.045,0.09343590659262073
0.0455,0.13709859859331158
0.046,0.17655600256544032
0.0465,0.1707112512601122
0.047,0.0943725711815403
0.0475,-0.025785688678127812
0.048,-0.11725488684329455
0.0485,-0.11459272951585722
0.049,-0.018005891002467814
0.0495,0.10072585363323426
0.05,0.1564317976263068
0.0505,0.11769820256179529
0.051000000000000004,0.021911191264950093
0.051500000000000004,-0.06480034597322011
0.052000000000000005,-0.09757032857742948
0.0525,-0.07376262711635084
0.053,-0.020983067518891934
0.0535,0.027549466917044893
0.054,0.05080569600496938
0.0545,0.04599717699879091
0.055,0.02541777249565902
0.0555,0.00551857972210425
0.056,-0.005804728917845237
0.0565,-0.01137120401497075
0.057,-0.01339377244481821
0.0575,-0.005648626968430775
0.058,0.015317251787483185
0.0585,0.03495671776294931
0.059000000000000004,0.029837360262443685
0.059500000000000004,-0.004815486044100345
0.06,-0.04626685191633094
0.0605,-0.06683065225728439
0.061,-0.05804084150177885
0.0615,-0.029694549755398716
0.062,0.0052371358389729
0.0625,0.03589654371803643
0.063,0.04987493119778474
0.0635,0.03726515754235074
0.064,0.0023329245254349925
0.0645,-0.033895501140362265
0.065,-0.04785521391146009
0.0655,-0.03246179947171968
0.066,-0.00131161240629828
0.0665,0.026912605270923193
0.067,0.04484595690581304
0.0675,0.054291244700285006
0.068,0.053806961180579156
0.0685,0.03852527431986218
0.069,0.013618473140511822
0.0695,-9.891801170565373e-05
0.07,0.01783768071800354
0.07050000000000001,0.06304156522116484
0.07100000000000001,0.1012403032767743
0.07150000000000001,0.09532510737248567
0.07200000000000001,0.041354818468388156
0.0725,-0.0253439225337004
0.073,-0.06286073167790103
0.0735,-0.06064039884165244
0.074,-0.0440120156855352
0.0745,-0.04195156114926439
0.075,-0.05347728205231749
0.0755,-0.050745516435487616
0.076,-0.016040283216579933
0.0765,0.03055883598184778
0.077,0.04607016754369048
0.0775,0.0073803429932835455
0.078,-0.06187435352894698
0.0785,-0.10717820867190314
0.079,-0.08836178881660152
0.0795,-0.013808353615151514
0.08,0.06780629708894083
0.0805,0.10936693480751719
0.081,0.09921190166632651
0.0815,0.058753003027090675
0.082,0.016736025463169
0.0825,-0.010133700036661844
0.083,-0.01935276485066745
0.0835,-0.0164108301907482
0.084,-0.008778451875185698
0.0845,-0.0017806053133141058
0.085,0.001925619587147656
0.0855,-0.001857627695260598
0.08600000000000001,-0.020269129008800475
0.08650000000000001,-0.05320058342907522
0.08700000000000001,-0.08132001789121396
0.08750000000000001,-0.07444279734383885
0.088,-0.020615906163704664
0.0885,0.05414391505545992
0.089,0.10053226320935711
0.0895,0.0846004023848373
0.09,0.01586673607022934
0.0905,-0.059142842648142895
0.091,-0.09083779678652999
0.0915,-0.05938776558575172
0.092,0.01599410364855522
0.0925,0.09185844471758528
0.093,0.1270104576747759
0.0935,0.10684575986587684
0.094,0.050506024438773195
0.0945,-0.007290924729690188
0.095,-0.04438628596881269
0.0955,-0.060205186091856634
0.096,-0.059556583648315585
0.0965,-0.03828336678385522
0.097,0.007091933190541442
0.0975,0.061189339915513424
0.098,0.09341341411995878
0.0985,0.08402706005098963
0.099,0.042544002442672244
0.0995,-0.002225294858626541
0.1,-0.027968513777524198
0.1005,-0.03235115912183996
0.101,-0.022930916915686116
0.1015,-0.0013473221633299066
0.10200000000000001,0.035360382833451186
0.10250000000000001,0.08108935523360908
0.10300000000000001,0.1180941316071798
0.10350000000000001,0.12951174128342266
0.10400000000000001,0.10954533306038435
0.1045,0.06441334221003445
0.105,0.01157335931800577
0.1055,-0.02478059766278727
0.106,-0.030435625691408952
0.1065,-0.01855792688813339
0.107,-0.021949711621791223
0.1075,-0.05957890951879034
0.108,-0.11224835567644603
0.1085,-0.13588834952342496
0.109,-0.09965195233925687
0.1095,-0.013194224036311368
0.11,0.07770618968466785
0.1105,0.12216360637705383
0.111,0.09922971099073356
0.1115,0.030444449682378118
0.112,-0.03943038673867216
0.1125,-0.07584118186046442
0.113,-0.07518407440205721
0.1135,-0.06012498569082028
0.114,-0.056986461673015576
0.1145,-0.07406104094145635
0.115,-0.09631451314184991
0.1155,-0.09840379338727413
0.116,-0.06539021270464056
0.1165,-0.005463361290077226
0.117,0.05538006686791571
0.11750000000000001,0.09158932020826582
0.11800000000000001,0.09349424273757803
0.11850000000000001,0.06982387655156966
0.11900000000000001,0.03984333834431875
0.11950000000000001,0.02267019531082952
0.12,0.028528527751711278
0.1205,0.0534206140396633
0.121,0.07894570758857518
0.1215,0.08112978352563568
0.122,0.04845708341571694
0.1225,-0.0037190166173548186
0.123,-0.04092738859415744
0.1235,-0.03801995350903424
0.124,-0.0010045469909703512
0.1245,0.03952260213558665
0.125,0.05506497562907413
0.1255,0.04097277091916111
0.126,0.01635517619444209
0.1265,0.0046497605354636935
0.127,0.013596301034891341
0.1275,0.03181497901492105
0.128,0.04036313711880512
0.1285,0.026598188354404972
0.129,-0.006901019211715588
0.1295,-0.042805583697446636
0.13,-0.06256231579634719
0.1305,-0.06300428393510918
0.131,-0.05694312877008405
0.1315,-0.055360850399155684
0.132,-0.05108496336419751
0.1325,-0.023233363786855744
0.133,0.03866630552235678
0.1335,0.11331000071964104
0.134,0.15505980416190793
0.1345,0.13065646881863657
0.135,0.05117593714410662
0.1355,-0.0348852677284377
0.136,-0.08094336767362798
0.1365,-0.0742332009030161
0.137,-0.0332243955481615
0.1375,0.01709183032702944
0.138,0.06132711185564011
0.1385,0.08938494966168035
0.139,0.08815975666081463
0.1395,0.04910661923833545
0.14,-0.01367039561424973
0.1405,-0.06234351470515661
0.14100000000000001,-0.06364419349058997
0.14150000000000001,-0.019475374973903205
0.14200000000000002,0.03528571922051374
0.14250000000000002,0.06425657071423312
0.14300000000000002,0.05590248449802201
0.14350000000000002,0.025243304380228416
0.14400000000000002,-0.00062792654423086
0.1445,-0.00030633882376178076
0.145,0.02755442355308939
0.1455,0.06225011427720328
0.146,0.07746585642973615
0.1465,0.06307385362042554
0.147,0.028763547814864336
0.1475,-0.01299762710809276
0.148,-0.05894480227606542
0.1485,-0.103658278855216
0.149,-0.12465856851040548
0.1495,-0.09671066400324746
0.15,-0.028315515298530304
0.1505,0.028982320705876686
0.151,0.026210629460110154
0.1515,-0.02631561970664704
0.152,-0.06323253657240521
0.1525,-0.03424499317896772
0.153,0.03916302614939226
0.1535,0.0874371604841139
0.154,0.06842845350680073
0.1545,0.008487112560121225
0.155,-0.031391587665742265
0.1555,-0.020023755112126895
0.156,0.01811386109981583
0.1565,0.03433122747180467
0.157,0.0060923012123435165
0.1575,-0.04147997228095248
0.158,-0.060080934983946274
0.1585,-0.024865599016189698
0.159,0.04290021594522599
0.1595,0.09999428990090209
0.16,0.12216900999199469
0.1605,0.11567290129038882
0.161,0.09655962661867874
0.1615,0.07294475830712656
0.162,0.04754801832889597
0.1625,0.024430313704680573
0.163,0.006841213108725805
0.1635,-0.0061341498371561675
0.164,-0.016552080158249008
0.1645,-0.022651554720058406
0.165,-0.01813058826258388
0.1655,0.0018659054660512178
0.166,0.030190227926735962
0.1665,0.0439586299860355
0.167,0.01931290522793072
0.1675,-0.04374321206865962
0.168,-0.11298695684863937
0.1685,-0.1462735679646851
0.169,-0.12542678119935594
0.1695,-0.06802583102940224
0.17,-0.007360827453779287
0.1705,0.03420996652893771
0.171,0.051734387419269195
0.1715,0.04909012975596458
0.17200000000000001,0.035876646508403644
0.17250000000000001,0.028166684580883207
0.17300000000000001,0.03756497015542777
0.17350000000000002,0.05608930139789236
0.17400000000000002,0.06152219037199247
0.17450000000000002,0.04309118121469677
0.17500000000000002,0.016221608596749173
0.17550000000000002,0.006072323216905852
0.176,0.019117827356114555
0.1765,0.03657873334675296
0.177,0.035211059240634585
0.1775,0.00960746194050383
0.178,-0.025261313868836562
0.1785,-0.04767156760362539
0.179,-0.045757794294258386
0.1795,-0.02667949827553471
0.18,-0.010056330360487692
0.1805,-0.009358286908401578
0.181,-0.01925187616786305
0.1815,-0.02043675640435601
0.182,0.0032451973546317597
0.1825,0.04819298657994559
0.183,0.08972992360249685
0.1835,0.10295204109684039
0.184,0.08780448531667674
0.1845,0.06910801263781169
0.185,0.0700231022820781
0.1855,0.08952696142186234
0.186,0.10733980525034516
0.1865,0.10683054163455803
0.187,0.08923219950223095
0.1875,0.06599245794252831
0.188,0.0420806143220996
0.1885,0.01278883963323519
0.189,-0.022000037286458336
0.1895,-0.04759321586180042
0.19,-0.04718652846455072
0.1905,-0.024591772888934573
0.191,-0.005859625960207829
0.1915,-0.011858515472443062
0.192,-0.03102418411635395
0.1925,-0.02741549887348496
0.193,0.01756131101058235
0.1935,0.07458897063329681
0.194,0.0870364550671941
0.1945,0.026837142678323975
0.195,-0.07242935483702814
0.1955,-0.14187205677684153
0.196,-0.1380906329165437
0.1965,-0.07729996367860101
0.197,-0.011588621832395072
0.1975,0.020066090275857963
0.198,0.01248654451599315
0.1985,-0.0216411777619112
0.199,-0.0675472471104062
0.1995,-0.10429141099960305
0.2,-0.10467211226400813
0.2005,-0.05780876189690806
0.201,0.011341596214280499
0.2015,0.05903481632319954
0.202,0.06412354352140708
0.2025,0.04637128516617865
0.203,0.039029219461000644
0.20350000000000001,0.049191407660801295
0.20400000000000001,0.05575330066720355
0.20450000000000002,0.04523472894381037
0.20500000000000002,0.03364638544972835
0.20550000000000002,0.04309236300254074
0.20600000000000002,0.06751561317353925
0.20650000000000002,0.07651774905789738
0.20700000000000002,0.05126047529593954
0.20750000000000002,0.004948933904411696
0.20800000000000002,-0.0337864204801615
0.2085,-0.04825648804749315
0.209,-0.04085763554501258
0.2095,-0.02183993374048527
0.21,0.0006001939469338548
0.2105,0.02148016795801973
0.211,0.03762991819267699
0.2115,0.047720062299720915
0.212,0.051767610285543
0.2125,0.04984698369833276
0.213,0.04215056381613515
0.2135,0.02992245230079312
0.214,0.016289393693065042
0.2145,0.007387723106381633
0.215,0.010411671611945091
0.2155,0.02582551803147827
0.216,0.04279048363826692
0.2165,0.04849560706298531
0.217,0.04263136265410176
0.2175,0.0370209975871035
0.218,0.038823970276217715
0.2185,0.039113957392173354
0.219,0.024111011765576163
0.2195,-0.0021827433015858717
0.22,-0.013418647949448817
0.2205,0.01369308789497974
0.221,0.06966357342813326
0.2215,0.11508674531627579
0.222,0.11708445622412242
0.2225,0.07868260807247954
0.223,0.02942723709917606
0.2235,-0.006082801119844136
0.224,-0.0243512210018799
0.2245,-0.03474794114643407
0.225,-0.04581939151373259
0.2255,-0.059455652330010704
0.226,-0.07066765545908175
0.2265,-0.07022158434727929
0.227,-0.05193602906266374
0.2275,-0.021352993685168707
0.228,0.004829964469544163
0.2285,0.01269380192756659
0.229,0.004584878416600817
0.2295,-0.005399296134370263
0.23,-0.008891497978811285
0.2305,-0.010535480173391466
0.231,-0.01685526594380673
0.2315,-0.02377677633826593
0.232,-0.020234061079980523
0.2325,-0.004003627292461429
0.233,0.010501110790822346
0.2335,0.005681654606371108
0.234,-0.017130689872977205
0.23450000000000001,-0.033897128696976156
0.23500000000000001,-0.020201127050211883
0.23550000000000001,0.024290845481937204
0.23600000000000002,0.07655087071577796
0.23650000000000002,0.11278296630591782
0.23700000000000002,0.12480030921047704
0.23750000000000002,0.115715287155288
0.23800000000000002,0.09001158186400976
0.23850000000000002,0.054058044391481014
0.23900000000000002,0.019859677845992817
0.23950000000000002,-0.0003397798433488232
0.24,-0.0029334995980765093
0.2405,0.006790304458098935
0.241,0.02216036139729091
0.2415,0.0411284846222013
0.242,0.06439658316170768
0.2425,0.08669975414124052
0.243,0.09240584931519212
0.2435,0.06645839887601296
0.244,0.012411968132792928
0.2445,-0.04402459872464586
0.245,-0.07247609348834246
0.2455,-0.06080634758098157
0.246,-0.025874118304340082
0.2465,-0.004185045161801954
0.247,-0.023484744421865125
0.2475,-0.07426466038408532
0.248,-0.11376881272224675
0.2485,-0.1074997988074581
0.249,-0.06415928441535786
0.2495,-0.021463985034238242
0.25,-0.0008320068977048149
0.2505,0.011700778238343753
0.251,0.03630506764088742
0.2515,0.06331111765855246
0.252,0.060713589539054084
0.2525,0.0180061264189223
0.253,-0.030638866729951246
0.2535,-0.0374279972060748
0.254,0.007216832239931531
0.2545,0.06257337172805202
0.255,0.08096053100828166
0.2555,0.05869255487500771
0.256,0.037467875528017544
0.2565,0.054864606207331586
0.257,0.10097401685345889
0.2575,0.1305244737644013
0.258,0.11316504872482244
0.2585,0.06153026124642676
0.259,0.011426449493110903
0.2595,-0.012259412432338612
0.26,-0.006857987641092131
0.2605,0.017067301385982104
0.261,0.04516506099918873
0.2615,0.06350726532710828
0.262,0.06241007834775625
0.2625,0.04080332910132869
0.263,0.007504902855202264
0.2635,-0.02315185185471847
0.264,-0.040090627397870116
0.2645,-0.04219575662326342
0.265,-0.03526941579985195
0.2655,-0.022271506771539606
0.266,-0.0009750640479209913
0.2665,0.026024483842287616
0.267,0.043873031300407
0.2675,0.034959922909907695
0.268,-0.003380696954534892
0.2685,-0.053742071882664735
0.269,-0.09022530347214042
0.2695,-0.09265983785850997
0.27,-0.05484967752675983
0.2705,0.011153631583852703
0.271,0.07736290348005921
0.2715,0.11400140160009413
0.272,0.10828787643383604
0.2725,0.07310977023733367
0.273,0.03941162421658707
0.2735,0.03578065908467667
0.274,0.06446645491767584
0.2745,0.09238276492815607
0.275,0.07475528644572985
0.2755,-0.0006150741211653642
0.276,-0.09253024286632903
0.2765,-0.13752506727838693
0.277,-0.10564685888735029
0.2775,-0.025212502671284574
0.278,0.0448234968444274
0.2785,0.0630899874447101
0.279,0.03073311352704794
0.2795,-0.018928473517496193
0.28,-0.047151428817625116
0.2805,-0.03254794803709482
0.281,0.018161553059824333
0.28150000000000003,0.0742918937624054
0.28200000000000003,0.10039942228532367
0.28250000000000003,0.08148838752467663
0.28300000000000003,0.035918616539602974
0.28350000000000003,0.0007563956261618679
0.28400000000000003,-0.003149400779813755
0.28450000000000003,0.008669034674564896
0.28500000000000003,0.0063633691704879
0.28550000000000003,-0.01344712299289548
0.28600000000000003,-0.021287349970736974
0.28650000000000003,0.006022182985121869
0.28700000000000003,0.05017654936826156
0.28750000000000003,0.06591454573130778
0.28800000000000003,0.02987130809965806
0.2885,-0.03142592455673929
0.289,-0.06536299789556126
0.2895,-0.04378279783688514
0.29,0.013110600473942732
0.2905,0.06338409675892262
0.291,0.08735807357335587
0.2915,0.0980794942788758
0.292,0.11139677243768294
0.2925,0.11830479364281749
0.293,0.09615428112814076
0.2935,0.043219235840934504
0.294,-0.010595789298372406
0.2945,-0.03371936252894197
0.295,-0.026712382049365074
0.2955,-0.017412047728860187
0.296,-0.024676099768602203
0.2965,-0.037181403177902986
0.297,-0.03235716179512413
0.2975,-0.008744154846367713
0.298,0.010144178436340287
0.2985,0.004251030319768978
0.299,-0.018951841798474495
0.2995,-0.03331788982603899
0.3,-0.022174912984886063
0.3005,0.007446535856627594
0.301,0.035018060828676326
0.3015,0.04414427512014531
0.302,0.03133461216560257
0.3025,0.0063745086790039165
0.303,-0.010494357731481352
0.3035,0.0019618119149190667
0.304,0.048140133004747704
0.3045,0.10474474366189752
0.305,0.13388447772405293
0.3055,0.11167384117208214
0.306,0.046255440129455566
0.3065,-0.028481996284773693
0.307,-0.07592220431691553
0.3075,-0.07978577726740163
0.308,-0.052615381193177276
0.3085,-0.023782770138802877
0.309,-0.014956453098802187
0.3095,-0.02250651592664479
0.31,-0.023102373727991753
0.3105,0.0014239719691207442
0.311,0.04345033622138194
0.3115,0.07413260448722131
0.312,0.06993511726628956
0.3125,0.036248929801609035
0.313,0.005440149553588824
0.3135,0.009666630760160855
0.314,0.05138395003999817
0.3145,0.09762765414393917
0.315,0.10541490341397884
0.3155,0.05906801408376925
0.316,-0.01306930047843113
0.3165,-0.06036074676595203
0.317,-0.05283400079146346
0.3175,-0.004935160591557497
0.318,0.0435230963657691
0.3185,0.06734050343540275
0.319,0.07178139303628747
0.3195,0.07165057216484826
0.32,0.06813405757371004
0.3205,0.053694120074769244
0.321,0.03048424073011055
0.3215,0.012241741296531385
0.322,0.009239352159253868
0.3225,0.0186130061996005
0.323,0.02946633018030837
0.3235,0.03214706665220718
0.324,0.022510497931603417
0.3245,0.0031326894332530625
0.325,-0.016187907573353484
0.3255,-0.022088276276627274
0.326,-0.007897451133757056
0.3265,0.01596714993233104
0.327,0.02538495438257673
0.3275,0.0037671469649235307
0.328,-0.03896457131167218
0.3285,-0.07258244752519508
0.329,-0.07100462265258678
0.3295,-0.029267478947060763
0.33,0.03595223810527095
0.3305,0.09368466038156743
0.331,0.11090986566658584
0.3315,0.07117933443724718
0.332,-0.010780145477086245
0.3325,-0.09320759581002268
0.333,-0.1296075501852442
0.3335,-0.09622275669552535
0.334,-0.010952414428041207
0.3345,0.07139039265576543
0.335,0.09424607743967758
0.3355,0.043665823634742716
0.336,-0.036420292540119144
0.3365,-0.07600902535108912
0.337,-0.035530610899475984
0.3375,0.060583874978394105
0.338,0.14456200921743004
0.3385,0.16069149827241416
0.339,0.10351587016481853
0.3395,0.011511800719135875
0.34,-0.06416765347421781
0.3405,-0.08611400777738426
0.341,-0.045408057014325987
0.3415,0.03336795631226573
0.342,0.10441646473401515
0.3425,0.12960075610776592
0.343,0.10154813827994123
0.3435,0.04326670723999904
0.34400000000000003,-0.00805896046819599
0.34450000000000003,-0.019431973309689488
0.34500000000000003,0.02006231178079902
0.34550000000000003,0.08710309924509933
0.34600000000000003,0.13300859676313612
0.34650000000000003,0.11756477166770343
0.34700000000000003,0.043469734160602916
0.34750000000000003,-0.0424380208360771
0.34800000000000003,-0.08690472134348828
0.34850000000000003,-0.07257711384758714
0.34900000000000003,-0.02450987988279458
0.34950000000000003,0.020114082948979962
0.35000000000000003,0.04198122325505121
0.35050000000000003,0.04277889497303338
0.35100000000000003,0.03193677042949865
0.35150000000000003,0.017231687040916373
0.352,0.0018388094809311572
0.3525,-0.01590962151946182
0.353,-0.036073228013447936
0.3535,-0.04686757831251147
0.354,-0.029320726189948368
0.3545,0.017871126399729292
0.355,0.06371420471949646
0.3555,0.06940911752977962
0.356,0.029665692565546603
0.3565,-0.02054830815191095
0.357,-0.04316069199669075
0.3575,-0.03042946842110211
0.358,0.0025155442499527406
0.3585,0.04343663833960894
0.359,0.08688614711448575
0.3595,0.11953124782882849
0.36,0.11880638723540447
0.3605,0.07252787709686838
0.361,-0.002777929646676145
0.3615,-0.0649953984964088
0.362,-0.07267942646220596
0.3625,-0.019072084744023388
0.363,0.053877606429703254
0.3635,0.08293037103181268
0.364,0.03790338773270618
0.3645,-0.047646947159441205
0.365,-0.10494942433105321
0.3655,-0.09132064645413843
0.366,-0.023014965528550962
0.3665,0.04689104701612408
0.367,0.07667858997139812
0.3675,0.06598543905088547
0.368,0.047527920082788035
0.3685,0.05293612709681496
0.369,0.08477061279674232
0.3695,0.11921882584333338
0.37,0.1315778271149803
0.3705,0.11383611853838302
0.371,0.06960840687857367
0.3715,0.004457010826341671
0.372,-0.06859132438943684
0.3725,-0.12085765998736193
0.373,-0.12315719877896923
0.3735,-0.07662445456701475
0.374,-0.019207313547042675
0.3745,0.008742205191919967
0.375,0.003461789797923918
0.3755,-0.004152958056803694
0.376,0.01299746840329115
0.3765,0.05083690856088652
0.377,0.08572359500324077
0.3775,0.10193984803102028
0.378,0.10051759200592573
0.3785,0.08847014336059023
0.379,0.06909549765171037
0.3795,0.042107151913553395
0.38,0.00885983790516535
0.3805,-0.02272292313092062
0.381,-0.039093310600208424
0.3815,-0.030448886833293682
0.382,-0.00012731272173058597
0.3825,0.0365757138308165
0.383,0.06137251508114848
0.3835,0.059701446103186166
0.384,0.025189083577002194
0.3845,-0.03292686461927801
0.385,-0.08656833584283906
0.3855,-0.1020820764229741
0.386,-0.06408853631622993
0.3865,0.011217257651891166
0.387,0.08446145476422698
0.3875,0.11615570057784856
0.388,0.0904921193120986
0.3885,0.026309807976923158
0.389,-0.03445202926127266
0.3895,-0.056333967295606774
0.39,-0.034442821583966936
0.3905,0.009334383270444849
0.391,0.05014298723093009
0.3915,0.07368785092360285
0.392,0.06982819293083392
0.3925,0.029440844392963066
0.393,-0.04024826195024656
0.3935,-0.10229233439925019
0.394,-0.10770387279562596
0.3945,-0.04021805173218912
0.395,0.05580739102556709
0.3955,0.10601813305114507
0.396,0.07642524673081279
0.3965,0.008460572984382282
0.397,-0.025057184175465735
0.3975,0.006026891463070913
0.398,0.06791639779485126
0.3985,0.10874621303507194
0.399,0.11093911232663546
0.3995,0.09681890098071427
0.4,0.09511035806846069
0.4005,0.11026848108420795
0.401,0.1208324466235069
0.4015,0.10125138346625902
0.402,0.04555994117046761
0.4025,-0.02494400865360575
0.403,-0.07409033807544299
0.4035,-0.07386763005927434
0.404,-0.022349757594368774
0.4045,0.05477109880709384
0.405,0.11896614150218716
0.4055,0.14133827552546735
0.406,0.1200641035655552
0.40650000000000003,0.07950364573878047
0.40700000000000003,0.04901502548382181
0.40750000000000003,0.03864175503838585
0.40800000000000003,0.032790633764326914
0.40850000000000003,0.006531990819172864
0.40900000000000003,-0.049422411986420924
0.40950000000000003,-0.11636638283316898
0.41000000000000003,-0.16045633876436288
0.41050000000000003,-0.16021974163452718
0.41100000000000003,-0.1218909223587942
0.41150000000000003,-0.06881797701130479
0.41200000000000003,-0.019661237719401488
0.41250000000000003,0.0206676313191504
0.41300000000000003,0.0515257572401624
0.41350000000000003,0.06544124627943688
0.41400000000000003,0.053492768488347456
0.41450000000000004,0.021081039399075133
0.41500000000000004,-0.010021087817547222
0.41550000000000004,-0.020026609700761967
0.41600000000000004,-0.008215171575030206
0.4165,0.00971857273854258
0.417,0.016780482805202526
0.4175,0.005836511507247377
0.418,-0.017688588242959324
0.4185,-0.03862419062038808
0.419,-0.04112522503469604
0.4195,-0.022215074900995932
0.42,0.00315585296301147
0.4205,0.016317287063373834
0.421,0.016386023553780684
0.4215,0.022328256184417847
0.422,0.04915932910984411
0.4225,0.0866075651728425
0.423,0.10859151775950891
0.4235,0.10251503768614698
0.424,0.08206251797162231
0.4245,0.06917888315795523
0.425,0.06870374559049154
0.4255,0.06622796690718626
0.426,0.04978316728870632
0.4265,0.02524457714469213
0.427,0.00535522836290562
0.4275,-0.007373774690580141
0.428,-0.015069394265606518
0.4285,-0.008316651150046143
0.429,0.026355078585090695
0.4295,0.07939871955713998
0.43,0.11313389091655167
0.4305,0.09551927017819792
0.431,0.037609534111498324
0.4315,-0.011065496404611542
0.432,-0.009806320030991817
0.4325,0.03372193543023346
0.433,0.0764976884046234
0.4335,0.0886034260428984
0.434,0.07849017967186353
0.4345,0.06947984462230332
0.435,0.06416916385599056
0.4355,0.04234541891416147
0.436,-0.010052048230032355
0.4365,-0.07735306774807266
0.437,-0.11922022326815827
0.4375,-0.10110530557708948
0.438,-0.02812013713182293
0.4385,0.05050933300746325
0.439,0.07996750052582795
0.4395,0.04761539090574028
0.44,-0.010022476119636137
0.4405,-0.047217388675831556
0.441,-0.05123107714341022
0.4415,-0.044489499022150304
0.442,-0.051295442920108535
0.4425,-0.0675532780347736
0.443,-0.06285403356558987
0.4435,-0.012925189939436345
0.444,0.06689626288071134
0.4445,0.12425490241605593
0.445,0.11584856574922575
0.4455,0.054140695236732074
0.446,0.0011888247007360228
0.4465,0.008622283862725906
0.447,0.06448627759784811
0.4475,0.10625331242632491
0.448,0.08716963045280089
0.4485,0.02144072437318959
0.449,-0.0375517778433463
0.4495,-0.051166204715492526
0.45,-0.02162002180258722
0.4505,0.02153046270228124
0.451,0.04624191761013871
0.4515,0.035135383358394924
0.452,-0.005384241062695089
0.4525,-0.04655740588792447
0.453,-0.05453831226206216
0.4535,-0.015830176594164087
0.454,0.049124893426681485
0.4545,0.0987499635101446
0.455,0.10326479698416877
0.4555,0.07050696761616178
0.456,0.037825044770425024
0.4565,0.034064968000137155
0.457,0.050191698863994175
0.4575,0.05281512606234367
0.458,0.026806402546107118
0.4585,-0.0055343493842346545
0.459,-0.014534266526819207
0.4595,-0.002812206722027438
0.46,-0.0015293507654252437
0.4605,-0.02928963502631694
0.461,-0.06670590246826077
0.4615,-0.07558842784516544
0.462,-0.038206644122344174
0.4625,0.025876012018894258
0.463,0.07918109136674023
0.4635,0.09770299312981261
0.464,0.0835565742195807
0.4645,0.05402957695573569
0.465,0.02497927183969681
0.4655,0.004384309344494443
0.466,-0.0031801793245966126
0.4665,0.008486923301495072
0.467,0.04230802635162714
0.4675,0.08601881622288468
0.468,0.11091674175379507
0.4685,0.09191967558319297
0.46900000000000003,0.03320599865687156
0.46950000000000003,-0.028586298885894895
0.47000000000000003,-0.05143014897513577
0.47050000000000003,-0.022270416964648654
0.47100000000000003,0.03313968714463541
0.47150000000000003,0.07461175929839563
0.47200000000000003,0.08242859978737942
0.47250000000000003,0.06794343829960015
0.47300000000000003,0.052392579387494385
0.47350000000000003,0.04331047508885598
0.47400000000000003,0.035950367219101595
0.47450000000000003,0.029117817665041158
0.47500000000000003,0.028033067635418647
0.47550000000000003,0.03287164105609008
0.47600000000000003,0.034051301319128265
0.47650000000000003,0.0223384854889702
0.47700000000000004,0.0008310333752371921
0.47750000000000004,-0.014843352527209527
0.47800000000000004,-0.00983495521748558
0.47850000000000004,0.012986060327285586
0.47900000000000004,0.02910599570527917
0.47950000000000004,0.010839417887461747
0.48,-0.04442390214617381
0.4805,-0.10384615376924994
0.481,-0.1222190514017982
0.4815,-0.08226942325156508
0.482,-0.014960054389170231
0.4825,0.023586155264382496
0.483,0.002417232874257057
0.4835,-0.052937213592247914
0.484,-0.08324367933480399
0.4845,-0.05453381285685282
0.485,0.008676045767313147
0.4855,0.053476849108903275
0.486,0.05680348748144784
0.4865,0.045444509924326214
0.487,0.05934217167313502
0.4875,0.10373906158073086
0.488,0.1427313527346317
0.4885,0.13769874813850938
0.489,0.08720722680884671
0.4895,0.027324728323522632
0.49,-0.004664986045500244
0.4905,-0.0030108045164135644
0.491,0.009380957297672968
0.4915,0.010281010751533745
0.492,-0.001241753981019284
0.4925,-0.011068376962961476
0.493,-0.007330611374412949
0.4935,0.013086374357980313
0.494,0.04682810115993202
0.4945,0.08229570800370947
0.495,0.09937756067262173
0.4955,0.0835432406944287
0.496,0.04283325271589078
0.4965,0.0037236723414823675
0.497,-0.011923638559771332
0.4975,-0.0025383871474987368
0.498,0.01833881926271126
0.4985,0.03712139816722053
0.499,0.049332431489513516
0.4995,0.056962570966300544
0.5,0.0597028090411589
0.5005000000000001,0.052566358955956384
0.501,0.03479245557158406
0.5015000000000001,0.01733073036870387
0.502,0.0145419616628835
0.5025000000000001,0.02725549575181142
0.503,0.03901704863899507
0.5035000000000001,0.032227277244840626
0.504,0.0061591624991908945
0.5045000000000001,-0.02278999301416828
0.505,-0.03813485896942254
0.5055000000000001,-0.03994068689615471
0.506,-0.04292284288897006
0.5065000000000001,-0.05608946589288733
0.507,-0.06795271322544336
0.5075000000000001,-0.05838815477340911
0.508,-0.023464047628481755
0.5085000000000001,0.019206224916611114
0.509,0.05065966714038774
0.5095000000000001,0.06888575814501269
0.51,0.08263602752790301
0.5105000000000001,0.09178192768011602
0.511,0.08287208891597388
0.5115000000000001,0.04766919816754243
0.512,0.00034236134730991977
0.5125,-0.030332393597103484
0.513,-0.025275054243301606
0.5135,0.009853671264191
0.514,0.0498637861290987
0.5145,0.06940235617580712
0.515,0.0631755852139357
0.5155,0.04854948504599704
0.516,0.0447325279593387
0.5165,0.05217692691937059
0.517,0.056887916259545944
0.5175,0.05001294790949568
0.518,0.03595158847414272
0.5185,0.02270194925416953
0.519,0.011134446551548102
0.5195,-0.0020236905266829905
0.52,-0.012981262031589356
0.5205,-0.009891679940345446
0.521,0.012993910302170862
0.5215,0.04381868988107556
0.522,0.059538744036081954
0.5225,0.04223755550392893
0.523,-0.010153005206677624
0.5235,-0.08088573293353765
0.524,-0.1375799028768358
0.5245,-0.14748787381316542
0.525,-0.10143895563018411
0.5255,-0.02446403466286363
0.526,0.04166507365879853
0.5265,0.07025433015749202
0.527,0.06792018654757612
0.5275,0.06403082942112122
0.528,0.08139440224395553
0.5285,0.1152594293978705
0.529,0.14063894310853914
0.5295,0.13956667347524887
0.53,0.117234515850598
0.5305,0.08824602029776236
0.531,0.05319022477032042
0.5315,0.0006747886647973803
0.532,-0.06622685074656695
0.5325,-0.11868413612320919
0.533,-0.12709191333201655
0.5335,-0.09210471810909025
0.534,-0.041421401646524025
0.5345,0.0025727566503656873
0.535,0.04143114208113829
0.5355,0.08280476429389527
0.536,0.11400634506940036
0.5365,0.10827440977716116
0.537,0.06071349043399055
0.5375,0.0064833616355750735
0.538,-0.007976059649477079
0.5385,0.02885041983408229
0.539,0.08040201715070608
0.5395,0.09371254548333978
0.54,0.04454334967467124
0.5405,-0.04085711571384661
0.541,-0.10341716611047858
0.5415,-0.09652335560366447
0.542,-0.022896120397034984
0.5425,0.07000620416144367
0.543,0.12970354886642868
0.5435,0.1331629342346382
0.544,0.09027895150178623
0.5445,0.02863544809383598
0.545,-0.021039889609685065
0.5455,-0.03839388289359212
0.546,-0.026564427516951296
0.5465,-0.010423437657368771
0.547,-0.01339503075692358
0.5475,-0.03369951480252086
0.548,-0.045550153934871634
0.5485,-0.024041204386495017
0.549,0.03138082482563283
0.5495,0.09502506931516447
0.55,0.1313131014303216
0.5505,0.11425548894341668
0.551,0.04441510119970985
0.5515,-0.04012560231786745
0.552,-0.07829422588195652
0.5525,-0.03468555416364805
0.553,0.059724006799874586
0.5535,0.12882153810424035
0.554,0.11954417858652504
0.5545,0.04369560859887271
0.555,-0.0435675643595609
0.5555,-0.09369601775488601
0.556,-0.09377587091888356
0.5565,-0.0604524807996577
0.557,-0.01518731132660638
0.5575,0.03352520192803303
0.558,0.08502677828261039
0.5585,0.12808003410168606
0.559,0.13685678250467187
0.5595,0.09354135528975456
0.56,0.014846611580093528
0.5605,-0.0511937615814764
0.561,-0.06214220974953742
0.5615,-0.017992587015945367
0.562,0.03960755544154293
0.5625,0.06634996602669414
0.5630000000000001,0.0521915025641083
0.5635,0.019135623130349822
0.5640000000000001,-0.010100862173465406
0.5645,-0.031238934657526814
0.5650000000000001,-0.04782592201901519
0.5655,-0.0546445291536846
0.5660000000000001,-0.040806099900817086
0.5665,-0.004576500057352485
0.5670000000000001,0.0430093309383973
0.5675,0.087078755688418
0.5680000000000001,0.11603997386195222
0.5685,0.12425264866922056
0.5690000000000001,0.11408274640306386
0.5695,0.09173335704710862
0.5700000000000001,0.05720982227826263
0.5705,0.005769841047278715
0.5710000000000001,-0.054426879279550935
0.5715,-0.09447489386126891
0.5720000000000001,-0.08612749374842261
0.5725,-0.031529799615328785
0.5730000000000001,0.032676244945639935
0.5735,0.06197093678278478
0.5740000000000001,0.03831869781168531
0.5745,-0.014879146553892142
0.5750000000000001,-0.04972584860124112
0.5755,-0.029501013697080265
0.5760000000000001,0.04450594353297711
0.5765,0.13106966653515842
0.577,0.17213232599280845
0.5775,0.13244836955211886
0.578,0.031170235829198194
0.5785,-0.06677476987149866
0.579,-0.09991313648482278
0.5795,-0.05776752996042134
0.58,0.014813602694516493
0.5805,0.056858323408707875
0.581,0.039279026285714995
0.5815,-0.015134533486895202
0.582,-0.05267145082221144
0.5825,-0.03339280143453198
0.583,0.035145978413525
0.5835,0.10253506111354008
0.584,0.11623787881442532
0.5845,0.06481816679555903
0.585,-0.013934533449088097
0.5855,-0.06468054194813774
0.586,-0.05407124442291152
0.5865,0.011751220702214892
0.587,0.09339599373108613
0.5875,0.13995026399073693
0.588,0.12135127657063252
0.5885,0.05250465321825109
0.589,-0.017458424550760937
0.5895,-0.045045429990122676
0.59,-0.023147732941908167
0.5905,0.020561374542007654
0.591,0.04810246717670785
0.5915,0.039293453069333115
0.592,0.005747479879223116
0.5925,-0.02177312198802649
0.593,-0.022927309740078866
0.5935,-0.005030249128168241
0.594,0.007637269210109721
0.5945,-0.0016410498520213514
0.595,-0.028104752112363268
0.5955,-0.05302153817282784
0.596,-0.06208145853538809
0.5965,-0.054658695301706264
0.597,-0.036472012833885535
0.5975,-0.008725678517814696
0.598,0.029498869957788398
0.5985,0.068359616208208
0.599,0.08588671811650739
0.5995,0.06869724116032122
0.6,0.032568700547804155
0.6005,0.01327678526133824
0.601,0.03234556630047958
0.6015,0.07515103434766218
0.602,0.1063575929345565
0.6025,0.10475056995933071
0.603,0.07910661534987426
0.6035,0.05174949471541032
0.604,0.03387334695353489
0.6045,0.0215327036275679
0.605,0.011096711671486601
0.6055,0.008501763190342789
0.606,0.019155027676154276
0.6065,0.03579653978860521
0.607,0.044503490002597866
0.6075,0.0399968637320095
0.608,0.027796373590610095
0.6085,0.013388188895186837
0.609,-0.002726702186803189
0.6095,-0.01852755765163573
0.61,-0.025074284042119012
0.6105,-0.011350283396154594
0.611,0.02424433332510991
0.6115,0.0656751546912406
0.612,0.08472928680225625
0.6125,0.061764397669471706
0.613,0.005769235715554977
0.6135,-0.04744552198167487
0.614,-0.06107418501608797
0.6145,-0.02670793745010977
0.615,0.027107890746668535
0.6155,0.05596111212972065
0.616,0.03437549845349454
0.6165,-0.02546868089929917
0.617,-0.08590370798598986
0.6175,-0.11292602894461122
0.618,-0.09782760502539695
0.6185,-0.056991902963126395
0.619,-0.011676963084209287
0.6195,0.03262168351932414
0.62,0.08276897127985824
0.6205,0.13383220741257545
0.621,0.15935683649085802
0.6215,0.13524674006525952
0.622,0.06924020485385808
0.6225,-0.001316615685499213
0.623,-0.040559836466024665
0.6235,-0.03947167288667994
0.624,-0.013791967286296638
0.6245,0.015394755774331467
0.625,0.03629786076657884
0.6255000000000001,0.04673395402300892
0.626,0.04747781017771163
0.6265000000000001,0.040103548645786385
0.627,0.029658707650048598
0.6275000000000001,0.023108888925443622
0.628,0.0225237365609608
0.6285000000000001,0.023085121430052175
0.629,0.019927174363090598
0.6295000000000001,0.014808872756600923
0.63,0.013823216892015933
0.6305000000000001,0.01932218807001532
0.631,0.026492808663029867
0.6315000000000001,0.028523075830822264
0.632,0.023344290945429967
0.6325000000000001,0.014270894160503488
0.633,0.00550456493868404
0.6335000000000001,-0.0013277418175573824
0.634,-0.005924304730604761
0.6345000000000001,-0.005215282364407723
0.635,0.0068240385434659
0.6355000000000001,0.030991513543808805
0.636,0.05471348125760408
0.6365000000000001,0.05917871212945331
0.637,0.03995172501180473
0.6375000000000001,0.01648070346637867
0.638,0.013495436111581017
0.6385000000000001,0.032149942564167366
0.639,0.04594037595919244
0.6395000000000001,0.030100159287214455
0.64,-0.007584776358151645
0.6405,-0.03231674962227097
0.641,-0.021619203603736405
0.6415,0.00608612445370402
0.642,0.009966032193776977
0.6425,-0.025174810875817372
0.643,-0.06637843852456878
0.6435,-0.06469897707546346
0.644,-0.008352043039384291
0.6445,0.06317944737713074
0.645,0.10011633365219659
0.6455,0.09087490747621223
0.646,0.06428169383742388
0.6465,0.04881164082088366
0.647,0.04096180068343756
0.6475,0.018883837852701518
0.648,-0.01980951398514838
0.6485,-0.04616892481461405
0.649,-0.030614071346907537
0.6495,0.022045314488845995
0.65,0.07758194660395247
0.6505,0.10836262635727174
0.651,0.11129229709317033
0.6515,0.09012180053858461
0.652,0.03891949485379159
0.6525,-0.04303275092472575
0.653,-0.12686020897428912
0.6535,-0.15994444928167828
0.654,-0.10612566239561656
0.6545,0.016818049552419022
0.655,0.14307163226558206
0.6555,0.20790076076415592
0.656,0.19331534348575843
0.6565,0.1278816127046648
0.657,0.051451869258721146
0.6575,-0.011918256688011414
0.658,-0.05516159789420421
0.6585,-0.08023484988769404
0.659,-0.09232859019328263
0.6595,-0.09187874552049621
0.66,-0.07065798494631863
0.6605,-0.02436182156790802
0.661,0.030800256312128904
0.6615,0.0641630832665344
0.662,0.05786567305659768
0.6625,0.024051326221105222
0.663,-0.0077905507094799785
0.6635,-0.019230911986228158
0.664,-0.017673161412217375
0.6645,-0.022358603846903198
0.665,-0.036247290792610236
0.6655,-0.03770519669891063
0.666,-0.006098886699933652
0.6665,0.04926522706580227
0.667,0.09482675771118877
0.6675,0.10534510384610105
0.668,0.08332278671750994
0.6685,0.04871145719009114
0.669,0.018570197994533303
0.6695,-0.001480124347926751
0.67,-0.01193516957868186
0.6705,-0.010778446685550731
0.671,0.007891710729010515
0.6715,0.04532228383475957
0.672,0.08861921373430708
0.6725,0.11452620540358362
0.673,0.10894795187659906
0.6735,0.08301012683768677
0.674,0.06392549048554577
0.6745,0.06801255057758492
0.675,0.08620241725890689
0.6755,0.09542547386798303
0.676,0.07992759301662436
0.6765,0.04231680385571963
0.677,-0.002192994150054999
0.6775,-0.041303558309445904
0.678,-0.07476660232664001
0.6785,-0.106132295194132
0.679,-0.12780857763066336
0.6795,-0.12095176580208145
0.68,-0.07268706977935527
0.6805,0.00821949526719685
0.681,0.09113421074051045
0.6815,0.1375796661684911
0.682,0.1230633567934031
0.6825,0.05519769777397855
0.683,-0.02871432320439113
0.6835,-0.08777596271684782
0.684,-0.1045409031959525
0.6845,-0.08768789435332243
0.685,-0.053994758351590955
0.6855,-0.015063507473033507
0.686,0.01987738754117091
0.6865,0.03836240716381886
0.687,0.029961325816444444
0.6875,-0.0010450809744749195
0.6880000000000001,-0.03068447812392557
0.6885,-0.029355520884001254
0.6890000000000001,0.012613114582553858
0.6895,0.07227181493931012
0.6900000000000001,0.1093930059835005
0.6905,0.0975348572894646
0.6910000000000001,0.04418416803967794
0.6915,-0.016090001022619625
0.6920000000000001,-0.04884147189616347
0.6925,-0.044420906145918634
0.6930000000000001,-0.021253782261593142
0.6935,-0.008194978182125025
0.6940000000000001,-0.020283566826325886
0.6945,-0.04391021492063067
0.6950000000000001,-0.044541651160437686
0.6955,0.0026953059423609326
0.6960000000000001,0.08397172530884481
0.6965,0.15133211583043063
0.6970000000000001,0.1622632033580739
0.6975,0.11703278947930906
0.6980000000000001,0.057322360326784325
0.6985,0.02929678403473351
0.6990000000000001,0.046987336947563664
0.6995,0.08653955204612783
0.7000000000000001,0.1106942723541188
0.7005,0.09764235957011161
0.7010000000000001,0.050991797100864794
0.7015,-0.008722423066079581
0.7020000000000001,-0.05624597983724299
0.7025,-0.0715560214515304
0.7030000000000001,-0.050197620270926196
0.7035,-0.007702608886118406
0.704,0.032339265459430694
0.7045,0.05767118717023142
0.705,0.07161471591026694
0.7055,0.07913943088958063
0.706,0.07627405873466298
0.7065,0.056919118522622145
0.707,0.02620116824472412
0.7075,0.0023131121939953796
0.708,0.0027858756072392955
0.7085,0.027392120562864906
0.709,0.05571327518428597
0.7095,0.06544774840469748
0.71,0.05254993312263983
0.7105,0.028516430047480692
0.711,0.0008309039943223597
0.7115,-0.033315951903529935
0.712,-0.07241783060175341
0.7125,-0.1010533612114085
0.713,-0.10340865885036528
0.7135,-0.08297354007649912
0.714,-0.06059503340414023
0.7145,-0.05166668935245555
0.715,-0.053134371477795504
0.7155,-0.057700028386388144
0.716,-0.07010811102336113
0.7165,-0.09435820388904834
0.717,-0.10870391250659003
0.7175,-0.07463478872413908
0.718,0.017703440464033306
0.7185,0.12365238758935128
0.719,0.17780674738783706
0.7195,0.15392417199864616
0.72,0.08573178627935224
0.7205,0.030556756195291364
0.721,0.018195383996615175
0.7215,0.03448557816631913
0.722,0.047017500223827696
0.7225,0.03906750190181055
0.723,0.01778988451111022
0.7235,-0.0023743506612559787
0.724,-0.014731472682982177
0.7245,-0.01812805593619435
0.725,-0.008337760944546671
0.7255,0.01842651013330892
0.726,0.05217626208079423
0.7265,0.07018629616232495
0.727,0.06222659573529884
0.7275,0.04989779567026229
0.728,0.06565529999000867
0.7285,0.10881147358244415
0.729,0.13572109401504756
0.7295,0.10597686405694212
0.73,0.03423928407921435
0.7305,-0.018014098268090327
0.731,-0.009053034657867
0.7315,0.03275054248882793
0.732,0.03760401629962083
0.7325,-0.024766318683199576
0.733,-0.10402511951243944
0.7335,-0.11920158600037314
0.734,-0.04591882804481988
0.7345,0.05683457710404023
0.735,0.10723873827507704
0.7355,0.07866727386214485
0.736,0.015874683437403586
0.7365,-0.016794388495748942
0.737,0.0021667105076511074
0.7375,0.03495060628848463
0.738,0.025849595751614426
0.7385,-0.036545016153226306
0.739,-0.0969814749901795
0.7395,-0.08230493468132229
0.74,0.020235703264907277
0.7405,0.1386775612651121
0.741,0.17933410512788117
0.7415,0.1155642587150821
0.742,0.010829517892277735
0.7425,-0.04552909639520667
0.743,-0.02134547747529756
0.7435,0.037452533235924276
0.744,0.05903370915594312
0.7445,0.012874342064318204
0.745,-0.0682691704951998
0.7455,-0.12228838185708646
0.746,-0.11142196034452506
0.7465,-0.05056157197354026
0.747,0.00838321434923704
0.7475,0.019410116657064894
0.748,-0.02209772639349466
0.7485,-0.07815576522543405
0.749,-0.10106566229459524
0.7495,-0.073357124821222
0.75,-0.020225780407327247
0.7505000000000001,0.01886882041381849
0.751,0.03141139521523973
0.7515000000000001,0.0383934787880793
0.752,0.05889336301928927
0.7525000000000001,0.08152541777391181
0.753,0.08184045339778201
0.7535000000000001,0.05929921007489429
0.754,0.04101828961777281
0.7545000000000001,0.048115229835870674
0.755,0.0719134026558347
0.7555000000000001,0.09002355041019332
0.756,0.09539767645134212
0.7565000000000001,0.09730084644834353
0.757,0.09780391361233938
0.7575000000000001,0.08247101788896423
0.758,0.04101113054369185
0.7585000000000001,-0.01021830004916395
0.759,-0.03587557373529228
0.7595000000000001,-0.013733037225488774
0.76,0.04288313308227377
0.7605000000000001,0.09325401635120427
0.761,0.09858081129665386
0.7615000000000001,0.050425913402773206
0.762,-0.02093157377095396
0.7625000000000001,-0.068690744235245
0.763,-0.06873190298934523
0.7635000000000001,-0.03857469160001915
0.764,-0.015351702214634957
0.7645000000000001,-0.01841410745430251
0.765,-0.03676952925418684
0.7655000000000001,-0.046315606816442575
0.766,-0.030464824610900148
0.7665000000000001,0.01245644947697253
0.767,0.07043697635300293
0.7675000000000001,0.12213961243671204
0.768,0.1451168092546626
0.7685,0.12649609532828912
0.769,0.07124736041956892
0.7695,0.0026548241699408098
0.77,-0.04838725020962378
0.7705,-0.06133064528093402
0.771,-0.039340257789677105
0.7715,-0.00726482885196447
0.772,0.005807307148667902
0.7725,-0.013119388330844396
0.773,-0.05337208159231938
0.7735,-0.09091197705310053
0.774,-0.10702181428287857
0.7745,-0.09943579464432052
0.775,-0.07730059138785346
0.7755,-0.048853311654165205
0.776,-0.018684708590230664
0.7765,0.005753282730779617
0.777,0.016296711076534024
0.7775,0.01626779622706709
0.778,0.019190359511987103
0.7785,0.02849950514934494
0.779,0.029579734604733166
0.7795,0.01234756181990493
0.78,-0.006987297530997151
0.7805,-0.00048794630916707514
0.781,0.03764015258206476
0.7815,0.08390121869890048
0.782,0.11264797777380203
0.7825,0.1178026422612663
0.783,0.10366646331583008
0.7835,0.06983066541071503
0.784,0.019924949842137562
0.7845,-0.023319593172287358
0.785,-0.03057302121701442
0.7855,0.004241089818792864
0.786,0.055861787565658086
0.7865,0.08892728812329133
0.787,0.08127540033910138
0.7875,0.0328094289665453
0.788,-0.03418012809230085
0.7885,-0.08171099995531697
0.789,-0.0767729216173552
0.7895,-0.01719654126581046
0.79,0.06224734616350111
0.7905,0.11370539373178518
0.791,0.11060646168459398
0.7915,0.06370028484908144
0.792,0.00739785314369917
0.7925,-0.029097999862682883
0.793,-0.039144784365167704
0.7935,-0.03149411954139692
0.794,-0.01282383082715213
0.7945,0.016882063435045343
0.795,0.053547976584276305
0.7955,0.0818766504860197
0.796,0.08408973914282235
0.7965,0.05382067735944327
0.797,0.0004484016480479011
0.7975,-0.05500606542066457
0.798,-0.08689295979742437
0.7985,-0.07741609661568977
0.799,-0.03084539930117494
0.7995,0.026329384504601483
0.8,0.06381751839022178
0.8005,0.06747551077191345
0.801,0.0443058542290512
0.8015,0.01347345992891634
0.802,-0.006563883285040184
0.8025,-0.007211290052559532
0.803,0.007873697696495513
0.8035,0.026842452178405918
0.804,0.0384573763391701
0.8045,0.04156819413904593
0.805,0.04598251919330905
0.8055,0.059846848602571195
0.806,0.07634464601009465
0.8065,0.07770594090686267
0.807,0.05316403749444282
0.8075,0.009037741596481842
0.808,-0.038300644262785226
0.8085,-0.0729254886375827
0.809,-0.08241429278907825
0.8095,-0.06101199839702808
0.81,-0.018468099858572506
0.8105,0.01770502997335452
0.811,0.017215196244465113
0.8115,-0.030972759503656792
0.812,-0.10791521595471676
0.8125,-0.17217504245309043
0.8130000000000001,-0.18143837801095805
0.8135,-0.11988044290719176
0.8140000000000001,-0.015506168802181279
0.8145,0.07200233719736168
0.8150000000000001,0.09321140208539158
0.8155,0.048407222761923226
0.8160000000000001,-0.013644724853093784
0.8165,-0.03900416829904605
0.8170000000000001,-0.012732468339749097
0.8175,0.0364725213899798
0.8180000000000001,0.06900337516691718
0.8185,0.06755844214079959
0.8190000000000001,0.04205853343281289
0.8195,0.011429053198599534
0.8200000000000001,-0.012270944163775761
0.8205,-0.0222764360791823
0.8210000000000001,-0.00812955343493128
0.8215,0.04042663071182438
0.8220000000000001,0.11492990138951086
0.8225,0.17927932307380617
0.8230000000000001,0.1912665871851347
0.8235,0.14022080083755628
0.8240000000000001,0.06206616573604034
0.8245,0.012923103095377883
0.8250000000000001,0.02406088645936925
0.8255,0.07782524764209635
0.8260000000000001,0.12389901055621365
0.8265,0.12090789429439218
0.8270000000000001,0.06723198500908309
0.8275,-0.004091395153391055
0.8280000000000001,-0.05599511768852025
0.8285,-0.07233524940038069
0.8290000000000001,-0.06090918256110078
0.8295,-0.042133335397379276
0.8300000000000001,-0.0345484102249643
0.8305,-0.04126880601043677
0.8310000000000001,-0.04514404002910615
0.8315,-0.024049429081038708
0.8320000000000001,0.022356679512966653
0.8325,0.06605674750939002
0.833,0.07711796211818667
0.8335,0.05283154008985637
0.834,0.016409454165875314
0.8345,-0.007296392643011512
0.835,-0.010269672171493369
0.8355,-0.0035178975360622613
0.836,-0.00798154122009809
0.8365,-0.03662644587014181
0.837,-0.07777409671667657
0.8375,-0.10157610061403131
0.838,-0.0907616405077366
0.8385,-0.06037295866204281
0.839,-0.0389166218726895
0.8395,-0.034128646759816375
0.84,-0.02832711369992353
0.8405,-0.007647077897703782
0.841,0.01652228228701786
0.8415,0.02312521088415065
0.842,0.011714599099874804
0.8425,0.006326331818269486
0.843,0.02825586160926554
0.8435,0.07082342324946647
0.844,0.10247789302582015
0.8445,0.09305612812285669
0.845,0.04004578618585254
0.8455,-0.0257735124086051
0.846,-0.061260678867689225
0.8465,-0.044292502531114414
0.847,0.006624044199107958
0.8475,0.044991613406651636
0.848,0.03501708192036216
0.8485,-0.015503373595879902
0.849,-0.06087323894994947
0.8495,-0.058592659743195705
0.85,-0.0052060303398119324
0.8505,0.06461101406704625
0.851,0.10628958830292874
0.8515,0.09419485606813757
0.852,0.03651595039959042
0.8525,-0.028879239174232525
0.853,-0.05764610349690634
0.8535,-0.029215690115069654
0.854,0.036332857777486814
0.8545,0.0904651987645971
0.855,0.09417611271880375
0.8555,0.051567170192294724
0.856,0.00492894636677433
0.8565,-0.004677639281352181
0.857,0.029456654668121435
0.8575,0.08002410286669619
0.858,0.10820071436905924
0.8585,0.08773521718557024
0.859,0.022538051920230017
0.8595,-0.05140912266922465
0.86,-0.08964885594069842
0.8605,-0.07419558490846065
0.861,-0.026882504341747233
0.8615,0.012120739428732388
0.862,0.019065458542911043
0.8625,0.003147265372355483
0.863,-0.00753331939399674
0.8635,0.004120711802286674
0.864,0.026732321428358706
0.8645,0.032871433927146275
0.865,0.009787887742619746
0.8655,-0.02345591744786156
0.866,-0.03125100121802871
0.8665,0.005244817761025928
0.867,0.06724405010735122
0.8675,0.1090505591577055
0.868,0.0951516181853817
0.8685,0.0338699036374134
0.869,-0.027046405191524216
0.8695,-0.04458451862212153
0.87,-0.021250951426497557
0.8705,0.002353929709067143
0.871,-0.004564559269498126
0.8715,-0.03033341038532151
0.872,-0.04115914679065219
0.8725,-0.02621555009801608
0.873,-0.00845668455441122
0.8735,-0.010037574857404318
0.874,-0.02383491255903441
0.8745,-0.029740240020458865
0.875,-0.026304618969636775
0.8755000000000001,-0.029404136054110287
0.876,-0.043571692319641774
0.8765000000000001,-0.05063748467174542
0.877,-0.031434946181366566
0.8775000000000001,0.009353334437539272
0.878,0.04637026958975764
0.8785000000000001,0.05999309337244245
0.879,0.05436512921055511
0.8795000000000001,0.04571390778818182
0.88,0.035806243811991705
0.8805000000000001,0.007515138187510028
0.881,-0.045660416750077266
0.8815000000000001,-0.09401152297085773
0.882,-0.09189413545902318
0.8825000000000001,-0.026220866877533586
0.883,0.06608268223591979
0.8835000000000001,0.13215402654413635
0.884,0.14732703070961511
0.8845000000000001,0.12521161933249683
0.885,0.09421264435108785
0.8855000000000001,0.0701043539928301
0.886,0.047839623617285706
0.8865000000000001,0.014109077159648601
0.887,-0.03402119346106541
0.8875000000000001,-0.08049822238963668
0.888,-0.09881253033732874
0.8885000000000001,-0.07393217457387982
0.889,-0.021170591784491072
0.8895000000000001,0.020656469167538074
0.89,0.023293140812797243
0.8905000000000001,-0.0035871002913475496
0.891,-0.024824226419410688
0.8915000000000001,-0.01860926485729975
0.892,0.00430646728782202
0.8925000000000001,0.020456647186555654
0.893,0.022229971191190214
0.8935000000000001,0.01921153653473444
0.894,0.018553135821952532
0.8945000000000001,0.016540496721796083
0.895,0.00911255625548005
0.8955000000000001,0.00011635886797630411
0.896,-0.0037629833715874823
0.8965,0.0005412133988970703
0.897,0.014099900482906222
0.8975,0.037859655423676614
0.898,0.06557153798992205
0.8985,0.07791458681580879
0.899,0.057253242601348536
0.8995,0.014641070501939498
0.9,-0.009912965013694524
0.9005,0.012518861570654106
0.901,0.06317039734480154
0.9015,0.08973165894745143
0.902,0.05829526860094322
0.9025,-0.01358734227364479
0.903,-0.07584369977079966
0.9035,-0.09297657292780757
0.904,-0.06945073734057768
0.9045,-0.03409409285105942
0.905,-0.010993426127618961
0.9055,-0.00914762865574971
0.906,-0.028491125633825113
0.9065,-0.060721838191440836
0.907,-0.08407985825222077
0.9075,-0.07256834978765551
0.908,-0.021352578365445414
0.9085,0.04227682220907981
0.909,0.0818599038506392
0.9095,0.08302209479293905
0.91,0.057331965407974486
0.9105,0.02337985255812503
0.911,-0.004826982259908897
0.9115,-0.01611141999965427
0.912,-0.004990799012023514
0.9125,0.018555072726767444
0.913,0.0314749686748548
0.9135,0.019251624124182926
0.914,-0.004569552105714605
0.9145,-0.007611655808314328
0.915,0.026243596115144922
0.9155,0.07415145278454263
0.916,0.09505118578415536
0.9165,0.07206749749137777
0.917,0.024986714660793757
0.9175,-0.01810390767400428
0.918,-0.0477536998803024
0.9185,-0.06796963024524295
0.919,-0.07834755721842755
0.9195,-0.07294289714457307
0.92,-0.05127162713125272
0.9205,-0.019588397934663042
0.921,0.018190768526542507
0.9215,0.061158725989595084
0.922,0.0994520138153441
0.9225,0.11085732615832242
0.923,0.080825355253748
0.9235,0.025219175713101574
0.924,-0.018663542004644144
0.9245,-0.03100309347425205
0.925,-0.03236770658083699
0.9255,-0.05705797309586896
0.926,-0.10687022091472421
0.9265,-0.14481522558327983
0.927,-0.13628290349660122
0.9275,-0.08477102001044787
0.928,-0.024366149272685655
0.9285,0.013322559087739933
0.929,0.02234639997889177
0.9295,0.02169757685460888
0.93,0.036969309492796136
0.9305,0.0785013642907564
0.931,0.13135689875210424
0.9315,0.16593817710364517
0.932,0.16218299175090758
0.9325,0.12587191631375377
0.933,0.0814731937799179
0.9335,0.050517549510765605
0.934,0.03787949144938145
0.9345,0.034944044183398665
0.935,0.029775548994525423
0.9355,0.01335667585945877
0.936,-0.016608703924964247
0.9365,-0.04909746866665105
0.937,-0.05894915232697007
0.9375,-0.02608678324132238
0.9380000000000001,0.036862187231894744
0.9385,0.08449603547651816
0.9390000000000001,0.07694653807352778
0.9395,0.018004677203732108
0.9400000000000001,-0.04928592594322269
0.9405,-0.08290004437574988
0.9410000000000001,-0.07485371665100467
0.9415,-0.05001962119044916
0.9420000000000001,-0.03966170828935583
0.9425,-0.054638312896107544
0.9430000000000001,-0.0809291521666627
0.9435,-0.1019211794198869
0.9440000000000001,-0.11912028321327157
0.9445,-0.13972398566113006
0.9450000000000001,-0.14913652569483976
0.9455,-0.116637908586437
0.9460000000000001,-0.035369381743545814
0.9465,0.05604809308799829
0.9470000000000001,0.1009649996508419
0.9475,0.07281783247648739
0.9480000000000001,-0.0015192043968459863
0.9485,-0.061037417889972946
0.9490000000000001,-0.057510133162455186
0.9495,0.006737293197534695
0.9500000000000001,0.08380877311259918
0.9505,0.1225999099051831
0.9510000000000001,0.10659695131888426
0.9515,0.05847105836753461
0.9520000000000001,0.019459859802664112
0.9525,0.02060328082109383
0.9530000000000001,0.05865729807532445
0.9535,0.09615568499156399
0.9540000000000001,0.09381690875255409
0.9545,0.04704787026487138
0.9550000000000001,-0.011055466622158385
0.9555,-0.04021946370688427
0.9560000000000001,-0.023848693357339613
0.9565,0.02298484375252205
0.9570000000000001,0.06514407090476483
0.9575,0.06855574288230423
0.9580000000000001,0.024100126117089577
0.9585,-0.040535926504082415
0.9590000000000001,-0.07917674129272369
0.9595,-0.0678825796479032
0.96,-0.027839698926982324
0.9605,-0.0008471694216567131
0.961,-0.0014547455593078313
0.9615,-0.0012456813377341568
0.962,0.035164243127960425
0.9625,0.10384619082088402
0.963,0.157517076783913
0.9635,0.14856637284620583
0.964,0.07518857885583762
0.9645,-0.015675476124412578
0.965,-0.07136553826811395
0.9655,-0.07704636974855415
0.966,-0.055745311076921066
0.9665,-0.03447504837610555
0.967,-0.021637160157669165
0.9675,-0.014283142341697634
0.968,-0.013007382316571664
0.9685,-0.022667192627692203
0.969,-0.04297104103532415
0.9695,-0.06348353820200438
0.97,-0.06797627236207453
0.9705,-0.043784848401592344
0.971,0.007867081189313278
0.9715,0.06493839404557943
0.972,0.0910515662102607
0.9725,0.060398689803867325
0.973,-0.01621866240016535
0.9735,-0.09275676666190301
0.974,-0.12107295190425403
0.9745,-0.08645777528292015
0.975,-0.01511333912584351
0.9755,0.04836019047795206
0.976,0.0725671548600395
0.9765,0.05701844587066326
0.977,0.025025829147046236
0.9775,0.0005710518099102703
0.978,-0.008294835340233172
0.9785,-0.006929160532431697
0.979,-0.0032484296223026
0.9795,-0.003340076645487621
0.98,-0.01139218908929504
0.9805,-0.026331701458480253
0.981,-0.04006575433925988
0.9815,-0.04466885721939665
0.982,-0.041059800464040015
0.9825,-0.03626353990753755
0.983,-0.032369905324458506
0.9835,-0.023822646212927307
0.984,-0.008238010061206051
0.9845,0.005743317632731544
0.985,0.008538874679773554
0.9855,0.005943825405109126
0.986,0.01690588802453109
0.9865,0.05139796383718837
0.987,0.09532315860038865
0.9875,0.12107258152076032
0.988,0.10973680075825763
0.9885,0.0622448845560824
0.989,-0.002340412058433553
0.9895,-0.054301838824455814
0.99,-0.06898321164076472
0.9905,-0.04562701410970814
0.991,-0.007837789523138666
0.9915,0.01953205743302187
0.992,0.030637664989634796
0.9925,0.035333089079520416
0.993,0.044159561465793584
0.9935,0.059945543101411314
0.994,0.07576734477826741
0.9945,0.07621267304520353
0.995,0.04788216639856287
0.9955,-0.004882982095581934
0.996,-0.058103970604421844
0.9965,-0.08651562202532753
0.997,-0.0822228742731615
0.9975,-0.054320691924325176
0.998,-0.017180129348210317
0.9985,0.014224621622110804
0.999,0.0233285038549031
0.9995,-0.00029120671005861804
1.0,-0.04659521282801183
1.0005,-0.08471084527820386
1.0010000000000001,-0.08537039961814732
1.0015,-0.04537823886363554
1.002,0.012360577080710665
1.0025,0.06026308558491898
1.0030000000000001,0.08208436461402714
1.0035,0.07132153704094941
1.004,0.02788491937237031
1.0045,-0.03333164804198596
1.0050000000000001,-0.07630219883499688
1.0055,-0.06282976345775383
1.006,0.010546260265973342
1.0065,0.09698747204195181
1.0070000000000001,0.13175876415967475
1.0075,0.08616450919886706
1.008,-0.011965890148665703
1.0085,-0.10661071177939338
1.0090000000000001,-0.15153412256542348
1.0095,-0.12618057461457374
1.01,-0.04097292524252168
1.0105,0.05736958858900326
1.0110000000000001,0.10250749737210108
1.0115,0.05690687893975724
1.012,-0.049799023732681004
1.0125,-0.13994924845315995
1.0130000000000001,-0.15064603862703638
1.0135,-0.07932606267644822
1.014,0.024277909519043135
1.0145,0.10173969141282085
1.0150000000000001,0.12434310654262938
1.0155,0.10109529849240577
1.016,0.059332276631814986
1.0165,0.02011649038155779
1.0170000000000001,-0.011505956884997729
1.0175,-0.03979414666562529
1.018,-0.06653036527188677
1.0185,-0.08368883974538058
1.0190000000000001,-0.07554942676288096
1.0195,-0.03209828830485598
1.02,0.03520182362465975
1.0205,0.09356088325327687
1.0210000000000001,0.1105652996202121
1.0215,0.07902887535274053
1.022,0.02301678749521313
1.0225,-0.018587006090492665
1.0230000000000001,-0.0187467821542116
1.0235,0.01769360037471901
1.024,0.055534160658024995
1.0245,0.05587793527242198
1.025,0.010883898665335338
1.0255,-0.043924990260546776
1.026,-0.057065365044939205
1.0265,-0.008188618034528439
1.027,0.0706042384257386
1.0275,0.12217088263449805
1.028,0.11203314392375122
1.0285,0.050154556155925234
1.029,-0.02555072133933973
1.0295,-0.08046444065947474
1.03,-0.1033699995332891
1.0305,-0.10446229178743022
1.031,-0.09631243670721255
1.0315,-0.07769707172945686
1.032,-0.03860212095655924
1.0325,0.01956738541560723
1.033,0.07324886644212136
1.0335,0.0889192086921203
1.034,0.04694222701358587
1.0345,-0.04227359854545735
1.035,-0.13917545480750795
1.0355,-0.19314311742598145
1.036,-0.1716966363838175
1.0365,-0.08382683984330365
1.037,0.02334655208597445
1.0375,0.09611453412401608
1.038,0.1089721667202414
1.0385,0.07509030272440263
1.039,0.02834690976750158
1.0395,-0.004083782805234591
1.04,-0.016203009421321343
1.0405,-0.016865082421921557
1.041,-0.014317932141775161
1.0415,-0.01018831717412403
1.042,-0.006332709072549833
1.0425,-0.008395005594365583
1.043,-0.015507708881332091
1.0435,-0.011957162413387862
1.044,0.019131785951046826
1.0445,0.0727445928130735
1.045,0.12126165405527348
1.0455,0.1378993491626856
1.046,0.11493141293069722
1.0465,0.061958655741844386
1.047,-0.003431900162407143
1.0475,-0.06230070042433998
1.048,-0.09981149480938073
1.0485,-0.10925313293789117
1.049,-0.09290114694330658
1.0495,-0.062250249569358894
1.05,-0.0358003719929575
1.0505,-0.027872926217523377
1.051,-0.03462716992352373
1.0515,-0.03614176535397356
1.052,-0.01844931824126856
1.0525,0.008047411748850673
1.053,0.01720785200747501
1.0535,-0.004862047367054572
1.054,-0.04301850071567972
1.0545,-0.06585269812429986
1.055,-0.05509087144811842
1.0555,-0.021080876237431975
1.056,0.012179621154519378
1.0565,0.03445865427739436
1.057,0.054566902247956406
1.0575,0.07752938830379687
1.058,0.08784727464509674
1.0585,0.0655320038656415
1.059,0.014944259351500604
1.0595,-0.03190393895297796
1.06,-0.043130060554891214
1.0605,-0.014548600655944492
1.061,0.030426784360129404
1.0615,0.06258771113117355
1.062,0.0664262332350068
1.0625,0.04533495173662696
1.063,0.01499748917743635
1.0635000000000001,-0.009252231020292994
1.064,-0.02143396363684881
1.0645,-0.02190260679484337
1.065,-0.01010200035826624
1.0655000000000001,0.01186184538379083
1.066,0.030112209877749915
1.0665,0.02602455692404444
1.067,-0.00030340117464342994
1.0675000000000001,-0.021992053686502238
1.068,-0.013541802887398736
1.0685,0.014466330661152323
1.069,0.022840303747235675
1.0695000000000001,-0.009723787106095364
1.07,-0.05988430831139535
1.0705,-0.08619361098128915
1.071,-0.07198666788728061
1.0715000000000001,-0.03509040712880109
1.072,-0.005880889002696323
1.0725,-0.00527339575586777
1.073,-0.03512591291745039
1.0735000000000001,-0.07584578112862973
1.074,-0.0940535963877925
1.0745,-0.06562605857073316
1.075,0.0003032429117886254
1.0755000000000001,0.06325667598191288
1.076,0.08457662819087652
1.0765,0.06145601371975325
1.077,0.026229056947382354
1.0775000000000001,0.011738210712528976
1.078,0.01971538645013307
1.0785,0.023158539551786296
1.079,-0.003055890315277519
1.0795000000000001,-0.05428328245227934
1.08,-0.09575513100366942
1.0805,-0.09038691646546194
1.081,-0.033403591602764966
1.0815000000000001,0.03539946902265844
1.082,0.057694224546733563
1.0825,0.005263395054444344
1.083,-0.09045222221928954
1.0835000000000001,-0.15897488943604773
1.084,-0.14759093607954626
1.0845,-0.06455240657987861
1.085,0.030262302514779522
1.0855000000000001,0.07818936951573013
1.086,0.06839656424469616
1.0865,0.035328388491601706
1.087,0.015666280881228067
1.0875000000000001,0.015506547564067757
1.088,0.01958387942442147
1.0885,0.01927809819831698
1.089,0.01980696916710921
1.0895,0.02545543399493411
1.09,0.03134732433637391
1.0905,0.03220798220448277
1.091,0.030957211874631553
1.0915,0.03425811247016899
1.092,0.042929654323422356
1.0925,0.05025043294870936
1.093,0.049657120947056495
1.0935,0.04180004661731897
1.094,0.03161068121929995
1.0945,0.020169183841922414
1.095,0.004731467584920232
1.0955,-0.012912812213159468
1.096,-0.024213792777899985
1.0965,-0.02335616239453375
1.097,-0.01601733755423708
1.0975,-0.01496669007018579
1.098,-0.027036691708601603
1.0985,-0.046804899488980575
1.099,-0.06322429771711517
1.0995,-0.0690238106857122
1.1,-0.061892191636723305
1.1005,-0.0415100704239585
1.101,-0.01251740847686894
1.1015,0.01077328314242345
1.102,0.012005706739358666
1.1025,-0.010055726388816282
1.103,-0.037441216009259384
1.1035,-0.05077800107485106
1.104,-0.04752902417172773
1.1045,-0.039440149194135965
1.105,-0.03625126620318253
1.1055,-0.036490670854697434
1.106,-0.03295554234283434
1.1065,-0.023386065313574907
1.107,-0.013427374288905312
1.1075,-0.009251472979275718
1.108,-0.009901016905126698
1.1085,-0.009041255151167635
1.109,-0.002519134401049517
1.1095,0.00830288449259483
1.11,0.019043274679688894
1.1105,0.02507252594745046
1.111,0.022932025890985912
1.1115,0.01280382166030709
1.112,0.0002419123878361091
1.1125,-0.007764849600840698
1.113,-0.009720368476913505
1.1135,-0.009170165162999037
1.114,-0.005548517709536765
1.1145,0.009632870187969936
1.115,0.041645545210754274
1.1155,0.07802048441910257
1.116,0.09078947369127342
1.1165,0.05924943627416315
1.117,-0.0068473400687175875
1.1175,-0.06911668846859444
1.118,-0.09020990868785951
1.1185,-0.06467175942029843
1.119,-0.021516689337613977
1.1195,0.002684024977007581
1.12,-0.006019311221576755
1.1205,-0.030736756083891363
1.121,-0.0401879263818072
1.1215,-0.014307567622830374
1.122,0.03887267963989742
1.1225,0.08685100331721284
1.123,0.09692802132896883
1.1235,0.06283370866560131
1.124,0.008389338431088935
1.1245,-0.03464103548173636
1.125,-0.04976519235798453
1.1255,-0.03999969548029185
1.1260000000000001,-0.01834819977092699
1.1265,0.0014744256669043856
1.127,0.009647484668698754
1.1275,0.0026991362166467487
1.1280000000000001,-0.01558291935436128
1.1285,-0.037346855799677676
1.129,-0.05661826920347533
1.1295,-0.07014062267338014
1.1300000000000001,-0.07203045687979757
1.1305,-0.0541547941681775
1.131,-0.017033281895133152
1.1315,0.022868266057071953
1.1320000000000001,0.04184122258180243
1.1325,0.026923283586074376
1.133,-0.013119241534071811
1.1335,-0.05374263902081364
1.1340000000000001,-0.07279888676965107
1.1345,-0.06460245481995693
1.135,-0.0390428283136803
1.1355,-0.011836961296322526
1.1360000000000001,0.003408445126022553
1.1365,0.0008735803068486443
1.137,-0.012225626411358603
1.1375,-0.018679050373337863
1.1380000000000001,-0.006944697220912448
1.1385,0.016794628991684497
1.139,0.03730109866895402
1.1395,0.04749690760147814
1.1400000000000001,0.04934056105983307
1.1405,0.04083604935133887
1.141,0.014450733776499367
1.1415,-0.026098639465046168
1.1420000000000001,-0.055482727744611625
1.1425,-0.04638938497642684
1.143,-0.004864787256951639
1.1435,0.02294871557092288
1.1440000000000001,-0.005686537772349163
1.1445,-0.0765833036055121
1.145,-0.12211680131341592
1.1455,-0.09101144789300619
1.1460000000000001,-0.009355171510962438
1.1465,0.04253850122119358
1.147,0.015590648357531541
1.1475,-0.05805571518132262
1.1480000000000001,-0.10420058671389637
1.1485,-0.0825656705373477
1.149,-0.015090500468889285
1.1495,0.04884931473181661
1.1500000000000001,0.07739042830442683
1.1505,0.06763615606528543
1.151,0.03129855965884468
1.1515,-0.015658840020797177
1.1520000000000001,-0.0510981292636255
1.1525,-0.04977560669203558
1.153,-0.0020140981779524156
1.1535,0.07043262752113534
1.154,0.12640478778252145
1.1545,0.1382530625492107
1.155,0.11065590720435123
1.1555,0.06743351316766814
1.156,0.027340452057810646
1.1565,-0.002604144512932744
1.157,-0.017602472158083457
1.1575,-0.011778133552077519
1.158,0.01178274334914891
1.1585,0.03359809730734226
1.159,0.027242520525179184
1.1595,-0.018616290046158362
1.16,-0.08423791751123179
1.1605,-0.12802274499769625
1.161,-0.1206583127850493
1.1615,-0.07513623827507733
1.162,-0.039955916973921465
1.1625,-0.05685072467530322
1.163,-0.12006508633034804
1.1635,-0.17479323435618452
1.164,-0.159998902940891
1.1645,-0.061838483389863655
1.165,0.06992434381383131
1.1655,0.1592886394714453
1.166,0.16062188592148652
1.1665,0.08456588282999657
1.167,-0.018987910567988552
1.1675,-0.0936241055766874
1.168,-0.10212573509662443
1.1685,-0.04473874708272218
1.169,0.034893760355484305
1.1695,0.07391841973294307
1.17,0.040294651723400646
1.1705,-0.03463933438524868
1.171,-0.08065465657833347
1.1715,-0.05410597647335698
1.172,0.019375377374587832
1.1725,0.07041914166568541
1.173,0.05397813282139497
1.1735,-0.011444454400626285
1.174,-0.06976962399791822
1.1745,-0.08214383798918896
1.175,-0.052284199021223665
1.1755,-0.008926063167557915
1.176,0.02277657053832343
1.1765,0.031387251947048084
1.177,0.01290183313378209
1.1775,-0.03103801774980689
1.178,-0.08349393384888246
1.1785,-0.1114471000201153
1.179,-0.09060733517127144
1.1795,-0.033359597325700915
1.18,0.018852615085702497
1.1805,0.035665493756626185
1.181,0.023061744474207363
1.1815,0.006163952156542359
1.182,-0.0015661467130673084
1.1825,-0.002602241890593767
1.183,0.0015013523734973776
1.1835,0.01423895334330572
1.184,0.031045855632938373
1.1845,0.03676127270047451
1.185,0.02238250927871584
1.1855,-0.004003484471375114
1.186,-0.02789328979728005
1.1865,-0.04306417573448869
1.187,-0.049822959736805755
1.1875,-0.04388602838962651
1.188,-0.0165509045734813
1.1885000000000001,0.03121918460340492
1.189,0.07941590573631706
1.1895,0.0993331773202984
1.19,0.07711264808196557
1.1905000000000001,0.028057924017583072
1.191,-0.015411420850525385
1.1915,-0.0327087351807331
1.192,-0.029505940249922327
1.1925000000000001,-0.022300183331185205
1.193,-0.01640449138725808
1.1935,-0.005829454903791403
1.194,0.011025986259933694
1.1945000000000001,0.024281515430486122
1.195,0.019701535829659226
1.1955,-0.010466765871118272
1.196,-0.059340699296278096
1.1965000000000001,-0.10460763999090955
1.197,-0.12130511620266411
1.1975,-0.1018641667218018
1.198,-0.06307215075314868
1.1985000000000001,-0.029981528880947923
1.199,-0.01397030495554993
1.1995,-0.009259736685881904
1.2,-0.00663315998879109
1.2005000000000001,-0.0025348142200827904
1.201,0.003953098761444328
1.2015,0.013719269053271069
1.202,0.024716672346940218
1.2025000000000001,0.031678764134641546
1.203,0.02934143041040211
1.2035,0.013205328389565826
1.204,-0.01844274388515311
1.2045000000000001,-0.05731948501162716
1.205,-0.084213790210406
1.2055,-0.08264538970473978
1.206,-0.05297068078408913
1.2065000000000001,-0.010661357953293708
1.207,0.026053332422075907
1.2075,0.04431052122209334
1.208,0.03750362080987764
1.2085000000000001,0.00682719604720381
1.209,-0.03395716068367943
1.2095,-0.060656849593693246
1.21,-0.05576249784469487
1.2105000000000001,-0.02673315779202575
1.211,-0.001023191669030029
1.2115,0.0010280642031011596
1.212,-0.015440187486097979
1.2125000000000001,-0.030091265265110106
1.213,-0.03084433094484219
1.2135,-0.023604138140279944
1.214,-0.021071216703564127
1.2145000000000001,-0.02597446643875098
1.215,-0.027884310114680365
1.2155,-0.01607229298485217
1.216,0.007537955996520167
1.2165,0.029311032028861386
1.217,0.03523869603998366
1.2175,0.02014388148962831
1.218,-0.0105753250209152
1.2185,-0.043268663745911116
1.219,-0.06078571862490703
1.2195,-0.05109468237681696
1.22,-0.015445531665511889
1.2205,0.03074256824909964
1.221,0.06357649670569432
1.2215,0.060565587413616465
1.222,0.015650580476526683
1.2225,-0.04857791991649307
1.223,-0.08843502247677981
1.2235,-0.06871561512335976
1.224,0.0077113669890087055
1.2245,0.09556071425361191
1.225,0.13447194160264136
1.2255,0.09274716227493841
1.226,-0.0020571639711094896
1.2265,-0.07637226219758901
1.227,-0.07032351582877336
1.2275,0.005290236008217326
1.228,0.07769182544808606
1.2285,0.08322145942326264
1.229,0.024507450767195148
1.2295,-0.04330052373968686
1.23,-0.07110236164350238
1.2305,-0.05480158393090418
1.231,-0.027038547327199874
1.2315,-0.023513958648974317
1.232,-0.05707483344539404
1.2325,-0.11371857054152872
1.233,-0.16480131425167388
1.2335,-0.18313674606977098
1.234,-0.15418102719101157
1.2345,-0.08118814927591311
1.235,0.011412083335308102
1.2355,0.0794060109187842
1.236,0.07950172772971041
1.2365,0.008029315762817839
1.237,-0.0810051090586607
1.2375,-0.11407278167957878
1.238,-0.06568034235150717
1.2385,0.01653854181856336
1.239,0.06081400852490323
1.2395,0.0427419275538116
1.24,0.0023616358512475576
1.2405,-0.007372314074183955
1.241,0.020584041265426897
1.2415,0.04554070744833208
1.242,0.03137069857155177
1.2425,-0.009408083834534476
1.243,-0.029973492970907494
1.2435,-0.004473712905472762
1.244,0.04043229778752888
1.2445,0.054737135147813934
1.245,0.020033129436299903
1.2455,-0.03304386429295559
1.246,-0.058373621346822634
1.2465,-0.03543164259695404
1.247,0.01833372287835127
1.2475,0.06095167442180505
1.248,0.052610135989939445
1.2485,-0.01244702634812702
1.249,-0.0913191528230464
1.2495,-0.12026127255982472
1.25,-0.06932067525373939
1.2505,0.029558805569129334
1.2510000000000001,0.1105269711636159
1.2515,0.12774021713543496
1.252,0.0834751144438155
1.2525,0.013313631957277122
1.2530000000000001,-0.04752110352036032
1.2535,-0.0850653885796618
1.254,-0.10288764293652682
1.2545,-0.10509941258518966
1.2550000000000001,-0.08791614453637835
1.2555,-0.05026890936494362
1.256,-0.00827064929550043
1.2565,0.010944112684596762
1.2570000000000001,-0.004703073757184888
1.2575,-0.036138944174373584
1.258,-0.049326782718317363
1.2585,-0.029828123158502706
1.2590000000000001,0.0003889007235229579
1.2595,0.00503919812170401
1.26,-0.02456894298860733
1.2605,-0.054771721033462104
1.2610000000000001,-0.044505337838634085
1.2615,0.007834593576166386
1.262,0.06065183764858821
1.2625,0.06938530165768818
1.2630000000000001,0.02380784993717395
1.2635,-0.047539635309484886
1.264,-0.09821728221029634
1.2645,-0.09368410785546724
1.2650000000000001,-0.03667680098969371
1.2655,0.029708221220547056
1.266,0.05234866060104723
1.2665,0.01345577859215302
1.2670000000000001,-0.050477126804039166
1.2675,-0.07899794870728485
1.268,-0.0428563020502731
1.2685,0.02660356350267054
1.2690000000000001,0.06386292109169536
1.2695,0.031051922317210497
1.27,-0.04432216556464043
1.2705,-0.09724442415744104
1.2710000000000001,-0.09017476844699576
1.2715,-0.04478589875818994
1.272,-0.01192454366229579
1.2725,-0.02046339107041402
1.2730000000000001,-0.05667909690995561
1.2735,-0.08293453598097986
1.274,-0.0707336708845617
1.2745,-0.022125509530099202
1.2750000000000001,0.0331647083931756
1.2755,0.060275901132511835
1.276,0.04282970513410755
1.2765,-0.007874574026157315
1.2770000000000001,-0.05947471972729418
1.2775,-0.07679199400302203
1.278,-0.0460431865784687
1.2785,0.011169719053305252
1.2790000000000001,0.05292312317955041
1.2795,0.05357958222377414
1.28,0.025053979832400826
1.2805,-0.00045543724356006225
1.281,-0.0038059612470886317
1.2815,0.009606696673763269
1.282,0.024766332393633385
1.2825,0.03279897457804146
1.283,0.032369157017121605
1.2835,0.02455530087901865
1.284,0.010600585551715096
1.2845,-0.008046166886198663
1.285,-0.028640154260263517
1.2855,-0.043751025777786376
1.286,-0.040128779759255925
1.2865,-0.007991082060083308
1.287,0.04341657993428827
1.2875,0.08388496715487433
1.288,0.0851628459629564
1.2885,0.0484123112891781
1.289,0.0037076948029421287
1.2895,-0.020056696014885047
1.29,-0.02182225345801133
1.2905,-0.025386542076334895
1.291,-0.05365941852137985
1.2915,-0.10529207334431057
1.292,-0.1533102812861513
1.2925,-0.1676296621875976
1.293,-0.14265984281119884
1.2935,-0.10295127051596444
1.294,-0.07856795359089261
1.2945,-0.07524872937324192
1.295,-0.07374826230201609
1.2955,-0.05834802415498284
1.296,-0.036684637388194434
1.2965,-0.02653398432062501
1.297,-0.031208547546412557
1.2975,-0.036238828886045016
1.298,-0.027405783792024494
1.2985,-0.00603916939935984
1.299,0.01372017346893513
1.2995,0.020583512064838987
1.3,0.018114658318528213
1.3005,0.01949907094326386
1.301,0.029834285709562713
1.3015,0.03856331815860793
1.302,0.034222093630907835
1.3025,0.022710234571151566
1.303,0.023229797037892234
1.3035,0.044295240494268015
1.304,0.06798247287490582
1.3045,0.06388247212505963
1.305,0.0217365963930046
1.3055,-0.033743114069672585
1.306,-0.06644316131152608
1.3065,-0.06497303445286617
1.307,-0.04854313231235325
1.3075,-0.03877782026429242
1.308,-0.03520964526383361
1.3085,-0.021026541152300255
1.309,0.014600388101632592
1.3095,0.0633266561134237
1.31,0.10065618637394899
1.3105,0.09935965913728155
1.311,0.04700223750789138
1.3115,-0.0413960259493363
1.312,-0.12630384037495593
1.3125,-0.16510944027133193
1.313,-0.1403323440418513
1.3135000000000001,-0.07294255773618026
1.314,-0.007922205199295445
1.3145,0.01718547456247648
1.315,-0.0037965968956766944
1.3155000000000001,-0.046153917240189996
1.316,-0.07632459683423745
1.3165,-0.07539650914682275
1.317,-0.045347114582733515
1.3175000000000001,0.0004762911626270479
1.318,0.047856501225781764
1.3185,0.08452577192336568
1.319,0.09711444019341854
1.3195000000000001,0.07098974640515908
1.32,0.0022772584604054645
1.3205,-0.08542052766457521
1.321,-0.14508574739769645
1.3215000000000001,-0.13994963556611087
1.322,-0.0763388382037326
1.3225,0.0015001068257516192
1.323,0.05065959416743525
1.3235000000000001,0.061116475949513936
1.324,0.05113080841994996
1.3245,0.040299814910812345
1.325,0.030652571068017012
1.3255000000000001,0.00970438127875629
1.326,-0.03084254359990089
1.3265,-0.07876483190094352
1.327,-0.10626640672554552
1.3275000000000001,-0.0956985173389523
1.328,-0.058383956333859524
1.3285,-0.022293798781556504
1.329,-0.0024130607021354677
1.3295000000000001,0.009763694917691657
1.33,0.026724621380159064
1.3305,0.04327351391906037
1.331,0.040478972109060526
1.3315000000000001,0.008067847030282044
1.332,-0.04182807216103176
1.3325,-0.08155343196437098
1.333,-0.08728883489860312
1.3335000000000001,-0.057971963848056
1.334,-0.020883164749334063
1.3345,-0.013672343789770452
1.335,-0.05032584843034714
1.3355000000000001,-0.1027108509766469
1.336,-0.12442851164666828
1.3365,-0.09810509003546401
1.337,-0.05251522315427533
1.3375000000000001,-0.02721139332458513
1.338,-0.026751590529321186
1.3385,-0.01902520739205251
1.339,0.022390638280767067
1.3395000000000001,0.08255507208596954
1.34,0.11674595622039904
1.3405,0.09585749538886763
1.341,0.03563684788371298
1.3415000000000001,-0.01905063476064863
1.342,-0.03327901611570558
1.3425,-0.00555973441507792
1.343,0.036271943203850826
1.3435000000000001,0.05397373804316563
1.344,0.021878161951524058
1.3445,-0.051880865721137086
1.345,-0.12248012553138023
1.3455,-0.14008405315930836
1.346,-0.09526075556946907
1.3465,-0.026980879590460735
1.347,0.02001327108700835
1.3475,0.03558813398334896
1.348,0.03599858928620797
1.3485,0.03214758396665396
1.349,0.023848564457036845
1.3495,0.016339380362689386
1.35,0.019739742308442807
1.3505,0.029818522721958837
1.351,0.027493919613051837
1.3515,0.005133047732906351
1.352,-0.019914659660171613
1.3525,-0.027839037779286323
1.353,-0.022781272067133908
1.3535,-0.025216694799509415
1.354,-0.0431363190145087
1.3545,-0.06294295190417944
1.355,-0.06994590637036661
1.3555,-0.06781431012432224
1.356,-0.06996705735946925
1.3565,-0.07554308365932598
1.357,-0.06533635213877897
1.3575,-0.026700060343149198
1.358,0.02448134684599221
1.3585,0.054539727671858995
1.359,0.04420190789918473
1.3595,0.007510135762008523
1.36,-0.019687735486920863
1.3605,-0.010260554576752538
1.361,0.029319932212731235
1.3615,0.06100857103596043
1.362,0.046645941357023
1.3625,-0.016051955433369812
1.363,-0.08812162731292228
1.3635,-0.12395265868023124
1.364,-0.11383048836567654
1.3645,-0.09050374016202081
1.365,-0.0922492968860004
1.3655,-0.12253659305897649
1.366,-0.14921957845073766
1.3665,-0.13970355222280795
1.367,-0.09015158409202466
1.3675,-0.021622450526003045
1.368,0.0415482677264696
1.3685,0.08289264541868106
1.369,0.09209006884674528
1.3695,0.06652535455849765
1.37,0.017758507618143987
1.3705,-0.030115634814689332
1.371,-0.05224805388336917
1.3715,-0.035058617802548236
1.372,0.0163552176876482
1.3725,0.07701669824594172
1.373,0.11322470435540781
1.3735,0.10490261162033884
1.374,0.0601570987153403
1.3745,0.005480096485972184
1.375,-0.03705481540506034
1.3755,-0.06074931506270094
1.3760000000000001,-0.0689861650563562
1.3765,-0.06843511383567864
1.377,-0.06785928840530558
1.3775,-0.07596919762009903
1.3780000000000001,-0.09281650136996338
1.3785,-0.10133805272439067
1.379,-0.07520658626265572
1.3795,-0.007241509018198786
1.3800000000000001,0.06894883912643497
1.3805,0.09899636008780349
1.381,0.0601665398531343
1.3815,-0.01104106140170881
1.3820000000000001,-0.0545973794788287
1.3825,-0.049874591181424004
1.383,-0.03154518968789248
1.3835,-0.03913132167199422
1.3840000000000001,-0.06434687771389584
1.3845,-0.06303585144871698
1.385,-0.015192057844991119
1.3855,0.04402198328932445
1.3860000000000001,0.06124439603888441
1.3865,0.023989229305515274
1.387,-0.02909818613741674
1.3875,-0.054200416046366585
1.3880000000000001,-0.043951988530520604
1.3885,-0.019518246878692202
1.389,0.00317342117156846
1.3895,0.02541330854929587
1.3900000000000001,0.04927647236475104
1.3905,0.06255090125661378
1.391,0.045592786724473915
1.3915,-0.007188781077971344
1.3920000000000001,-0.07339874159373848
1.3925,-0.11328902738564214
1.393,-0.10020172975531605
1.3935,-0.04510614605656811
1.3940000000000001,0.007984598915775503
1.3945,0.0146773787623221
1.395,-0.03381745272659915
1.3955,-0.10175910806221916
1.3960000000000001,-0.13815974475434045
1.3965,-0.12116957595199637
1.397,-0.07627159214469185
1.3975,-0.048691478267013644
1.3980000000000001,-0.05602139183428136
1.3985,-0.0709669907102667
1.399,-0.054451200874381864
1.3995,-0.0014539587203114537
1.4000000000000001,0.053846905818089236
1.4005,0.0760348917735694
1.401,0.061186336541906416
1.4015,0.031569960392862195
1.4020000000000001,0.010130402359494951
1.4025,0.00645025769406439
1.403,0.018735107091147528
1.4035,0.03815976029057433
1.4040000000000001,0.05088344995469072
1.4045,0.04424054892410609
1.405,0.018202761415060394
1.4055,-0.01062195137508255
1.4060000000000001,-0.02390116484268355
1.4065,-0.022142318639603142
1.407,-0.022921728220497352
1.4075,-0.03610222759234162
1.408,-0.050341533358245864
1.4085,-0.05106893594038418
1.409,-0.04358275058199458
1.4095,-0.04599926341767556
1.41,-0.06074642291487925
1.4105,-0.06591467972169432
1.411,-0.04152251283252183
1.4115,0.0013012532212488132
1.412,0.025251948511499443
1.4125,0.003597223902596784
1.413,-0.04983511192655026
1.4135,-0.0911924933294816
1.414,-0.08933447258695135
1.4145,-0.05641774804832274
1.415,-0.03335987879431789
1.4155,-0.04585666276091464
1.416,-0.07886678527354672
1.4165,-0.09584936489278459
1.417,-0.077191077270743
1.4175,-0.033065994029369765
1.418,0.017294171843606248
1.4185,0.06649252864654154
1.419,0.1143965231147378
1.4195,0.15192188836671547
1.42,0.16058090826301932
1.4205,0.1285360483581372
1.421,0.06163331768792092
1.4215,-0.01885221982625757
1.422,-0.08230348561474216
1.4225,-0.09832774672647268
1.423,-0.0575063537064151
1.4235,0.009817430170825833
1.424,0.04639715681198616
1.4245,0.014809311769397955
1.425,-0.06526159337864235
1.4255,-0.13291035868729234
1.426,-0.14320995868816502
1.4265,-0.10728535078379568
1.427,-0.07575130431099177
1.4275,-0.08573998286666357
1.428,-0.12548182946948355
1.4285,-0.14864123144705932
1.429,-0.12144898916241778
1.4295,-0.05647180909020292
1.43,-0.0009443877985783923
1.4305,0.008689779680058393
1.431,-0.01968469234816575
1.4315,-0.046383695341901024
1.432,-0.0432308328532182
1.4325,-0.0190318341710475
1.433,-0.0012949586642582455
1.4335,-0.0006324649777664957
1.434,-0.002437359630784679
1.4345,0.007949166764708387
1.435,0.02482332131555042
1.4355,0.035254012431015724
1.436,0.04449983076191895
1.4365,0.07270646143865758
1.437,0.12153297286426003
1.4375,0.1553499420602692
1.438,0.13029030524405805
1.4385000000000001,0.04448078878697126
1.439,-0.050328897245539406
1.4395,-0.09435577227149425
1.44,-0.07446084854077131
1.4405000000000001,-0.03007341562373162
1.441,-0.008112814478809696
1.4415,-0.01714660396213646
1.442,-0.025655578985075894
1.4425000000000001,-0.00135592098847938
1.443,0.04986636301007932
1.4435,0.08498101964554268
1.444,0.0660823253894999
1.4445000000000001,0.001354096096417146
1.445,-0.06101520215976945
1.4455,-0.08159163817095041
1.446,-0.06757506380655778
1.4465000000000001,-0.05886235404618341
1.447,-0.08091892592152163
1.4475,-0.11752911197362517
1.448,-0.12963277320670044
1.4485000000000001,-0.09592651535331395
1.449,-0.032658541732222116
1.4495,0.022853299946721292
1.45,0.0421500212154096
1.4505000000000001,0.019703192088192035
1.451,-0.03138004820899373
1.4515,-0.08728637314238062
1.452,-0.12215297916122564
1.4525000000000001,-0.12206683197835455
1.453,-0.09401776236700005
1.4535,-0.05625523855363232
1.454,-0.021648058568528913
1.4545000000000001,0.003587181836429927
1.455,0.010899242848094699
1.4555,-0.005901520190374139
1.456,-0.034755903622309334
1.4565000000000001,-0.04843489974778575
1.457,-0.032870642999889725
1.4575,-0.004732719538259681
1.458,0.008106640992315277
1.4585000000000001,-0.0017125979584398478
1.459,-0.01732087263304628
1.4595,-0.021395956039989734
1.46,-0.013604035978498696
1.4605000000000001,-0.004585236549898384
1.461,-0.0027609672616438867
1.4615,-0.011371991298360007
1.462,-0.029510595931525347
1.4625000000000001,-0.04716181365409593
1.463,-0.04425704139164331
1.4635,-0.007161872900395402
1.464,0.04854731007144898
1.4645000000000001,0.07889305006285127
1.465,0.04810543578182168
1.4655,-0.03078638464513189
1.466,-0.10035789368390917
1.4665000000000001,-0.11100542040167459
1.467,-0.06486974239909395
1.4675,-0.004850475451854531
1.468,0.03151690308448066
1.4685000000000001,0.039343617200253644
1.469,0.03476024089646916
1.4695,0.030529710900286545
1.47,0.027645935052586623
1.4705000000000001,0.022913481851340796
1.471,0.015984490727950947
1.4715,0.008237930501304953
1.472,-7.562509917976613e-05
1.4725,-0.008681324668783
1.473,-0.01686012061384708
1.4735,-0.027014987737982363
1.474,-0.04303724852122336
1.4745,-0.05969417951702522
1.475,-0.060284184480626314
1.4755,-0.03491750971420977
1.476,0.0008608633396699531
1.4765,0.015975459762453632
1.477,-0.0035918545103330738
1.4775,-0.037569765129542715
1.478,-0.05258584574344362
1.4785,-0.03895589443583949
1.479,-0.020404845389907132
1.4795,-0.02532951560474013
1.48,-0.05269947538684963
1.4805,-0.07187635585513112
1.481,-0.057751803042660615
1.4815,-0.022278509839815237
1.482,-0.005155053701934727
1.4825,-0.031268538369874414
1.483,-0.08161483222723331
1.4835,-0.1109444579361635
1.484,-0.09292201619285398
1.4845,-0.04289318829513802
1.485,0.004054329424524481
1.4855,0.029725641334814076
1.486,0.042270107476500327
1.4865,0.05545510401224766
1.487,0.06810482502365114
1.4875,0.06473947748632253
1.488,0.032365502019783984
1.4885,-0.02212872830423835
1.489,-0.06831685229908567
1.4895,-0.07118124961032425
1.49,-0.022821054344114352
1.4905,0.043630136909117476
1.491,0.07774441687362964
1.4915,0.05351663498551967
1.492,-0.011283503359646837
1.4925,-0.07459523622452041
1.493,-0.10645283483783297
1.4935,-0.10810096460956845
1.494,-0.10026531724677996
1.4945,-0.0974449434384808
1.495,-0.09653906429572283
1.4955,-0.0886149925557542
1.496,-0.07420070256903714
1.4965,-0.06151186901458038
1.497,-0.0537113317407735
1.4975,-0.04557085543606223
1.498,-0.03213690145769735
1.4985,-0.013512764799585311
1.499,0.009656887744843733
1.4995,0.03729140694358294
1.5,0.06283215008057964
1.5005,0.07247261187657428
1.5010000000000001,0.058057058842740115
1.5015,0.027288124775991393
1.502,-0.003769667834046514
1.5025,-0.024615363583224466
1.5030000000000001,-0.031587076723795925
1.5035,-0.020940108562609194
1.504,0.007288656131847444
1.5045,0.03696225519821972
1.5050000000000001,0.039937258428442465
1.5055,0.0027418952328777235
1.506,-0.05395626221300639
1.5065,-0.08936940125621237
1.5070000000000001,-0.07623148122823667
1.5075,-0.020017924471580358
1.508,0.04916671792473516
1.5085,0.09758044959681288
1.5090000000000001,0.10395317359695845
1.5095,0.06520811843726802
1.51,-0.005574047817682156
1.5105,-0.08504768776602054
1.5110000000000001,-0.14607508488423457
1.5115,-0.1647162977758273
1.512,-0.13088119650642327
1.5125,-0.06067572853772705
1.5130000000000001,0.0030817723502378127
1.5135,0.01556384299630348
1.514,-0.03127148118872136
1.5145,-0.09318697217837871
1.5150000000000001,-0.10628519868848547
1.5155,-0.043658504108953056
1.516,0.0580494223324857
1.5165,0.12835418499256815
1.5170000000000001,0.11942737535759984
1.5175,0.039033637188061375
1.518,-0.0613093519306344
1.5185,-0.125728814856876
1.5190000000000001,-0.12976697330132772
1.5195,-0.0905081284264935
1.52,-0.04772539305539785
1.5205,-0.031156772159436387
1.5210000000000001,-0.03937402833972283
1.5215,-0.04809136389957358
1.522,-0.0388179666679878
1.5225,-0.01682146346989861
1.5230000000000001,1.849160026910334e-05
1.5235,0.004545349621733301
1.524,0.006209140400604151
1.5245,0.015025015886182175
1.5250000000000001,0.026229711443002377
1.5255,0.024061575041476227
1.526,-0.0005393115366785529
1.5265,-0.0373879586021229
1.5270000000000001,-0.06359225035472203
1.5275,-0.06439089715419048
1.528,-0.04600301210296504
1.5285,-0.02522365522524124
1.5290000000000001,-0.009183571175206419
1.5295,0.009436253272569514
1.53,0.037360691584953386
1.5305,0.0652651468838531
1.5310000000000001,0.07122340295656597
1.5315,0.04205184593234237
1.532,-0.008883790283767574
1.5325,-0.04782320580359244
1.5330000000000001,-0.04727810727346627
1.5335,-0.0091374852292081
1.534,0.03575662237061351
1.5345,0.05027294229667988
1.5350000000000001,0.017507604260532397
1.5355,-0.0483114766162511
1.536,-0.11367605250951764
1.5365,-0.1506084239773938
1.537,-0.15406335955600597
1.5375,-0.13849712344601414
1.538,-0.12022035856506022
1.5385,-0.10337833406090911
1.539,-0.07967734420006059
1.5395,-0.0385111799081547
1.54,0.021075522355155623
1.5405,0.0833010615963724
1.541,0.1197538571116265
1.5415,0.10880436740215889
1.542,0.0582698671982708
1.5425,0.0037514843629614255
1.543,-0.02397706286686929
1.5435,-0.026175390146802452
1.544,-0.023975865368341766
1.5445,-0.027451534602203058
1.545,-0.02993628830260254
1.5455,-0.027929164226281722
1.546,-0.029844977852073996
1.5465,-0.04105727811761901
1.547,-0.05083477672326237
1.5475,-0.04187176398208442
1.548,-0.010767615687923934
1.5485,0.026028538208927397
1.549,0.04792469148672374
1.5495,0.048085457950823696
1.55,0.032374851923047086
1.5505,0.005319126965005828
1.551,-0.0322869470405341
1.5515,-0.06971400241780681
1.552,-0.08284762911486569
1.5525,-0.056652767359133556
1.553,-0.007351527661934518
1.5535,0.02926959068275683
1.554,0.03284608745556005
1.5545,0.014458947048941724
1.555,-0.0032456809273571363
1.5555,-0.015079473733568934
1.556,-0.0365943507315199
1.5565,-0.07714350089139006
1.557,-0.11511901896470446
1.5575,-0.11142573058841357
1.558,-0.05250102739818245
1.5585,0.028037037835171995
1.559,0.0768616448866417
1.5595,0.06634787190493431
1.56,0.011359643118201996
1.5605,-0.052934415744440064
1.561,-0.10503487890516801
1.5615,-0.1480829109914319
1.562,-0.18890496752796462
1.5625,-0.2138084660200503
1.563,-0.19498002160884625
1.5635000000000001,-0.12259409171146622
1.564,-0.023739708057779543
1.5645,0.05596701110522241
1.565,0.08903157467769657
1.5655000000000001,0.08292252697697845
1.566,0.06332262601567548
1.5665,0.04735000335693078
1.567,0.03620824085615957
1.5675000000000001,0.025866721864397306
1.568,0.013507509055215918
1.5685,-0.004756278220106929
1.569,-0.03063059612283838
1.5695000000000001,-0.05494477781087256
1.57,-0.06047172428497981
1.5705,-0.03764664138079274
1.571,0.007575985778368238
1.5715000000000001,0.0627875448760425
1.572,0.11725086654396354
1.5725,0.15594130756559332
1.573,0.15495087132248606
1.5735000000000001,0.09743457774346616
1.574,-0.0006547776100761234
1.5745,-0.08840980485817343
1.575,-0.11571350763709042
1.5755000000000001,-0.07589883453694764
1.576,-0.009873581416956028
1.5765,0.03163010299586133
1.577,0.025995528989504857
1.5775000000000001,-0.01560733147174122
1.578,-0.06655686398283503
1.5785,-0.10312679904297402
1.579,-0.11380729632194189
1.5795000000000001,-0.10147002684900616
1.58,-0.07751229674806401
1.5805,-0.05071680464344431
1.581,-0.022618258454783997
1.5815000000000001,0.0050728441516144146
1.582,0.02215001887851205
1.5825,0.014550919185113139
1.583,-0.02047037241492127
1.5835000000000001,-0.06698868151507482
1.584,-0.10225508774900968
1.5845,-0.11355015025943214
1.585,-0.0992378848395057
1.5855000000000001,-0.05955735040976124
1.586,0.0008388693435293776
1.5865,0.05939022962150347
1.587,0.07801872717126027
1.5875000000000001,0.034367101036032
1.588,-0.04616098867678558
1.5885,-0.1006831952769523
1.589,-0.08335008520474652
1.5895000000000001,-0.010357305966203762
1.59,0.05426569872653666
1.5905,0.05778146786075374
1.591,0.003537506049306148
1.5915000000000001,-0.05744278057049574
1.592,-0.0751511948277221
1.5925,-0.044376455443491454
1.593,-0.005202970982920728
1.5935000000000001,-0.00045676792798446473
1.594,-0.03202927760491154
1.5945,-0.06113133283856475
1.595,-0.051080690194745024
1.5955000000000001,-0.005362456012883661
1.596,0.036808082195953634
1.5965,0.03736041495399107
1.597,-0.0079557838961433
1.5975000000000001,-0.06600413488898084
1.598,-0.09297399309251567
1.5985,-0.0713119113565397
1.599,-0.024308372647087503
1.5995000000000001,0.008465904321295738
1.6,0.011562234603381953
1.6005,0.006868983589505004
1.601,0.025393279165876942
1.6015,0.06992378307585806
1.602,0.1104575225781829
1.6025,0.11456252379050662
1.603,0.07562834005694695
1.6035,0.011563206256604399
1.604,-0.05410294429966121
1.6045,-0.10256468746432326
1.605,-0.11910436715432865
1.6055,-0.09876738248302411
1.606,-0.05846861775150553
1.6065,-0.031011078958581455
1.607,-0.03447322328865058
1.6075,-0.051976538780722795
1.608,-0.05210544264612138
1.6085,-0.026463034764751335
1.609,0.002963974349179553
1.6095,0.012111869161665019
1.61,-6.609768478985176e-05
1.6105,-0.015764024200989067
1.611,-0.017864425095552777
1.6115,-0.0027782429422228676
1.612,0.016658516909481436
1.6125,0.016010278585558667
1.613,-0.024140961025596572
1.6135,-0.09541247465962485
1.614,-0.1560561160639369
1.6145,-0.1592705762108678
1.615,-0.09670058445835433
1.6155,-0.011846217871296378
1.616,0.0380435532975898
1.6165,0.03393948143027195
1.617,0.00401716317807156
1.6175,-0.014874547840298916
1.618,-0.014066453243072801
1.6185,-0.011591097833489996
1.619,-0.024768916702132666
1.6195,-0.049794685258278786
1.62,-0.06449762720137618
1.6205,-0.048629811006073366
1.621,-0.0048316968270884445
1.6215,0.0386968368581968
1.622,0.050520356178370376
1.6225,0.025394223874145333
1.623,-0.008987341504093319
1.6235,-0.017514862388822428
1.624,0.009022507912895706
1.6245,0.046216604425216364
1.625,0.059358849757866136
1.6255,0.03201702934341727
1.6260000000000001,-0.024343672077966103
1.6265,-0.07965223792580357
1.627,-0.1015567489848821
1.6275,-0.07220010790215156
1.6280000000000001,-0.000911930379739528
1.6285,0.07639422807164986
1.629,0.11759700622709258
1.6295,0.10429862074660055
1.6300000000000001,0.05513099860657363
1.6305,0.007318210567461448
1.631,-0.014576000648400256
1.6315,-0.012217324053651531
1.6320000000000001,-0.005835011728305623
1.6325,-0.02086700981091292
1.633,-0.07217646319954199
1.6335,-0.1456097216998302
1.6340000000000001,-0.1962553203709161
1.6345,-0.17943719266432698
1.635,-0.09188653739247511
1.6355,0.019234772039563062
1.6360000000000001,0.09183089825345057
1.6365,0.09767246697554713
1.637,0.06077463957835622
1.6375,0.02858960500588866
1.6380000000000001,0.02396003100023366
1.6385,0.027162370231994866
1.639,0.005485892325766637
1.6395,-0.0467001630666907
1.6400000000000001,-0.10310273840999414
1.6405,-0.1342709756966304
1.641,-0.1311831890099979
1.6415,-0.1025837342913296
1.6420000000000001,-0.06294286531264565
1.6425,-0.03076033804032582
1.643,-0.027755948933335335
1.6435,-0.062057124340470234
1.6440000000000001,-0.11042395283328903
1.6445,-0.13149663640521056
1.645,-0.10535048001593222
1.6455,-0.053706804739375766
1.6460000000000001,-0.015014588142236163
1.6465,-0.006019868296783396
1.647,-0.015373362227521505
1.6475,-0.027117657675048534
1.6480000000000001,-0.035196359278422726
1.6485,-0.03487458162132911
1.649,-0.01528664385798881
1.6495,0.03025812644195368
1.6500000000000001,0.09056013437977041
1.6505,0.1384384123634943
1.651,0.1483331885968559
1.6515,0.11491075225984282
1.6520000000000001,0.056698817680171876
1.6525,0.0012559039086492488
1.653,-0.033115899227710105
1.6535,-0.042142587797493684
1.6540000000000001,-0.02957493805557282
1.6545,-0.004618964301641111
1.655,0.01735916302789549
1.6555,0.02282736153032068
1.6560000000000001,0.013345735965389089
1.6565,0.004649843149457577
1.657,0.007560249782336578
1.6575,0.013214834864438415
1.6580000000000001,0.001977849752553746
1.6585,-0.03415180878616393
1.659,-0.08074085165288684
1.6595,-0.11076026630188604
1.6600000000000001,-0.10376942371627387
1.6605,-0.06034819308086774
1.661,-0.003993167845526819
1.6615,0.032002402646882824
1.6620000000000001,0.02760988615220277
1.6625,-0.006786959692046202
1.663,-0.03772507205572957
1.6635,-0.04014571968910381
1.6640000000000001,-0.022832021457141975
1.6645,-0.016565117967832665
1.665,-0.03623630696168979
1.6655,-0.06294347438097572
1.666,-0.06734414548552645
1.6665,-0.043090487860401865
1.667,-0.010845593050270884
1.6675,0.0062984619681184136
1.668,0.004985139082332414
1.6685,0.00034300760255751104
1.669,0.007235180930056221
1.6695,0.025117282132636268
1.67,0.04115608762597999
1.6705,0.04476474843999593
1.671,0.03450531419079661
1.6715,0.012232215202379942
1.672,-0.02196109029189418
1.6725,-0.06514111652447936
1.673,-0.1052352878968698
1.6735,-0.12373738396271285
1.674,-0.10741933430777993
1.6745,-0.059801002003119996
1.675,-0.002086205258941887
1.6755,0.038760194546063574
1.676,0.045623942099479044
1.6765,0.018961750024680583
1.677,-0.025748799744227308
1.6775,-0.06660000317105123
1.678,-0.0871079189705523
1.6785,-0.0859717540762368
1.679,-0.07434212800558956
1.6795,-0.061126036588061435
1.68,-0.044944860313894525
1.6805,-0.023329608053672152
1.681,-0.002702276329769171
1.6815,0.007501991717823171
1.682,0.005542159487656901
1.6825,-0.004413740052694614
1.683,-0.01997245596171043
1.6835,-0.03870940596235653
1.684,-0.051299970194630576
1.6845,-0.04488836923092737
1.685,-0.017123969499592624
1.6855,0.015126794980377825
1.686,0.026842737775906744
1.6865,0.01071964545025138
1.687,-0.009497016320414556
1.6875,0.00013477375673841448
1.688,0.0464947401633133
1.6885000000000001,0.09705215887381857
1.689,0.10677856637295567
1.6895,0.05792749556578356
1.69,-0.022659153556653412
1.6905000000000001,-0.08288687380525515
1.691,-0.08605204403913504
1.6915,-0.03880293349159896
1.692,0.01846026968394291
1.6925000000000001,0.04864367408296168
1.693,0.044177261336361816
1.6935,0.0188635662700155
1.694,-0.014706063262417517
1.6945000000000001,-0.05055620998269434
1.695,-0.0806540827126681
1.6955,-0.09612140984598885
1.696,-0.09805571395088546
1.6965000000000001,-0.09688916532181124
1.697,-0.09758436210166413
1.6975,-0.091119095175813
1.698,-0.06507090225060923
1.6985000000000001,-0.02244150227035842
1.699,0.013115629360220009
1.6995,0.01591339684593446
1.7,-0.014739780728555515
1.7005000000000001,-0.04804269881255812
1.701,-0.0457019289996387
1.7015,0.0052423198623592305
1.702,0.08017008296252263
1.7025000000000001,0.13431857098159833
1.703,0.13508429346690268
1.7035,0.0854347079896793
1.704,0.021704773552130307
1.7045000000000001,-0.014075254727518298
1.705,-0.006851313680059059
1.7055,0.022183078499616246
1.706,0.03798080469332094
1.7065000000000001,0.022933178009671012
1.707,-0.011799968035213663
1.7075,-0.04123537257712825
1.708,-0.05092620207792229
1.7085000000000001,-0.04877110920456305
1.709,-0.05374412467212297
1.7095,-0.07183340711306285
1.71,-0.08545663596556594
1.7105000000000001,-0.0720710766207257
1.711,-0.03327792209786516
1.7115,0.0010411456046032358
1.712,0.0013529598955349196
1.7125000000000001,-0.030959261495004713
1.713,-0.06397688243346723
1.7135,-0.06662485168938664
1.714,-0.040088128866759276
1.7145000000000001,-0.016725203979827494
1.715,-0.02544513172974629
1.7155,-0.06034472902935107
1.716,-0.08848797898519027
1.7165000000000001,-0.08657534109788215
1.717,-0.06201700468953418
1.7175,-0.03755354020092512
1.718,-0.02462289603145721
1.7185000000000001,-0.01642256372371391
1.719,-0.0006112204178843695
1.7195,0.026052126616092786
1.72,0.05225978346101757
1.7205000000000001,0.06031178732951531
1.721,0.044580004443108
1.7215,0.02141909497442524
1.722,0.013595056820280508
1.7225000000000001,0.023353902872190996
1.723,0.027718599825373363
1.7235,0.0038665363203297023
1.724,-0.045225702327319796
1.7245000000000001,-0.09268839065665145
1.725,-0.11178892617663666
1.7255,-0.09758947089106654
1.726,-0.06916956501555477
1.7265000000000001,-0.05180510614708931
1.727,-0.0539167329686358
1.7275,-0.060310204136330134
1.728,-0.04934945732149017
1.7285,-0.01625206302238634
1.729,0.021832732107052274
1.7295,0.04187145915702058
1.73,0.03346069609584233
1.7305,0.003885185866582071
1.731,-0.028562944454652295
1.7315,-0.04361078461926417
1.732,-0.028674787524539905
1.7325,0.010231032499398225
1.733,0.04761507781417802
1.7335,0.057554255932304746
1.734,0.036165737186945233
1.7345,0.001303559171024705
1.735,-0.026016257465043498
1.7355,-0.03179982967787048
1.736,-0.0076695835794826864
1.7365,0.04276383653788825
1.737,0.09300482429222937
1.7375,0.10577971543642599
1.738,0.0688842580180097
1.7385,0.014644126594197384
1.739,-0.006028356667901849
1.7395,0.027441703378895975
1.74,0.08292360881909515
1.7405,0.10352697582123879
1.741,0.059799636383560846
1.7415,-0.023544313706260322
1.742,-0.09011790697038158
1.7425,-0.10039391598375301
1.743,-0.061915198788198816
1.7435,-0.016760977667101287
1.744,-0.0020188626175246995
1.7445,-0.02244734190189164
1.745,-0.05767054266329165
1.7455,-0.08840874988842308
1.746,-0.11093448485370885
1.7465,-0.1293979912074149
1.747,-0.14203472101536416
1.7475,-0.13913637642150267
1.748,-0.11275783537553402
1.7485,-0.06610984649623405
1.749,-0.01423124374296815
1.7495,0.02442680595114638
1.75,0.04042080598886821
1.7505,0.0391916779213495
1.7510000000000001,0.031594202358694465
1.7515,0.017883690579288083
1.752,-0.012682431957255467
1.7525,-0.061996567572357344
1.7530000000000001,-0.10728789313424521
1.7535,-0.11228325145977268
1.754,-0.058890171067473046
1.7545,0.02960249322051784
1.7550000000000001,0.09927942159657249
1.7555,0.10646853130355698
1.756,0.05165046245635125
1.7565,-0.026422545576488037
1.7570000000000001,-0.0846686330021106
1.7575,-0.09996900861430544
1.758,-0.07132329187526873
1.7585,-0.016149315256852207
1.7590000000000001,0.03271803924145421
1.7595,0.0403688176706984
1.76,-0.005712991433610623
1.7605,-0.07968428549178869
1.7610000000000001,-0.13015142786085465
1.7615,-0.11923552022181735
1.762,-0.05668878396326428
1.7625,0.006383449038266676
1.7630000000000001,0.0231446767235606
1.7635,-0.008353677743977952
1.764,-0.04921743568754673
1.7645,-0.05881020840356992
1.7650000000000001,-0.027510250965928927
1.7655,0.02219807595213425
1.766,0.05976236943208135
1.7665,0.07269779627136522
1.7670000000000001,0.07278942386979399
1.7675,0.0778750676837663
1.768,0.08922228542248438
1.7685,0.08935491596015788
1.7690000000000001,0.06262539749849746
1.7695,0.016121784928455993
1.77,-0.022798991499019844
1.7705,-0.03127101813704925
1.7710000000000001,-0.010771296228772332
1.7715,0.018612001622096128
1.772,0.037902330927285136
1.7725,0.04000889998564461
1.7730000000000001,0.02867494145524095
1.7735,0.014891507576660057
1.774,0.010475351938147958
1.7745,0.016148895907696272
1.7750000000000001,0.01544249665433398
1.7755,-0.011824910598251418
1.776,-0.06516270572348662
1.7765,-0.11638866908869593
1.7770000000000001,-0.13307449724874545
1.7775,-0.10809372794164834
1.778,-0.06125110723142421
1.7785,-0.015318902192561282
1.7790000000000001,0.01952510405106656
1.7795,0.03830576520492787
1.78,0.03301894271659672
1.7805,0.0018188967518363089
1.7810000000000001,-0.03860860723474593
1.7815,-0.05957332765940163
1.782,-0.04323629894586895
1.7825,-9.122914084764514e-05
1.7830000000000001,0.03469037790055836
1.7835,0.025694152033439315
1.784,-0.03252721844345822
1.7845,-0.10482181561743074
1.7850000000000001,-0.1403804420394128
1.7855,-0.1157384714341456
1.786,-0.05489927960869393
1.7865,-0.00528377222875135
1.7870000000000001,0.006620374437416398
1.7875,-0.005087889843233521
1.788,-0.008485916203395482
1.7885,0.009160722360838095
1.7890000000000001,0.030511706462911313
1.7895,0.030686807514652366
1.79,0.004491311263107959
1.7905,-0.029862910966089576
1.7910000000000001,-0.04959065668695391
1.7915,-0.04651602579514498
1.792,-0.030168267675765716
1.7925,-0.01632071721870411
1.793,-0.012225409999341914
1.7935,-0.01051118889625562
1.794,0.0011841308133443904
1.7945,0.02237935686543727
1.795,0.03481597863021382
1.7955,0.02057065379267158
1.796,-0.015604032013625754
1.7965,-0.04713214350180932
1.797,-0.05053468877400504
1.7975,-0.026607183427498307
1.798,0.004114711400901257
1.7985,0.022448642191262275
1.799,0.02385110764017926
1.7995,0.014851566861386322
1.8,0.002979743686004574
1.8005,-0.008124562491383517
1.801,-0.01694151648187888
1.8015,-0.022109644097915694
1.802,-0.025313412263260737
1.8025,-0.03403416594883836
1.803,-0.05471304580757848
1.8035,-0.07974265928632426
1.804,-0.0862045961550413
1.8045,-0.055192670718780916
1.805,0.005936098773058512
1.8055,0.0643896164693259
1.806,0.08683502812323726
1.8065,0.06337107598110094
1.807,0.01114179659907014
1.8075,-0.03997890409336323
1.808,-0.06687046516054146
1.8085,-0.06551520121484887
1.809,-0.04827514726457202
1.8095,-0.029532282515519738
1.81,-0.014232933180221608
1.8105,0.00032637776006567455
1.811,0.01507598480502984
1.8115,0.025500769368070254
1.812,0.027984438105069356
1.8125,0.026675584992433977
1.813,0.030199039551400762
1.8135000000000001,0.04095565344768572
1.814,0.05063320015865676
1.8145,0.04828377175541934
1.815,0.03094420083279984
1.8155000000000001,0.004293223730524524
1.816,-0.024475322444564192
1.8165,-0.04995530654088192
1.817,-0.06601097641631117
1.8175000000000001,-0.06641878779629655
1.818,-0.05078408205571565
1.8185,-0.026865180507610546
1.819,-0.005406878205162245
1.8195000000000001,0.0061851159484915055
1.82,0.006357574993488476
1.8205,-0.0005835340304685896
1.821,-0.005607983666151277
1.8215000000000001,0.0006927536971135673
1.822,0.020198617162471694
1.8225,0.043116422847387995
1.823,0.05568044836921932
1.8235000000000001,0.05344777681424673
1.824,0.042773416587805126
1.8245,0.02743038841557608
1.825,0.001213237897138553
1.8255000000000001,-0.038982061589349165
1.826,-0.07873236206481207
1.8265,-0.09686505096773367
1.827,-0.09050947113214958
1.8275000000000001,-0.0784413128016474
1.828,-0.07672648049440285
1.8285,-0.08019976105382295
1.829,-0.07394973754053365
1.8295000000000001,-0.05772223731464323
1.83,-0.04917581305913023
1.8305,-0.059499737114635694
1.831,-0.0741467482848379
1.8315000000000001,-0.06963893562672284
1.832,-0.04738219804300692
1.8325,-0.03433515022980625
1.833,-0.04339942700011099
1.8335000000000001,-0.04866859911747729
1.834,-0.015438371840266111
1.8345,0.0526376682848379
1.835,0.11276919859990153
1.8355000000000001,0.12782919201703627
1.836,0.09716021743338207
1.8365,0.04232726051289538
1.837,-0.019208803297118493
1.8375000000000001,-0.07493040234559536
1.838,-0.1038703853911031
1.8385,-0.08242239915237168
1.839,-0.011330664598354596
1.8395000000000001,0.07059189412735582
1.84,0.11263642472669913
1.8405,0.09781563975296412
1.841,0.057602724946414025
1.8415000000000001,0.036412469980352406
1.842,0.04462975883623428
1.8425,0.05250746359658894
1.843,0.03059088339206985
1.8435000000000001,-0.010193062007478618
1.844,-0.02760889161323485
1.8445,-0.001356735182911118
1.845,0.031359637239199045
1.8455000000000001,0.009039452642952006
1.846,-0.08131126275156161
1.8465,-0.1759562544348925
1.847,-0.1893849776754918
1.8475000000000001,-0.09708656318881138
1.848,0.039480192759736285
1.8485,0.12757008000727008
1.849,0.11935804006717335
1.8495000000000001,0.03987822222780134
1.85,-0.04714612416863519
1.8505,-0.09326992349951264
1.851,-0.09146180183914701
1.8515000000000001,-0.06357492232801212
1.852,-0.03319415420274353
1.8525,-0.010556210018583855
1.853,0.004954582614561875
1.8535000000000001,0.016068189402429406
1.854,0.023377721269838204
1.8545,0.026510168903447602
1.855,0.024611524235878163
1.8555000000000001,0.01309268385461958
1.856,-0.015814228931588493
1.8565,-0.061209739702539664
1.857,-0.10217963251386382
1.8575,-0.10864717923057153
1.858,-0.07139191824076077
1.8585,-0.01825022585475985
1.859,0.00789110615486684
1.8595,-0.006869204801094074
1.86,-0.027519822254497422
1.8605,-0.00499798519099784
1.861,0.06320325578274685
1.8615,0.11859005850744345
1.862,0.1012179854631695
1.8625,0.017869539156203325
1.863,-0.06317488325400931
1.8635,-0.0825316020508706
1.864,-0.04194168454256501
1.8645,0.01059466805619681
1.865,0.030951382731372046
1.8655,0.01042407487024194
1.866,-0.027870828634919274
1.8665,-0.05174704626321484
1.867,-0.04188647510881026
1.8675,-0.0009135622891258167
1.868,0.05231679008304217
1.8685,0.09447516576497964
1.869,0.10558700231750817
1.8695,0.0742846113841965
1.87,0.006268206834883551
1.8705,-0.07114407536488267
1.871,-0.1215748254324784
1.8715,-0.12518906968496296
1.872,-0.09429712162644363
1.8725,-0.05982556601325673
1.873,-0.037929888450570895
1.8735,-0.014000857771784343
1.874,0.032743433532154406
1.8745,0.09271514638027432
1.875,0.12571742940557729
1.8755,0.10014240254915044
1.8760000000000001,0.02640414771735322
1.8765,-0.05085879448845405
1.877,-0.08999155336548322
1.8775,-0.081121198178913
1.8780000000000001,-0.0453268946612914
1.8785,-0.014099652348815838
1.879,-0.00928698509885887
1.8795,-0.03173269738621125
1.8800000000000001,-0.05940851443703171
1.8805,-0.060973558602635605
1.881,-0.023686311773324788
1.8815,0.029335348518208678
1.8820000000000001,0.058127065635212534
1.8825,0.04611931090398345
1.883,0.01603204684202797
1.8835,0.002977525976175434
1.8840000000000001,0.016793812618569062
1.8845,0.03468955950421432
1.885,0.028306063335363795
1.8855,-0.006627365449046077
1.8860000000000001,-0.04884321810233889
1.8865,-0.07526554338363989
1.887,-0.07965857043637094
1.8875,-0.06889853247192468
1.8880000000000001,-0.05124587410214404
1.8885,-0.03420059422385608
1.889,-0.02598371452383083
1.8895,-0.02804793705098456
1.8900000000000001,-0.02694679759019123
1.8905,-0.003178511353021527
1.891,0.04801352494642512
1.8915,0.10761382809022252
1.8920000000000001,0.14526559230104405
1.8925,0.14015977289593376
1.893,0.0930431312198087
1.8935,0.021633529448455435
1.8940000000000001,-0.05397278441793892
1.8945,-0.12001793132325769
1.895,-0.16568209139834772
1.8955,-0.17979220990096306
1.8960000000000001,-0.157318607607217
1.8965,-0.1056868611101595
1.897,-0.04101160069625954
1.8975,0.01743311599020579
1.8980000000000001,0.04953630554846459
1.8985,0.04501884993522667
1.899,0.019653808706943793
1.8995,0.00923265682682611
1.9000000000000001,0.03400510366887351
1.9005,0.07186454449193388
1.901,0.07754382214317102
1.9015,0.03147892022109748
1.9020000000000001,-0.03560650293501876
1.9025,-0.07001908277843583
1.903,-0.04429034058363885
1.9035,0.0220250608044837
1.9040000000000001,0.08500610900623284
1.9045,0.11323140859709963
1.905,0.10312033339702661
1.9055,0.06812141582619763
1.9060000000000001,0.024764227814888816
1.9065,-0.010280223847322655
1.907,-0.022257045863186067
1.9075,-0.008044487451128825
1.9080000000000001,0.017794372129049447
1.9085,0.032711469460035655
1.909,0.024144624331218296
1.9095,-0.0015975378571410036
1.9100000000000001,-0.025992774132563554
1.9105,-0.03257342398008464
1.911,-0.018355616140008885
1.9115,0.0032006353853998738
1.9120000000000001,0.010226020688189301
1.9125,-0.01118224668531963
1.913,-0.05482861179517004
1.9135,-0.09941354554204407
1.9140000000000001,-0.12616081001008128
1.9145,-0.13015550199363038
1.915,-0.1154074245230272
1.9155,-0.084265227425877
1.9160000000000001,-0.037823161548974894
1.9165,0.012523706850833963
1.917,0.04128052962909146
1.9175,0.025990259712414483
1.9180000000000001,-0.02903170578670122
1.9185,-0.08986182035422377
1.919,-0.11719135088976239
1.9195,-0.09417546133584352
1.92,-0.03331841221516099
1.9205,0.03745822591101457
1.921,0.09222573957410754
1.9215,0.11642015783583694
1.922,0.1085355369517611
1.9225,0.07639034321829992
1.923,0.029766895495150665
1.9235,-0.0231385826888639
1.924,-0.06970423491994233
1.9245,-0.08792869581085913
1.925,-0.05907453778316546
1.9255,0.008438390925847042
1.926,0.0733045936124761
1.9265,0.08960973538693226
1.927,0.0466380793019077
1.9275,-0.019167422740705414
1.928,-0.05371498258331801
1.9285,-0.029664701198539253
1.929,0.033231758813501336
1.9295,0.08705621125990846
1.93,0.09601838865697757
1.9305,0.06441969566683457
1.931,0.028585999170663012
1.9315,0.01977913872362631
1.932,0.034438093932099054
1.9325,0.042122062071822806
1.933,0.019584962488502895
1.9335,-0.027997320013066138
1.934,-0.07711342457090557
1.9345,-0.10888554601346731
1.935,-0.11880048571590243
1.9355,-0.11039725688158906
1.936,-0.08950998101983992
1.9365,-0.06624380398190653
1.937,-0.05243871130150017
1.9375,-0.04752627589569621
1.938,-0.029638563269292033
1.9385000000000001,0.027557902650906484
1.939,0.12130460019130307
1.9395,0.20619390736300397
1.94,0.22375969736900417
1.9405000000000001,0.15153030944129722
1.941,0.022527103201227954
1.9415,-0.10220222718567352
1.942,-0.1756673341068815
1.9425000000000001,-0.1846919058739083
1.943,-0.14470913336112112
1.9435,-0.08481013169858985
1.944,-0.031059689791389927
1.9445000000000001,0.005453891600950139
1.945,0.027085803484426043
1.9455,0.0382529403275306
1.946,0.04002899681073558
1.9465000000000001,0.03543619686509297
1.947,0.0310945735135005
1.9475,0.02770091805446418
1.948,0.016111413937084623
1.9485000000000001,-0.007882584791042608
1.949,-0.02912945180979314
1.9495,-0.024344083463167143
1.95,0.009647338621145146
1.9505000000000001,0.044436724855886595
1.951,0.043444765990229256
1.9515,0.00060183545594443
1.952,-0.047399468790933465
1.9525000000000001,-0.05529557546766341
1.953,-0.017080209044246765
1.9535,0.02776862982072604
1.954,0.03893977918216567
1.9545000000000001,0.017977802356801048
1.955,-0.0008404464646371203
1.9555,0.0042709572905616925
1.956,0.019644620068290933
1.9565000000000001,0.019787349451973715
1.957,0.0005850031973901647
1.9575,-0.021092234540756226
1.958,-0.033747926851404646
1.9585000000000001,-0.043090173554379226
1.959,-0.05568871621578587
1.9595,-0.06266630810589832
1.96,-0.04918220568641842
1.9605000000000001,-0.016975691295853773
1.961,0.012502849636240532
1.9615,0.022308865973857527
1.962,0.021589061141132765
1.9625000000000001,0.033722664984341504
1.963,0.06366918257334886
1.9635,0.08814494893571764
1.964,0.08330747199625817
1.9645000000000001,0.05342763523533418
1.965,0.02330482665251425
1.9655,0.007099736014580619
1.966,-0.004388928412124443
1.9665000000000001,-0.025039945006265853
1.967,-0.05249684698376901
1.9675,-0.07114795380521348
1.968,-0.06845637032578833
1.9685000000000001,-0.041886799786226954
1.969,0.0026099726781131094
1.9695,0.047911966382459044
1.97,0.06552808444699221
1.9705000000000001,0.03303008270608396
1.971,-0.04154898424379623
1.9715,-0.11854296444948038
1.972,-0.15550174477837508
1.9725000000000001,-0.13685619946466535
1.973,-0.07758063447663217
1.9735,-0.00769025565986648
1.974,0.042054949846968344
1.9745000000000001,0.051563835074155
1.975,0.025602099912074305
1.9755,-0.003662577335913946
1.976,-0.0019741031332724877
1.9765000000000001,0.0331233247104699
1.977,0.06783766406960064
1.9775,0.06275333444488086
1.978,0.006794359401979623
1.9785000000000001,-0.07330973677280733
1.979,-0.13037868639288575
1.9795,-0.12826527975797275
1.98,-0.06798947301507782
1.9805000000000001,0.011468088200950615
1.981,0.06069206733387473
1.9815,0.05495847299995508
1.982,0.01040557516873074
1.9825000000000002,-0.03025007326768197
1.983,-0.030177887208444405
1.9835,0.01810801960874728
1.984,0.09288341529936622
1.9845,0.15686241954580174
1.985,0.17466796359635514
1.9855,0.13632131270341916
1.986,0.07323027710767066
1.9865,0.037887767967375356
1.987,0.054027244418940204
1.9875,0.09111321096871816
1.988,0.09730456687052201
1.9885,0.05530815441511946
1.989,-0.0014262589637564459
1.9895,-0.026385726744034395
1.99,-0.00625401308861831
1.9905,0.031698589255551045
1.991,0.049886181232762485
1.9915,0.030613080071333818
1.992,-0.018736555469212934
1.9925,-0.07754794406882083
1.993,-0.12352568273450605
1.9935,-0.14075436995368987
1.994,-0.1286760889488696
1.9945,-0.10562000685327004
1.995,-0.09497143076076127
1.9955,-0.10238240256336582
1.996,-0.11144594846900811
1.9965,-0.10532062842008828
1.997,-0.08652235486154665
1.9975,-0.06985254934131115
1.998,-0.06012355220232532
1.9985,-0.04524113150874564
1.999,-0.014143020149154317
1.9995,0.02345833725257678
2.0,0.2424905083920911
2.0005,0.1796493322863509
2.001,0.05048491611916709
2.0015,0.01577530549982782
2.0020000000000002,0.13056964935947166
2.0025,0.2962103111554678
2.003,0.3632603021825251
2.0035,0.2738283885310022
2.004,0.12469326552531822
2.0045,0.08253451616087096
2.005,0.20164284633802246
2.0055,0.34076154031236594
2.0060000000000002,0.308930314597251
2.0065,0.09099686112217485
2.007,-0.11464370447887168
2.0075,-0.09783626563560667
2.008,0.14255293065337987
2.0085,0.3927236610068996
2.009,0.4300425189602541
2.0095,0.22085529388818756
2.0100000000000002,-0.08570342426100633
2.0105,-0.33166826852378417
2.011,-0.47009978803200053
2.0115,-0.5014783462528815
2.012,-0.3680976071894318
2.0125,-0.012834004762734342
2.013,0.4555629599186107
2.0135,0.7565611216392439
2.0140000000000002,0.6733147056287443
2.0145,0.27696744947937346
2.015,-0.1290623888369757
2.0155,-0.28956017220921726
2.016,-0.20150509080624157
2.0165,-0.052154354360634717
2.017,-0.0018411006970169821
2.0175,-0.0545771686511804
2.0180000000000002,-0.11141591526813045
2.0185,-0.09272939733221998
2.019,0.009993650240278571
2.0195,0.15852710824893898
2.02,0.292793672163529
2.0205,0.33990890633668724
2.021,0.25197250141956135
2.0215,0.062191232728239995
2.0220000000000002,-0.1166006420537113
2.0225,-0.17302868638502153
2.023,-0.0856512685407227
2.0235,0.06002150036774363
2.024,0.1407463387728665
2.0245,0.09433401209394277
2.025,-0.04246544280958438
2.0255,-0.1894873956378405
2.0260000000000002,-0.2981088335276181
2.0265,-0.3594442054904707
2.027,-0.3617195684655515
2.0275,-0.28249209742144515
2.028,-0.14548229384958702
2.0285,-0.06483857738601828
2.029,-0.17852947594829113
2.0295,-0.4902426447423859
2.0300000000000002,-0.7859050279519059
2.0305,-0.7684944743400399
2.031,-0.32559558157181734
2.0315,0.34050500453817456
2.032,0.8687811618385324
2.0325,1.01974013950718
2.033,0.8087142669916972
2.0335,0.42365076741548163
2.0340000000000003,0.06586773798041172
2.0345,-0.15798548925093292
2.035,-0.26100429124944124
2.0355,-0.3211462868749532
2.036,-0.3775605324860109
2.0365,-0.37653274559002925
2.037,-0.25223785106660235
2.0375,-0.06027356182830646
2.0380000000000003,0.03674316004075856
2.0385,-0.0364362113875113
2.039,-0.13998802871624644
2.0395,-0.062215706298451856
2.04,0.2210582859672573
2.0405,0.4949040466158611
2.041,0.5240318251553943
2.0415,0.2871700571706165
2.0420000000000003,-0.008493421098190256
2.0425,-0.11796858131444628
2.043,0.03043333207590684
2.0435,0.2833836681899518
2.044,0.4196522561726857
2.0445,0.36657748577237764
2.045,0.24054630810113542
2.0455,0.17100194531981824
2.0460000000000003,0.13725339917618326
2.0465,0.01940551587746713
2.047,-0.21929394455871598
2.0475,-0.4491837975416064
2.048,-0.47957054906744
2.0485,-0.236363334399567
2.049,0.15305460331184342
2.0495,0.43441470341892574
2.05,0.4106850283517591
2.0505,0.10727759839650916
2.051,-0.23593976760635446
2.0515,-0.37826263923549913
2.052,-0.29205928920421725
2.0525,-0.13604555287755507
2.053,-0.03887640827555282
2.0535,0.025385338010725962
2.054,0.13957863592361747
2.0545,0.28598154985144003
2.055,0.33555926307563366
2.0555,0.18493374245709748
2.056,-0.12264518412551069
2.0565,-0.4159258802385115
2.057,-0.5273259637551252
2.0575,-0.4146700215058036
2.058,-0.1743446069032177
2.0585,0.04767777414830166
2.059,0.154859435618262
2.0595,0.13167906687569156
2.06,0.014521114683620107
2.0605,-0.1443833541547751
2.061,-0.29024410863698763
2.0615,-0.365776007922724
2.062,-0.32555635478016176
2.0625,-0.17629375866930458
2.063,2.761973020185514e-05
2.0635,0.10526373474723995
2.064,0.13481589202185357
2.0645000000000002,0.18746595531278826
2.065,0.3099922834018081
2.0655,0.36885651315566187
2.066,0.1824823092178129
2.0665,-0.20024742517037913
2.067,-0.46347485516032344
2.0675,-0.3458991642237014
2.068,0.05552757045454059
2.0685000000000002,0.3841905933952976
2.069,0.4053437915450815
2.0695,0.21575942326228764
2.07,0.0775002299427793
2.0705,0.1281323124268432
2.071,0.29221910328816675
2.0715,0.4127442776031862
2.072,0.40326553537109017
2.0725000000000002,0.2916449938333869
2.073,0.16755214627215514
2.0735,0.09465474111228751
2.074,0.05731360732606305
2.0745,-0.003866378845969338
2.075,-0.10137148117106996
2.0755,-0.1689195504482467
2.076,-0.14196536452918965
2.0765000000000002,-0.056260064854646116
2.077,-0.03432842787101549
2.0775,-0.16586955264483863
2.078,-0.413817883060997
2.0785,-0.634164647508496
2.079,-0.6739726148944115
2.0795,-0.46717054616837533
2.08,-0.07799283037715102
2.0805000000000002,0.326258386403802
2.081,0.5602553345039242
2.0815,0.5161905203291486
2.082,0.22045380259546957
2.0825,-0.17085118488269513
2.083,-0.4395781996622807
2.0835,-0.41775719930560157
2.084,-0.09017088835161838
2.0845000000000002,0.3824781252552098
2.085,0.7506541009755501
2.0855,0.8276962564775943
2.086,0.60260564314678
2.0865,0.2277469042064621
2.087,-0.1094422439853662
2.0875,-0.32300464249846084
2.088,-0.45636343685357456
2.0885000000000002,-0.5851507940659914
2.089,-0.7035903788209754
2.0895,-0.7230526594784
2.09,-0.5802142625160452
2.0905,-0.3105809400884824
2.091,0.002477802593631587
2.0915,0.29977409629796814
2.092,0.5176754762780419
2.0925000000000002,0.5452485166091853
2.093,0.32203709068913394
2.0935,-0.009623107342260177
2.094,-0.15784425714744763
2.0945,0.031517802458446736
2.095,0.3762435155660857
2.0955,0.51682547142624
2.096,0.2773124067615142
2.0965000000000003,-0.16500632467517692
2.097,-0.4616801016769612
2.0975,-0.4126514898436259
2.098,-0.11285130189348033
2.0985,0.17328842202723535
2.099,0.2577695579198303
2.0995,0.1676903474742509
2.1,0.06565644639769617
2.1005000000000003,0.04890855791610427
2.101,0.05412558992533144
2.1015,-0.02102070002227562
2.102,-0.15114486100542726
2.1025,-0.21342836557591482
2.103,-0.16334417175164598
2.1035,-0.07997211232959474
2.104,-0.025526617823047278
2.1045000000000003,0.03411566074153077
2.105,0.12991045332136725
2.1055,0.20998355590572373
2.106,0.22129694736043673
2.1065,0.19219733611878032
2.107,0.16456498956029017
2.1075,0.10946747720541243
2.108,-0.006425240393877352
2.1085000000000003,-0.1130156669908878
2.109,-0.09111935162022222
2.1095,0.06421928303325634
2.11,0.2067829803053138
2.1105,0.18768455629221809
2.111,0.0029042130959537546
2.1115,-0.21588867281062377
2.112,-0.3173514855973482
2.1125,-0.22678441844171923
2.113,0.014817139104974847
2.1135,0.26043964196470415
2.114,0.34615928067852286
2.1145,0.23348231321574325
2.115,0.05177885794178351
2.1155,-0.04226577022246383
2.116,-0.032345262773343986
2.1165,-0.03406370600107234
2.117,-0.13689243114100444
2.1175,-0.3006401486056962
2.118,-0.4107277396724285
2.1185,-0.38904414699433815
2.119,-0.22457674061168947
2.1195,0.05891530646845767
2.12,0.3986957511339688
2.1205,0.6665403367799996
2.121,0.7231385419316065
2.1215,0.5315252165815331
2.122,0.18193526918789427
2.1225,-0.19888954576247903
2.123,-0.5166689399837747
2.1235,-0.696178492019582
2.124,-0.6792478447047505
2.1245,-0.4807241197095383
2.125,-0.21066425947036105
2.1255,0.0013282350614416726
2.126,0.10057929381884256
2.1265,0.1155934039881874
2.1270000000000002,0.09235931386956192
2.1275,0.048632202980945644
2.128,-0.009843841872236983
2.1285,-0.060556480806560314
2.129,-0.07142285110926182
2.1295,-0.024722157934538573
2.13,0.07169020627519442
2.1305,0.17718516306580984
2.1310000000000002,0.21877519812170193
2.1315,0.13000510070444138
2.132,-0.08194451034704257
2.1325,-0.30687884234208734
2.133,-0.390259192048212
2.1335,-0.25462116178790206
2.134,0.017037626536791136
2.1345,0.2337727297676872
2.1350000000000002,0.25716658208672855
2.1355,0.11237740004658699
2.136,-0.058217026644953256
2.1365,-0.12789368728738965
2.137,-0.064108907654022
2.1375,0.08539079700432621
2.138,0.2394321711224422
2.1385,0.3244465016090351
2.1390000000000002,0.31892129881800574
2.1395,0.2859952343154949
2.14,0.33555380323076267
2.1405,0.5074228086749435
2.141,0.6838115653029582
2.1415,0.6577612309075492
2.142,0.3322872479580628
2.1425,-0.14604681355660182
2.1430000000000002,-0.4821395549805996
2.1435,-0.47951447113447254
2.144,-0.19731241073416844
2.1445,0.11615911043687677
2.145,0.22421655533554516
2.1455,0.06693068093210418
2.146,-0.21395604552303454
2.1465,-0.3995644659144367
2.1470000000000002,-0.3763345566351405
2.1475,-0.21756438532872424
2.148,-0.08505631576624807
2.1485,-0.06468155664538862
2.149,-0.11971110787914684
2.1495,-0.18374701440692248
2.15,-0.23690387124531262
2.1505,-0.26505240776239675
2.1510000000000002,-0.2022251940532593
2.1515,0.01225130592121203
2.152,0.3237653866447982
2.1525,0.5725390759051919
2.153,0.6372767877857664
2.1535,0.5372566461604716
2.154,0.3796742500519352
2.1545,0.23481801611609945
2.1550000000000002,0.07919976543827804
2.1555,-0.1491424637848141
2.156,-0.44116711163576916
2.1565,-0.6591683547900247
2.157,-0.6164129996255097
2.1575,-0.26430298024441284
2.158,0.18656784825840306
2.1585,0.3850461153137113
2.1590000000000003,0.1450222340274852
2.1595,-0.3601250477706356
2.16,-0.7401447102949874
2.1605,-0.7273053138825717
2.161,-0.36593320482832875
2.1615,0.09147541763147284
2.162,0.4156582202928407
2.1625,0.5316778165534964
2.1630000000000003,0.47793431190433183
2.1635,0.2943910882318254
2.164,-0.0070658783706999614
2.1645,-0.36491771095974984
2.165,-0.6264843960920018
2.1655,-0.6475090581528198
2.166,-0.4297838665287619
2.1665,-0.12687884793660573
2.1670000000000003,0.08596888317213824
2.1675,0.13562237093441126
2.168,0.0747673648739498
2.1685,0.024530740312261927
2.169,0.08508297968485322
2.1695,0.2611929153153731
2.17,0.4633344932689367
2.1705,0.5956692790004378
2.1710000000000003,0.6356706042498748
2.1715,0.6135755511250504
2.172,0.5451088741444822
2.1725,0.43009166224992285
2.173,0.2966999528932979
2.1735,0.1860897990669625
2.174,0.09682667845311269
2.1745,0.005107951501890664
2.1750000000000003,-0.0590772549864033
2.1755,-0.02828937968179956
2.176,0.08588886918731382
2.1765,0.15923769731722962
2.177,0.08891385182880424
2.1775,-0.07061963933250937
2.178,-0.15379020259166232
2.1785,-0.06530297069610237
2.179,0.10804291032347958
2.1795,0.1729134864455245
2.18,0.011635337123415274
2.1805,-0.30946361804953476
2.181,-0.6019934075160027
2.1815,-0.709693670902667
2.182,-0.6022963706267026
2.1825,-0.3564292589421717
2.183,-0.09397954114332957
2.1835,0.06381465781827735
2.184,0.04279599833979746
2.1845,-0.1306860837150632
2.185,-0.32043330151675714
2.1855,-0.35738196297823943
2.186,-0.17278429051459943
2.1865,0.11733920531880394
2.187,0.28843210195743374
2.1875,0.21616392673467139
2.188,0.006312201418397114
2.1885,-0.11754173961572392
2.189,-0.04984005260858314
2.1895000000000002,0.1058970339058378
2.19,0.1756165901040799
2.1905,0.10641036133308696
2.191,0.009367060571268584
2.1915,0.0332546581111359
2.192,0.2092354959836223
2.1925,0.41537720178705967
2.193,0.48384942898162064
2.1935000000000002,0.3373896333930565
2.194,0.034797838151228846
2.1945,-0.28494722670157036
2.195,-0.4877123083215245
2.1955,-0.4968600916790889
2.196,-0.30502768711647016
2.1965,0.02720295838616721
2.197,0.37157981079982233
2.1975000000000002,0.562597252048141
2.198,0.48405555068796213
2.1985,0.16178870934311995
2.199,-0.22678907263859047
2.1995,-0.45360372915922564
2.2,-0.39179322621399854
2.2005,-0.11671498935863654
2.201,0.13826801422396198
2.2015000000000002,0.1708209103341751
2.202,-0.009850473836286408
2.2025,-0.1893806167060703
2.203,-0.14600880628761628
2.2035,0.13813506931940925
2.204,0.448875602356356
2.2045,0.5397262321574763
2.205,0.3761755388171579
2.2055000000000002,0.16229795235827738
2.206,0.11355171528173115
2.2065,0.232996550584333
2.207,0.3362387643175229
2.2075,0.27323665086546
2.208,0.0827734112617855
2.2085,-0.0764447038330279
2.209,-0.10842074127887685
2.2095000000000002,-0.06702089397646803
2.21,-0.0777566424676467
2.2105,-0.19825113222047328
2.211,-0.3597831356273955
2.2115,-0.43934610553563946
2.212,-0.3830537350185052
2.2125,-0.25305894015843866
2.213,-0.15555244492482634
2.2135000000000002,-0.13588135323736833
2.214,-0.15109730433304644
2.2145,-0.13247460005956432
2.215,-0.05674591614774948
2.2155,0.04407115496246516
2.216,0.12737045945379927
2.2165,0.18596493454921362
2.217,0.2519909802322698
2.2175000000000002,0.3570836201279354
2.218,0.4921495067466627
2.2185,0.602450853695048
2.219,0.602382535596773
2.2195,0.4027259905932756
2.22,-0.017017506579245452
2.2205,-0.5254439971484288
2.221,-0.8678740170590784
2.2215000000000003,-0.8411799297323374
2.222,-0.4705667751833275
2.2225,-0.014982145022740007
2.223,0.22628814145041287
2.2235,0.1521839771116344
2.224,-0.0819368884490689
2.2245,-0.25123548289317466
2.225,-0.2744051098726171
2.2255000000000003,-0.20729523631896266
2.226,-0.08364175946202991
2.2265,0.13361150074073394
2.227,0.42848338972816485
2.2275,0.6459005229008459
2.228,0.6044310188464518
2.2285,0.2926002584923087
2.229,-0.08684810803659185
2.2295000000000003,-0.2813589459641158
2.23,-0.19035234512690044
2.2305,0.07643427333958153
2.231,0.3034124307747977
2.2315,0.32806390314207434
2.232,0.13832938429613859
2.2325,-0.13901578298209652
2.233,-0.3293140999052008
2.2335000000000003,-0.31455736854423794
2.234,-0.10201963095642771
2.2345,0.16790249623384296
2.235,0.2933664326553825
2.2355,0.14684654894785146
2.236,-0.21487181340272463
2.2365,-0.5743963132634967
2.237,-0.7117386234792715
2.2375000000000003,-0.560836686580756
2.238,-0.22803790088857204
2.2385,0.11835248712238329
2.239,0.3635479538164087
2.2395,0.48288559069727094
2.24,0.5134492899278611
2.2405,0.5014480125027859
2.241,0.45661729574044174
2.2415,0.3475566583089828
2.242,0.14188687831034902
2.2425,-0.1468077207657457
2.243,-0.4315754407743442
2.2435,-0.5606457202323243
2.244,-0.4048451410884504
2.2445,-0.005269477684286159
2.245,0.38365524581097127
2.2455,0.48155759438224166
2.246,0.24091345267370934
2.2465,-0.1171787186937058
2.247,-0.3296406837487639
2.2475,-0.31671605386010315
2.248,-0.18186217517678654
2.2485,-0.04186770543833028
2.249,0.09516800017837569
2.2495,0.28708787655717255
2.25,0.5359785894345348
2.2505,0.7405732374370089
2.251,0.7652998911721354
2.2515,0.5511580807981254
2.2520000000000002,0.1802355827225027
2.2525,-0.1612176168422002
2.253,-0.31361821163918135
2.2535,-0.25731593715005524
2.254,-0.09666103815480102
2.2545,0.0387319957082886
2.255,0.05787304866588608
2.2555,-0.06639430340045269
2.2560000000000002,-0.27059754100921046
2.2565,-0.42474119494743307
2.257,-0.4371530584485421
2.2575,-0.3294550301655482
2.258,-0.18980895481811172
2.2585,-0.08030393950263402
2.259,-0.012749051558167187
2.2595,0.0156405198534952
2.2600000000000002,0.002541715650083512
2.2605,-0.04359225242331178
2.261,-0.08959030930391414
2.2615,-0.092759842043785
2.262,-0.035937739695462566
2.2625,0.050476106473921555
2.263,0.11098461408281923
2.2635,0.11947399353730548
2.2640000000000002,0.09638815762085877
2.2645,0.05128456024503622
2.265,-0.06334352180855005
2.2655,-0.27872768253956287
2.266,-0.4863239075831941
2.2665,-0.4703538474206132
2.267,-0.13335524563014356
2.2675,0.3429593467112513
2.2680000000000002,0.6346534857548877
2.2685,0.5784949256168592
2.269,0.3006318092073646
2.2695,0.054707941856231485
2.27,-0.016680400619221075
2.2705,0.046333762291463826
2.271,0.12208639714660444
2.2715,0.12099990770324029
2.2720000000000002,0.024380460030066352
2.2725,-0.11268517649136364
2.273,-0.17807007180338527
2.2735,-0.0825592834764388
2.274,0.1332682148163599
2.2745,0.3003848889472103
2.275,0.27369637192165486
2.2755,0.0820362766571512
2.2760000000000002,-0.10254843906076196
2.2765,-0.14440477822998202
2.277,-0.06100665332574433
2.2775,0.036273913778957965
2.278,0.06456492714925917
2.2785,0.017857659897775057
2.279,-0.04758977180825827
2.2795,-0.04365871460084407
2.2800000000000002,0.07867036065357218
2.2805,0.24475492985821035
2.281,0.2900601760208176
2.2815,0.1330024184064267
2.282,-0.10966427400569148
2.2825,-0.22317507241910475
2.283,-0.10638664316187815
2.2835,0.12927938790351828
2.2840000000000003,0.26194350403714767
2.2845,0.16199440561522047
2.285,-0.09039327611529022
2.2855,-0.29072446873354457
2.286,-0.30797801812651987
2.2865,-0.1690750472050092
2.287,0.03456626946445028
2.2875,0.23946698051357362
2.2880000000000003,0.3822319535439565
2.2885,0.3713380791267235
2.289,0.17403488479976176
2.2895,-0.09136304489727336
2.29,-0.22445609111483303
2.2905,-0.1302438067057416
2.291,0.09017906660781734
2.2915,0.252553644716526
2.2920000000000003,0.2632828438906288
2.2925,0.1545330887448436
2.293,-0.014698517213538716
2.2935,-0.22198111698899772
2.294,-0.44132295764556656
2.2945,-0.6064894727169688
2.295,-0.6489127243471997
2.2955,-0.5411776070269094
2.2960000000000003,-0.29609169446182587
2.2965,0.030185320034265106
2.297,0.32104150467020853
2.2975,0.43978082437400073
2.298,0.33002073293125617
2.2985,0.0658526588048376
2.299,-0.20652924980851506
2.2995,-0.3573486961293478
2.3000000000000003,-0.31504710084094734
2.3005,-0.08818047543551284
2.301,0.2112357555510756
2.3015,0.41321874383994983
2.302,0.42663432826344166
2.3025,0.32360323839301297
2.303,0.24173482584446307
2.3035,0.2154334959912562
2.3040000000000003,0.1581922989931988
2.3045,0.008384961964823509
2.305,-0.16808257680534683
2.3055,-0.24020945289877868
2.306,-0.1401396878726063
2.3065,0.08060940721411015
2.307,0.2896875922456688
2.3075,0.36268018428834403
2.308,0.2691907093591681
2.3085,0.09525726565472835
2.309,-0.024964354342522838
2.3095,-0.017643447577213506
2.31,0.07023310380836142
2.3105,0.11333006925014977
2.311,0.03221580770586692
2.3115,-0.11178369588369864
2.312,-0.1715493460340754
2.3125,-0.08055590876578482
2.313,0.06985676179486265
2.3135,0.1427583697487036
2.314,0.10425399942185816
2.3145000000000002,0.019139840335999907
2.315,-0.07132932386310555
2.3155,-0.19793388707157433
2.316,-0.36530892926059033
2.3165,-0.4634930721893601
2.317,-0.36159370644050537
2.3175,-0.09528164819971355
2.318,0.12220640787469263
2.3185000000000002,0.1302266548761823
2.319,0.015703411953357574
2.3195,0.01341069036613202
2.32,0.2254351503960952
2.3205,0.5012089347650717
2.321,0.6080468847496344
2.3215,0.4687060046799132
2.322,0.19856237586415118
2.3225000000000002,-0.0484577353741625
2.323,-0.20693246111319438
2.3235,-0.2817706509918171
2.324,-0.28140718768952594
2.3245,-0.21622690456094207
2.325,-0.12413065109630902
2.3255,-0.0453669737765896
2.326,0.01559202010716445
2.3265000000000002,0.0708627155665966
2.327,0.1109278151346269
2.3275,0.12421853517885204
2.328,0.14723244641963645
2.3285,0.25093077781362544
2.329,0.451259643160843
2.3295,0.6434879108329057
2.33,0.6499774537812238
2.3305000000000002,0.35808945659024954
2.331,-0.1632473516077172
2.3315,-0.6688566188432938
2.332,-0.8742224798912244
2.3325,-0.6387623683620677
2.333,-0.0779953961322202
2.3335,0.4820695112723408
2.334,0.7106342617758384
2.3345000000000002,0.506522567856075
2.335,0.06372868436346632
2.3355,-0.29941360261797534
2.336,-0.3990100374623968
2.3365,-0.3103032758561891
2.337,-0.2588782143434425
2.3375,-0.38387788983278703
2.338,-0.6001336906744903
2.3385000000000002,-0.6941981803196542
2.339,-0.5497729362061512
2.3395,-0.2625058268708333
2.34,-0.028573404444668347
2.3405,0.058123283376888706
2.341,0.07140737395134483
2.3415,0.1235408449792058
2.342,0.21624704938659783
2.3425000000000002,0.25580205553203333
2.343,0.1964046024999623
2.3435,0.11886513138643713
2.344,0.14638486696994485
2.3445,0.2999580945232292
2.345,0.4595894960749252
2.3455,0.47246928550373823
2.346,0.2903723968734191
2.3465000000000003,0.003395426922668988
2.347,-0.24133963191105176
2.3475,-0.34898769040424055
2.348,-0.3292916719025846
2.3485,-0.2608945682154962
2.349,-0.20161388756236273
2.3495,-0.12569513852089376
2.35,0.04827690601747849
2.3505000000000003,0.35292130699430874
2.351,0.6814897514285747
2.3515,0.8161865924796915
2.352,0.5954527937162917
2.3525,0.08948286285851204
2.353,-0.40849610136732045
2.3535,-0.6053143763144443
2.354,-0.42966156738438904
2.3545000000000003,-0.0364284014935084
2.355,0.3572931197623758
2.3555,0.6026596020988191
2.356,0.6445368512943186
2.3565,0.5095549498798913
2.357,0.285929449324025
2.3575,0.0705714857445405
2.358,-0.08485004387274687
2.3585000000000003,-0.16170313578340517
2.359,-0.11930973392699092
2.3595,0.09483764185334286
2.36,0.4377695000609827
2.3605,0.6997511303073731
2.361,0.628034398918673
2.3615,0.18725537731313052
2.362,-0.3364528376990143
2.3625000000000003,-0.5708288554311377
2.363,-0.4120882186304473
2.3635,-0.10309485279142147
2.364,0.04179718909084111
2.3645,-0.06161679229829343
2.365,-0.25319664150459953
2.3655,-0.35765172712068605
2.366,-0.36507113709505146
2.3665000000000003,-0.3773247872394676
2.367,-0.43124247337545746
2.3675,-0.4438526094279196
2.368,-0.3382283415965303
2.3685,-0.15975422222661914
2.369,-0.02792009018740565
2.3695,-0.004736143204015639
2.37,-0.046444693547726616
2.3705,-0.07153778190533337
2.371,-0.0473483726434804
2.3715,-0.006281438099086755
2.372,0.004468599989119557
2.3725,-0.02985046898047252
2.373,-0.09514318838434076
2.3735,-0.17384724894340986
2.374,-0.23768337197893036
2.3745,-0.22702120788281654
2.375,-0.08756723910645203
2.3755,0.15026432831867031
2.376,0.3627347788502308
2.3765,0.4377094113210708
2.3770000000000002,0.37727656623489586
2.3775,0.276909737849782
2.378,0.22271635258192646
2.3785,0.23019135473503693
2.379,0.2521486952926702
2.3795,0.21267283802556727
2.38,0.06598385938647422
2.3805,-0.1326508773905361
2.3810000000000002,-0.23508241982014144
2.3815,-0.12761997385831622
2.382,0.14553259123567608
2.3825,0.40848800936122937
2.383,0.49833521498608624
2.3835,0.3681646967849619
2.384,0.07967298460729544
2.3845,-0.23828879197406383
2.3850000000000002,-0.41769035036615987
2.3855,-0.3259896485245371
2.386,0.012031654844129637
2.3865,0.3926209887568077
2.387,0.5914595211764898
2.3875,0.543856317111923
2.388,0.35051544853190314
2.3885,0.1386810019882854
2.3890000000000002,-0.04093815467530494
2.3895,-0.19669680310401252
2.39,-0.3253532551874059
2.3905,-0.3864444856547184
2.391,-0.34799640357471046
2.3915,-0.24024814970893402
2.392,-0.13433892882101475
2.3925,-0.06094245677816422
2.3930000000000002,0.013345693832240456
2.3935,0.10383530886223699
2.394,0.14234737892771948
2.3945,0.04972147278676183
2.395,-0.13324140125940165
2.3955,-0.24210895519574452
2.396,-0.14721268218578967
2.3965,0.10079333147760439
2.3970000000000002,0.3134087261820154
2.3975,0.35635872626587356
2.398,0.2736576581474345
2.3985,0.20026487074373234
2.399,0.1758279849784365
2.3995,0.09933360259415419
2.4,-0.11179249702255896
2.4005,-0.3604376831950491
2.4010000000000002,-0.4248317507426843
2.4015,-0.1952572926093642
2.402,0.1670743272262334
2.4025,0.3530784134624001
2.403,0.2118712647684576
2.4035,-0.09239343783531502
2.404,-0.2578795589644896
2.4045,-0.1508658107178203
2.4050000000000002,0.09945109214363433
2.4055,0.26953945252958905
2.406,0.2406106604912531
2.4065,0.05725943180106692
2.407,-0.1282110492839611
2.4075,-0.16724154945937234
2.408,-0.047332504427491616
2.4085,0.06969371711892243
2.4090000000000003,0.0023370970215807053
2.4095,-0.24667868827606756
2.41,-0.4964479637555329
2.4105,-0.5926129514696064
2.411,-0.5319603261473893
2.4115,-0.37758302223177925
2.412,-0.1418802343461803
2.4125,0.18151840838039277
2.4130000000000003,0.5073793438173063
2.4135,0.6694766028484196
2.414,0.5887283015890843
2.4145,0.3918822873017326
2.415,0.29562573105832257
2.4155,0.3737537225869
2.416,0.4927014512444978
2.4165,0.48128956442049026
2.4170000000000003,0.310489145669305
2.4175,0.08602615439738333
2.418,-0.0915877082879376
2.4185,-0.21339968858036495
2.419,-0.31255450518692895
2.4195,-0.3714632886383194
2.42,-0.322167436728673
2.4205,-0.14612746507330998
2.4210000000000003,0.06467229512775803
2.4215,0.18239311595668944
2.422,0.1643555085306386
2.4225,0.06419555740061984
2.423,-0.05983419507069853
2.4235,-0.1857274861901997
2.424,-0.27273713495842283
2.4245,-0.24448240878201732
2.4250000000000003,-0.07718555199581943
2.4255,0.1384436165138581
2.426,0.2770164818813637
2.4265,0.30484504259589773
2.427,0.2840180249856093
2.4275,0.25743799344272494
2.428,0.18373942746931954
2.4285,0.017869679445322587
2.4290000000000003,-0.1753160284245541
2.4295,-0.24876679676631755
2.43,-0.13967108843507575
2.4305,0.027301522731652192
2.431,0.04688860606971122
2.4315,-0.16789540121678406
2.432,-0.5213294285056033
2.4325,-0.8356948454963546
2.433,-0.9659644808741918
2.4335,-0.844382354582283
2.434,-0.4917042370413461
2.4345,-0.017474544923855383
2.435,0.4170572317027289
2.4355,0.6755102369188256
2.436,0.7138286783563035
2.4365,0.5892871913774451
2.437,0.4190384233940757
2.4375,0.32739746969889355
2.438,0.3822939414772465
2.4385,0.5266053922363004
2.439,0.5903116984634068
2.4395000000000002,0.43296808627584593
2.44,0.0876767141754183
2.4405,-0.2593331693112927
2.441,-0.42370460267625093
2.4415,-0.33828666847216454
2.442,-0.04472253922440397
2.4425,0.36464159164651505
2.443,0.7646434274238888
2.4435000000000002,0.992322986819749
2.444,0.898606103370095
2.4445,0.46318538699832884
2.445,-0.13556946964239244
2.4455,-0.602748628085427
2.446,-0.7272300837947541
2.4465,-0.5321794973398539
2.447,-0.24094454745967708
2.4475000000000002,-0.09708995129272113
2.448,-0.19113059120605852
2.4485,-0.40751967374321324
2.449,-0.5176030917054444
2.4495,-0.3704730611782477
2.45,-0.04820961055496889
2.4505,0.17228027421086936
2.451,0.06111216037772622
2.4515000000000002,-0.3307802972458941
2.452,-0.6876193233860896
2.4525,-0.694392532516841
2.453,-0.30264267752915647
2.4535,0.2376830022857352
2.454,0.5852840364033656
2.4545,0.5620448993182042
2.455,0.25524266945422
2.4555000000000002,-0.08557658360793714
2.456,-0.24949015128977128
2.4565,-0.19871637016542062
2.457,-0.04524050288640342
2.4575,0.08303752706154327
2.458,0.1515829948182871
2.4585,0.2133450615254386
2.459,0.3215138724153618
2.4595000000000002,0.46077012787166616
2.46,0.5507796765122677
2.4605,0.5049573558145235
2.461,0.30476531473181134
2.4615,0.04147258732158204
2.462,-0.12517586810479808
2.4625,-0.08283354762385264
2.463,0.13756558962870558
2.4635000000000002,0.3777523487992105
2.464,0.4709540291890586
2.4645,0.361644477079868
2.465,0.12291680517213972
2.4655,-0.1330547059571379
2.466,-0.34399701826326823
2.4665,-0.4924426129837312
2.467,-0.5474937216592641
2.4675000000000002,-0.45940430812996547
2.468,-0.22170074636380932
2.4685,0.08153039526596254
2.469,0.30565746095733215
2.4695,0.34115452130218415
2.47,0.2044914746173332
2.4705,0.027574857406817605
2.471,-0.07391789602635308
2.4715000000000003,-0.11299889495427162
2.472,-0.17264182205580136
2.4725,-0.24850720835234738
2.473,-0.22458357447108773
2.4735,-0.04154475850984049
2.474,0.16932602533161253
2.4745,0.19849844672334815
2.475,-0.002029628784791867
2.4755000000000003,-0.2604728509572681
2.476,-0.38058996935202377
2.4765,-0.3344404776487898
2.477,-0.23605871403398687
2.4775,-0.17590351643387128
2.478,-0.12108279904168834
2.4785,0.03195825996275069
2.479,0.31226716968756923
2.4795000000000003,0.5822999007176786
2.48,0.6291642815528042
2.4805,0.3846746302807243
2.481,0.03605103777115475
2.4815,-0.11628913206589983
2.482,0.07853327375418998
2.4825,0.48352186866893393
2.483,0.7725162745690335
2.4835000000000003,0.6825537755866269
2.484,0.22022485210084558
2.4845,-0.3494080178962544
2.485,-0.7210986631443697
2.4855,-0.7704013010471767
2.486,-0.5844119737350473
2.4865,-0.3306336775280584
2.487,-0.14364853337966255
2.4875000000000003,-0.10773763747148553
2.488,-0.25130085934968865
2.4885,-0.49687926455167575
2.489,-0.6488041765360275
2.4895,-0.5064783972368156
2.49,-0.04253118113931766
2.4905,0.5239386319261005
2.491,0.8655791882335412
2.4915000000000003,0.8138698816282036
2.492,0.5169339088893724
2.4925,0.3083936567253342
2.493,0.38918340364744863
2.4935,0.6437051233476789
2.494,0.7820389226957578
2.4945,0.6408723516418061
2.495,0.31436991128466446
2.4955000000000003,0.012670642307961055
2.496,-0.14210056160838197
2.4965,-0.16105163626091365
2.497,-0.10754653437990945
2.4975,-0.05987578374208502
2.498,-0.12779031926485038
2.4985,-0.38089389676081226
2.499,-0.7065568254559509
2.4995,-0.8259375783290269
2.5,-0.5446380718326119
2.5005,0.019927579713678686
2.501,0.5105908089734705
2.5015,0.6457098825530497
2.5020000000000002,0.45400907539748203
2.5025,0.19424831545066998
2.503,0.06327331862648028
2.5035,0.018918429543325184
2.504,-0.1011790001427661
2.5045,-0.3330767434041339
2.505,-0.5171467363362545
2.5055,-0.47917613605070153
2.5060000000000002,-0.23410632806220213
2.5065,0.023209238380871987
2.507,0.10954660625492771
2.5075,0.0046618742688495874
2.508,-0.16569212634400732
2.5085,-0.24500574803451564
2.509,-0.14648186014464873
2.5095,0.09737491321091563
2.5100000000000002,0.34344781716333705
2.5105,0.42187076778738297
2.511,0.26288071505359956
2.5115,-0.032120131664489654
2.512,-0.2462529686826155
2.5125,-0.19457013790497807
2.513,0.13654286546323674
2.5135,0.5454999697497591
2.5140000000000002,0.7182398212724552
2.5145,0.4569037234000338
2.515,-0.12010692980509753
2.5155,-0.6210633777666494
2.516,-0.693367834930717
2.5165,-0.3307699363157981
2.517,0.13638627219473357
2.5175,0.355025609984451
2.5180000000000002,0.24462372971598959
2.5185,0.00887850903023209
2.519,-0.09449968482272335
2.5195,0.01644686095041807
2.52,0.21235479074772032
2.5205,0.312506454537599
2.521,0.2677443688932097
2.5215,0.1795826302476054
2.5220000000000002,0.15069548205991973
2.5225,0.15728444564006447
2.523,0.09764255927208097
2.5235,-0.05967074971723861
2.524,-0.2258235035703266
2.5245,-0.29729290348829684
2.525,-0.27585055086110205
2.5255,-0.25977814349700795
2.5260000000000002,-0.3304844781843679
2.5265,-0.47091934373869687
2.527,-0.5906283360903143
2.5275,-0.6014278990677798
2.528,-0.46069844489779155
2.5285,-0.18119353531727236
2.529,0.15989433183922894
2.5295,0.4350936831353929
2.5300000000000002,0.5368939429357026
2.5305,0.46085426294221987
2.531,0.31248417557259256
2.5315,0.21196013065779398
2.532,0.188655739360178
2.5325,0.18496784850960865
2.533,0.15766163924633056
2.5335,0.13767953024409996
2.5340000000000003,0.17430187859444427
2.5345,0.25716799806498936
2.535,0.33781088297362183
2.5355,0.41543333172329294
2.536,0.5379632463730564
2.5365,0.693274335806555
2.537,0.7553008942230258
2.5375,0.5915648841383538
2.5380000000000003,0.2101718016721709
2.5385,-0.22400348757963856
2.539,-0.5059234813335175
2.5395,-0.5249431911529381
2.54,-0.3359558199780196
2.5405,-0.13274625136227514
2.541,-0.10267183501207218
2.5415,-0.23842354196381055
2.5420000000000003,-0.31660826102687745
2.5425,-0.1435603447902893
2.543,0.18013919160606148
2.5435,0.32841972037779577
2.544,0.11574342179572143
2.5445,-0.2715009842364005
2.545,-0.46332250204085434
2.5455,-0.29009901862201676
2.5460000000000003,0.07837787770891837
2.5465,0.3516623070174317
2.547,0.38926495883284873
2.5475,0.2325013332484043
2.548,-0.03672305517418709
2.5485,-0.36340630316036376
2.549,-0.6549110294962875
2.5495,-0.752322328256113
2.5500000000000003,-0.5456019186395457
2.5505,-0.11203031147137321
2.551,0.30324713894461314
2.5515,0.4656710136519316
2.552,0.3181452134628186
2.5525,-0.0009363339887461519
2.553,-0.27310455977987513
2.5535,-0.34334369958075495
2.5540000000000003,-0.20013583756609812
2.5545,0.04206736980273531
2.555,0.22852996501328485
2.5555,0.2533973899915117
2.556,0.10844054691695863
2.5565,-0.11572648652437294
2.557,-0.27492225531175585
2.5575,-0.25726033144796245
2.5580000000000003,-0.06932811976374394
2.5585,0.153395374648078
2.559,0.2515966975289416
2.5595,0.18329308478072753
2.56,0.058959915022830586
2.5605,0.030639080474180843
2.561,0.143736843317432
2.5615,0.2917633105602469
2.562,0.32038641346528546
2.5625,0.18142887073961497
2.563,-0.03327998903613622
2.5635,-0.21377942927551744
2.564,-0.3325203641981203
2.5645000000000002,-0.3813780447952368
2.565,-0.27461712120867904
2.5655,0.07349044251498128
2.566,0.5647877466516923
2.5665,0.9116485433657924
2.567,0.889541391232269
2.5675,0.5646011463259474
2.568,0.20790871267591562
2.5685000000000002,-0.006290737918568644
2.569,-0.1536153228021786
2.5695,-0.39578166787396285
2.57,-0.722240671139564
2.5705,-0.915664211197493
2.571,-0.7749680739711777
2.5715,-0.3300482357758806
2.572,0.18460202438122625
2.5725000000000002,0.5379413185641715
2.573,0.6499024889797664
2.5735,0.5627555081197466
2.574,0.35151899406855913
2.5745,0.10633543003516031
2.575,-0.053421853901879236
2.5755,-0.03952171626854104
2.576,0.10457396404835206
2.5765000000000002,0.21513538095245277
2.577,0.17205992853078103
2.5775,0.04043811922504003
2.578,0.004392918546186252
2.5785,0.15032526350825104
2.579,0.3527307082779202
2.5795,0.4090268902508797
2.58,0.26850738867171176
2.5805000000000002,0.07813787434698256
2.581,0.0018615401526276007
2.5815,0.0488505907858384
2.582,0.0988831827829048
2.5825,0.05253560608813581
2.583,-0.08018095453888527
2.5835,-0.22037352241451844
2.584,-0.30428907046217035
2.5845000000000002,-0.3142825922974869
2.585,-0.25820887388659974
2.5855,-0.1533250145612422
2.586,-0.03927203793616471
2.5865,0.007372674160163536
2.587,-0.0895415186396529
2.5875,-0.3101465583521103
2.588,-0.49058749464716284
2.5885000000000002,-0.43736272908664614
2.589,-0.12868648228784849
2.5895,0.2288575507850116
2.59,0.38273722566030705
2.5905,0.2655844558329887
2.591,0.026860588075241814
2.5915,-0.14035610589231262
2.592,-0.16119689652235833
2.5925000000000002,-0.08273345098835781
2.593,0.009082862366622261
2.5935,0.03896887301057383
2.594,-0.036424984962863706
2.5945,-0.1897602020140284
2.595,-0.31642963281070935
2.5955,-0.32435774825392766
2.596,-0.24573958687144443
2.5965000000000003,-0.21607849691736525
2.597,-0.3047475419599851
2.5975,-0.3874635815133261
2.598,-0.2454994858737061
2.5985,0.17727879898510307
2.599,0.6462781890623527
2.5995,0.8182339319780509
2.6,0.5663239741017159
2.6005000000000003,0.0991136387581173
2.601,-0.2520580549271234
2.6015,-0.3325194025267588
2.602,-0.23093470970936078
2.6025,-0.09332999416964968
2.603,0.04377358040941406
2.6035,0.21304238473165316
2.604,0.3911524638150714
2.6045000000000003,0.4969080358550147
2.605,0.4996275742829586
2.6055,0.46097221214146494
2.606,0.44874645270354413
2.6065,0.45046277173563504
2.607,0.4067670060302108
2.6075,0.31297865996860297
2.608,0.2415260418015208
2.6085000000000003,0.2471026888147531
2.609,0.28977605270859014
2.6095,0.2919507544101932
2.61,0.2378958402679759
2.6105,0.1622011269014012
2.611,0.06952998897965507
2.6115,-0.06316074989780876
2.612,-0.21470553448718183
2.6125000000000003,-0.31940369668278434
2.613,-0.3493310834800981
2.6135,-0.34359590623761516
2.614,-0.33729232456901265
2.6145,-0.3062334306694076
2.615,-0.21022863638196684
2.6155,-0.059489526625761416
2.616,0.08844929158799841
2.6165000000000003,0.16938819402156186
2.617,0.1302475595087542
2.6175,-0.04384974149801282
2.618,-0.2766713715087677
2.6185,-0.4265903208057763
2.619,-0.4327987263566353
2.6195,-0.4034560224007297
2.62,-0.48749750875107467
2.6205000000000003,-0.6721655989947855
2.621,-0.7738663292994563
2.6215,-0.6403728737124842
2.622,-0.3131275290189027
2.6225,0.035634196430252736
2.623,0.29033056707568716
2.6235,0.47323270455774763
2.624,0.6456435537598231
2.6245,0.7736464566520471
2.625,0.7340058049304357
2.6255,0.4660317223661035
2.626,0.09290626598355459
2.6265,-0.15025372540698803
2.6270000000000002,-0.12561432240944156
2.6275,0.09081355120516221
2.628,0.3088165377396942
2.6285,0.3986892275241015
2.629,0.3418818851059298
2.6295,0.17239792084811
2.63,-0.0460246800081252
2.6305,-0.2012312034846278
2.6310000000000002,-0.18939071037424643
2.6315,-0.03344479976999534
2.632,0.1069329155512255
2.6325,0.0924848251710033
2.633,-0.048537413462979
2.6335,-0.16463251014634425
2.634,-0.15471813443811325
2.6345,-0.05443912805616753
2.6350000000000002,0.04774900754339705
2.6355,0.12515354398563386
2.636,0.20835813107265788
2.6365,0.2938285465877774
2.637,0.3050334787576045
2.6375,0.16756340835794417
2.638,-0.07877946002042219
2.6385,-0.26596438463545047
2.6390000000000002,-0.2317850915183517
2.6395,0.018249800428598487
2.64,0.2964600122917955
2.6405,0.38549618845025735
2.641,0.20630188389369086
2.6415,-0.13714794358261945
2.642,-0.4451611838270577
2.6425,-0.5584861231383202
2.6430000000000002,-0.44732103715290333
2.6435,-0.20282554118674848
2.644,0.047519139765806524
2.6445,0.231645114867377
2.645,0.3636671419598414
2.6455,0.48846186371731337
2.646,0.5899588329993821
2.6465,0.5684882457382053
2.6470000000000002,0.3410475422173234
2.6475,-0.027956700888150686
2.648,-0.33681753690834615
2.6485,-0.4356664767994239
2.649,-0.39094062252488665
2.6495,-0.3972194453825308
2.65,-0.5154196228790108
2.6505,-0.5709069273788681
2.6510000000000002,-0.3644687509063612
2.6515,0.049936852546410115
2.652,0.3656922990905066
2.6525,0.3298906814236134
2.653,0.027532948887301872
2.6535,-0.18128429767286997
2.654,-0.027956041729983797
2.6545,0.37746456179996585
2.6550000000000002,0.6469551628579666
2.6555,0.49901266636281055
2.656,0.03356440386234093
2.6565,-0.3672555644663082
2.657,-0.3970172996989964
2.6575,-0.08991099221724956
2.658,0.24060093564212928
2.6585,0.301516346046591
2.6590000000000003,0.06401048970886422
2.6595,-0.2590097998510676
2.66,-0.4338904927219154
2.6605,-0.3824046348271904
2.661,-0.17852164818733665
2.6615,0.05746848369575453
2.662,0.2425077233809101
2.6625,0.3512861548433444
2.6630000000000003,0.3920576775582863
2.6635,0.3741304339522084
2.664,0.3036286867687998
2.6645,0.2061180801606537
2.665,0.13237801130281054
2.6655,0.12082072469111185
2.666,0.14909965876233602
2.6665,0.13354454286422626
2.6670000000000003,-0.0033527823888265624
2.6675,-0.24433455714198407
2.668,-0.4532549894072917
2.6685,-0.4676634573321689
2.669,-0.24889726306601478
2.6695,0.06492331491554644
2.67,0.2803414084393601
2.6705,0.31185502658901765
2.6710000000000003,0.2055799629370255
2.6715,0.048558885445767926
2.672,-0.07987781285891171
2.6725,-0.10345499068337138
2.673,0.0032177455796593164
2.6735,0.14720335592829714
2.674,0.1692105886207757
2.6745,-0.004530336096996787
2.6750000000000003,-0.285044288912978
2.6755,-0.4892744603462778
2.676,-0.45888533872141657
2.6765,-0.14712244671461006
2.677,0.3293941027181231
2.6775,0.7090444236293162
2.678,0.7333476839332083
2.6785,0.3578486639420967
2.6790000000000003,-0.16801043146743067
2.6795,-0.4676775753820291
2.68,-0.33850415228891234
2.6805,0.07760127835324254
2.681,0.4264075568885461
2.6815,0.4564212212836679
2.682,0.19930222622592306
2.6825,-0.14339641781933019
2.6830000000000003,-0.423877536130666
2.6835,-0.6109351788527062
2.684,-0.6804378496469272
2.6845,-0.5502831838035896
2.685,-0.17884666140526884
2.6855,0.3051244923882214
2.686,0.6365380304512219
2.6865,0.6213647834385158
2.6870000000000003,0.3206666917349701
2.6875,0.016669448329639215
2.688,-0.02666471203080333
2.6885,0.2007226553175297
2.689,0.43638335884930185
2.6895000000000002,0.3734760546160639
2.69,-0.057030778682352484
2.6905,-0.603617462215
2.691,-0.8865664147170079
2.6915,-0.6972400749083616
2.692,-0.15713069558942766
2.6925,0.3834371853753554
2.693,0.6142888416120578
2.6935000000000002,0.4759392165574149
2.694,0.15142179950562998
2.6945,-0.11351165502832392
2.695,-0.18268238453490784
2.6955,-0.07802024493923285
2.696,0.07389621535753121
2.6965,0.1334389608431359
2.697,0.047748411955137585
2.6975000000000002,-0.09217842962994405
2.698,-0.12108872373480013
2.6985,0.029641666628298022
2.699,0.24037824897807267
2.6995,0.3157758049332216
2.7,0.19460289710562373
2.7005,0.027981664372354366
2.701,0.022459339832254902
2.7015000000000002,0.1968298297016844
2.702,0.32797664040270286
2.7025,0.18196024980047948
2.703,-0.20716142680620822
2.7035,-0.5385891734957848
2.704,-0.5447292239083948
2.7045,-0.2539596900863726
2.705,0.06739853687770193
2.7055000000000002,0.19091689552047822
2.706,0.10443058467290443
2.7065,-0.04264425489681691
2.707,-0.10463038242350274
2.7075,-0.05275310198076586
2.708,0.024685394622067675
2.7085,0.015015577403780738
2.709,-0.10507026820100722
2.7095000000000002,-0.23804850307273767
2.71,-0.26161380383434674
2.7105,-0.15597367940654794
2.711,-0.010896183871986992
2.7115,0.09512855014619276
2.712,0.18419168248220996
2.7125,0.32296791984041534
2.713,0.4945943555180339
2.7135000000000002,0.560536692989456
2.714,0.38487804907736567
2.7145,0.009492569033011636
2.715,-0.32943691654037743
2.7155,-0.402762033779461
2.716,-0.20127179307254472
2.7165,0.07747744482835471
2.717,0.24150591538175892
2.7175000000000002,0.2649936181057291
2.718,0.2324674346579599
2.7185,0.1770930806313613
2.719,0.047892619888309604
2.7195,-0.15102787237744933
2.72,-0.2733196309067635
2.7205,-0.16934487873226622
2.721,0.10637414592935822
2.7215000000000003,0.30991649761843076
2.722,0.2638474497433575
2.7225,0.06107844475681525
2.723,-0.03441758932933633
2.7235,0.10555792989230706
2.724,0.3070698994061874
2.7245,0.2696669445903617
2.725,-0.09778012252630962
2.7255000000000003,-0.5389316305778528
2.726,-0.6614991041082021
2.7265,-0.3049259087155016
2.727,0.28330808976443045
2.7275,0.6407382551892893
2.728,0.48239917891985923
2.7285,-0.06976774812323774
2.729,-0.6108931409233996
2.7295000000000003,-0.7783637485500368
2.73,-0.49353197540295884
2.7305,0.01896782965090807
2.731,0.40076032482459284
2.7315,0.4129449652520738
2.732,0.11746746568687691
2.7325,-0.17541146427212648
2.733,-0.19132037903035903
2.7335000000000003,0.04501887116281941
2.734,0.24642745201993918
2.7345,0.17158491815700944
2.735,-0.12420988449322735
2.7355,-0.3507317919369251
2.736,-0.2740849914797138
2.7365,0.053025219512402
2.737,0.3350939786147649
2.7375000000000003,0.3198415605008573
2.738,0.059327408016308786
2.7385,-0.13524216055044308
2.739,-0.026755060496119837
2.7395,0.2804596112747138
2.74,0.449943108466935
2.7405,0.28662946804259665
2.741,-0.05310259932890046
2.7415000000000003,-0.25018736943005454
2.742,-0.17142811223104876
2.7425,0.022813460847362504
2.743,0.08957334893914791
2.7435,-0.041891457949543326
2.744,-0.22699117391940898
2.7445,-0.269783679600065
2.745,-0.11146144845227927
2.7455000000000003,0.12514700828468717
2.746,0.25672055206904754
2.7465,0.19410255467136678
2.747,-0.012025641308532797
2.7475,-0.23754541547366156
2.748,-0.3588423373914972
2.7485,-0.284744733164627
2.749,-0.005000443302552737
2.7495000000000003,0.3339511491418478
2.75,0.4660908473467301
2.7505,0.2344535269554186
2.751,-0.2005942992114392
2.7515,-0.4615091841407361
2.7520000000000002,-0.3100204449624341
2.7525,0.11926341464226772
2.753,0.45946893855779314
2.7535,0.46453310169084644
2.754,0.21301355861148033
2.7545,-0.005034286175350547
2.755,0.03598175685772595
2.7555,0.325798127442623
2.7560000000000002,0.6665395587261832
2.7565,0.8451518046088397
2.757,0.7658637028756682
2.7575,0.4670424071063654
2.758,0.06447582051773723
2.7585,-0.3096183717511185
2.759,-0.5513162323759695
2.7595,-0.6224645830723777
2.7600000000000002,-0.5686138943868316
2.7605,-0.48698048241877256
2.761,-0.4530081141993088
2.7615,-0.4705398376906592
2.762,-0.4866697923965134
2.7625,-0.4350183380288114
2.763,-0.2702119135484672
2.7635,-0.007188633855048043
2.7640000000000002,0.25007182319904875
2.7645,0.3602231980219509
2.765,0.27214099159560545
2.7655,0.09060283814635836
2.766,-0.02197289936632174
2.7665,-0.002156925808223866
2.767,0.08639329129335754
2.7675,0.1546336845866146
2.7680000000000002,0.16412709052899763
2.7685,0.12374906301975962
2.769,0.07636433702523548
2.7695,0.08226867282081231
2.77,0.1555569160606413
2.7705,0.20928882101367835
2.771,0.1177451195509482
2.7715,-0.1327580384965759
2.7720000000000002,-0.38324396172281183
2.7725,-0.43667282886624387
2.773,-0.2531030893910261
2.7735,0.016844071325673685
2.774,0.1868332381534623
2.7745,0.19527261884057595
2.775,0.12413587423863408
2.7755,0.09479796149520975
2.7760000000000002,0.14353135770816133
2.7765,0.18339132254179183
2.777,0.11037580729459748
2.7775,-0.04140463902239411
2.778,-0.10262700628186872
2.7785,0.030256172393987667
2.779,0.23665264196816535
2.7795,0.2735167515879015
2.7800000000000002,0.03510988145657569
2.7805,-0.31469158433175815
2.781,-0.47265702614606836
2.7815,-0.2651249803143971
2.782,0.1889280233639159
2.7825,0.576531278783069
2.783,0.6600184441134793
2.7835,0.4473934794762018
2.7840000000000003,0.1189779223821302
2.7845,-0.15449639627090228
2.785,-0.30337486782121864
2.7855,-0.337748619905876
2.786,-0.30318020141188534
2.7865,-0.24661516832727162
2.787,-0.18337038135396552
2.7875,-0.0961829936063129
2.7880000000000003,0.01824206476406947
2.7885,0.12006683738989554
2.789,0.16492644194273634
2.7895,0.15723050370304092
2.79,0.1471111929269492
2.7905,0.1809598957479608
2.791,0.25692043994715485
2.7915,0.31399666214285676
2.7920000000000003,0.26383968437635164
2.7925,0.05718088004155773
2.793,-0.2556630392564475
2.7935,-0.5255748574462794
2.794,-0.594109585763678
2.7945,-0.42697788914788876
2.795,-0.1663095739482824
2.7955,-0.009139609459961092
2.7960000000000003,-0.012089095947482198
2.7965,-0.04862212299128209
2.797,0.022300675537313887
2.7975,0.18669128329269963
2.798,0.30643112287115426
2.7985,0.2893545578557056
2.799,0.1882929894157849
2.7995,0.13064336994222508
2.8000000000000003,0.1726396319595308
2.8005,0.24390350494681898
2.801,0.240490447096025
2.8015,0.15007949092913644
2.802,0.0556097977695294
2.8025,0.02243600439998998
2.803,0.024984736225872314
2.8035,0.0030764430912373682
2.8040000000000003,-0.04904037076318074
2.8045,-0.09446619665160255
2.805,-0.13595115949782569
2.8055,-0.21999619208712143
2.806,-0.3316109910775868
2.8065,-0.34407995560426813
2.807,-0.14658361934616168
2.8075,0.18902705426075678
2.8080000000000003,0.4366199810544278
2.8085,0.4327830484895113
2.809,0.22849752890458028
2.8095,0.00721603377859907
2.81,-0.10701619797671184
2.8105,-0.12361192185784954
2.811,-0.11172174998389629
2.8115,-0.1291280726521132
2.8120000000000003,-0.2164950952430676
2.8125,-0.37509607017804164
2.813,-0.5130889894776159
2.8135,-0.47743643897066845
2.814,-0.20996992598121025
2.8145000000000002,0.14019326490448814
2.815,0.3238592099591513
2.8155,0.23754264796151076
2.816,0.031685517206109404
2.8165,-0.05159582937321276
2.817,0.07297036513442258
2.8175,0.2807448382752585
2.818,0.4136481080934782
2.8185000000000002,0.44206291545582654
2.819,0.4269367878341738
2.8195,0.3895000680815944
2.82,0.2907800946656785
2.8205,0.12314116641543478
2.821,-0.04218264783581155
2.8215,-0.11942305659157491
2.822,-0.09437318685938514
2.8225000000000002,-0.030897665581039204
2.823,-0.0016334214186939549
2.8235,-0.021080457566189828
2.824,-0.05016758744337114
2.8245,-0.068930560448329
2.825,-0.12404811436198608
2.8255,-0.26567143377845964
2.826,-0.4389561096333625
2.8265000000000002,-0.49251898055048426
2.827,-0.3264091162792632
2.8275,-0.007419615693856987
2.828,0.279839965648221
2.8285,0.37747782652472284
2.829,0.2563356136000201
2.8295,0.026474837557355215
2.83,-0.12879110960650908
2.8305000000000002,-0.073138308234908
2.831,0.17029723720771275
2.8315,0.4174733228334659
2.832,0.4686711347628686
2.8325,0.2822366414542769
2.833,0.00010978213125354135
2.8335,-0.2034674531349754
2.834,-0.27716254434779974
2.8345000000000002,-0.28109421478132196
2.835,-0.25609234062705677
2.8355,-0.1698976514881432
2.836,-0.009331669791117176
2.8365,0.13181307122610106
2.837,0.1142897985430172
2.8375,-0.09551104213828343
2.838,-0.3570017248221479
2.8385000000000002,-0.44795921757288903
2.839,-0.2417541247039352
2.8395,0.1784478369229571
2.84,0.563824409430906
2.8405,0.666000709556365
2.841,0.39759945151884896
2.8415,-0.1125612001374733
2.842,-0.5887127949781151
2.8425000000000002,-0.7667926480709415
2.843,-0.5628106255361155
2.8435,-0.1365054558596698
2.844,0.21975404316011143
2.8445,0.30282026571809134
2.845,0.15172161199974277
2.8455,-0.010314835806950215
2.846,0.009472166346829366
2.8465000000000003,0.21385400629451706
2.847,0.4478989092118093
2.8475,0.5499981044262803
2.848,0.4670882210352895
2.8485,0.2691382899608824
2.849,0.08708804814411279
2.8495,0.016895117843757638
2.85,0.04823674630588865
2.8505000000000003,0.08332576098348801
2.851,0.03621835920476066
2.8515,-0.08986119607074401
2.852,-0.21907850709505342
2.8525,-0.27614300788387686
2.853,-0.24473983397108093
2.8535,-0.17408559729084197
2.854,-0.12453551543719277
2.8545000000000003,-0.09520013855477961
2.855,-0.02387706882928887
2.8555,0.12623249537340278
2.856,0.3029792776196132
2.8565,0.4050401203046644
2.857,0.3668892832875201
2.8575,0.19488292073660712
2.858,-0.05627862355743327
2.8585000000000003,-0.314094384051536
2.859,-0.4969460567113785
2.8595,-0.5286337620703637
2.86,-0.38064367567408935
2.8605,-0.10349760241094756
2.861,0.19445923242361782
2.8615,0.3992861117367283
2.862,0.4355358998428631
2.8625000000000003,0.2985835327874527
2.863,0.06674150860453892
2.8635,-0.1378834208811236
2.864,-0.2243026917436467
2.8645,-0.1759819418159973
2.865,-0.03695376807476612
2.8655,0.12219463928093448
2.866,0.22827092920176276
2.8665000000000003,0.22052451669113643
2.867,0.07050775410159983
2.8675,-0.18270373913161805
2.868,-0.4153717266615384
2.8685,-0.4857675730660246
2.869,-0.35680953162376977
2.8695,-0.1293989102559697
2.87,0.06987616011480519
2.8705000000000003,0.20119142430291903
2.871,0.2889004509316648
2.8715,0.3342842139548911
2.872,0.30465251266115356
2.8725,0.19991644905330755
2.873,0.08659327314699194
2.8735,0.044315237774654584
2.874,0.08682273300846231
2.8745000000000003,0.14703575155480456
2.875,0.1388798913418758
2.8755,0.03118788316127804
2.876,-0.13183411939815867
2.8765,-0.26949247631619383
2.8770000000000002,-0.3211022198984651
2.8775,-0.2862841258169876
2.878,-0.22988723915604112
2.8785000000000003,-0.22598524691523014
2.879,-0.26507799526983616
2.8795,-0.23427857113281642
2.88,-0.03242501127911732
2.8805,0.2914114734755576
2.8810000000000002,0.5435078467126659
2.8815,0.5480446473056418
2.882,0.3042430852761227
2.8825,-0.02152546555860686
2.883,-0.2503698258169314
2.8835,-0.31951676837393544
2.884,-0.2707073146941211
2.8845,-0.16471745985725703
2.8850000000000002,-0.035848782987682196
2.8855,0.10056626603785404
2.886,0.230875151464841
2.8865,0.3322812754450484
2.887,0.3685985322265161
2.8875,0.29735052669561407
2.888,0.09625473376521021
2.8885,-0.18698248916535898
2.8890000000000002,-0.40602076900284645
2.8895,-0.39228053002010077
2.89,-0.11707052721669346
2.8905,0.23727205972852905
2.891,0.4172305982218812
2.8915,0.3179515918069631
2.892,0.04994820173666553
2.8925,-0.19053645219436183
2.8930000000000002,-0.2765096936511042
2.8935,-0.19176264901164516
2.894,0.002461310093967636
2.8945,0.19207765725329623
2.895,0.24844962107613255
2.8955,0.12634615234238425
2.896,-0.06350737583830914
2.8965,-0.14463222930379827
2.8970000000000002,-0.07347724849930526
2.8975,0.0018943508534073877
2.898,-0.06967325493003658
2.8985,-0.23375249475538298
2.899,-0.27774003622834303
2.8995,-0.08539944183649004
2.9,0.2125259568210485
2.9005,0.37020963167294135
2.9010000000000002,0.2826343492540947
2.9015,0.0740274415231009
2.902,-0.06888990390862049
2.9025,-0.11082795337952647
2.903,-0.1718634945384453
2.9035,-0.32818722018440927
2.904,-0.47423438382390726
2.9045,-0.426031825602011
2.9050000000000002,-0.1323985880846565
2.9055,0.2614605677544966
2.906,0.55191292795581
2.9065,0.6422688985709106
2.907,0.5751074073504748
2.9075,0.4501791176241749
2.908,0.34834848445001837
2.9085,0.311611545147633
2.9090000000000003,0.3305403331513551
2.9095,0.3251497476099025
2.91,0.18682666207925866
2.9105,-0.10884386057181394
2.911,-0.4398993157169899
2.9115,-0.6273757834219493
2.912,-0.5990270665030606
2.9125,-0.44929877238285176
2.9130000000000003,-0.3345906869093655
2.9135,-0.32770320564202743
2.914,-0.3728272590417304
2.9145,-0.34734401048731306
2.915,-0.1563212668447866
2.9155,0.18600663154659589
2.916,0.5217879961727336
2.9165,0.6238794377768436
2.9170000000000003,0.37798832313349523
2.9175,-0.08340604245759568
2.918,-0.46360701876205895
2.9185,-0.5389240904251317
2.919,-0.3125700966124961
2.9195,0.02476001647264045
2.92,0.22952370799831315
2.9205,0.14167019739047873
2.9210000000000003,-0.19480916676204368
2.9215,-0.5131751619218385
2.922,-0.514105596440465
2.9225,-0.14803360171343213
2.923,0.3123216348207951
2.9235,0.5263967946785278
2.924,0.41464328414392493
2.9245,0.21398627709915624
2.9250000000000003,0.21641822804740973
2.9255,0.4835591179718087
2.926,0.8087161298712724
2.9265,0.9102568826238029
2.927,0.6581165558892088
2.9275,0.16707500517913307
2.928,-0.30075589826746263
2.9285,-0.5458089338512623
2.9290000000000003,-0.5620502403130914
2.9295,-0.4730889636100685
2.93,-0.38031370164599815
2.9305,-0.30011983337988224
2.931,-0.21387117663753363
2.9315,-0.13402764739550233
2.932,-0.11711969586775023
2.9325,-0.2063632919811145
2.9330000000000003,-0.3378758985324758
2.9335,-0.3286499376158032
2.934,-0.03441382557588584
2.9345,0.4520610913587914
2.935,0.8094366386729247
2.9355,0.7439282067142217
2.936,0.25473627879742816
2.9365,-0.34357966339211693
2.9370000000000003,-0.6636369720874219
2.9375,-0.5401936346431127
2.938,-0.1272617220419716
2.9385,0.2629898606002127
2.939,0.4124661644340391
2.9395000000000002,0.32705900212313715
2.94,0.1671355279654828
2.9405,0.07025216439803758
2.9410000000000003,0.0359662359174592
2.9415,-0.024311627903717176
2.942,-0.14383244885589558
2.9425,-0.24502356247102283
2.943,-0.23957870089701658
2.9435000000000002,-0.139107933871044
2.944,-0.026986249738371323
2.9445,0.052431490590815984
2.945,0.13511594233756108
2.9455,0.27565556974415945
2.946,0.4661553688274684
2.9465,0.6121163829331184
2.947,0.5880155765321243
2.9475000000000002,0.34312401669530734
2.948,-0.028765916463903106
2.9485,-0.340808122980261
2.949,-0.46003747538798095
2.9495,-0.4084082462280329
2.95,-0.31376929067600234
2.9505,-0.27255723404643845
2.951,-0.27582946117309237
2.9515000000000002,-0.2564039478854594
2.952,-0.17628939251491024
2.9525,-0.05983024262306422
2.953,0.034144142998524404
2.9535,0.05253882283912263
2.954,-0.022225576120362037
2.9545,-0.14795221155984642
2.955,-0.22538562275679605
2.9555000000000002,-0.15947469356232447
2.956,0.050603184195732426
2.9565,0.279693456185212
2.957,0.3588792399547419
2.9575,0.2243756137963707
2.958,-0.001464771059929327
2.9585,-0.10194149206904608
2.959,0.028392307882313825
2.9595000000000002,0.26440870854331255
2.96,0.3531613399483611
2.9605,0.15192749606065362
2.961,-0.22993870846028464
2.9615,-0.5258042557379526
2.962,-0.5416085470028402
2.9625,-0.2921034294002384
2.963,0.053309289183415806
2.9635000000000002,0.3126573046531774
2.964,0.3914577682929386
2.9645,0.30393962882148606
2.965,0.1367519715684775
2.9655,-0.009280737870107053
2.966,-0.06719131690416755
2.9665,-0.035428768011006716
2.967,0.012322064363882642
2.9675000000000002,-0.02388918956366795
2.968,-0.16242104664883328
2.9685,-0.2835105731660715
2.969,-0.23112630079595808
2.9695,0.010312385569688593
2.97,0.276482582307768
2.9705,0.38072076289310386
2.971,0.28643190534739144
2.9715000000000003,0.10564916616201543
2.972,-0.045431218800590804
2.9725,-0.14414104347425122
2.973,-0.21110165865312114
2.9735,-0.22025489995164857
2.974,-0.11840374195636046
2.9745,0.07591500450618505
2.975,0.2528064621317252
2.9755000000000003,0.32167242067666857
2.976,0.3178066878851767
2.9765,0.3591632030372496
2.977,0.48986728290221354
2.9775,0.5982211126032319
2.978,0.519244256980238
2.9785,0.21348197837882035
2.979,-0.1734599322326367
2.9795000000000003,-0.4315130730818858
2.98,-0.4696545183233689
2.9805,-0.39223715384350266
2.981,-0.3845903255781635
2.9815,-0.49916436003651654
2.982,-0.5654918255665311
2.9825,-0.35487903589880904
2.983,0.14533922062995422
2.9835000000000003,0.6395885026642755
2.984,0.7351316957631687
2.9845,0.2800138334688246
2.985,-0.4744979190378986
2.9855,-1.0474167414093523
2.986,-1.1025046272090744
2.9865,-0.6878735368277233
2.987,-0.13058386198678962
2.9875000000000003,0.2619255572569868
2.988,0.370739601126491
2.9885,0.21802967356957606
2.989,-0.10465438438904581
2.9895,-0.4250211132834214
2.99,-0.527089573914047
2.9905,-0.31623498415147033
2.991,0.06594044459690077
2.9915000000000003,0.36421600437262136
2.992,0.45590766049264086
2.9925,0.43618458044948544
2.993,0.4684643198638078
2.9935,0.6025811899156401
2.994,0.7500213965992623
2.9945,0.7941055898489604
2.995,0.6903502054703965
2.9955000000000003,0.46770726032065
2.996,0.17406267554802016
2.9965,-0.13158814208512823
2.997,-0.33827294606763986
2.9975,-0.31848372250785656
2.998,-0.07971546242457893
2.9985,0.15425698944512695
2.999,0.1162612784117364
2.9995000000000003,-0.21039172524165864
3.0,-0.530972717636143
3.0005,-0.5349458605280762
3.001,-0.23147602924653451
3.0015,0.0659451241585953
3.0020000000000002,0.07945685785991181
3.0025,-0.16725647196313176
3.003,-0.42282114008093347
3.0035000000000003,-0.47907201783907877
3.004,-0.3345444797131012
3.0045,-0.13236095711887402
3.005,0.008321115884602237
3.0055,0.08216236059389953
3.0060000000000002,0.1386459448212625
3.0065,0.1769319671784063
3.007,0.13709754100423438
3.0075000000000003,-0.007975054422441412
3.008,-0.18253563416093346
3.0085,-0.2482757925259548
3.009,-0.11852625146361193
3.0095,0.16363355417283032
3.0100000000000002,0.45554337580179816
3.0105,0.620573840492834
3.011,0.6065463123270695
3.0115,0.4361497892572279
3.012,0.15727749015280862
3.0125,-0.16714263457214118
3.013,-0.4411872288488309
3.0135,-0.5650059876691966
3.0140000000000002,-0.5098370601592643
3.0145,-0.34877141923410016
3.015,-0.20218607564220614
3.0155,-0.1565122733178893
3.016,-0.21858900864222108
3.0165,-0.3146564278342638
3.017,-0.3243161411072934
3.0175,-0.1480565721852544
3.0180000000000002,0.20021589565553044
3.0185,0.5376330301938583
3.019,0.6006819384983069
3.0195,0.2755069350839465
3.02,-0.24145653496303873
3.0205,-0.5680799101264103
3.021,-0.4693687580698568
3.0215,-0.06763644806262334
3.0220000000000002,0.29192084068511787
3.0225,0.37667922385477065
3.023,0.2525063978277893
3.0235,0.15400390792636476
3.024,0.21679948327982063
3.0245,0.3615467587820451
3.025,0.4192093543003092
3.0255,0.32842012194571063
3.0260000000000002,0.1862694293837418
3.0265,0.122140330620287
3.027,0.1622347501439618
3.0275,0.2333998136623992
3.028,0.2696365279965749
3.0285,0.2777211290673547
3.029,0.2998711843440626
3.0295,0.3413695515434568
3.0300000000000002,0.3460280119228944
3.0305,0.23373394437169928
3.031,-0.028045846730564147
3.0315,-0.3639745727712245
3.032,-0.603164145632569
3.0325,-0.5888670925978627
3.033,-0.31437802744749993
3.0335,0.039383516856474905
3.0340000000000003,0.22391634090464477
3.0345,0.11782077980574072
3.035,-0.1813157451930011
3.0355,-0.46208859217887266
3.036,-0.5809616847894213
3.0365,-0.5275531964960064
3.037,-0.36263622394626543
3.0375,-0.16935495284398808
3.0380000000000003,-0.05950579543199845
3.0385,-0.13481124136049802
3.039,-0.37151823640523524
3.0395,-0.5696992676268391
3.04,-0.5024615022270591
3.0405,-0.15941486117463394
3.041,0.20134955043880315
3.0415,0.2963032935345813
3.0420000000000003,0.09311690799433917
3.0425,-0.1885078292963232
3.043,-0.3193095884936552
3.0435,-0.25537729754334676
3.044,-0.11304985909476206
3.0445,-0.014908371576144778
3.045,0.012136441680707913
3.0455,0.01736922649509532
3.0460000000000003,0.05201217754239171
3.0465,0.12589767875974453
3.047,0.2121474081457272
3.0475,0.275840941687391
3.048,0.30747593903535936
3.0485,0.3358302619860553
3.049,0.396756724258437
3.0495,0.4843109237603402
3.0500000000000003,0.5446286838471046
3.0505,0.5262321246382978
3.051,0.43096383363139923
3.0515,0.30948087563946935
3.052,0.21237846931778884
3.0525,0.1565730783332232
3.053,0.1338660981420105
3.0535,0.123184674116699
3.0540000000000003,0.07654445606657169
3.0545,-0.07376610214622759
3.055,-0.33809708793376336
3.0555,-0.5956098363041712
3.056,-0.6541056381086885
3.0565,-0.42581962879260343
3.057,-0.030844835088454592
3.0575,0.29410913140066114
3.0580000000000003,0.379450814729077
3.0585,0.21643357319762238
3.059,-0.08581361007811238
3.0595,-0.38697507755723465
3.06,-0.5622023665478019
3.0605,-0.5189213060749168
3.061,-0.2354586683296829
3.0615,0.18742042704147008
3.0620000000000003,0.5494696550298581
3.0625,0.6895506265349169
3.063,0.6156505840029411
3.0635,0.4608777674814983
3.064,0.31065166076283923
3.0645000000000002,0.12477128838053543
3.065,-0.15137945711258477
3.0655,-0.4451693824408634
3.0660000000000003,-0.5826109082464205
3.0665,-0.47259337919686156
3.067,-0.23651414590178096
3.0675,-0.11410104537722557
3.068,-0.23039686678667784
3.0685000000000002,-0.47013067264757946
3.069,-0.5881551469616549
3.0695,-0.4413850098901911
3.0700000000000003,-0.11526801751940359
3.0705,0.1694419682463854
3.071,0.262636076127412
3.0715,0.19847153491932096
3.072,0.1324909578872496
3.0725000000000002,0.18943330932479613
3.073,0.34988662964329076
3.0735,0.4484608628869408
3.074,0.300440751477031
3.0745,-0.11163974222480721
3.075,-0.5715150981225161
3.0755,-0.8023378402119183
3.076,-0.7172739102279643
3.0765000000000002,-0.4550620225064162
3.077,-0.1770843228694531
3.0775,0.09532757566356853
3.078,0.41592048157504663
3.0785,0.7527474012900829
3.079,0.9613602787058415
3.0795,0.9145301297725887
3.08,0.6181480469639776
3.0805000000000002,0.19547488162789337
3.081,-0.20803148344920222
3.0815,-0.48593342460929806
3.082,-0.566912923274798
3.0825,-0.41385143183409684
3.083,-0.07800786161507299
3.0835,0.2594247097981559
3.084,0.3701336752432774
3.0845000000000002,0.15956298996528162
3.085,-0.23406409947997625
3.0855,-0.5418151429441155
3.086,-0.5700082392283992
3.0865,-0.3189376428578151
3.087,0.057201954193413236
3.0875,0.37099602747905797
3.088,0.49825452498675676
3.0885000000000002,0.4121688721131633
3.089,0.1747100493554246
3.0895,-0.09841027944348288
3.09,-0.29974792234681685
3.0905,-0.38768151525978173
3.091,-0.38255885470568396
3.0915,-0.30823581109474885
3.092,-0.15980068669890216
3.0925000000000002,0.060234078592100095
3.093,0.2895518295455259
3.0935,0.4121904561979446
3.094,0.3367653816244432
3.0945,0.08288753474549096
3.095,-0.2090779925196311
3.0955,-0.36138980815405886
3.096,-0.2661753962963764
3.0965000000000003,0.055350651430042426
3.097,0.45754634389004134
3.0975,0.7306652168793228
3.098,0.7078613237747579
3.0985,0.37259311042237053
3.099,-0.11640508578619699
3.0995,-0.5191239998637142
3.1,-0.6591923008351234
3.1005000000000003,-0.5076858179407816
3.101,-0.16701972601561899
3.1015,0.19184628280197533
3.102,0.39555937381987893
3.1025,0.3445350100123856
3.103,0.06894801282735853
3.1035,-0.3011763764293824
3.104,-0.6204697773258988
3.1045000000000003,-0.7626499318532768
3.105,-0.618040148854782
3.1055,-0.16791824344397177
3.106,0.397331885862606
3.1065,0.7245895286803911
3.107,0.5788202576212805
3.1075,0.09682853144490768
3.108,-0.3035057069162444
3.1085000000000003,-0.30971762772708267
3.109,0.0030541123924512294
3.1095,0.283271258866525
3.11,0.2675028137914849
3.1105,0.01535349598693326
3.111,-0.19544139055662502
3.1115,-0.1675968848428671
3.112,0.03780681427707581
3.1125000000000003,0.20065318305802274
3.113,0.18127513350549954
3.1135,0.03720164632216737
3.114,-0.08218053294835932
3.1145,-0.10481374418788157
3.115,-0.07063127076535637
3.1155,-0.037513321170756585
3.116,-0.014267141294060601
3.1165000000000003,0.011463095332216802
3.117,0.032533879085835854
3.1175,0.03754160881850514
3.118,0.03979936253824295
3.1185,0.06888546002532167
3.119,0.14303005448867012
3.1195,0.24831644086453541
3.12,0.3311908042258648
3.1205000000000003,0.32476640590573885
3.121,0.2026855635988759
3.1215,-0.0021316830241271106
3.122,-0.23942525165608966
3.1225,-0.4744878166043611
3.123,-0.6568928176976216
3.1235,-0.6934643536259579
3.124,-0.5210960933479291
3.1245000000000003,-0.22023577920397597
3.125,0.005790539652440907
3.1255,0.017103841959204155
3.126,-0.11733901975210215
3.1265,-0.20173005894263435
3.1270000000000002,-0.12836279782674387
3.1275,0.028763904357726133
3.128,0.12470015602260032
3.1285000000000003,0.09458703766535696
3.129,-0.01709002996268077
3.1295,-0.11974203519929161
3.13,-0.12474356170019746
3.1305,0.022733821498809106
3.1310000000000002,0.27961353624967417
3.1315,0.4786224721862471
3.132,0.44850760271519746
3.1325000000000003,0.19755134600067753
3.133,-0.06240298732978859
3.1335,-0.10793236377324616
3.134,0.08752153715016124
3.1345,0.3382954481888783
3.1350000000000002,0.42231007819930944
3.1355,0.27394381972684295
3.136,0.02417268049086865
3.1365,-0.13908079939491522
3.137,-0.1482552226902806
3.1375,-0.08797547510525823
3.138,-0.05867810904413264
3.1385,-0.049735780059035437
3.1390000000000002,0.012723990380936615
3.1395,0.11279280140327257
3.14,0.11584917961619554
3.1405,-0.06285025461182703
3.141,-0.30809963072631763
3.1415,-0.3969564385573373
3.142,-0.23999150343968068
3.1425,0.02137613970843807
3.1430000000000002,0.16549629482244774
3.1435,0.10249681432233268
3.144,-0.06684290042603629
3.1445,-0.16819272518035
3.145,-0.11745954894782443
3.1455,0.008584281415583081
3.146,0.055659859762835606
3.1465,-0.04022594002717886
3.1470000000000002,-0.1745641435174018
3.1475,-0.1853344853798563
3.148,-0.030363783246094934
3.1485,0.1755560925367335
3.149,0.28980771562438284
3.1495,0.26910740194610105
3.15,0.1619880578304314
3.1505,0.016776852536168087
3.1510000000000002,-0.1544709976030917
3.1515,-0.316546977964229
3.152,-0.36633494621006074
3.1525,-0.20440309279315075
3.153,0.1358828252087411
3.1535,0.459148968625264
3.154,0.5412466339236529
3.1545,0.30972572035389817
3.1550000000000002,-0.09923765444843562
3.1555,-0.45186863473526373
3.156,-0.5786982394719759
3.1565,-0.4491291325568869
3.157,-0.13944326061820544
3.1575,0.22355253103222023
3.158,0.49116114186440085
3.1585,0.5311062723493468
3.1590000000000003,0.3049824515917477
3.1595,-0.07841875906522174
3.16,-0.4071616269648511
3.1605,-0.48924818089365274
3.161,-0.2758693214603921
3.1615,0.09526401099086468
3.162,0.385454980936143
3.1625,0.42285801313373855
3.1630000000000003,0.21305706709901798
3.1635,-0.09543652642529728
3.164,-0.33395602035797894
3.1645,-0.41236960383949695
3.165,-0.340854017965611
3.1655,-0.19445195939309456
3.166,-0.0650882858954716
3.1665,-0.019720712655190466
3.1670000000000003,-0.057598595275408344
3.1675,-0.09275806720044649
3.168,-0.020436368405375924
3.1685,0.15374480616670314
3.169,0.2687613641704155
3.1695,0.14980167041761935
3.17,-0.18856761515168033
3.1705,-0.5154757617831245
3.1710000000000003,-0.5839359222009501
3.1715,-0.3518476875810234
3.172,-0.0029744417850694916
3.1725,0.23922454798428033
3.173,0.3098467521551412
3.1735,0.30633739193233045
3.174,0.3043928590390022
3.1745,0.2357446274191776
3.1750000000000003,0.010968876126036217
3.1755,-0.2790896765228833
3.176,-0.3845811289790828
3.1765,-0.1447298348816388
3.177,0.33283492873697573
3.1775,0.7551116688726595
3.178,0.8700524830375734
3.1785,0.6192214130267248
3.1790000000000003,0.1508745582030637
3.1795,-0.2686959905847894
3.18,-0.4185213592409289
3.1805,-0.2810200381342594
3.181,-0.04977038753115914
3.1815,0.044675954516433726
3.182,-0.06466230004800834
3.1825,-0.23521298814280295
3.1830000000000003,-0.26238658486903244
3.1835,-0.08866037840425713
3.184,0.1332792844915845
3.1845,0.20594987177528756
3.185,0.10465340381683318
3.1855,-0.011484257661864714
3.186,0.000752124286889852
3.1865,0.11946641972868481
3.1870000000000003,0.2194076814124971
3.1875,0.21514675186139284
3.188,0.11072168210926021
3.1885,-0.03571691804397638
3.189,-0.14848578104083968
3.1895000000000002,-0.17033526674586166
3.19,-0.11596550171731348
3.1905,-0.08364473361599904
3.1910000000000003,-0.17042036206384248
3.1915,-0.36424583530847104
3.192,-0.5448703102330874
3.1925,-0.6007919532317904
3.193,-0.5221668221344659
3.1935000000000002,-0.3691127102293277
3.194,-0.1886006861969223
3.1945,-0.008053148121267409
3.1950000000000003,0.10727000124704396
3.1955,0.06374207934886861
3.196,-0.14457459110549975
3.1965,-0.35501438029629356
3.197,-0.34006129470212465
3.1975000000000002,-0.028245128724996856
3.198,0.39895802071204806
3.1985,0.6582433622723411
3.1990000000000003,0.6105069289222878
3.1995,0.3516767774537339
3.2,0.0825280335335884
3.2005,-0.0759222898647226
3.201,-0.13332888589800568
3.2015000000000002,-0.14048231539847636
3.202,-0.10221213035918905
3.2025,0.0016590650919379637
3.203,0.12937317964655676
3.2035,0.16055987853782555
3.204,0.017396937476939295
3.2045,-0.20303121022418427
3.205,-0.284979370198625
3.2055000000000002,-0.12086866613104691
3.206,0.15422158248686102
3.2065,0.293392012267465
3.207,0.19710644637126823
3.2075,0.024681863128932665
3.208,0.03909141693776801
3.2085,0.3379713019500387
3.209,0.7459948122620751
3.2095000000000002,0.9726413679236875
3.21,0.8564301572015871
3.2105,0.46139464083284853
3.211,-0.013359432094537098
3.2115,-0.3872667789645742
3.212,-0.5923852471299619
3.2125,-0.6592482937304266
3.213,-0.6307136738795276
3.2135000000000002,-0.5041943618688131
3.214,-0.27064087155656397
3.2145,0.0023851967345070073
3.215,0.16691488320322703
3.2155,0.11121055402557264
3.216,-0.11693268278848679
3.2165,-0.33184890217512375
3.217,-0.3803069886116176
3.2175000000000002,-0.28813599060756623
3.218,-0.21673524311857126
3.2185,-0.2695458403264185
3.219,-0.37228561705794133
3.2195,-0.3729819405621766
3.22,-0.2399201158716927
3.2205,-0.11266883934815108
3.221,-0.13569844703486214
3.2215000000000003,-0.2632310827384043
3.222,-0.27598170685971163
3.2225,-0.020524505612446974
3.223,0.39688538460084105
3.2235,0.7058154008666233
3.224,0.7507771459168043
3.2245,0.6109306638120856
3.225,0.432247775412675
3.2255000000000003,0.23460544487862656
3.226,-0.031456886305110225
3.2265,-0.29274016121905105
3.227,-0.3498644284021677
3.2275,-0.10479888819928404
3.228,0.27868191960112576
3.2285,0.49864970664871194
3.229,0.39104443311006626
3.2295000000000003,0.0690837732969638
3.23,-0.19782924762487153
3.2305,-0.23231146128491065
3.231,-0.09167947767518855
3.2315,0.011485917369016677
3.232,-0.07252977481238136
3.2325,-0.2763414751070291
3.233,-0.3775481829195444
3.2335000000000003,-0.22259298081278092
3.234,0.11584815139301798
3.2345,0.3975122690116037
3.235,0.4108641310758123
3.2355,0.1353103776185962
3.236,-0.23655440899664468
3.2365,-0.4353634326133569
3.237,-0.3293586231824432
3.2375000000000003,-0.04274461817069112
3.238,0.1485642309336021
3.2385,0.06943941504005534
3.239,-0.1893414668843189
3.2395,-0.36661200858735754
3.24,-0.29866717020491373
3.2405,-0.07657830551411113
3.241,0.06718594151934802
3.2415000000000003,-0.002555566789738033
3.242,-0.21554425891726675
3.2425,-0.3933887241098781
3.243,-0.4110828560202331
3.2435,-0.2592215816474117
3.244,0.0009513932010865598
3.2445,0.2768993334712604
3.245,0.44704688534075354
3.2455000000000003,0.4204252827430681
3.246,0.24847067734465647
3.2465,0.10531385495049576
3.247,0.08283614849686881
3.2475,0.06241617869972425
3.248,-0.11563043879798017
3.2485,-0.3862842633408701
3.249,-0.47293989766004296
3.2495000000000003,-0.19144578581420665
3.25,0.3225970387559246
3.2505,0.7174293126005641
3.251,0.72483902277022
3.2515,0.3623144188780465
3.2520000000000002,-0.10374383878504104
3.2525,-0.3739644450374643
3.253,-0.34240109931949375
3.2535000000000003,-0.1526972006666203
3.254,-0.035151713124222765
3.2545,-0.08666128125031494
3.255,-0.20584018066715662
3.2555,-0.21991522523171667
3.2560000000000002,-0.0632256826065708
3.2565,0.15181972285767353
3.257,0.23652324527939297
3.2575000000000003,0.11424235033763865
3.258,-0.09962307125825891
3.2585,-0.21666096591783746
3.259,-0.1520851719392006
3.2595,0.026768189063188105
3.2600000000000002,0.18991587803356788
3.2605,0.25346654204053387
3.261,0.21724738461740326
3.2615000000000003,0.1263980733891867
3.262,0.01584243045678589
3.2625,-0.10163372216658217
3.263,-0.20653074842836572
3.2635,-0.25413520967652575
3.2640000000000002,-0.19811853997423987
3.2645,-0.04146068143846736
3.265,0.13629132260846175
3.2655,0.22280114033901613
3.266,0.1654021506606717
3.2665,0.022354975529340113
3.267,-0.08657166735216366
3.2675,-0.08746152262514692
3.2680000000000002,-0.01092020176194228
3.2685,0.0560288570921889
3.269,0.0642834458805582
3.2695,0.0339572658534281
3.27,-0.002862931105676694
3.2705,-0.06042889939555795
3.271,-0.16872204129569845
3.2715,-0.29414025929824283
3.2720000000000002,-0.34524201739255045
3.2725,-0.2773827928723014
3.273,-0.14461142511575384
3.2735,-0.0331433451911686
3.274,0.001415094682709102
3.2745,-0.07634464676498642
3.275,-0.2692764505720242
3.2755,-0.47395636730499263
3.2760000000000002,-0.4834082731886956
3.2765,-0.15615792842068088
3.277,0.40195194770182285
3.2775,0.8708070825405348
3.278,0.9624428107762478
3.2785,0.6408681246223251
3.279,0.1192362889980098
3.2795,-0.32638132276539655
3.2800000000000002,-0.5463306943840286
3.2805,-0.5745609001232335
3.281,-0.5352184520654899
3.2815,-0.4847950770143019
3.282,-0.3404839447663085
3.2825,0.008556642755611257
3.283,0.5054324549427468
3.2835,0.8829343941331491
3.2840000000000003,0.8734902123099418
3.2845,0.47480303259348106
3.285,-0.016963554724111797
3.2855,-0.2618988047781969
3.286,-0.17630933455048586
3.2865,0.018761989096558143
3.287,0.046614567476486145
3.2875,-0.14074778732090595
3.2880000000000003,-0.33749723326455644
3.2885,-0.3278507489689934
3.289,-0.12732599073888873
3.2895,0.032007120821887274
3.29,-0.049130221812418
3.2905,-0.31715893960104313
3.291,-0.5044390322616515
3.2915,-0.3817267132546522
3.2920000000000003,0.028910265410146907
3.2925,0.4613157852830538
3.293,0.6057129962067503
3.2935,0.35258353568529627
3.294,-0.09875936794342909
3.2945,-0.38555449336416886
3.295,-0.29565355872313903
3.2955,0.035436585130579845
3.2960000000000003,0.2530077500646412
3.2965,0.1190602413550725
3.297,-0.27380669499839483
3.2975,-0.6014435809840034
3.298,-0.5951443217522381
3.2985,-0.23864690962778315
3.299,0.26314497892960026
3.2995,0.6458870028126015
3.3000000000000003,0.7238339181205952
3.3005,0.4662951423943529
3.301,0.024619986525938782
3.3015,-0.33426577218744835
3.302,-0.4021718000605083
3.3025,-0.18900018184082804
3.303,0.09688122001214722
3.3035,0.2500907319517069
3.3040000000000003,0.24413604204814354
3.3045,0.18907464671048776
3.305,0.15073736288792516
3.3055,0.0805649966866029
3.306,-0.07718059220040953
3.3065,-0.27638763014155765
3.307,-0.3913595638044366
3.3075,-0.3203959795491704
3.3080000000000003,-0.07888395195157284
3.3085,0.16816259328423183
3.309,0.19256131036725363
3.3095,-0.09778075674160044
3.31,-0.5299520347853504
3.3105,-0.789355616773357
3.311,-0.696491540364374
3.3115,-0.34842896638918264
3.3120000000000003,0.006114819033455617
3.3125,0.2050704014394079
3.313,0.2780385754461827
3.3135,0.33618274299063045
3.314,0.40729297857103325
3.3145000000000002,0.41946349503776176
3.315,0.3248672324061554
3.3155,0.17856210567596148
3.3160000000000003,0.08219738629902137
3.3165,0.0922982889097088
3.317,0.19437579698542665
3.3175,0.3232791132965087
3.318,0.39176750066427496
3.3185000000000002,0.33831785955480675
3.319,0.17664986315439193
3.3195,-0.011370539766820491
3.3200000000000003,-0.14110239699358
3.3205,-0.1809610435474051
3.321,-0.1545781706349861
3.3215,-0.10479579135488104
3.322,-0.054557845986333856
3.3225000000000002,0.0014195517325394022
3.323,0.05997154652264976
3.3235,0.07432725896374505
3.3240000000000003,-0.011889188634782832
3.3245,-0.18759333515719948
3.325,-0.36066137579274576
3.3255,-0.4374019758956475
3.326,-0.4035990563671791
3.3265000000000002,-0.3285964487470264
3.327,-0.30637160447402384
3.3275,-0.3816356968257295
3.3280000000000003,-0.5034916602021152
3.3285,-0.5518331234024898
3.329,-0.4368062385319994
3.3295,-0.18451392418135654
3.33,0.0832090032085824
3.3305000000000002,0.2561772669453762
3.331,0.31788952459275965
3.3315,0.328780255637039
3.332,0.34837042902434934
3.3325,0.37603829226766616
3.333,0.3491384588812524
3.3335,0.19816978553490527
3.334,-0.07678088959423825
3.3345000000000002,-0.3844520411327995
3.335,-0.6067786665204837
3.3355,-0.6750639331531929
3.336,-0.5868839223000942
3.3365,-0.38568816286465424
3.337,-0.1403294285748948
3.3375,0.08535433275263393
3.338,0.269336673147065
3.3385000000000002,0.42764481861935133
3.339,0.5597614774871679
3.3395,0.6179946467265944
3.34,0.5626011647012981
3.3405,0.4359862640586335
3.341,0.3340026208360711
3.3415,0.28806680251035954
3.342,0.21674182177446863
3.3425000000000002,0.03102453216910599
3.343,-0.2236976145593611
3.3435,-0.3639885946216832
3.344,-0.23113017219742804
3.3445,0.13408630429689944
3.345,0.49237615177932526
3.3455,0.6008265441410986
3.346,0.4137811287778657
3.3465000000000003,0.10421830014629618
3.347,-0.08999990427283538
3.3475,-0.05285222759552412
3.348,0.12443857519619828
3.3485,0.21480943836471342
3.349,0.03700193663979414
3.3495,-0.38558475893385613
3.35,-0.8173908236625308
3.3505000000000003,-0.9736124097843397
3.351,-0.7428720285695168
3.3515,-0.2990520266349925
3.352,0.014377754687759682
3.3525,-0.030384963588692075
3.353,-0.337294605589195
3.3535,-0.5780572262665079
3.354,-0.5089303473866086
3.3545000000000003,-0.18193838505907559
3.355,0.1573391536854574
3.3555,0.3314021416276225
3.356,0.3531682497896964
3.3565,0.3232718628951527
3.357,0.27671658874752336
3.3575,0.16715769013814855
3.358,-0.018960391548327675
3.3585000000000003,-0.18990291486750524
3.359,-0.2352962090501833
3.3595,-0.17362259231110852
3.36,-0.15196413059342212
3.3605,-0.2622254122985726
3.361,-0.4008891074876651
3.3615,-0.37498080948510015
3.362,-0.13275941514454498
3.3625000000000003,0.1761945664679031
3.363,0.3759096178121902
3.3635,0.4422924635451309
3.364,0.47925186217391713
3.3645,0.5434313955720869
3.365,0.538270772662708
3.3655,0.322882484643036
3.366,-0.07470546558847928
3.3665000000000003,-0.4100637710720565
3.367,-0.43401698948535133
3.3675,-0.13728862909683165
3.368,0.238295599938291
3.3685,0.41548068991742787
3.369,0.29435754752115817
3.3695,-0.012598570148119265
3.37,-0.2949150425698564
3.3705000000000003,-0.376269397662491
3.371,-0.19556195957187023
3.3715,0.1557889929643469
3.372,0.4586674127057643
3.3725,0.4945001694117088
3.373,0.21912681005603876
3.3735,-0.18167269589222948
3.374,-0.44170371541718756
3.3745000000000003,-0.4411937882486686
3.375,-0.2845909611552797
3.3755,-0.1598711275320368
3.376,-0.15027636959173274
3.3765,-0.19866360471982156
3.3770000000000002,-0.21730744297613647
3.3775,-0.17976846955654083
3.378,-0.10629014349181752
3.3785000000000003,-0.00271393784751359
3.379,0.15455164037689642
3.3795,0.35942342814378603
3.38,0.5061985322116355
3.3805,0.4293660715040398
3.3810000000000002,0.0765465156854901
3.3815,-0.36838410135652744
3.382,-0.6089917372079596
3.3825000000000003,-0.5218918438370603
3.383,-0.28675776729263186
3.3835,-0.19521650109532088
3.384,-0.3446636552735242
3.3845,-0.5513720532849946
3.3850000000000002,-0.5585391368940591
3.3855,-0.3001597310265493
3.386,0.04922475490260266
3.3865000000000003,0.2687645680763453
3.387,0.3125781126711507
3.3875,0.32758324488742496
3.388,0.4614601848289897
3.3885,0.6768580968110716
3.3890000000000002,0.7759777552465379
3.3895,0.6091146747770284
3.39,0.2377312708281788
3.3905000000000003,-0.12309236813120981
3.391,-0.30588329949544696
3.3915,-0.3154273933205358
3.392,-0.27200100696733215
3.3925,-0.2615483008665631
3.3930000000000002,-0.2501691179833672
3.3935,-0.14722937637205502
3.394,0.05130315294698098
3.3945,0.21289220838277725
3.395,0.19144973256819647
3.3955,-0.012474306379157226
3.396,-0.2439916019941711
3.3965,-0.34255341243738213
3.3970000000000002,-0.2739886799655014
3.3975,-0.11997488185991032
3.398,0.021065958647725373
3.3985,0.09282120768009815
3.399,0.06758851070133838
3.3995,-0.06682189730367485
3.4,-0.27698371679427036
3.4005,-0.4596543975489729
3.4010000000000002,-0.480709654630384
3.4015,-0.2636300828175668
3.402,0.13780248244147192
3.4025,0.5474909047826192
3.403,0.774921940940897
3.4035,0.7545583570084076
3.404,0.5884703832509552
3.4045,0.43443478560624144
3.4050000000000002,0.34628360322593854
3.4055,0.24254315609761007
3.406,0.03757357573031323
3.4065,-0.23164103619109272
3.407,-0.4421897570886453
3.4075,-0.5277750954145978
3.408,-0.5360129472164628
3.4085,-0.5270524423945498
3.4090000000000003,-0.4518306067857843
3.4095,-0.19362446273771
3.41,0.24322016225703783
3.4105,0.632656528518578
3.411,0.682961388134847
3.4115,0.31046396654787206
3.412,-0.2654528129271888
3.4125,-0.7017946913855934
3.4130000000000003,-0.786315141145039
3.4135,-0.5375874609344353
3.414,-0.13286146568873924
3.4145,0.21186579302907502
3.415,0.3360941558998713
3.4155,0.20453030414026388
3.416,-0.07215522248427209
3.4165,-0.3116785752654577
3.4170000000000003,-0.39241262926597514
3.4175,-0.32445394778866943
3.418,-0.198065680895107
3.4185,-0.07725161558968904
3.419,0.05028451859055134
3.4195,0.22187172840289388
3.42,0.40248387905726757
3.4205,0.4534065608966671
3.4210000000000003,0.23243854504318892
3.4215,-0.24487210180681915
3.422,-0.7469421860127144
3.4225,-0.9558430322397001
3.423,-0.6862921189104663
3.4235,-0.023031012578248432
3.424,0.7075453427157781
3.4245,1.1186473105441728
3.4250000000000003,1.0118867755478893
3.4255,0.5187378932653199
3.426,-0.013276941219454316
3.4265,-0.304426505126882
3.427,-0.3209336988401336
3.4275,-0.20137649684520714
3.428,-0.08200232515431637
3.4285,-0.03264891614737409
3.4290000000000003,-0.09048325582051289
3.4295,-0.24992194845763094
3.43,-0.41643157140399256
3.4305,-0.45214942964403687
3.431,-0.30400015089445326
3.4315,-0.05665350873418444
3.432,0.15562928729251158
3.4325,0.2684808890627744
3.4330000000000003,0.3123776571298429
3.4335,0.34429516902332996
3.434,0.3861441676259319
3.4345,0.43000826680000864
3.435,0.4596615951997665
3.4355,0.43485574620366013
3.436,0.2921342938945905
3.4365,0.021217741941213945
3.4370000000000003,-0.26590351689216374
3.4375,-0.40179896801766257
3.438,-0.32694137169290177
3.4385,-0.1602637507446478
3.439,-0.08058247930744397
3.4395000000000002,-0.14125026943303454
3.44,-0.2176360071541805
3.4405,-0.15114577015902225
3.4410000000000003,0.050556017457397316
3.4415,0.17785938849104904
3.442,0.022212242403763894
3.4425,-0.3747694985826448
3.443,-0.7127856778865995
3.4435000000000002,-0.7119462030939782
3.444,-0.3931774839271479
3.4445,-0.047359857683743636
3.4450000000000003,0.07794780324007153
3.4455,0.017826407619749577
3.446,-0.01288353929180453
3.4465,0.08661532387177001
3.447,0.19041018504227306
3.4475000000000002,0.13059877732300126
3.448,-0.07211049542041108
3.4485,-0.20535577646408698
3.4490000000000003,-0.08058746494581297
3.4495,0.2697079122134086
3.45,0.6120370761700813
3.4505,0.7205892599217993
3.451,0.5610590914844247
3.4515000000000002,0.2761756586332998
3.452,0.019266115593001818
3.4525,-0.16447702262945343
3.4530000000000003,-0.2989858927103891
3.4535,-0.3782512595780485
3.454,-0.35660031328156255
3.4545,-0.22949163582798165
3.455,-0.08108980609465768
3.4555000000000002,-0.023717069405487404
3.456,-0.08858494173687773
3.4565,-0.18524669969343008
3.457,-0.17588942278538136
3.4575,0.003895411798939458
3.458,0.2835768368868283
3.4585,0.500497767296231
3.459,0.507681762831317
3.4595000000000002,0.26704560390750354
3.46,-0.13002602331586083
3.4605,-0.5166214706241998
3.461,-0.7360594694236041
3.4615,-0.7096644865144445
3.462,-0.46468698353106286
3.4625,-0.1333822566090171
3.463,0.08133016937821821
3.4635000000000002,0.020406167318395133
3.464,-0.2629054382767017
3.4645,-0.47916157924864367
3.465,-0.3602160928555341
3.4655,0.043975625507845756
3.466,0.4121749825668291
3.4665,0.494199829068163
3.467,0.31337370530091535
3.4675000000000002,0.04286932551577263
3.468,-0.18654994631723243
3.4685,-0.31702934684205847
3.469,-0.31500803322669263
3.4695,-0.18399029783311185
3.47,0.004249849691437654
3.4705,0.15654966632298312
3.471,0.2394807150952054
3.4715000000000003,0.27576645644993936
3.472,0.2635909965143171
3.4725,0.16496229991370476
3.473,0.010723062266883215
3.4735,-0.05052939606196624
3.474,0.10412138439410845
3.4745,0.39300581207881186
3.475,0.5714496715640345
3.4755000000000003,0.4801159097428447
3.476,0.21903841758353673
3.4765,0.047751866325792
3.477,0.12110700322418451
3.4775,0.3360156446558301
3.478,0.4308966804593244
3.4785,0.23087627277855205
3.479,-0.18894330911659016
3.4795000000000003,-0.5674294783564136
3.48,-0.6845491427378635
3.4805,-0.5308296457294355
3.481,-0.26474052117973285
3.4815,-0.03657734999051504
3.482,0.110790006184111
3.4825,0.1809474548364072
3.483,0.1394712848804685
3.4835000000000003,-0.044401059488225175
3.484,-0.2905608448331747
3.4845,-0.4144397237726779
3.485,-0.2862839078132595
3.4855,0.014249457440976967
3.486,0.2284430443238105
3.4865,0.14510497144097229
3.487,-0.18246545534838682
3.4875000000000003,-0.47249738696270804
3.488,-0.4937362524356408
3.4885,-0.28385109992348984
3.489,-0.06448424206229152
3.4895,0.013591273131156587
3.49,-0.02634789839634544
3.4905,-0.1063696855107011
3.491,-0.20249594723225614
3.4915000000000003,-0.28771733614658695
3.492,-0.2574425708564736
3.4925,-0.023790304195622624
3.493,0.3222469371649875
3.4935,0.5342056215331036
3.494,0.43864245758061987
3.4945,0.11155933930996863
3.495,-0.19418363853765336
3.4955000000000003,-0.28122539024244364
3.496,-0.15477921169839856
3.4965,0.039673693679532926
3.497,0.176564391426073
3.4975,0.21976427181504196
3.498,0.17291196533576006
3.4985,0.04263211293418424
3.499,-0.12206664508813393
3.4995000000000003,-0.21575493173590035
3.5,-0.1685576235610228
3.5005,-0.04657044110213453
3.501,-0.009246252857751143
3.5015,-0.14133210418083073
3.5020000000000002,-0.3487249845218773
3.5025,-0.4454810505258741
3.503,-0.3301159004945341
3.5035000000000003,-0.05524706883966071
3.504,0.24735192184996624
3.5045,0.4643254983375798
3.505,0.5416432700639126
3.5055,0.48571301766338404
3.5060000000000002,0.3435830185108735
3.5065,0.1741518702940247
3.507,0.031185335713976303
3.5075000000000003,-0.05225917693349035
3.508,-0.08371879603299306
3.5085,-0.0897258149577583
3.509,-0.05542749534313431
3.5095,0.07069979645953692
3.5100000000000002,0.27114993672656784
3.5105,0.3962629778640349
3.511,0.27804124419380827
3.5115000000000003,-0.07812634258002939
3.512,-0.46101510144134406
3.5125,-0.6423814416294026
3.513,-0.5699986591466757
3.5135,-0.35060900332504036
3.5140000000000002,-0.0989122127875426
3.5145,0.12105689316435489
3.515,0.2334416883208839
3.5155000000000003,0.1428237272367385
3.516,-0.15148591517069318
3.5165,-0.4800917783115821
3.517,-0.6117061106347109
3.5175,-0.4498914781799933
3.5180000000000002,-0.10649559523595663
3.5185,0.20753378135693243
3.519,0.34066334789590813
3.5195000000000003,0.2717017000974958
3.52,0.08223560804021549
3.5205,-0.10754324563584142
3.521,-0.20110208228992307
3.5215,-0.1743580535997174
3.5220000000000002,-0.08334125000190107
3.5225,-0.005072786932294472
3.523,0.04618540107335763
3.5235,0.12871288033910183
3.524,0.2856184767533428
3.5245,0.47483093691802986
3.525,0.60770686334614
3.5255,0.6225250356227673
3.5260000000000002,0.5021571724253453
3.5265,0.27432159491143043
3.527,0.025607113640752008
3.5275,-0.13758725776371242
3.528,-0.18096953742972716
3.5285,-0.170513648741973
3.529,-0.2000773276298363
3.5295,-0.3175618960028733
3.5300000000000002,-0.512456083662971
3.5305,-0.7260582039041272
3.531,-0.8567422042600501
3.5315,-0.7930018596488355
3.532,-0.49166053679725363
3.5325,-0.047664084308032914
3.533,0.33098305402070644
3.5335,0.4623915793645466
3.5340000000000003,0.3331443054789616
3.5345,0.10035035645379885
3.535,-0.04765615665060912
3.5355,-0.03246344320473096
3.536,0.08368121000842532
3.5365,0.17756486175886507
3.537,0.17906131263849284
3.5375,0.11932971022072499
3.5380000000000003,0.07163552207164436
3.5385,0.0646547963242563
3.539,0.07130160671837629
3.5395,0.057235379596931306
3.54,0.008892173538927673
3.5405,-0.06289092800060894
3.541,-0.11085634441873757
3.5415,-0.06979413156760879
3.5420000000000003,0.0631512609461673
3.5425,0.183080390334793
3.543,0.17294330578585526
3.5435,0.05334234272044093
3.544,-0.020783136131062113
3.5445,0.04865340518433323
3.545,0.15280919487156092
3.5455,0.07994032645556483
3.5460000000000003,-0.22283152562738706
3.5465,-0.5410550752873563
3.547,-0.5861984699332463
3.5475,-0.29000805180228545
3.548,0.11744852217765801
3.5485,0.32489872593458163
3.549,0.22313539638202962
3.5495,-0.03001617608557909
3.5500000000000003,-0.2104976677965358
3.5505,-0.2574730902791428
3.551,-0.27489077876527124
3.5515,-0.33340125953962013
3.552,-0.3483427423889249
3.5525,-0.19937813540106047
3.553,0.07131024374668668
3.5535,0.25667788381560225
3.5540000000000003,0.197276848725071
3.5545,-0.04987773530683128
3.555,-0.2779814297173939
3.5555,-0.32629590392686947
3.556,-0.17693513494692129
3.5565,0.09810911402322509
3.557,0.40649456203270956
3.5575,0.6430156679701146
3.5580000000000003,0.7098618774065318
3.5585,0.6030198101598022
3.559,0.45256476840300175
3.5595,0.4002345944949972
3.56,0.4278768795411823
3.5605,0.37043007288895646
3.561,0.12697808750305467
3.5615,-0.19389156997618778
3.5620000000000003,-0.39764674177999837
3.5625,-0.4503928470539684
3.563,-0.5168493256696685
3.5635,-0.7204856262485416
3.564,-0.9411560412553451
3.5645000000000002,-0.9260944417157085
3.565,-0.5781178242121003
3.5655,-0.07674284249028546
3.5660000000000003,0.28639177883425
3.5665,0.3629696222439181
3.567,0.24379539335496678
3.5675,0.13645413142880977
3.568,0.17188642576080476
3.5685000000000002,0.3117372236454236
3.569,0.40282295361508613
3.5695,0.31367433944437245
3.5700000000000003,0.05114679967566356
3.5705,-0.23355200165578677
3.571,-0.3635637449058459
3.5715,-0.280727670078198
3.572,-0.08809961483300657
3.5725000000000002,0.040963460501010074
3.573,0.003393834467560664
3.5735,-0.15926290627444506
3.5740000000000003,-0.30475476252504874
3.5745,-0.3058457009960798
3.575,-0.14718068683631594
3.5755,0.05830723720078761
3.576,0.14932420545261563
3.5765000000000002,0.05396986182477909
3.577,-0.1294711813669907
3.5775,-0.2141836833974673
3.5780000000000003,-0.1062965433940045
3.5785,0.1095939835605559
3.579,0.2689515664826094
3.5795,0.28758485179579607
3.58,0.21681066195226537
3.5805000000000002,0.16098520576155198
3.581,0.15770594666524076
3.5815,0.14155762395676358
3.5820000000000003,0.030269644645893348
3.5825,-0.15160770228264578
3.583,-0.2577806662912109
3.5835,-0.1606607919470312
3.584,0.09772580517506294
3.5845000000000002,0.3297980702928072
3.585,0.3838215575030392
3.5855,0.27479769246466046
3.586,0.13316807984251522
3.5865,0.05475150205504443
3.587,0.012831003965752824
3.5875,-0.0967906128779084
3.588,-0.3259224890076482
3.5885000000000002,-0.5819859862340147
3.589,-0.6824801747898501
3.5895,-0.5234720771767377
3.59,-0.18542470029010025
3.5905,0.14059315785715382
3.591,0.3106982804776498
3.5915,0.30081575319689213
3.592,0.17203255024765363
3.5925000000000002,0.021861630778191574
3.593,-0.05055369825713919
3.5935,-0.0028392111469028062
3.594,0.10139497901540005
3.5945,0.134277435163861
3.595,0.018319254975617663
3.5955,-0.2039914166644521
3.596,-0.4105369086387478
3.5965000000000003,-0.49403599970286627
3.597,-0.4226803135170317
3.5975,-0.24255700487169504
3.598,-0.049476413818062566
3.5985,0.05358169638267536
3.599,0.009865127223434028
3.5995,-0.15688696919658945
3.6,-0.35685112669247065
3.6005000000000003,-0.47865554172049785
3.601,-0.43809978938662486
3.6015,-0.23493391491013987
3.602,0.017002483853143936
3.6025,0.16663280472857586
3.603,0.1780390299459918
3.6035,0.1751358773889426
3.604,0.2962691605309844
3.6045000000000003,0.5379508146906895
3.605,0.7750905182734099
3.6055,0.8877534062220582
3.606,0.8301338219146102
3.6065,0.6345559241789203
3.607,0.40708210185633326
3.6075,0.2773053785042648
3.608,0.2816807819740551
3.6085000000000003,0.2946718839753191
3.609,0.12405313468270464
3.6095,-0.2868094392540634
3.61,-0.7513927023722294
3.6105,-0.9700845912441806
3.611,-0.800305994464346
3.6115,-0.39249482053531815
3.612,-0.04559003480691556
3.6125000000000003,0.057669186638943375
3.613,-0.034141948583829684
3.6135,-0.1484921962429567
3.614,-0.16154950557188685
3.6145,-0.07390564557863429
3.615,0.017914894794199703
3.6155,-0.007385275732674042
3.616,-0.19380019759510894
3.6165000000000003,-0.4154509318282996
3.617,-0.42707370434597625
3.6175,-0.09424474039041351
3.618,0.4162625844103498
3.6185,0.7370130660179784
3.619,0.6246230621383527
3.6195,0.1727515970413072
3.62,-0.2921286381787477
3.6205000000000003,-0.49597961430473714
3.621,-0.40349428447171
3.6215,-0.1786331748307916
3.622,-0.017247430865585462
3.6225,-0.017377855059964142
3.623,-0.15248431805265444
3.6235,-0.31140356192139895
3.624,-0.36980706582290784
3.6245000000000003,-0.27324472230128627
3.625,-0.07349644224390245
3.6255,0.12400292564024983
3.626,0.23990313099554664
3.6265,0.2423997168575091
3.6270000000000002,0.12931279363627207
3.6275,-0.0602488274632816
3.628,-0.22061424378170397
3.6285000000000003,-0.22513205165137223
3.629,-0.04585827172758343
3.6295,0.18780831511222912
3.63,0.29842445005425705
3.6305,0.23001535348020677
3.6310000000000002,0.07655776309433276
3.6315,-0.034261866464114284
3.632,-0.02930579871015772
3.6325000000000003,0.1095964170451343
3.633,0.34036104770583486
3.6335,0.5318106302121237
3.634,0.5090698693040348
3.6345,0.1995320608046717
3.6350000000000002,-0.25052657940549683
3.6355,-0.546553865395361
3.636,-0.4973750406431155
3.6365000000000003,-0.21897076342342925
3.637,-0.04552356424173044
3.6375,-0.19618200994785417
3.638,-0.5435872480451286
3.6385,-0.7404033803506713
3.6390000000000002,-0.5601122166519658
3.6395,-0.08822215095077605
3.64,0.3927800304215852
3.6405000000000003,0.6499884335211151
3.641,0.6346891483332624
3.6415,0.4402634940059303
3.642,0.18397698132583482
3.6425,-0.06513851922198927
3.6430000000000002,-0.272261228394505
3.6435,-0.3942850607839449
3.644,-0.3879538157444856
3.6445000000000003,-0.2672425008677844
3.645,-0.12560766170005003
3.6455,-0.06634832133531471
3.646,-0.09786398116232588
3.6465,-0.11286391515779033
3.6470000000000002,0.006397160538294578
3.6475,0.2533889505293991
3.648,0.4700908245154339
3.6485,0.4678819078254108
3.649,0.2032808019204404
3.6495,-0.1520697034403814
3.65,-0.33790989425853785
3.6505,-0.23138837145358154
3.6510000000000002,0.04733689430357906
3.6515,0.2618964366102665
3.652,0.2889791753793718
3.6525,0.21528767447580488
3.653,0.21322759165006944
3.6535,0.333216179482087
3.654,0.4281839151852149
3.6545,0.29465211375890077
3.6550000000000002,-0.10174284449115445
3.6555,-0.5470176381476209
3.656,-0.7449478286335608
3.6565,-0.5806605663955364
3.657,-0.22113300246502196
3.6575,0.05186874551604559
3.658,0.09811157556430213
3.6585,-0.003979124026480461
3.6590000000000003,-0.10388124346142706
3.6595,-0.1407548903874815
3.66,-0.14398173981999254
3.6605,-0.12178465680716673
3.661,-0.007907074460292832
3.6615,0.2513230475535837
3.662,0.5682576018518573
3.6625,0.7233556321259726
3.6630000000000003,0.5527866653766975
3.6635,0.12832333472568494
3.664,-0.2827132453136998
3.6645,-0.4540781148453637
3.665,-0.3857689756854109
3.6655,-0.2535482119305624
3.666,-0.20957010224888836
3.6665,-0.25991833391030456
3.6670000000000003,-0.31389746021450343
3.6675,-0.3057259734511122
3.668,-0.25043712490770004
3.6685,-0.20175194118665693
3.669,-0.18931558940030352
3.6695,-0.21397626694729255
3.67,-0.2797413380709202
3.6705,-0.3784945707536738
3.6710000000000003,-0.4297975163012879
3.6715,-0.2986211159732295
3.672,0.055617278253491755
3.6725,0.4626101141750864
3.673,0.6497010024978833
3.6735,0.4939451205973165
3.674,0.13082438712077776
3.6745,-0.19309852475263095
3.6750000000000003,-0.3323771039637871
3.6755,-0.3020536412448433
3.676,-0.1859219413680794
3.6765,-0.04028551834097929
3.677,0.11919718364901523
3.6775,0.2801479820046642
3.678,0.4078075762140045
3.6785,0.4539383678921555
3.6790000000000003,0.39558571375125584
3.6795,0.27690570779721496
3.68,0.19978068124330856
3.6805,0.23391160425959168
3.681,0.31519086886537806
3.6815,0.26698199162538033
3.682,-0.02184347084712445
3.6825,-0.43288197812482526
3.6830000000000003,-0.6757753620037932
3.6835,-0.5381223875408189
3.684,-0.07504717079588549
3.6845,0.4350966720980417
3.685,0.6970923979147613
3.6855,0.5892326512410999
3.686,0.22325767189254458
3.6865,-0.14600271188845798
3.6870000000000003,-0.30014178608214165
3.6875,-0.20582757639783336
3.688,-0.02446643204667388
3.6885,0.03184756787410162
3.689,-0.10809921833173365
3.6895000000000002,-0.30037535217623057
3.69,-0.3133699753871864
3.6905,-0.05980340151607117
3.6910000000000003,0.2829709452663087
3.6915,0.4036621104904379
3.692,0.14727007362224145
3.6925,-0.3077458535708891
3.693,-0.5879213938629306
3.6935000000000002,-0.47699904793353753
3.694,-0.13488329690050427
3.6945,0.05716743706755466
3.6950000000000003,-0.11739466128372146
3.6955,-0.49205413318964064
3.696,-0.7007450091643612
3.6965,-0.5607991458277486
3.697,-0.23034259245310057
3.6975000000000002,0.007085112077915508
3.698,0.03989363459115702
3.6985,-0.020939142706757327
3.6990000000000003,-0.020369783468872974
3.6995,0.07736024465394328
3.7,0.18713698810621035
3.7005,0.22320112587612198
3.701,0.2076531157181851
3.7015000000000002,0.24388230571470473
3.702,0.3648975014044861
3.7025,0.4410096054624362
3.7030000000000003,0.3010390974300311
3.7035,-0.05214828073688069
3.704,-0.40640741994701707
3.7045,-0.5400167970410642
3.705,-0.4132179494953799
3.7055000000000002,-0.15453739453878046
3.706,0.07549159232662801
3.7065,0.1742102880940963
3.7070000000000003,0.1249845038608012
3.7075,0.014065149740635975
3.708,-0.010946305916473095
3.7085,0.12039987287690003
3.709,0.2970040689487616
3.7095000000000002,0.3217703314467161
3.71,0.13786689074030686
3.7105,-0.09089575216207095
3.7110000000000003,-0.16957607640162192
3.7115,-0.10237236697232739
3.712,-0.07360501187808534
3.7125,-0.20953278343567647
3.713,-0.40386722741843123
3.7135000000000002,-0.3944955081005349
3.714,-0.024533371922300155
3.7145,0.5494251130993725
3.715,0.9277727015251678
3.7155,0.8069884039321369
3.716,0.2739321773550898
3.7165,-0.26158760646526524
3.717,-0.43595354455741325
3.7175000000000002,-0.22103939394840597
3.718,0.1281124679960644
3.7185,0.3506384664900827
3.719,0.37823028058658753
3.7195,0.30117563443328194
3.72,0.2097753340139161
3.7205,0.1096747699332399
3.721,-0.022440990492959875
3.7215000000000003,-0.14974150794337276
3.722,-0.18651645221506608
3.7225,-0.1080074401526758
3.723,-0.014388781197953601
3.7235,-0.04198407086902016
3.724,-0.21250523695062076
3.7245,-0.406695409911398
3.725,-0.4937649980713218
3.7255000000000003,-0.4545642042268338
3.726,-0.3700510475682482
3.7265,-0.3278107839752238
3.727,-0.36077513838695924
3.7275,-0.4423439198712601
3.728,-0.502608804828413
3.7285,-0.4584426970306398
3.729,-0.2670651318059426
3.7295000000000003,0.020848119764969454
3.73,0.26484088486233465
3.7305,0.33233110557729534
3.731,0.2310043065596374
3.7315,0.11982591287714012
3.732,0.13314189617344702
3.7325,0.20442123682560337
3.733,0.13106056516282874
3.7335000000000003,-0.16525044207508754
3.734,-0.48684862221972025
3.7345,-0.5147783540442752
3.735,-0.13181968053282314
3.7355,0.4209130728863713
3.736,0.7361938757387451
3.7365,0.6046262648202275
3.737,0.19249206761840051
3.7375000000000003,-0.1306904638960886
3.738,-0.13563055106997776
3.7385,0.081732454388666
3.739,0.24011040751874174
3.7395,0.17933691555055578
3.74,0.004482502598867359
3.7405,-0.0726964049199263
3.741,0.01168835504697489
3.7415000000000003,0.11630794631598497
3.742,0.07398876265617078
3.7425,-0.10677996423528528
3.743,-0.22882412419614861
3.7435,-0.09978529284651703
3.744,0.24817172465918136
3.7445,0.5430781702501467
3.745,0.5110907822204958
3.7455000000000003,0.14052701728112105
3.746,-0.3073568111800196
3.7465,-0.5480391271036453
3.747,-0.5091710066956758
3.7475,-0.3259496065574785
3.748,-0.16266187538135793
3.7485,-0.0869608238840235
3.749,-0.09297097480858922
3.7495000000000003,-0.16837006243895342
3.75,-0.29101125636191527
3.7505,-0.38790441251509067
3.751,-0.3599152152203656
3.7515,-0.17608018641762876
3.7520000000000002,0.07358016359459954
3.7525,0.24254969275248586
3.753,0.2528642308987535
3.7535000000000003,0.16097241245373853
3.754,0.10242114859294853
3.7545,0.16484565927113387
3.755,0.3108343891814467
3.7555,0.426061322506706
3.7560000000000002,0.4341538260168088
3.7565,0.35158589140723967
3.757,0.23716583938620617
3.7575000000000003,0.11964257981808306
3.758,0.001586140887711249
3.7585,-0.08642005742047995
3.759,-0.09464481634023757
3.7595,-0.03898677152222213
3.7600000000000002,-0.02749617966458235
3.7605,-0.14897385362370408
3.761,-0.34193501598373494
3.7615000000000003,-0.4167532858948512
3.762,-0.23611498904247719
3.7625,0.12342337092605159
3.763,0.4045134563114213
3.7635,0.38764201856813
3.7640000000000002,0.09381669984149675
3.7645,-0.22827839343272988
3.765,-0.3209167378041714
3.7655000000000003,-0.13511355795982646
3.766,0.13998570886454592
3.7665,0.24009203178688326
3.767,0.04012589241107541
3.7675,-0.34036747079710883
3.7680000000000002,-0.6286433391104128
3.7685,-0.6284921070051679
3.769,-0.3877552958087864
3.7695000000000003,-0.13700914540861828
3.77,-0.058968958217830256
3.7705,-0.1286028599207975
3.771,-0.1822370077695597
3.7715,-0.11329105502296605
3.7720000000000002,0.036337069083580975
3.7725,0.1600787524019785
3.773,0.19718842559515887
3.7735000000000003,0.14258438804290877
3.774,0.010924885100102817
3.7745,-0.15096836501275063
3.775,-0.24104179068589351
3.7755,-0.16560977499194415
3.7760000000000002,0.034121153539094756
3.7765,0.15968576584780955
3.777,0.03993656978839646
3.7775,-0.24411101127507379
3.778,-0.38576392352499556
3.7785,-0.15680469262218166
3.779,0.33039854238365757
3.7795,0.6971181564043036
3.7800000000000002,0.6459410460820243
3.7805,0.23638186381935883
3.781,-0.18469840616856625
3.7815,-0.31801198258877117
3.782,-0.16329316041266062
3.7825,0.05172127835343714
3.783,0.14597177068446024
3.7835,0.14253044096170026
3.7840000000000003,0.1556712419495257
3.7845,0.19238011470250943
3.785,0.149162150229208
3.7855,0.0042674895841809946
3.786,-0.07821165926088468
3.7865,0.09193216436294782
3.787,0.47977686157363125
3.7875,0.789340888905375
3.7880000000000003,0.7246153330052295
3.7885,0.2979841897220849
3.789,-0.15195397285531884
3.7895,-0.28398827224237005
3.79,-0.08821982758075698
3.7905,0.126959401437927
3.791,0.07087912509520872
3.7915,-0.2426882752405727
3.7920000000000003,-0.5534728296327466
3.7925,-0.6587147327111893
3.793,-0.6095013883508797
3.7935,-0.5958100436862848
3.794,-0.6753316128709053
3.7945,-0.6703101839605
3.795,-0.363113453024145
3.7955,0.21748428931930797
3.7960000000000003,0.7393031979709394
3.7965,0.8277032091691972
3.797,0.4069334370062667
3.7975,-0.20906994581286492
3.798,-0.5764848027445755
3.7985,-0.4968550426584113
3.799,-0.16275565765997513
3.7995,0.047649235514913665
3.8000000000000003,-0.07729670454425397
3.8005,-0.40484510547294184
3.801,-0.6017986796775371
3.8015,-0.45597140369114775
3.802,-0.06850875667940005
3.8025,0.2663547595274112
3.803,0.36057731772992746
3.8035,0.2891219830211578
3.8040000000000003,0.24825500689948812
3.8045,0.30123848430640526
3.805,0.31390705525232543
3.8055,0.14046508046144568
3.806,-0.17693303107898165
3.8065,-0.4264317927703307
3.807,-0.4211296874680773
3.8075,-0.14531285836085128
3.8080000000000003,0.26619855784984786
3.8085,0.635922352278412
3.809,0.8303322030327586
3.8095,0.807646037346809
3.81,0.6295306349580478
3.8105,0.4093959790879169
3.811,0.2167318705429874
3.8115,0.030492831464805987
3.8120000000000003,-0.200744275216646
3.8125,-0.457883113701481
3.813,-0.6347269768954583
3.8135,-0.6378834975517728
3.814,-0.49053843959678856
3.8145000000000002,-0.3160288207941161
3.815,-0.2235984033216891
3.8155,-0.23039807690915612
3.8160000000000003,-0.2842333039597635
3.8165,-0.31746582591122696
3.817,-0.2625844279680975
3.8175,-0.0636010653712564
3.818,0.26795263842299066
3.8185000000000002,0.6059190636381324
3.819,0.7690291563057472
3.8195,0.6713881644119851
3.8200000000000003,0.4080184046909777
3.8205,0.15875923024295052
3.821,0.008691334598502553
3.8215,-0.09834892145817606
3.822,-0.22364514876877847
3.8225000000000002,-0.3101812209811003
3.823,-0.2462421795727943
3.8235,-0.03166568845096731
3.8240000000000003,0.16983275746396856
3.8245,0.16153912225728911
3.825,-0.10093823328533628
3.8255,-0.4428804644596001
3.826,-0.5980376108649932
3.8265000000000002,-0.43785884634681255
3.827,-0.09443372253564936
3.8275,0.14886797233622867
3.8280000000000003,0.11095660095951068
3.8285,-0.11503905485820211
3.829,-0.24729935244982457
3.8295,-0.10152017029277621
3.83,0.2133267241263265
3.8305000000000002,0.41007501303728483
3.831,0.3225227630951978
3.8315,0.06613208142376487
3.8320000000000003,-0.08979298672586485
3.8325,0.01559907829200103
3.833,0.3020943114449022
3.8335,0.5413789500239016
3.834,0.5421336607419106
3.8345000000000002,0.26287145796067685
3.835,-0.18174863106272804
3.8355,-0.5828830180131699
3.8360000000000003,-0.7448174735957375
3.8365,-0.5976898857888168
3.837,-0.2424292673715505
3.8375,0.10415730578373278
3.838,0.22874461774584084
3.8385000000000002,0.05109251558427423
3.839,-0.30082897669262076
3.8395,-0.549286155194241
3.84,-0.4706657117302263
3.8405,-0.10557704857264202
3.841,0.23779475122991245
3.8415,0.2483256337007202
3.842,-0.08262225684206215
3.8425000000000002,-0.4416173528717643
3.843,-0.5031112864177668
3.8435,-0.23975269734264434
3.844,0.09118769451826374
3.8445,0.23567072657930385
3.845,0.1790062888463674
3.8455,0.10898590404427196
3.846,0.18846156626214744
3.8465000000000003,0.3904987187929855
3.847,0.5484270376182326
3.8475,0.5326107371237297
3.848,0.3555338807954928
3.8485,0.13011220088762762
3.849,-0.03684661040834656
3.8495,-0.1199884255434139
3.85,-0.17319919167705633
3.8505000000000003,-0.24428194455139832
3.851,-0.28496285953918943
3.8515,-0.18505632222093985
3.852,0.07481874477280166
3.8525,0.3467326751488326
3.853,0.44833734372975753
3.8535,0.35770973061675304
3.854,0.22273049053401742
3.8545000000000003,0.18093681584653318
3.855,0.22169566398042043
3.8555,0.23250669084165146
3.856,0.1337105818954589
3.8565,-0.05465994740264243
3.857,-0.25332007426423864
3.8575,-0.40433973276511637
3.858,-0.5054559937135565
3.8585000000000003,-0.5667930183739481
3.859,-0.5506075434369465
3.8595,-0.3856313357752147
3.86,-0.060833779056057864
3.8605,0.3035354493539666
3.861,0.506340525543867
3.8615,0.41883421588174746
3.862,0.10772877501795294
3.8625000000000003,-0.19286419514327352
3.863,-0.24798925104924047
3.8635,0.0028031864828577478
3.864,0.3948473892506655
3.8645,0.6522935568454189
3.865,0.5786134407307921
3.8655,0.1790327303310515
3.866,-0.35467291731868184
3.8665000000000003,-0.7612290739593317
3.867,-0.8591381439154757
3.8675,-0.6508212316177502
3.868,-0.3079765873385454
3.8685,-0.044149391925485906
3.869,0.024447349492138448
3.8695,-0.06406978066644865
3.87,-0.16462951441265467
3.8705000000000003,-0.14395053335935487
3.871,0.007391458637030147
3.8715,0.16523282236221837
3.872,0.18982363821785048
3.8725,0.06496176303195192
3.873,-0.09765874113721695
3.8735,-0.20004159596849488
3.874,-0.25942021985373903
3.8745000000000003,-0.32909552253920893
3.875,-0.3647073216325772
3.8755,-0.2512196755969923
3.876,0.03662893107016459
3.8765,0.36950368968992325
3.8770000000000002,0.5843496039917273
3.8775,0.6298980033793401
3.878,0.5657799058974147
3.8785000000000003,0.44995172372943126
3.879,0.27972586844525876
3.8795,0.05481953058098974
3.88,-0.14826955318015309
3.8805,-0.22278305847313196
3.8810000000000002,-0.16160862104737178
3.8815,-0.09037268830770095
3.882,-0.12223171645842096
3.8825000000000003,-0.20192299680024473
3.883,-0.1577095396384378
3.8835,0.08348684202279245
3.884,0.3855101985779315
3.8845,0.5279537452083782
3.8850000000000002,0.40617431201029275
3.8855,0.09753438348383466
3.886,-0.2209243584977206
3.8865000000000003,-0.39364601314525083
3.887,-0.3772547307949288
3.8875,-0.26454921324935676
3.888,-0.1982641442928908
3.8885,-0.22121358127663426
3.8890000000000002,-0.22948055241109894
3.8895,-0.11169150178576316
3.89,0.08157151187052353
3.8905000000000003,0.16187683211573842
3.891,0.018933466367512617
3.8915,-0.22146209403620581
3.892,-0.2989255906838296
3.8925,-0.07943124285885837
3.8930000000000002,0.30416620169632624
3.8935,0.5640507283441994
3.894,0.5003941675033093
3.8945000000000003,0.16537250785898971
3.895,-0.1831007680747199
3.8955,-0.3059451299943632
3.896,-0.18362996013224955
3.8965,0.006277863544136
3.8970000000000002,0.09511523066249752
3.8975,0.07260511746566845
3.898,0.03807106865343693
3.8985000000000003,0.05731622181434629
3.899,0.10427179650038168
3.8995,0.12852114114467494
3.9,0.13893312549024878
3.9005,0.18917996273084545
3.9010000000000002,0.28242673690966585
3.9015,0.32473650488795675
3.902,0.2094456433019316
3.9025000000000003,-0.047160955910888085
3.903,-0.2886084723120339
3.9035,-0.3725410116543135
3.904,-0.3267293162961659
3.9045,-0.3048006397050298
3.9050000000000002,-0.387668821243614
3.9055,-0.4778387603593594
3.906,-0.4123995093713217
3.9065,-0.1545348922560572
3.907,0.15451310531718432
3.9075,0.32959303229751985
3.908,0.3043488798774827
3.9085,0.1522955190375115
3.9090000000000003,-0.029208881090670342
3.9095,-0.2108318093915804
3.91,-0.3836293794785258
3.9105,-0.463696388345696
3.911,-0.3292200721602748
3.9115,0.020940096171804232
3.912,0.400822074971848
3.9125,0.5761857834063892
3.9130000000000003,0.4651495233682883
3.9135,0.19217827301098117
3.914,-0.04852193141327573
3.9145,-0.17254773836085346
3.915,-0.23945989261653328
3.9155,-0.3232487934973814
3.916,-0.3993154897496123
3.9165,-0.38283849941329195
3.9170000000000003,-0.23819186814138085
3.9175,-0.01635475293879142
3.918,0.18873345393359453
3.9185,0.29152384062790576
3.919,0.26053315141629657
3.9195,0.16689977176270698
3.92,0.16037548849825728
3.9205,0.32152271303648056
3.9210000000000003,0.5351853886833353
3.9215,0.579924342079003
3.922,0.3670255470228154
3.9225,0.04409323502175451
3.923,-0.16578794520783288
3.9235,-0.19530379340541376
3.924,-0.16924399889205313
3.9245,-0.22737142392685136
3.9250000000000003,-0.36011132143994606
3.9255,-0.43675799543276644
3.926,-0.3618389767090965
3.9265,-0.17168418936434726
3.927,0.019085366000538388
3.9275,0.14835398353994972
3.928,0.2634497730716997
3.9285,0.4317828251483395
3.9290000000000003,0.61404648635877
3.9295,0.6671520277393118
3.93,0.478161199746225
3.9305,0.07331276212192671
3.931,-0.39527041308320476
3.9315,-0.7417131406375033
3.932,-0.843801702065449
3.9325,-0.703170078652632
3.9330000000000003,-0.4263747876559421
3.9335,-0.12887078405635669
3.934,0.1378071360356669
3.9345,0.34950439867010125
3.935,0.4325579542355994
3.9355,0.29004602378859434
3.936,-0.06592542726439714
3.9365,-0.44783517091674735
3.9370000000000003,-0.6100895216128742
3.9375,-0.44325951762806254
3.938,-0.055487920332248655
3.9385,0.3174458274468993
3.939,0.4893606613529978
3.9395000000000002,0.44792865183822844
3.94,0.31980722751709756
3.9405,0.2207407323596539
3.9410000000000003,0.16259125311846123
3.9415,0.10149456978188588
3.942,0.023067734129477664
3.9425,-0.056937556561277136
3.943,-0.14498946918576874
3.9435000000000002,-0.26129110961110297
3.944,-0.36196494117715944
3.9445,-0.3175741124732923
3.9450000000000003,-0.02903977228154883
3.9455,0.423640338758485
3.946,0.781965528168481
3.9465,0.7900337405078892
3.947,0.3955739998136235
3.9475000000000002,-0.196506365857729
3.948,-0.6465845831532882
3.9485,-0.6941778342682663
3.9490000000000003,-0.336106789820531
3.9495,0.15352235410525858
3.95,0.3999624551482517
3.9505,0.19211837452007277
3.951,-0.3561194436660886
3.9515000000000002,-0.8719430865005711
3.952,-0.9846109590936296
3.9525,-0.6037132163825429
3.9530000000000003,0.0028578353806110787
3.9535,0.41425093023720644
3.954,0.3864049371591105
3.9545,0.02810978101108339
3.955,-0.31324857951165425
3.9555000000000002,-0.34327361548193797
3.956,-0.05010146032572123
3.9565,0.3102468011172122
3.9570000000000003,0.46122208372322987
3.9575,0.35642070682260546
3.958,0.18560590118586115
3.9585,0.15023506060444652
3.959,0.2678676090242594
3.9595000000000002,0.39051099590317523
3.96,0.36920403964966275
3.9605,0.18819843201724526
3.9610000000000003,-0.03132778251595683
3.9615,-0.1420987813729235
3.962,-0.0970370159901048
3.9625,0.019584014894960283
3.963,0.07610494593437964
3.9635000000000002,0.008719828941509867
3.964,-0.12168200017379432
3.9645,-0.1719269265694027
3.9650000000000003,-0.053626171254520315
3.9655,0.13935697412652512
3.966,0.18936544736620672
3.9665,-0.005420187157432211
3.967,-0.2938431987247805
3.9675000000000002,-0.4294066393778634
3.968,-0.32046808919927167
3.9685,-0.07316514530783547
3.969,0.1606141054945834
3.9695,0.3106824079866758
3.97,0.3907831079101257
3.9705,0.42986558993748514
3.971,0.40900900238341364
3.9715000000000003,0.2673047478186525
3.972,-0.00404334312528171
3.9725,-0.2802788812804601
3.973,-0.3760957564142112
3.9735,-0.23741000010904412
3.974,-0.025467157354687065
3.9745,0.03919532296785657
3.975,-0.08646559429288997
3.9755000000000003,-0.2210949246296793
3.976,-0.16142952052165224
3.9765,0.08038213510191897
3.977,0.25777487264985394
3.9775,0.12342502546588717
3.978,-0.3059272393207827
3.9785,-0.7177455687643566
3.979,-0.7488602954005285
3.9795000000000003,-0.2899884641713357
3.98,0.41285502567187027
3.9805,0.936277203669351
3.981,0.9832508109502642
3.9815,0.5687434018766655
3.982,-0.04015746350542879
3.9825,-0.5380018087978848
3.983,-0.7563266483109078
3.9835000000000003,-0.703045430717481
3.984,-0.4994709577384965
3.9845,-0.2850657515253397
3.985,-0.14083184166742418
3.9855,-0.063598590816328
3.986,-0.001828505183326206
3.9865,0.07092194579709736
3.987,0.110428161673653
3.9875000000000003,0.05013030216124772
3.988,-0.09006408102626987
3.9885,-0.18051724089204116
3.989,-0.11617369750516425
3.9895,0.04612440708345558
3.99,0.14448277808061044
3.9905,0.10235624609867743
3.991,0.005806799885552786
3.9915000000000003,-0.012656942557916308
3.992,0.08486359725531463
3.9925,0.22537241832011295
3.993,0.2999003145824224
3.9935,0.2374695370888261
3.994,0.05495565879107415
3.9945,-0.12762995736526964
3.995,-0.15810940353110559
3.9955000000000003,0.005322271934240872
3.996,0.23052747949950247
3.9965,0.333562429452134
3.997,0.2589961596041874
3.9975,0.10700929421372204
3.998,0.005567680322446497
3.9985,0.007843407648121647
3.999,0.1029760941310902
3.9995000000000003,0.2607893480380098
4.0,0.435363194910666
4.0005,0.5576879114103646
4.001,0.5641697352589136
4.0015,0.4351300743525458
4.002,0.19706885427469809
4.0025,-0.09871137641389036
4.003,-0.38325832137428484
4.0035,-0.5727906303504621
4.0040000000000004,-0.6054843760225871
4.0045,-0.4976954709475869
4.005,-0.3448481519248412
4.0055000000000005,-0.23537646205532364
4.006,-0.16171380238086225
4.0065,-0.03678957368166922
4.007,0.19696469836844496
4.0075,0.4860904659765523
4.008,0.6909558930835071
4.0085,0.6873635382795679
4.009,0.460607075632215
4.0095,0.11685715933440499
4.01,-0.19705048733579886
4.0105,-0.3826704981823091
4.011,-0.40959066928479637
4.0115,-0.29668465253731013
4.0120000000000005,-0.11518347467358618
4.0125,0.018796992229848722
4.013,0.01497407099605673
4.0135000000000005,-0.11307223676408712
4.014,-0.26972519195403105
4.0145,-0.3911944836115425
4.015,-0.5058512836952482
4.0155,-0.6462224007543835
4.016,-0.7305321307201987
4.0165,-0.608151269513048
4.017,-0.25133722866674085
4.0175,0.14402965394072137
4.018,0.30090346893252196
4.0185,0.12036263252795784
4.019,-0.20996179852719024
4.0195,-0.38508595888272446
4.0200000000000005,-0.26789773110177395
4.0205,0.003640122366144951
4.021,0.18666192489638206
4.0215000000000005,0.18243548495812018
4.022,0.11285197530376657
4.0225,0.17453358881898967
4.023,0.4238353169582574
4.0235,0.6947341230749438
4.024,0.7394234870488473
4.0245,0.4715401427904942
4.025,0.0658732854471358
4.0255,-0.19290894006659595
4.026,-0.1504936880696343
4.0265,0.11174629561718233
4.027,0.3551549815791437
4.0275,0.3566926022856988
4.0280000000000005,0.0733321334571288
4.0285,-0.3073914225420129
4.029,-0.5063728396660611
4.0295000000000005,-0.40493503923312335
4.03,-0.16899758184614389
4.0305,-0.07602948193351847
4.031,-0.19953699722532633
4.0315,-0.3141536319907304
4.032,-0.15671601868400856
4.0325,0.2500403137589768
4.033,0.5932070128085892
4.0335,0.5952775971237758
4.034,0.3038813872428696
4.0345,0.03217180841733098
4.035,0.029777945901793022
4.0355,0.2463528456233397
4.0360000000000005,0.4192334184942688
4.0365,0.3500775487533428
4.037,0.06639912408271283
4.0375,-0.25318824942832524
4.038,-0.44827550451817355
4.0385,-0.45603865063957044
4.039,-0.2798344723319121
4.0395,0.04442140247203431
4.04,0.42801574220746375
4.0405,0.7212244869508334
4.041,0.7828291434376168
4.0415,0.5799836641899068
4.042,0.22068652229980895
4.0425,-0.1080190686035814
4.043,-0.2511541732583859
4.0435,-0.18991673595029415
4.0440000000000005,-0.06908717565449073
4.0445,-0.08705841506261126
4.045,-0.3100830774661453
4.0455,-0.5961700114036801
4.046,-0.7246348383904155
4.0465,-0.597003719436436
4.047,-0.3045664952237691
4.0475,-0.02572741651081807
4.048,0.11169425695115034
4.0485,0.08373266439385861
4.049,-0.05430153166138731
4.0495,-0.21020942001669796
4.05,-0.29951959572037556
4.0505,-0.2994042974787048
4.051,-0.27585263844837643
4.0515,-0.32978709334684303
4.0520000000000005,-0.4821576383031121
4.0525,-0.6110063775701619
4.053,-0.5300660668728235
4.0535,-0.15719451262401207
4.054,0.3794644500011624
4.0545,0.801410493300406
4.055,0.8725996449890961
4.0555,0.5812670729534933
4.056,0.1580770494687452
4.0565,-0.10374192651606598
4.057,-0.08612473026751499
4.0575,0.06953640890041556
4.058,0.11783354777688382
4.0585,-0.033745325663942324
4.059,-0.21652904083905258
4.0595,-0.15875387851921824
4.0600000000000005,0.23907726106336236
4.0605,0.7795085629538024
4.061,1.1049911936838634
4.0615,0.968637117911186
4.062,0.4257831836842839
4.0625,-0.19287919414067523
4.063,-0.5222924686395933
4.0635,-0.44408680942961504
4.064,-0.1562420228895834
4.0645,0.04425269965601206
4.065,0.03495612738575587
4.0655,-0.08519688738626276
4.066,-0.1687181990185655
4.0665000000000004,-0.16777635323868142
4.067,-0.11814555026298512
4.0675,-0.052671224521968686
4.0680000000000005,0.02206980127510881
4.0685,0.09015241120782945
4.069,0.11894002735882346
4.0695,0.09992540637026948
4.07,0.06880855822950312
4.0705,0.061257557563026685
4.071,0.05656089821772415
4.0715,-0.011869126919028404
4.072,-0.17888858622827064
4.0725,-0.38547077794719453
4.073,-0.5045679193533088
4.0735,-0.44154407267353596
4.074,-0.220848984777092
4.0745000000000005,0.024564503172937624
4.075,0.15663797180033937
4.0755,0.13257996050756835
4.0760000000000005,0.012189512621959647
4.0765,-0.1174513224385472
4.077,-0.2117684383061094
4.0775,-0.27284982519122847
4.078,-0.3070032467868322
4.0785,-0.2896712492642716
4.079,-0.17328474565607713
4.0795,0.0627489474471303
4.08,0.36211247242846234
4.0805,0.5986095039192791
4.081,0.6519629618741347
4.0815,0.4987857185678333
4.082,0.2423459065696557
4.0825000000000005,0.04309478011790682
4.083,-0.0028591795230442337
4.0835,0.07151990337728675
4.0840000000000005,0.15452880454244539
4.0845,0.1591955687742924
4.085,0.07517880638775026
4.0855,-0.059167130224094124
4.086,-0.2040424531117217
4.0865,-0.3231820496976011
4.087,-0.3626162054341424
4.0875,-0.2747726214494228
4.088,-0.0934931558824835
4.0885,0.05419397642950906
4.089,0.07102095042303547
4.0895,0.015329686425968193
4.09,0.0510369580517813
4.0905000000000005,0.26285648019974245
4.091,0.5443928808022845
4.0915,0.66752744819778
4.0920000000000005,0.4647009190486233
4.0925,-0.015695882399617632
4.093,-0.5118854887439314
4.0935,-0.739790516889188
4.094,-0.610759843208597
4.0945,-0.25893798943634727
4.095,0.11650190408240861
4.0955,0.38366125386168437
4.096,0.4785614436799615
4.0965,0.3769685655912027
4.097,0.12053560557477326
4.0975,-0.17176314702336568
4.098,-0.36940494529407264
4.0985000000000005,-0.40819327561400837
4.099,-0.30268849906896117
4.0995,-0.11410893042734493
4.1,0.07475657034134478
4.1005,0.18362034023305707
4.101,0.181361060618496
4.1015,0.11844855155161751
4.102,0.08409068201710312
4.1025,0.11320117355137178
4.103,0.1466981589854472
4.1035,0.08963309328711058
4.104,-0.1005229535814876
4.1045,-0.37488423689888434
4.105,-0.6136984335219287
4.1055,-0.6829699229916465
4.106,-0.5126500934857927
4.1065000000000005,-0.1617486369978772
4.107,0.19518349253392664
4.1075,0.381346405418604
4.108,0.34538087021156144
4.1085,0.18079190215346863
4.109,0.02161858513808964
4.1095,-0.06577333060195384
4.11,-0.08764158863504
4.1105,-0.05930426761962787
4.111,0.020204796552815287
4.1115,0.13817504602189587
4.112,0.2633484948935213
4.1125,0.3858976345716638
4.113,0.5133100131935732
4.1135,0.6008243351470819
4.114,0.5450554326741013
4.1145000000000005,0.30280705234119504
4.115,-0.018574728460715142
4.1155,-0.24674685137856428
4.116,-0.3099873850322977
4.1165,-0.2784073162668833
4.117,-0.2452877090266375
4.1175,-0.21044155968338893
4.118,-0.1140903554434598
4.1185,0.025091883627868024
4.119,0.06509002432687899
4.1195,-0.10607851375408175
4.12,-0.3786690985283167
4.1205,-0.4574714806876353
4.121,-0.14669255844947454
4.1215,0.4192493450084513
4.122,0.8698856096822757
4.1225000000000005,0.9225337283415795
4.123,0.5992840601356596
4.1235,0.15111048444843503
4.124,-0.18114500910484385
4.1245,-0.32310817404122794
4.125,-0.3391336077321079
4.1255,-0.3021778047904887
4.126,-0.20590130415848604
4.1265,-0.006467289392800528
4.127,0.2565243214866071
4.1275,0.4151710038127167
4.128,0.292635985586822
4.1285,-0.1076161057441446
4.1290000000000004,-0.5394731365044976
4.1295,-0.6893667749998686
4.13,-0.4649873707356318
4.1305000000000005,-0.10074517771236594
4.131,0.06731397560283539
4.1315,-0.07105215361037062
4.132,-0.3254782419829081
4.1325,-0.4312973027911715
4.133,-0.30049205689765734
4.1335,-0.06257624621797411
4.134,0.0846702443235864
4.1345,0.05349632518266752
4.135,-0.0667529912750161
4.1355,-0.10561336129945997
4.136,0.009375966238205424
4.1365,0.17381734398021315
4.1370000000000005,0.2285261880240216
4.1375,0.14655103048295
4.138,0.05690830675338136
4.1385000000000005,0.0764161101475869
4.139,0.16091942143380641
4.1395,0.16572234770981684
4.14,0.04457595192369559
4.1405,-0.07170379313682812
4.141,-0.028169563827447848
4.1415,0.16995605731871513
4.142,0.36836432205331815
4.1425,0.4164794488898341
4.143,0.26612898119486544
4.1435,-0.029729589975707064
4.144,-0.3363587889700546
4.1445,-0.46802864422580986
4.1450000000000005,-0.2964733717601841
4.1455,0.10845898890364186
4.146,0.4795061776466113
4.1465000000000005,0.5599704557731465
4.147,0.33719654536049415
4.1475,0.05842432979220111
4.148,-0.0022427658047148797
4.1485,0.19086566299541696
4.149,0.3938491998661745
4.1495,0.3213358339362361
4.15,-0.0530315505019167
4.1505,-0.4373824020447756
4.151,-0.48396869159741734
4.1515,-0.11725055346778493
4.152,0.3985947181062666
4.1525,0.6952418591389707
4.1530000000000005,0.5935688778025436
4.1535,0.2141445539483391
4.154,-0.1453329014091492
4.1545000000000005,-0.2530924334138608
4.155,-0.1177305405898751
4.1555,0.05025307490188334
4.156,0.049409683453700705
4.1565,-0.13274887085417042
4.157,-0.32714945489045827
4.1575,-0.34683216613142337
4.158,-0.16040056335800137
4.1585,0.058702952895359685
4.159,0.0628393135200989
4.1595,-0.23839742684632456
4.16,-0.6604082220497534
4.1605,-0.8914910552263606
4.1610000000000005,-0.7702940770642109
4.1615,-0.3972927805192897
4.162,0.0007321988484444396
4.1625,0.25298226309001415
4.163,0.30290760336308475
4.1635,0.17775710552878887
4.164,-0.04452807713883355
4.1645,-0.2726686561361715
4.165,-0.4493917151632388
4.1655,-0.5521357871857308
4.166,-0.5424595273465628
4.1665,-0.3663708562660076
4.167,-0.044764741622478725
4.1675,0.27697970169586006
4.168,0.4330543899222331
4.1685,0.3978471239968687
4.1690000000000005,0.3172660329294618
4.1695,0.36966988388420985
4.17,0.5905404428739679
4.1705,0.8306930976834611
4.171,0.8958003585962805
4.1715,0.7242004972517964
4.172,0.41401009441774295
4.1725,0.10218130358925301
4.173,-0.1308960477136594
4.1735,-0.24740942637612132
4.174,-0.22503343585654878
4.1745,-0.09723151119398604
4.175,0.021277403171825665
4.1755,0.027637637520193367
4.176,-0.043607498124833444
4.1765,-0.05161204715760005
4.1770000000000005,0.0705604827099871
4.1775,0.2190361575189859
4.178,0.23927849139554927
4.1785,0.1135524083499321
4.179,-0.010667683999196511
4.1795,0.019132612363481107
4.18,0.1900778285381414
4.1805,0.3272719464804571
4.181,0.27137660237545996
4.1815,0.040533003237601395
4.182,-0.20068862050362044
4.1825,-0.3181083784471059
4.183,-0.3177568943854436
4.1835,-0.2863409127029403
4.184,-0.2768279132645312
4.1845,-0.2748919564173346
4.1850000000000005,-0.23481968341064757
4.1855,-0.1161540952120824
4.186,0.0783701923645734
4.1865,0.26084087133201195
4.187,0.287467745751127
4.1875,0.0882670672405946
4.188,-0.23570286848667457
4.1885,-0.48134353990716816
4.189,-0.5070355679310606
4.1895,-0.3153986418716516
4.19,-0.01697233436272077
4.1905,0.23698499453391553
4.191,0.3200237015455151
4.1915000000000004,0.21222978770989134
4.192,0.028156573720564695
4.1925,-0.09294214563937345
4.1930000000000005,-0.13468507494238505
4.1935,-0.19102081660698997
4.194,-0.299439138441627
4.1945,-0.3557754102605555
4.195,-0.24332448604690704
4.1955,-0.006424002501117963
4.196,0.16772165367778755
4.1965,0.14284061556767869
4.197,-0.025913004662409055
4.1975,-0.1551849652135423
4.198,-0.11902074645059438
4.1985,0.04090539673423289
4.199,0.17724977801172861
4.1995000000000005,0.1834724413583911
4.2,0.07872510783329419
4.2005,-0.021830375202800824
4.2010000000000005,-0.00408573025027067
4.2015,0.15949296580946903
4.202,0.39387778537359547
4.2025,0.5771950828603973
4.203,0.6233152340883992
4.2035,0.5388314345763262
4.204,0.41214966471332265
4.2045,0.32687986004478714
4.205,0.26790177245160063
4.2055,0.13406499987908038
4.206,-0.12199695829957515
4.2065,-0.3846021149014961
4.207,-0.46461123242235786
4.2075000000000005,-0.3102768601771877
4.208,-0.0789650857667878
4.2085,0.030027750905116047
4.2090000000000005,-0.009972200044298149
4.2095,-0.03436369995480067
4.21,0.11159401537880424
4.2105,0.3688318699049677
4.211,0.49478259118794954
4.2115,0.3167528493403121
4.212,-0.07386790767080197
4.2125,-0.41735108168450963
4.213,-0.5491871014948085
4.2135,-0.5114627920986056
4.214,-0.4208858404258354
4.2145,-0.3182310762605651
4.215,-0.186704599904751
4.2155000000000005,-0.04966713829603657
4.216,0.029417954608749075
4.2165,0.038208686201201734
4.2170000000000005,0.045234495937138915
4.2175,0.10803973354580605
4.218,0.18155660755246597
4.2185,0.16328786471457105
4.219,0.029349834898796237
4.2195,-0.11990759969860476
4.22,-0.16918748134186
4.2205,-0.10298223525475618
4.221,0.0129902553003373
4.2215,0.11382676827572989
4.222,0.15009074734253539
4.2225,0.06803120005105252
4.223,-0.13252071205421076
4.2235000000000005,-0.3112779375052677
4.224,-0.25343753812347064
4.2245,0.09590832062545224
4.225,0.49190817913617335
4.2255,0.5748462941400786
4.226,0.2364586974779889
4.2265,-0.2343995102872001
4.227,-0.4216939159437798
4.2275,-0.19558858513916796
4.228,0.1833449933619991
4.2285,0.37180903529157183
4.229,0.29156077847103745
4.2295,0.13441769080146088
4.23,0.08756398769799592
4.2305,0.14307707121719895
4.231,0.1670555000037201
4.2315000000000005,0.07356403701338687
4.232,-0.10015997747792295
4.2325,-0.24980850486464934
4.233,-0.29985062355404696
4.2335,-0.2510537409707516
4.234,-0.15660198309241505
4.2345,-0.06283874187776511
4.235,0.026861278662887962
4.2355,0.13115159828474146
4.236,0.24169594095684244
4.2365,0.31181215254466044
4.237,0.29981937017522586
4.2375,0.21270976251281812
4.238,0.09785042098413589
4.2385,-0.009298666496947794
4.239,-0.12106918307096426
4.2395000000000005,-0.2612230903267981
4.24,-0.38691170908363287
4.2405,-0.37864918916521006
4.241,-0.14420408118963648
4.2415,0.2619156576353179
4.242,0.6343912610919837
4.2425,0.751131872774709
4.243,0.543412679836604
4.2435,0.15768340752932322
4.244,-0.15781709900017699
4.2445,-0.25084430240121225
4.245,-0.16424402955672604
4.2455,-0.04794268874795331
4.246,0.007155470507558317
4.2465,0.03230555343234558
4.247,0.09629572698881587
4.2475000000000005,0.1972208039299401
4.248,0.25501596026399703
4.2485,0.18712076655764398
4.249,-0.03053546545981971
4.2495,-0.35084383717716094
4.25,-0.6639628348508817
4.2505,-0.8332815269063827
4.251,-0.7714224205141883
4.2515,-0.49772577926365613
4.252,-0.11883910344388349
4.2525,0.22676562191657265
4.253,0.40210420307284994
4.2535,0.31159447181543926
4.2540000000000004,-0.023139090859519762
4.2545,-0.426293124284995
4.255,-0.6570927341382942
4.2555000000000005,-0.5795336234891817
4.256,-0.25981183558673676
4.2565,0.10157879417491267
4.257,0.3338998773458991
4.2575,0.40764797960491944
4.258,0.42054315800297914
4.2585,0.4955169764602038
4.259,0.6662504065544174
4.2595,0.8288379569875153
4.26,0.8184399108431655
4.2605,0.5651435257122011
4.261,0.174829885039828
4.2615,-0.15282967769710246
4.2620000000000005,-0.276442928743842
4.2625,-0.19124445693375663
4.263,-0.0006853320154036665
4.2635000000000005,0.1602236183164423
4.264,0.19701969297491484
4.2645,0.1008710007488589
4.265,-0.053839879282119925
4.2655,-0.1724831962796367
4.266,-0.2246290645790604
4.2665,-0.2662431048600401
4.267,-0.36402696546445723
4.2675,-0.4942518121704458
4.268,-0.5275502202623431
4.2685,-0.33361426486186013
4.269,0.07443757153384371
4.2695,0.4908717060156444
4.2700000000000005,0.6430138995743077
4.2705,0.4146247926551257
4.271,-0.04007062455843912
4.2715000000000005,-0.41886401964624936
4.272,-0.5095710315302736
4.2725,-0.30982549054162156
4.273,0.03744876888511708
4.2735,0.3583095427443003
4.274,0.5039346929415313
4.2745,0.39017455910813625
4.275,0.06995540558329114
4.2755,-0.2451629963817936
4.276,-0.3171611158168909
4.2765,-0.08846674256795725
4.277,0.2510626301867052
4.2775,0.42878666568936913
4.2780000000000005,0.3288610246193085
4.2785,0.06628301399711098
4.279,-0.1630331428444147
4.2795000000000005,-0.26683778192268043
4.28,-0.27334130080447355
4.2805,-0.21802502454003203
4.281,-0.09585793134207726
4.2815,0.06758525620613523
4.282,0.1748408378107596
4.2825,0.13970015397536503
4.283,-0.019375772936585347
4.2835,-0.21096681595717134
4.284,-0.36678324651164584
4.2845,-0.45219547214723377
4.285,-0.40093662247779727
4.2855,-0.12642879906499913
4.2860000000000005,0.3438603264276857
4.2865,0.7728185157293025
4.287,0.8365750176342703
4.2875000000000005,0.41310438569306895
4.288,-0.24374956738492898
4.2885,-0.6568132854508509
4.289,-0.5008240737843743
4.2895,0.12268896754076844
4.29,0.7467706799386378
4.2905,0.8935869891444729
4.291,0.449932703220359
4.2915,-0.23193447486973595
4.292,-0.6113878538747709
4.2925,-0.4156715565503112
4.293,0.12275584453839565
4.2935,0.4949753816530893
4.2940000000000005,0.40036031565091695
4.2945,-0.002754385344258604
4.295,-0.3089923156997841
4.2955,-0.27400548832826527
4.296,-0.0015871790906988783
4.2965,0.21849441960509403
4.297,0.20569598505277153
4.2975,0.022954578627886774
4.298,-0.14435043644370996
4.2985,-0.19564579736153362
4.299,-0.18095085283021767
4.2995,-0.19601155967311928
4.3,-0.26461090930900005
4.3005,-0.3210831074383837
4.301,-0.26841604390412926
4.3015,-0.06064261737829985
4.3020000000000005,0.22361028808789357
4.3025,0.38765049061428075
4.303,0.2563027303088554
4.3035,-0.1420394410655218
4.304,-0.5363665924455919
4.3045,-0.5955809423007292
4.305,-0.20159767503412035
4.3055,0.4207757044048425
4.306,0.8526250963451022
4.3065,0.8146020642834033
4.307,0.4040953166674549
4.3075,-0.003680706651001043
4.308,-0.1175034333937128
4.3085,0.01918286406124485
4.309,0.1503789672443924
4.3095,0.11805967900246647
4.3100000000000005,-0.01873961487860531
4.3105,-0.13798379344621575
4.311,-0.22531199127326643
4.3115,-0.34947955385943735
4.312,-0.5096282438791528
4.3125,-0.567231864471818
4.313,-0.3655799641444671
4.3135,0.08262821588835928
4.314,0.5579737487315932
4.3145,0.8107664492400973
4.315,0.7619917132598105
4.3155,0.514005352518745
4.316,0.20474661467088764
4.3165000000000004,-0.08835208880059565
4.317,-0.31348169980635604
4.3175,-0.39030087780099654
4.3180000000000005,-0.24642701857580868
4.3185,0.0832702044665584
4.319,0.4156255901990444
4.3195,0.5194650692862169
4.32,0.29486342624427864
4.3205,-0.13462667599423606
4.321,-0.5077654090102376
4.3215,-0.6149394220778217
4.322,-0.443627697844936
4.3225,-0.17874124487377954
4.323,-0.05291002498156867
4.3235,-0.1518653238816544
4.324,-0.34053013654317726
4.3245000000000005,-0.389644162522479
4.325,-0.18481807129165734
4.3255,0.1869915217884443
4.3260000000000005,0.5270235811527161
4.3265,0.6650848775798055
4.327,0.5444265251479142
4.3275,0.23984162904173684
4.328,-0.09202922954463473
4.3285,-0.31313854136241787
4.329,-0.3712710768761891
4.3295,-0.28301221181063674
4.33,-0.10040450353360522
4.3305,0.08136411549932665
4.331,0.14902302964018077
4.3315,0.08252943372066153
4.332,0.018898748372475654
4.3325000000000005,0.12241970154408074
4.333,0.37170956834299196
4.3335,0.5301958800329913
4.3340000000000005,0.37604083988687537
4.3345,-0.03958359875719883
4.335,-0.398824437505877
4.3355,-0.4093730604737821
4.336,-0.08229866703922427
4.3365,0.2918121543743206
4.337,0.42200003244069373
4.3375,0.2586636700970698
4.338,-0.017591832091223406
4.3385,-0.20823386680492778
4.339,-0.26036071044305
4.3395,-0.21508300060443583
4.34,-0.07467728362540889
4.3405000000000005,0.17474011600277448
4.341,0.4304242820719524
4.3415,0.4935368479208507
4.3420000000000005,0.27764721473162496
4.3425,-0.06624181888235006
4.343,-0.2780106603631676
4.3435,-0.22110045189141345
4.344,0.017767883703866498
4.3445,0.22647440606715774
4.345,0.24605992236569477
4.3455,0.0729254968100419
4.346,-0.1759851959113292
4.3465,-0.36679178045447863
4.347,-0.4238812715542738
4.3475,-0.34702656588371855
4.348,-0.18562234886352916
4.3485000000000005,0.006426395148159246
4.349,0.19114431672391002
4.3495,0.32127600232890957
4.3500000000000005,0.3261394884477333
4.3505,0.16605048187174903
4.351,-0.09347816172086273
4.3515,-0.2959195690651816
4.352,-0.3168338007327449
4.3525,-0.1762682236437299
4.353,-0.00906599517058983
4.3535,0.07867435538112638
4.354,0.1012780491554202
4.3545,0.13914612652872413
4.355,0.22418891785489245
4.3555,0.3041999431953661
4.356,0.314871521017262
4.3565000000000005,0.26463291766185715
4.357,0.22490354539493834
4.3575,0.22850135306875596
4.358,0.2019630422730416
4.3585,0.034973887684783524
4.359,-0.27508005572741573
4.3595,-0.5726523048233976
4.36,-0.6676457297999878
4.3605,-0.51951538828517
4.361,-0.2836678839590738
4.3615,-0.15860592883379543
4.362,-0.1904249561675021
4.3625,-0.23611760032521034
4.363,-0.11540346596510484
4.3635,0.20322766569671402
4.364,0.5572910736599812
4.3645000000000005,0.7235156389789376
4.365,0.6021732829729765
4.3655,0.28658509243771585
4.366,-0.02534067364146103
4.3665,-0.17868917198142495
4.367,-0.1487164932817793
4.3675,-0.022274860573792195
4.368,0.09573084485810619
4.3685,0.17060154870449115
4.369,0.23813902432150183
4.3695,0.31940432212393305
4.37,0.3596102862904671
4.3705,0.27731888997827187
4.371,0.06373214661172286
4.3715,-0.1927883063353139
4.372,-0.3739958475068494
4.3725000000000005,-0.3980776637675989
4.373,-0.23744172879775177
4.3735,0.06400598230482958
4.374,0.35959758488123605
4.3745,0.4426813856868635
4.375,0.2055431771482389
4.3755,-0.2286367720319588
4.376,-0.5771706821664175
4.3765,-0.6236551065159958
4.377,-0.37406680175736606
4.3775,-0.02409474461041826
4.378,0.1957489277109535
4.3785,0.1797400894603184
4.3790000000000004,0.0130264716397919
4.3795,-0.11200123491045229
4.38,-0.06629186995413504
4.3805000000000005,0.11706105028944902
4.381,0.2959801504381475
4.3815,0.34247935197392704
4.382,0.21802365976057864
4.3825,-0.019933373303023645
4.383,-0.24555765877220584
4.3835,-0.32244806149256194
4.384,-0.18485742351640788
4.3845,0.11451069707347593
4.385,0.43360136720400116
4.3855,0.6212308724412046
4.386,0.5946436868648765
4.3865,0.37849725429075703
4.3870000000000005,0.08880030478782992
4.3875,-0.13414999507715475
4.388,-0.20921725022132615
4.3885000000000005,-0.15827080573141014
4.389,-0.0754223838061145
4.3895,-0.04814333219875648
4.39,-0.097132594072201
4.3905,-0.17612951725806059
4.391,-0.22049084166375818
4.3915,-0.20704930545256237
4.392,-0.17882792938235345
4.3925,-0.19611975858986344
4.393,-0.24725753075738732
4.3935,-0.23606576823094674
4.394,-0.09619317686646119
4.3945,0.1036137158024869
4.3950000000000005,0.22098053231519404
4.3955,0.20180056400279775
4.396,0.12862744397504022
4.3965000000000005,0.09980178127176369
4.397,0.1115886898714728
4.3975,0.09146067466065969
4.398,0.017786585338747756
4.3985,-0.038142968073226924
4.399,0.005595158887062474
4.3995,0.14221551192452966
4.4,0.27522245547299756
4.4005,0.3106066804931335
4.401,0.23952847096863086
4.4015,0.1395780353925945
4.402,0.1150783902987538
4.4025,0.22087222484876612
4.4030000000000005,0.4004680568866508
4.4035,0.4984414193062918
4.404,0.38085470480588623
4.4045000000000005,0.06427832024426175
4.405,-0.2909298078440486
4.4055,-0.5190214232494341
4.406,-0.5718808802872757
4.4065,-0.5233908234920964
4.407,-0.48830879827015855
4.4075,-0.534416392032838
4.408,-0.6252722727272868
4.4085,-0.6248769105503936
4.409,-0.4022367393607669
4.4095,0.020213497557647547
4.41,0.43804284253602205
4.4105,0.6288790369776553
4.4110000000000005,0.5503435762620028
4.4115,0.35715553776603076
4.412,0.2343633519190559
4.4125000000000005,0.24231999835183055
4.413,0.31639981918215393
4.4135,0.36675203015573044
4.414,0.3426509699976325
4.4145,0.23076546832896566
4.415,0.058763007746300264
4.4155,-0.07931603501657189
4.416,-0.06011883916291824
4.4165,0.14133987400377587
4.417,0.37247076029683146
4.4175,0.4131542924261819
4.418,0.18272484133564232
4.4185,-0.187636721130855
4.4190000000000005,-0.47466142969766606
4.4195,-0.5201475770188064
4.42,-0.3083993865215313
4.4205,0.027615626597286214
4.421,0.2704032363879603
4.4215,0.2635550339326275
4.422,0.0373804031907021
4.4225,-0.22839454535742407
4.423,-0.3728873925946419
4.4235,-0.3635938178128227
4.424,-0.253516081793559
4.4245,-0.08875735750893426
4.425,0.1092259409516424
4.4255,0.2979998870284798
4.426,0.39244312620119326
4.4265,0.30398477877166263
4.4270000000000005,0.009729662737059764
4.4275,-0.397614685611525
4.428,-0.7198702518313803
4.4285,-0.750123157368998
4.429,-0.4328633049340542
4.4295,0.035876803332490825
4.43,0.31749249768564797
4.4305,0.21164368134116823
4.431,-0.1533722699840868
4.4315,-0.42634104771113074
4.432,-0.33921351276801803
4.4325,0.07646130289188836
4.433,0.5455506732427197
4.4335,0.7928944934734816
4.434,0.740829531601406
4.4345,0.5160100158921954
4.4350000000000005,0.30592819325872717
4.4355,0.20650212962805928
4.436,0.1771757404105535
4.4365,0.11571441639823918
4.437,-0.032706865451352936
4.4375,-0.22721433685511408
4.438,-0.3675654800350766
4.4385,-0.368903338328939
4.439,-0.21962742536666968
4.4395,0.007824370356746465
4.44,0.2086844924277083
4.4405,0.33413265182173135
4.441,0.42094333584680443
4.4415000000000004,0.5039747036068687
4.442,0.5165814059578182
4.4425,0.3393243121544646
4.4430000000000005,-0.02752356767343004
4.4435,-0.3808076540085428
4.444,-0.45855274033753207
4.4445,-0.19095862488822332
4.445,0.20600834719482433
4.4455,0.4159599820207334
4.446,0.3070729798914145
4.4465,0.021603757176672872
4.447,-0.1976559187703175
4.4475,-0.22812488331880698
4.448,-0.12682284181267864
4.4485,-0.03511891241974058
4.449,-0.05254141264170756
4.4495000000000005,-0.1670884575409821
4.45,-0.2729166562761315
4.4505,-0.2586037501321473
4.4510000000000005,-0.09824959627799897
4.4515,0.12689670487192958
4.452,0.2961957061492237
4.4525,0.34938831958866357
4.453,0.3122075936817388
4.4535,0.22037803576840637
4.454,0.06559681800877751
4.4545,-0.14319558834389196
4.455,-0.314758939690831
4.4555,-0.34361612021672827
4.456,-0.2323537937535341
4.4565,-0.09720013688636896
4.457,-0.047924261692295744
4.4575000000000005,-0.08530253791093279
4.458,-0.12788704784690574
4.4585,-0.1288209042964111
4.4590000000000005,-0.13006685766082943
4.4595,-0.18037143556886057
4.46,-0.24117177903009923
4.4605,-0.22497883909671995
4.461,-0.11033396442452391
4.4615,0.029687648252644305
4.462,0.1142650631257067
4.4625,0.13219072639619273
4.463,0.11881404550523159
4.4635,0.0881243406407822
4.464,0.029329878216644113
4.4645,-0.031517606331595664
4.465,-0.019145331953734485
4.4655000000000005,0.10384503291572941
4.466,0.26603438868691576
4.4665,0.3495597564727736
4.4670000000000005,0.31365154652691973
4.4675,0.2176797599949953
4.468,0.128885705347263
4.4685,0.05247345229269547
4.469,-0.031839782157668084
4.4695,-0.10021093293835172
4.47,-0.09245409778179463
4.4705,0.011642109746828293
4.471,0.15022308787153923
4.4715,0.21967665778741383
4.472,0.15392191264749144
4.4725,-0.012477148234117262
4.473,-0.14534583592544167
4.4735000000000005,-0.11288604683095566
4.474,0.07936439949997082
4.4745,0.2785112315438784
4.4750000000000005,0.33298484274990797
4.4755,0.23414629980338764
4.476,0.10056521575259994
4.4765,0.044612182344690304
4.477,0.07136088626883985
4.4775,0.09759281710391299
4.478,0.0457455261352762
4.4785,-0.0875753920515261
4.479,-0.22968448006456194
4.4795,-0.2781143017297549
4.48,-0.17306660552172837
4.4805,0.045293506368947516
4.481,0.25267359877329026
4.4815000000000005,0.3231662855341867
4.482,0.20808390972124516
4.4825,-0.02839338162500971
4.483,-0.22434974266585522
4.4835,-0.2129790975123449
4.484,0.031264972267221615
4.4845,0.3312558958260954
4.485,0.4382293300601026
4.4855,0.26045616947285966
4.486,-0.038089622322017985
4.4865,-0.18922652176811655
4.487,-0.08780113024088583
4.4875,0.10353253756860624
4.488,0.1304658112363926
4.4885,-0.09090462518904005
4.489,-0.4024827819637406
4.4895000000000005,-0.5651627239726252
4.49,-0.4658578595711675
4.4905,-0.1909018474075628
4.491,0.06083138867486707
4.4915,0.133037215901592
4.492,0.025528773078147694
4.4925,-0.10840187992433913
4.493,-0.09497758547782298
4.4935,0.09181490044040214
4.494,0.2943309455769163
4.4945,0.32757166602980864
4.495,0.1763202067734289
4.4955,0.016823312962899052
4.496,0.023586845630221086
4.4965,0.16757390201984979
4.497,0.24544207545097974
4.4975000000000005,0.11707261662523305
4.498,-0.13193143154333228
4.4985,-0.2986542810983973
4.499,-0.304516210141674
4.4995,-0.27852365563593934
4.5,-0.3888996394246383
4.5005,-0.6215280674147378
4.501,-0.7612625520257847
4.5015,-0.6083492542553799
4.502,-0.2011153617605471
4.5025,0.19956484148149678
4.503,0.35683060699248564
4.5035,0.2798721412245418
4.5040000000000004,0.18927933589189033
4.5045,0.2706520680303811
4.505,0.48997642094217675
4.5055000000000005,0.6558793707407804
4.506,0.6286913552542911
4.5065,0.45239117263279266
4.507,0.3067743466643056
4.5075,0.33694318705576803
4.508,0.5048955345754909
4.5085,0.607503335183866
4.509,0.46230279549471276
4.5095,0.0799003034580777
4.51,-0.3424009299276319
4.5105,-0.5747859056718692
4.511,-0.5105838810279287
4.5115,-0.22185444202549934
4.5120000000000005,0.10635869311301857
4.5125,0.3112903551323549
4.513,0.3489030179561837
4.5135000000000005,0.2814317321152926
4.514,0.19326430453232463
4.5145,0.12021768733239964
4.515,0.043827120007276364
4.5155,-0.05420584000336893
4.516,-0.1398609850812069
4.5165,-0.14789336468285255
4.517,-0.05503335162034647
4.5175,0.09459096053304035
4.518,0.23280088122827558
4.5185,0.2929903172934709
4.519,0.2009031966636867
4.5195,-0.0804764899852603
4.5200000000000005,-0.46251946858973386
4.5205,-0.7500452642270232
4.521,-0.8024658671320489
4.5215000000000005,-0.6530355519405577
4.522,-0.444390311484417
4.5225,-0.27814360768705093
4.523,-0.15517884352280334
4.5235,-0.034349556871168654
4.524,0.09437056118571986
4.5245,0.19994405031105086
4.525,0.2478405452408425
4.5255,0.23036249055759403
4.526,0.16462257983021797
4.5265,0.07911999427312118
4.527,0.01589713541569272
4.5275,0.02869911007549253
4.5280000000000005,0.1365259637948703
4.5285,0.2653963294148565
4.529,0.2806143334566176
4.5295000000000005,0.1257338122321961
4.53,-0.08333386022618226
4.5305,-0.1529637480593641
4.531,-0.014319728981205142
4.5315,0.19342259595758893
4.532,0.25357403187953387
4.5325,0.0803588566184736
4.533,-0.19638261831307655
4.5335,-0.3462952842134493
4.534,-0.2490805825525622
4.5345,-0.004858436875468919
4.535,0.16558571812799636
4.5355,0.13362082533966183
4.5360000000000005,-0.022447181029799618
4.5365,-0.09901814293742475
4.537,0.050302440522996164
4.5375000000000005,0.3879533850013167
4.538,0.7068410138656335
4.5385,0.7785302141703608
4.539,0.5381196406459035
4.5395,0.14705877523759914
4.54,-0.15233593585436286
4.5405,-0.26536755926159766
4.541,-0.3054698920644805
4.5415,-0.4055927943097822
4.542,-0.5101327034467947
4.5425,-0.42502319300208175
4.543,-0.08498215443904003
4.5435,0.2948758158518765
4.5440000000000005,0.398737887707977
4.5445,0.141786138454134
4.545,-0.2243600515624581
4.5455,-0.3673827353926122
4.546,-0.2125118147254234
4.5465,0.010351269385133532
4.547,0.03894244283135939
4.5475,-0.15749307567894488
4.548,-0.38123692822526895
4.5485,-0.39840732935918566
4.549,-0.11096034577447444
4.5495,0.38038276606122695
4.55,0.8260278967530498
4.5505,0.9753062160337825
4.551,0.7350104332477537
4.5515,0.22452815248139912
4.5520000000000005,-0.2939595900218619
4.5525,-0.5573780766394308
4.553,-0.45461511317371733
4.5535,-0.1026126959643851
4.554,0.23862877164942708
4.5545,0.36688784925647416
4.555,0.2748338082707418
4.5555,0.10909717662610315
4.556,0.03047696328004333
4.5565,0.10919697527673039
4.557,0.28730132425806726
4.5575,0.4029944639483814
4.558,0.3060942873366201
4.5585,0.012323333670569484
4.559,-0.2799622328271266
4.5595,-0.3810671442944731
4.5600000000000005,-0.3060509048739329
4.5605,-0.22971827249920732
4.561,-0.25410979521693966
4.5615,-0.2860333658319332
4.562,-0.17107134122943882
4.5625,0.10350182786685017
4.563,0.38937913091147874
4.5635,0.5365061541222986
4.564,0.5181250977655714
4.5645,0.3943557444347503
4.565,0.2025702751665126
4.5655,-0.07278112867228285
4.566,-0.42492530958370267
4.5665000000000004,-0.7501662586015583
4.567,-0.8771630615392566
4.5675,-0.696105869540122
4.5680000000000005,-0.2759062332363079
4.5685,0.15631546723227943
4.569,0.37955387233027926
4.5695,0.3407907235252542
4.57,0.16197710148356947
4.5705,0.0004816132289535112
4.571,-0.08569837676726177
4.5715,-0.14241829707433645
4.572,-0.21718527213840352
4.5725,-0.2825997965060059
4.573,-0.26603363841169564
4.5735,-0.12209629054339854
4.574,0.14482181027884922
4.5745000000000005,0.48476294326151725
4.575,0.7771144013564916
4.5755,0.8414342120282722
4.5760000000000005,0.5674662890579129
4.5765,0.05970869189765837
4.577,-0.3972161555406326
4.5775,-0.5487914685120908
4.578,-0.3513554028141802
4.5785,0.020587051530854678
4.579,0.3104962857209436
4.5795,0.35439452316088055
4.58,0.1830121075550902
4.5805,-0.031441203470209206
4.581,-0.1443992244704598
4.5815,-0.15387164277989449
4.582,-0.14574344853489993
4.5825000000000005,-0.15779306201188104
4.583,-0.14158353977382562
4.5835,-0.06196933777779151
4.5840000000000005,0.012189455157584211
4.5845,-0.03494783709342225
4.585,-0.2188531535789171
4.5855,-0.4006048989318571
4.586,-0.3950976835472434
4.5865,-0.1240217358056603
4.587,0.32223461260383995
4.5875,0.7377923598036934
4.588,0.9187248930171463
4.5885,0.7833564992961891
4.589,0.4355430766323534
4.5895,0.11712953981741041
4.59,0.03782529718168772
4.5905000000000005,0.18201287456832868
4.591,0.29476019030563494
4.5915,0.1369512736179764
4.5920000000000005,-0.22248392935225866
4.5925,-0.43915428549756336
4.593,-0.2715723945289205
4.5935,0.12099097890164504
4.594,0.3337027208031766
4.5945,0.15302965478361494
4.595,-0.23841334163751893
4.5955,-0.4978820438493085
4.596,-0.47790140319358576
4.5965,-0.3033761956810767
4.597,-0.16276058613821393
4.5975,-0.108468001173185
4.598,-0.06880627217192134
4.5985000000000005,0.00835182477029052
4.599,0.09031349938253505
4.5995,0.13878758916447498
4.6000000000000005,0.1842957163018744
4.6005,0.2649365703781209
4.601,0.3210081757923332
4.6015,0.2238571819902044
4.602,-0.060472849624027256
4.6025,-0.3641141373197143
4.603,-0.4192500621563413
4.6035,-0.10613981205358008
4.604,0.3850860638086154
4.6045,0.673081043875429
4.605,0.5226212138808224
4.6055,0.07586805362241407
4.606,-0.28761622602500925
4.6065000000000005,-0.32865609934245726
4.607,-0.15225826651896607
4.6075,-0.033377891211377415
4.6080000000000005,-0.09809055958521476
4.6085,-0.2233649828522384
4.609,-0.2247015154348228
4.6095,-0.07771587918631609
4.61,0.07144793103817407
4.6105,0.08147504497454557
4.611,-0.04608391721045784
4.6115,-0.20735833183857413
4.612,-0.3209148578885525
4.6125,-0.3675517265717231
4.613,-0.34263754188935897
4.6135,-0.24229492837547228
4.614,-0.10193638956607823
4.6145000000000005,0.010886265154437268
4.615,0.06762583794071259
4.6155,0.11127709086998114
4.616,0.2009937455846596
4.6165,0.34474632042271713
4.617,0.49188296868667003
4.6175,0.5698819448666809
4.618,0.5262860043342709
4.6185,0.36019525231509725
4.619,0.12550013404134835
4.6195,-0.10078195834678444
4.62,-0.25364332353130686
4.6205,-0.29811207446905696
4.621,-0.2447237769145767
4.6215,-0.1486052442306758
4.622,-0.054022862848695986
4.6225000000000005,0.07593202401668725
4.623,0.33244973901773306
4.6235,0.7159378978581342
4.624,1.0302827421495966
4.6245,0.9932578508159117
4.625,0.5116756982279977
4.6255,-0.1663747921766745
4.626,-0.6314162603159591
4.6265,-0.6726168945990435
4.627,-0.44209205098409027
4.6275,-0.2516902220634047
4.628,-0.2362617108881267
4.6285,-0.2505401792941203
4.6290000000000004,-0.08092995951063543
4.6295,0.2929388452164833
4.63,0.6595139047919886
4.6305000000000005,0.7620279641247332
4.631,0.5164812214209074
4.6315,0.08339739686917248
4.632,-0.25986827078318847
4.6325,-0.35028447736084006
4.633,-0.26807046979008026
4.6335,-0.22539248801660106
4.634,-0.32716465000794054
4.6345,-0.4683929059639639
4.635,-0.46855219904129336
4.6355,-0.2716699886355921
4.636,-0.0015734024999108833
4.6365,0.15397122798860982
4.6370000000000005,0.1025934050527996
4.6375,-0.0854064750215741
4.638,-0.2506374591236565
4.6385000000000005,-0.2894339068119966
4.639,-0.23125193485068354
4.6395,-0.17635725435990252
4.64,-0.17091532421868733
4.6405,-0.15868198295123148
4.641,-0.0546251960603956
4.6415,0.1510422398074805
4.642,0.3756469393591012
4.6425,0.5182727376588332
4.643,0.5256389493509446
4.6435,0.3927171814056096
4.644,0.14868836082744039
4.6445,-0.1237211379253837
4.6450000000000005,-0.28511302691592727
4.6455,-0.22372527892944322
4.646,0.01842509360764804
4.6465000000000005,0.22966428847671133
4.647,0.1967215054440741
4.6475,-0.08054438369889913
4.648,-0.3571442341150539
4.6485,-0.35955190444888774
4.649,-0.05261194344464541
4.6495,0.3220235453739386
4.65,0.4896398383213877
4.6505,0.40700620314031616
4.651,0.2589456762488625
4.6515,0.21806685580772525
4.652,0.26761614353992147
4.6525,0.2738685667630631
4.6530000000000005,0.17842714077075708
4.6535,0.06612259184647871
4.654,0.0473576945002542
4.6545000000000005,0.11586171424150087
4.655,0.1538639462901729
4.6555,0.0699705658350536
4.656,-0.10496515777343644
4.6565,-0.2729529940361636
4.657,-0.3767032904554961
4.6575,-0.4140038688353631
4.658,-0.3815283582754158
4.6585,-0.26419222069433407
4.659,-0.0775534159492895
4.6595,0.1150141073677923
4.66,0.23340444257147464
4.6605,0.2267337094009513
4.6610000000000005,0.10681132644489874
4.6615,-0.05592861637070509
4.662,-0.18299562693246413
4.6625000000000005,-0.23316013601485197
4.663,-0.1919780798822407
4.6635,-0.055624982809294836
4.664,0.12697975695786265
4.6645,0.22731427955975922
4.665,0.13421726981580506
4.6655,-0.10171111247057826
4.666,-0.27235321297082854
4.6665,-0.19976239597031842
4.667,0.08798188152225932
4.6675,0.3841711189446099
4.668,0.503286486801364
4.6685,0.43989167120576705
4.6690000000000005,0.32302964545258855
4.6695,0.23668839330471864
4.67,0.1361493643377707
4.6705000000000005,-0.039321162546085836
4.671,-0.22992389825389853
4.6715,-0.303834074820549
4.672,-0.23050574167177085
4.6725,-0.13130111178411533
4.673,-0.13220566809861453
4.6735,-0.2170999642284788
4.674,-0.2619019056008505
4.6745,-0.18381911075984286
4.675,-0.024494962248481494
4.6755,0.10281571904705897
4.676,0.12334364861123435
4.6765,0.05326616277550319
4.6770000000000005,-0.0367683992154425
4.6775,-0.0811189426923203
4.678,-0.044504575219101616
4.6785,0.07409375320244108
4.679,0.2420787584507275
4.6795,0.4140544098402193
4.68,0.5602302483108325
4.6805,0.6555794506037719
4.681,0.6454545598272791
4.6815,0.4727631330375629
4.682,0.1686530739009302
4.6825,-0.12383068721260626
4.683,-0.2639650571569595
4.6835,-0.2414066588370944
4.684,-0.15907776981708918
4.6845,-0.09896117952555773
4.6850000000000005,-0.04701857485757004
4.6855,0.03686723424982021
4.686,0.11861792182474415
4.6865,0.11194627333730937
4.687,-0.0018606912881079848
4.6875,-0.1292454022395255
4.688,-0.17321166618233594
4.6885,-0.15676225436776925
4.689,-0.18974398862899505
4.6895,-0.32021065709991353
4.69,-0.4695243026914759
4.6905,-0.5289149955058638
4.691,-0.4787123477936079
4.6915000000000004,-0.38449908694498103
4.692,-0.3046677115127353
4.6925,-0.23773622029240102
4.6930000000000005,-0.14710599670039132
4.6935,-0.004226109178054439
4.694,0.18481003421406522
4.6945,0.35972605017717396
4.695,0.41706492849766114
4.6955,0.2913765205942381
4.696,0.04670124579227739
4.6965,-0.15622293700256312
4.697,-0.21533074873503655
4.6975,-0.17262872605829313
4.698,-0.11610455281325506
4.6985,-0.052197484680619945
4.699,0.06187146075650221
4.6995000000000005,0.19322519432490984
4.7,0.21991821859941285
4.7005,0.060124711120146314
4.7010000000000005,-0.21471986652727115
4.7015,-0.4104785082983825
4.702,-0.3602097404548276
4.7025,-0.05793083230893847
4.703,0.3456932901268507
4.7035,0.6661096324375009
4.704,0.7990144290365816
4.7045,0.7560087493900677
4.705,0.6392657429102956
4.7055,0.5677594398121346
4.706,0.5779779193208313
4.7065,0.5892189272943289
4.707,0.4948521745708678
4.7075000000000005,0.2893938845851237
4.708,0.07938981950618373
4.7085,-0.03406784576776113
4.7090000000000005,-0.05925665884915407
4.7095,-0.09184615719067797
4.71,-0.20502042886717514
4.7105,-0.3752821641786591
4.711,-0.5126453038329025
4.7115,-0.5451895077542205
4.712,-0.4619556318625503
4.7125,-0.2906288548200158
4.713,-0.06988626796734274
4.7135,0.1441616477280516
4.714,0.27818681342588514
4.7145,0.29116613608817754
4.715,0.2235697601341858
4.7155000000000005,0.16183221883903912
4.716,0.1435900929244667
4.7165,0.12926016985474975
4.7170000000000005,0.07611968985806639
4.7175,-0.005391313471043088
4.718,-0.09210196938597903
4.7185,-0.1915972948873682
4.719,-0.3035497607384896
4.7195,-0.37955853085477104
4.72,-0.3661816682592153
4.7205,-0.2671717432956844
4.721,-0.14136773889696527
4.7215,-0.05385013662039273
4.722,-0.03164904401764949
4.7225,-0.054496973164881696
4.723,-0.09051656437797632
4.7235000000000005,-0.13461276217093537
4.724,-0.19045394292076048
4.7245,-0.2237568685030273
4.7250000000000005,-0.17128228117454763
4.7255,-0.005190944928755855
4.726,0.23023216339354519
4.7265,0.436448325745961
4.727,0.4919786368533294
4.7275,0.29900204763002713
4.728,-0.13077134682117372
4.7285,-0.6220918312807509
4.729,-0.9232215622172543
4.7295,-0.8930444085278131
4.73,-0.5952984196589942
4.7305,-0.20147531680472539
4.731,0.15454830869190292
4.7315000000000005,0.3957836097406918
4.732,0.4453467894791513
4.7325,0.2540483785303545
4.7330000000000005,-0.0930988742517306
4.7335,-0.35766932244338534
4.734,-0.30255899576440676
4.7345,0.1029808708699708
4.735,0.6385398037742233
4.7355,1.008083653944995
4.736,1.0646390723506327
4.7365,0.8731702006202162
4.737,0.5941620323480135
4.7375,0.3469047976572292
4.738,0.17625152236445524
4.7385,0.09350014230750242
4.739,0.09892318546773181
4.7395000000000005,0.1664741143670266
4.74,0.2416585666423764
4.7405,0.27003486474633426
4.741,0.21500675008527784
4.7415,0.052948320049239
4.742,-0.20548916611796827
4.7425,-0.4655157116125903
4.743,-0.5672762415830274
4.7435,-0.42013174585386487
4.744,-0.11562478942259138
4.7445,0.14112926067815826
4.745,0.21587412274141313
4.7455,0.12727549542404307
4.746,-0.034087748161311354
4.7465,-0.19672584046972233
4.747,-0.30511577518562066
4.7475000000000005,-0.30066060679976103
4.748,-0.17139322080014896
4.7485,-0.005401661391207003
4.749,0.06335159144356119
4.7495,-0.00778675676400715
4.75,-0.10552284580310835
4.7505,-0.06659076280935972
4.751,0.141669399389098
4.7515,0.3609585531578667
4.752,0.37363518679857516
4.7525,0.09994240531550376
4.753,-0.31850190352332275
4.7535,-0.6162951018541579
4.7540000000000004,-0.6059097039121583
4.7545,-0.3278865686018607
4.755,-0.02337725958712777
4.7555000000000005,0.06272276708206315
4.756,-0.10790363806429432
4.7565,-0.33149109552603767
4.757,-0.3528371314017477
4.7575,-0.11400052955159232
4.758,0.1924182952319595
4.7585,0.32719739657183006
4.759,0.24081226412308424
4.7595,0.08768149959948601
4.76,0.032937376045923186
4.7605,0.08628447285867542
4.761,0.12150006875282615
4.7615,0.02324754548697452
4.7620000000000005,-0.19469999963568005
4.7625,-0.3950955404178718
4.763,-0.42939482727900435
4.7635000000000005,-0.2565097276846098
4.764,0.03513633129914134
4.7645,0.3138906501822856
4.765,0.5013748275094865
4.7655,0.583132604647586
4.766,0.5628603737669281
4.7665,0.46265594651487374
4.767,0.3650104338514451
4.7675,0.37789310696107126
4.768,0.5105083459836262
4.7685,0.6269936656265472
4.769,0.5799414377083448
4.7695,0.3790642544997613
4.7700000000000005,0.1807763712341672
4.7705,0.10117889895717327
4.771,0.08363292222034951
4.7715000000000005,-0.01115686264654408
4.772,-0.2146586799326022
4.7725,-0.4056357738438903
4.773,-0.44977675562447805
4.7735,-0.3375867523036585
4.774,-0.17940997171880768
4.7745,-0.10190173786746315
4.775,-0.157255735087224
4.7755,-0.2924241100782424
4.776,-0.37812003162687846
4.7765,-0.29493807004741257
4.777,-0.03978473841705722
4.7775,0.232484593299753
4.7780000000000005,0.2952642998367577
4.7785,0.02722236634227375
4.779,-0.4597931694774835
4.7795000000000005,-0.875789074231432
4.78,-0.9659895500347133
4.7805,-0.6960260943058351
4.781,-0.24934095451628588
4.7815,0.1372382235232276
4.782,0.33544052733700447
4.7825,0.35877254220749855
4.783,0.28616739312684647
4.7835,0.18145248703268005
4.784,0.07573345357723667
4.7845,-0.0058783439860815925
4.785,-0.033001363848868676
4.7855,0.0007736194522682564
4.7860000000000005,0.052243436958096794
4.7865,0.06089585085692866
4.787,0.017280743634077642
4.7875000000000005,-0.016979300941178124
4.788,0.02916910865782504
4.7885,0.16781450722469718
4.789,0.3545519980922415
4.7895,0.5255952072048681
4.79,0.5988728149661589
4.7905,0.47927560244064876
4.791,0.1482024190415189
4.7915,-0.2379516676581248
4.792,-0.42375056659644167
4.7925,-0.2980552384232816
4.793,-0.029700325775446727
4.7935,0.0972215297865913
4.7940000000000005,-0.02737548690023722
4.7945,-0.2512787850528068
4.795,-0.3424353265511158
4.7955000000000005,-0.2111667305661409
4.796,0.05079885407360964
4.7965,0.29380201925967975
4.797,0.42440338972178765
4.7975,0.42657435324520854
4.798,0.34050790495487815
4.7985,0.23883259980907795
4.799,0.18412214073306846
4.7995,0.18231144469968427
4.8,0.18218302056096122
4.8005,0.12886307056517055
4.801,0.02238997798276129
4.8015,-0.07773868884249642
4.8020000000000005,-0.1177329210164973
4.8025,-0.11976345449181838
4.803,-0.16692619709708517
4.8035,-0.3103311970244413
4.804,-0.5046309891297939
4.8045,-0.6333173901332028
4.805,-0.5828718243719314
4.8055,-0.316854243344823
4.806,0.07047357082149246
4.8065,0.38050241313920713
4.807,0.4630282981922385
4.8075,0.3689336191323539
4.808,0.28976580309271677
4.8085,0.3163844471433874
4.809,0.3280718960536226
4.8095,0.176745056731081
4.8100000000000005,-0.07545384455029612
4.8105,-0.1905600955815392
4.811,-0.03396264040869082
4.8115,0.2429557493323336
4.812,0.3489265257098986
4.8125,0.16866450462044114
4.813,-0.11705520560303334
4.8135,-0.23857038302126302
4.814,-0.11500891181676702
4.8145,0.10571871323456301
4.815,0.23290460864631382
4.8155,0.19709742947646908
4.816,0.05537091750622721
4.8165000000000004,-0.091655267526938
4.817,-0.17048570503090826
4.8175,-0.16611965439944404
4.8180000000000005,-0.114311752946397
4.8185,-0.058262399945958394
4.819,-0.0078070079560588115
4.8195,0.05059230176357342
4.82,0.10810515876324317
4.8205,0.11642528727229627
4.821,0.020668073047636105
4.8215,-0.19420617424641645
4.822,-0.4769062493086514
4.8225,-0.7152411586526142
4.823,-0.7813888370748729
4.8235,-0.6104036516900734
4.824,-0.2652794594833268
4.8245000000000005,0.08035456224579154
4.825,0.2553816798700845
4.8255,0.21340633511678725
4.8260000000000005,0.053458929232226775
4.8265,-0.07760455039508145
4.827,-0.1058922620383007
4.8275,-0.06259902750048006
4.828,-0.00641426293930258
4.8285,0.07061376269678342
4.829,0.2295866440584296
4.8295,0.45707362559088843
4.83,0.5961924958271252
4.8305,0.48809697879213637
4.831,0.1894678506150372
4.8315,-0.03298960821219754
4.832,0.022850628698173052
4.8325000000000005,0.26353237104935856
4.833,0.3998767981823841
4.8335,0.2701097736728029
4.8340000000000005,0.004865857328130146
4.8345,-0.14873379667430434
4.835,-0.10297260459493432
4.8355,0.026711590186781927
4.836,0.10660439994602694
4.8365,0.1297993961377274
4.837,0.1726993666297018
4.8375,0.2628476213935652
4.838,0.3242166483387772
4.8385,0.25365825636578765
4.839,0.04182196005322614
4.8395,-0.19199635052776154
4.84,-0.2940677513683223
4.8405000000000005,-0.21437635851018103
4.841,-0.05770171927172534
4.8415,0.01106987027082861
4.8420000000000005,-0.07157749919960837
4.8425,-0.2077433667701667
4.843,-0.2600019537531687
4.8435,-0.2134093769453504
4.844,-0.16678050314039147
4.8445,-0.17525115645625994
4.845,-0.1820530176256646
4.8455,-0.12997316195886793
4.846,-0.057430304518815034
4.8465,-0.02969022337186686
4.847,-0.04355918433142446
4.8475,-0.06781421010319431
4.848,-0.12216627888853644
4.8485000000000005,-0.23676791433127925
4.849,-0.36115015130922146
4.8495,-0.38842152184184536
4.8500000000000005,-0.27760044326758243
4.8505,-0.10724754906831216
4.851,0.011700089487571477
4.8515,0.05978041825854208
4.852,0.1273803904022199
4.8525,0.2958026904105088
4.853,0.5024625137670292
4.8535,0.5697049383110147
4.854,0.41069343784197815
4.8545,0.17060919588099122
4.855,0.08947026364174228
4.8555,0.22128271170093977
4.856,0.35283331011369823
4.8565000000000005,0.23926231457415104
4.857,-0.09879255264868832
4.8575,-0.35188988440907565
4.8580000000000005,-0.2251234043674342
4.8585,0.23576205107754777
4.859,0.6607655029204905
4.8595,0.7232378971757631
4.86,0.45512731233570874
4.8605,0.16376499935707317
4.861,0.08536798106275534
4.8615,0.18653093563501819
4.862,0.2792483303058295
4.8625,0.24130732940482313
4.863,0.08796735820174229
4.8635,-0.11867047211924643
4.864,-0.3491670963715483
4.8645000000000005,-0.568835271850599
4.865,-0.6756056642032953
4.8655,-0.5577275868260317
4.866,-0.23916061001011185
4.8665,0.07714515896764519
4.867,0.16441851398138838
4.8675,-0.015584263156052804
4.868,-0.27322209178341506
4.8685,-0.3804867691843329
4.869,-0.2885445546989048
4.8695,-0.13415145892750965
4.87,-0.051897393802635194
4.8705,-0.04104282101391444
4.871,-0.03180585840237124
4.8715,-0.01984039425750723
4.872,-0.06947626993114896
4.8725000000000005,-0.18485198748545337
4.873,-0.24212044512010023
4.8735,-0.1155256184475748
4.874,0.135495458295075
4.8745,0.27900790621695115
4.875,0.15435330756857793
4.8755,-0.1368372616632901
4.876,-0.3335710590232904
4.8765,-0.284862477241496
4.877,-0.0645113768768992
4.8775,0.15822371255962164
4.878,0.28167036735408346
4.8785,0.28981801573580496
4.8790000000000004,0.18498418247837992
4.8795,-0.027639690609125155
4.88,-0.2914214159126876
4.8805000000000005,-0.47267591799642983
4.881,-0.42122252559236223
4.8815,-0.0958281938193454
4.882,0.35257253864638916
4.8825,0.6503539300070809
4.883,0.6035865137635357
4.8835,0.270398013284489
4.884,-0.058866482202717264
4.8845,-0.08928039766018411
4.885,0.2157415587390373
4.8855,0.5860406513803756
4.886,0.6889277461606114
4.8865,0.44079025253363163
4.8870000000000005,0.07690933504946255
4.8875,-0.08388625814143803
4.888,0.04999649315787397
4.8885000000000005,0.25140101712214963
4.889,0.20161127719413535
4.8895,-0.17131366045889398
4.89,-0.5910166979247953
4.8905,-0.6957168211841694
4.891,-0.40354158360622244
4.8915,0.00476148135077434
4.892,0.16607332001941585
4.8925,-0.02751723024946903
4.893,-0.3606933400811933
4.8935,-0.5099303470256702
4.894,-0.31569576577608516
4.8945,0.09358334645098551
4.8950000000000005,0.39979639302381437
4.8955,0.3516947707758139
4.896,-0.01745680588629075
4.8965000000000005,-0.41315204921446963
4.897,-0.5354642327269711
4.8975,-0.3257861695828866
4.898,0.025565439675353817
4.8985,0.29150978578743114
4.899,0.40266790222304505
4.8995,0.4351311430940534
4.9,0.453613099095547
4.9005,0.4209593712879923
4.901,0.2722742742127026
4.9015,0.04241008963793823
4.902,-0.1284138873486249
4.9025,-0.13630166422879414
4.9030000000000005,-0.03141117324915819
4.9035,0.04445735950549017
4.904,0.023411913026022704
4.9045000000000005,-0.02902180607557691
4.905,-0.015158795873534695
4.9055,0.08122108336993192
4.906,0.19470707499303777
4.9065,0.25263525880223003
4.907,0.2189996582555548
4.9075,0.08995941924057894
4.908,-0.09205857710032964
4.9085,-0.2069541511290936
4.909,-0.1213467400884807
4.9095,0.14150613042180735
4.91,0.3416517820533044
4.9105,0.23014259524837735
4.9110000000000005,-0.16583891430425213
4.9115,-0.5264309006619889
4.912,-0.5518419148108125
4.9125000000000005,-0.2710170106211267
4.913,0.007861833910557605
4.9135,0.04910104007868238
4.914,-0.07484876291835399
4.9145,-0.13026699227359373
4.915,-0.03057854186704284
4.9155,0.09255592374366232
4.916,0.09416361577936484
4.9165,-0.02547491725552127
4.917,-0.18770513028074945
4.9175,-0.34887678502612357
4.918,-0.48165465187235285
4.9185,-0.5224627425525129
4.9190000000000005,-0.42472836933540326
4.9195,-0.23915341823382982
4.92,-0.0784058937625273
4.9205000000000005,0.00037426202357565726
4.921,0.044272652352211936
4.9215,0.1275688027035564
4.922,0.2531462924732537
4.9225,0.356542740365997
4.923,0.39298487682412386
4.9235,0.38206468061793125
4.924,0.36099245445748046
4.9245,0.32689802526742917
4.925,0.24922971116353224
4.9255,0.1314872658462442
4.926,0.04182808801343775
4.9265,0.06728112459104109
4.9270000000000005,0.22241035839402348
4.9275,0.3996698635754319
4.928,0.43562995646634506
4.9285,0.2585424639568586
4.929,-0.029699550436514774
4.9295,-0.24022160469731937
4.93,-0.26702342375382093
4.9305,-0.1536960179210012
4.931,-0.005809300488193399
4.9315,0.10946558951810931
4.932,0.15624683825456095
4.9325,0.08199937115976293
4.933,-0.14691332560798623
4.9335,-0.45224624702102656
4.934,-0.6414609011344801
4.9345,-0.5537481354483383
4.9350000000000005,-0.2202490183969635
4.9355,0.1399045097447753
4.936,0.2927329438736882
4.9365,0.1604950988935891
4.937,-0.15158461587392516
4.9375,-0.45428888450978033
4.938,-0.5921338980642383
4.9385,-0.5093737870826475
4.939,-0.25255991351229157
4.9395,0.07670453700079545
4.94,0.38096429752620165
4.9405,0.5957009098524649
4.941,0.6883790467556969
4.9415000000000004,0.6513533323842122
4.942,0.49670130693545744
4.9425,0.2678502779047183
4.9430000000000005,0.06589106887820383
4.9435,0.015682068491355276
4.944,0.13571731639905446
4.9445,0.2631906941501109
4.945,0.198571168473956
4.9455,-0.061711050736815945
4.946,-0.30840223826804547
4.9465,-0.35309828170225144
4.947,-0.21707714545425677
4.9475,-0.06470115805677956
4.948,-0.010008324948216981
4.9485,-0.040997944028225444
4.949,-0.10382409423982093
4.9495000000000005,-0.19018929373147309
4.95,-0.3140558834767354
4.9505,-0.43476077769088856
4.9510000000000005,-0.4494559253889713
4.9515,-0.28540301792142303
4.952,0.005156050374386952
4.9525,0.26736373389430956
4.953,0.3793241362884008
4.9535,0.3528121433828816
4.954,0.2820119640251848
4.9545,0.21602077686359886
4.955,0.12164188962177945
4.9555,-0.03719920375306807
4.956,-0.2284355112379726
4.9565,-0.3684669129884389
4.957,-0.38244372594894566
4.9575000000000005,-0.2518952142747094
4.958,-0.035147876049804704
4.9585,0.16220536431294355
4.9590000000000005,0.26866077381692427
4.9595,0.3024931906200693
4.96,0.3295098076007222
4.9605,0.3623172586725434
4.961,0.31445533935216924
4.9615,0.08675658598412499
4.962,-0.2720850038607511
4.9625,-0.5277502947218229
4.963,-0.46158426403646147
4.9635,-0.11913566207770201
4.964,0.20800727836809796
4.9645,0.2714917488992678
4.965,0.09134086358463114
4.9655000000000005,-0.11342867316070236
4.966,-0.15059934594949548
4.9665,0.015772362594423585
4.9670000000000005,0.28300876049881224
4.9675,0.48448525991689567
4.968,0.49138166401752154
4.9685,0.32499349820471474
4.969,0.1586320396599439
4.9695,0.14045312453636585
4.97,0.21536622874432484
4.9705,0.1815580165097169
4.971,-0.06675625113024238
4.9715,-0.3989049380090913
4.972,-0.5676595980329361
4.9725,-0.4457402371327789
4.973,-0.1377128776092065
4.9735000000000005,0.11969641912537358
4.974,0.16284493652196622
4.9745,0.025479595351329085
4.9750000000000005,-0.13235055018014813
4.9755,-0.21372942133854417
4.976,-0.2775936402567293
4.9765,-0.42444791636574997
4.977,-0.624089597476416
4.9775,-0.7196346585673846
4.978,-0.6162246829550012
4.9785,-0.40866969088610333
4.979,-0.2665688020561462
4.9795,-0.20734601919917847
4.98,-0.04705271737474188
4.9805,0.3791314273419687
4.981,0.9641359189680435
4.9815000000000005,1.3550667474943534
4.982,1.2663754292599412
4.9825,0.7457933166398739
4.9830000000000005,0.11330129730841805
4.9835,-0.3243826397029467
4.984,-0.4783347516407736
4.9845,-0.4631055891920031
4.985,-0.44122037260913305
4.9855,-0.4575827793867005
4.986,-0.3956681160114671
4.9865,-0.12592454897258712
4.987,0.2890405374841037
4.9875,0.5845779911993642
4.988,0.5246575965101152
4.9885,0.13036817163414707
4.989,-0.33101062840905465
4.9895000000000005,-0.573726563653601
4.99,-0.5179766502989592
4.9905,-0.31458551048841993
4.9910000000000005,-0.1551422996924715
4.9915,-0.06181172018550741
4.992,0.1037292814918513
4.9925,0.4164450213930789
4.993,0.7378748304613155
4.9935,0.8454794105489806
4.994,0.6790133141901462
4.9945,0.398995607640797
4.995,0.20383834850881738
4.9955,0.13236301899399197
4.996,0.06437468765511119
4.9965,-0.10146596790840333
4.997,-0.29792160705278276
4.9975000000000005,-0.3418769075060887
4.998,-0.1475118118057604
4.9985,0.13790668488407323
4.999,0.253813553274192
4.9995,0.0886295937991117
5.0,-0.03698608095092914
5.0005,-0.06675515635143799
5.001,-0.054738903840687435
5.0015,-0.017349148806376717
5.002,0.015364160027304839
5.0025,0.027294893940189534
5.003,0.022846601751252534
5.0035,0.014365520907676121
5.0040000000000004,0.007840770622915195
5.0045,-0.0009682693800641597
5.005,-0.020681434055953116
5.0055000000000005,-0.054425357018950384
5.006,-0.09099170930169384
5.0065,-0.10639643271702093
5.007,-0.08275539685853453
5.0075,-0.029683628185615363
5.008,0.018718070229295836
5.0085,0.032703842644067185
5.009,0.0110453577648184
5.0095,-0.023521405184629036
5.01,-0.048171479702245036
5.0105,-0.05626630344544551
5.011,-0.05253972553438717
5.0115,-0.03907850462312127
5.0120000000000005,-0.012534902028161134
5.0125,0.025804987639378205
5.013,0.06481926648109211
5.0135000000000005,0.09134698448830178
5.014,0.09879947881450256
5.0145,0.0871712542325466
5.015,0.060706035919419116
5.0155,0.028932524507388604
5.016,0.00499739894831772
5.0165,-0.003787825997432112
5.017,-0.003873352152426842
5.0175,-0.0077431372663514
5.018,-0.014739705399275996
5.0185,-0.005948151878289789
5.019,0.032443908943444365
5.0195,0.08219135555086227
5.0200000000000005,0.1007863692265139
5.0205,0.0623436548719211
5.021,-0.013250562161997726
5.0215000000000005,-0.07554772969729963
5.022,-0.08591238383789811
5.0225,-0.045123670029568345
5.023,0.013786057335806748
5.0235,0.05344843606085357
5.024,0.055775610927035535
5.0245,0.02696916448130149
5.025,-0.014094980992816692
5.0255,-0.05037761881804216
5.026,-0.07235106535936646
5.0265,-0.07693240642670547
5.027,-0.06693719605618197
5.0275,-0.04931437452202117
5.0280000000000005,-0.028816409405458113
5.0285,-0.0043218762479953895
5.029,0.025204671701638124
5.0295000000000005,0.05184619475792446
5.03,0.05816640169485986
5.0305,0.028024683488238097
5.031,-0.03699391331438309
5.0315,-0.10905208501798312
5.032,-0.14625114760685337
5.0325,-0.121851706151161
5.033,-0.04934580333551231
5.0335,0.02106090230942476
5.034,0.04171805388714718
5.0345,0.01182262145194898
5.035,-0.02240544260195407
5.0355,-0.016571918562107456
5.0360000000000005,0.027767243819315647
5.0365,0.06907649971030398
5.037,0.06912818797984853
5.0375000000000005,0.028441155913332045
5.038,-0.016418203683980864
5.0385,-0.028106988658186283
5.039,-0.0022910288553619883
5.0395,0.03205360685352144
5.04,0.044454099745336456
5.0405,0.032766785094083
5.041,0.019036568615727726
5.0415,0.017971634539444756
5.042,0.018770598872404468
5.0425,0.004477440122583699
5.043,-0.018894312422974825
5.0435,-0.026479644376303107
5.0440000000000005,-0.007232249260927928
5.0445,0.021596400117363378
5.045,0.03775354696050369
5.0455000000000005,0.03947610551435472
5.046,0.03738270312192348
5.0465,0.03014078506291826
5.047,0.005780622159081187
5.0475,-0.031135273065166107
5.048,-0.0493932932456306
5.0485,-0.020022339283880117
5.049,0.04697242307342496
5.0495,0.10262547002247138
5.05,0.10033182174677859
5.0505,0.036901360826029246
5.051,-0.047628339917217745
5.0515,-0.10586955621469527
5.0520000000000005,-0.11573776431347053
5.0525,-0.08546433006077547
5.053,-0.037119678911169705
5.0535000000000005,0.011661850243559889
5.054,0.05174273774694455
5.0545,0.07291225506118369
5.055,0.059094986872854104
5.0555,0.0029038016744015478
5.056,-0.07261759146954887
5.0565,-0.1170237608108959
5.057,-0.09343505441466173
5.0575,-0.021228517096395342
5.058,0.03400821720810053
5.0585,0.023695554845376336
5.059,-0.03388972841610059
5.0595,-0.07355476384266735
5.0600000000000005,-0.05129932369240159
5.0605,0.012701704455612996
5.061,0.058844259264600324
5.0615,0.0500646020371855
5.062,0.0053619708386041295
5.0625,-0.02587552822747117
5.063,-0.017146690507037765
5.0635,0.011339016642285548
5.064,0.020531630332922577
5.0645,-0.0037556119810744385
5.065,-0.04213917454749105
5.0655,-0.0706076919136895
5.066,-0.08340627072606198
5.0665000000000004,-0.08507953324318807
5.067,-0.07463434565889174
5.0675,-0.046828043076730025
5.0680000000000005,-0.0018001450400592792
5.0685,0.05251496490870647
5.069,0.10068471840459484
5.0695,0.11924406188782549
5.07,0.08829840623677883
5.0705,0.015513707571621963
5.071,-0.056812209490074386
5.0715,-0.08124893015867235
5.072,-0.045161905201471175
5.0725,0.021477165393405773
5.073,0.0754809570067214
5.0735,0.09318912076631322
5.074,0.0789521586410881
5.0745000000000005,0.052491819581401596
5.075,0.031433488306187564
5.0755,0.01904519067377111
5.0760000000000005,0.003309243293127227
5.0765,-0.02916115402712826
5.077,-0.07527178628864345
5.0775,-0.1141881440515669
5.078,-0.12373674465246903
5.0785,-0.09283492201092775
5.079,-0.02252275737968157
5.0795,0.06864002340382273
5.08,0.13674716335547368
5.0805,0.13059013083702312
5.081,0.03694030075664604
5.0815,-0.09435003860967711
5.082,-0.1823784484708622
5.0825000000000005,-0.17757342562265588
5.083,-0.09463554860134828
5.0835,0.00895836993630935
5.0840000000000005,0.07977612702439742
5.0845,0.09745033212963476
5.085,0.07278441441110568
5.0855,0.032181920137800364
5.086,0.003637282188597618
5.0865,0.003263966377630931
5.087,0.024832076619398877
5.0875,0.046814579795026394
5.088,0.05617391969940586
5.0885,0.06051568021602436
5.089,0.07063063025178738
5.0895,0.07742644602204964
5.09,0.05800824398146309
5.0905000000000005,0.006104463581046535
5.091,-0.05233133900413495
5.0915,-0.08048193988236699
5.0920000000000005,-0.06712769492686471
5.0925,-0.03883972155665465
5.093,-0.03428919479683125
5.0935,-0.06669654123930693
5.094,-0.11266290975899951
5.0945,-0.1370831606885911
5.095,-0.1258616197564251
5.0955,-0.09407556667917547
5.096,-0.06782341212264813
5.0965,-0.06228322556403189
5.097,-0.07326156315594749
5.0975,-0.08315919742456093
5.098,-0.07437871469345836
5.0985000000000005,-0.04117739086943586
5.099,0.007735882852078668
5.0995,0.055655409209172724
5.1000000000000005,0.08629717851613848
5.1005,0.08956055933261141
5.101,0.06441693492683935
5.1015,0.01977126760482545
5.102,-0.024324294356363067
5.1025,-0.03765612224179575
5.103,0.004181098666215816
5.1035,0.09001858574900402
5.104,0.1658861354886532
5.1045,0.17821854513510088
5.105,0.12802799489570446
5.1055,0.06699195781580448
5.106,0.036500869231645645
5.1065000000000005,0.02690026206222082
5.107,0.004873877748952527
5.1075,-0.034070328345554
5.1080000000000005,-0.05737361683356859
5.1085,-0.03701899061039745
5.109,0.013772570034263324
5.1095,0.048920807738104706
5.11,0.029134881429663695
5.1105,-0.04559604572316269
5.111,-0.13414461613389167
5.1115,-0.1816465285858409
5.112,-0.1565951773618126
5.1125,-0.07230876640402184
5.113,0.021027916332095185
5.1135,0.06829170757148886
5.114,0.04689195133391723
5.1145000000000005,-0.015442692122597666
5.115,-0.062244320774475566
5.1155,-0.056711128532127425
5.1160000000000005,-0.011739883233679187
5.1165,0.02757183130283183
5.117,0.028324868606069517
5.1175,-0.0017500909188823974
5.118,-0.02544235527730232
5.1185,-0.015993493722375837
5.119,0.014275156859784807
5.1195,0.03115255639408119
5.12,0.02308258841842946
5.1205,0.01543710660665967
5.121,0.03414472367976174
5.1215,0.0662459676103894
5.122,0.06981955007014881
5.1225000000000005,0.02324031542894517
5.123,-0.04425502764559759
5.1235,-0.07800024498441915
5.124,-0.05475777416774819
5.1245,-0.009977188367753763
5.125,-0.0030509694803352223
5.1255,-0.05534473515171477
5.126,-0.12762901127112536
5.1265,-0.1602181925239214
5.127,-0.13000222540672562
5.1275,-0.06533709430303698
5.128,-0.012929047479878913
5.1285,0.0006507671422159821
5.1290000000000004,-0.019860235107852876
5.1295,-0.04892872516212692
5.13,-0.05605024473344336
5.1305000000000005,-0.025043341229121725
5.131,0.02756614814537426
5.1315,0.05864453859521049
5.132,0.03944459174304829
5.1325,-0.007147861325222189
5.133,-0.02382898799717455
5.1335,0.01979664619666133
5.134,0.09107473196396372
5.1345,0.12675188445578692
5.135,0.0973376782627992
5.1355,0.031729325556621064
5.136,-0.020095170589281716
5.1365,-0.037314428019800776
5.1370000000000005,-0.03542953055857591
5.1375,-0.03449213247064192
5.138,-0.036399192215536655
5.1385000000000005,-0.03312268223206422
5.139,-0.02063444773681971
5.1395,0.0036922093018903774
5.14,0.044872529094772365
5.1405,0.09735383080513275
5.141,0.13383271027631466
5.1415,0.1225987151885752
5.142,0.060272610406377596
5.1425,-0.018889221632530658
5.143,-0.0694655307501948
5.1435,-0.0713719518042705
5.144,-0.04483298616024449
5.1445,-0.032042537611896786
5.1450000000000005,-0.05799779750219006
5.1455,-0.10251028023489804
5.146,-0.1140954682680185
5.1465000000000005,-0.060257030767879624
5.147,0.03418001954249402
5.1475,0.10372211444626997
5.148,0.0998426334523613
5.1485,0.032408109421056576
5.149,-0.042844490037525086
5.1495,-0.07396157815145815
5.15,-0.05177700321827898
5.1505,-0.007225872947304713
5.151,0.022544965042358547
5.1515,0.023566252067154514
5.152,0.005884208561799044
5.1525,-0.016305560939513308
5.1530000000000005,-0.03917634927964081
5.1535,-0.06494609442932293
5.154,-0.09022756863150588
5.1545000000000005,-0.10341409135083263
5.155,-0.09160653268615593
5.1555,-0.0499572914137366
5.156,0.009321156953245825
5.1565,0.05511552358204023
5.157,0.05450596841787084
5.1575,0.0032201538382558874
5.158,-0.060660403388400064
5.1585,-0.08245125531971786
5.159,-0.03850615587163729
5.1595,0.03880901465434385
5.16,0.08464550213037611
5.1605,0.05525911168731177
5.1610000000000005,-0.034675974228707794
5.1615,-0.12363878682259706
5.162,-0.1512344650445794
5.1625000000000005,-0.09992886035134256
5.163,-0.002308015055425305
5.1635,0.08332669381906806
5.164,0.11102818458833628
5.1645,0.0759334884930682
5.165,0.012437526673721217
5.1655,-0.037174606239058404
5.166,-0.05389852366079233
5.1665,-0.04558790398475634
5.167,-0.02843663914745571
5.1675,-0.012368982724377277
5.168,-0.002625309529283252
5.1685,-0.005531874994621795
5.1690000000000005,-0.023408828199398615
5.1695,-0.0442091915515268
5.17,-0.04540934675076616
5.1705000000000005,-0.015126697606964895
5.171,0.03240751734889698
5.1715,0.06719101250606101
5.172,0.0702347753304027
5.1725,0.04908535526250904
5.173,0.02878258978401538
5.1735,0.030618061634941345
5.174,0.05691687369364273
5.1745,0.08885697722810496
5.175,0.09733276790801008
5.1755,0.06337191067991806
5.176,-0.004461021742378748
5.1765,-0.07200069950857879
5.1770000000000005,-0.1038674822489596
5.1775,-0.09208730394131577
5.178,-0.06212129118299477
5.1785000000000005,-0.04812219945542709
5.179,-0.060836547385796455
5.1795,-0.08019665875803741
5.18,-0.07932674333630714
5.1805,-0.054802929082353256
5.181,-0.030535753673073082
5.1815,-0.02934804822785834
5.182,-0.04492517522996138
5.1825,-0.049722946034859966
5.183,-0.02858334698540044
5.1835,0.006108605835741252
5.184,0.032986884595253486
5.1845,0.043265574989660494
5.1850000000000005,0.03957610849076209
5.1855,0.02400727291556512
5.186,-0.002787306247603639
5.1865,-0.03252352030825953
5.187,-0.047797072299080784
5.1875,-0.0356678765032746
5.188,-0.0021548996229756798
5.1885,0.03231705553524355
5.189,0.05401836594464457
5.1895,0.06662570282242386
5.19,0.07697990703491855
5.1905,0.07701594411321161
5.191,0.04868808885580184
5.1915000000000004,-0.012634839330466168
5.192,-0.0837649604635104
5.1925,-0.12610557986753082
5.1930000000000005,-0.11636683421331438
5.1935,-0.06746593961813557
5.194,-0.016518967857106964
5.1945,0.011265259317726239
5.195,0.024069281960296514
5.1955,0.04350951250884061
5.196,0.06657140045746683
5.1965,0.06022002738714184
5.197,0.0008607413452238616
5.1975,-0.08886679228469445
5.198,-0.1536874610519289
5.1985,-0.1549722669687031
5.199,-0.09941746196979193
5.1995000000000005,-0.023746336835768385
5.2,0.03491237682659169
5.2005,0.05466561347270418
5.2010000000000005,0.03465837278021484
5.2015,-0.004047023499384166
5.202,-0.03152802350738464
5.2025,-0.030326663527225337
5.203,-0.004425272742641552
5.2035,0.027919242236142647
5.204,0.04585936557402642
5.2045,0.037171110114138914
5.205,0.006324682197970256
5.2055,-0.028722856142047403
5.206,-0.05127251594830899
5.2065,-0.05809829134555435
5.207,-0.056428664352224336
5.2075000000000005,-0.05036608736791127
5.208,-0.03495574252698843
5.2085,-0.007367818986000782
5.2090000000000005,0.02041354388937975
5.2095,0.029686185396699077
5.21,0.016606949373403762
5.2105,-0.003931550737798909
5.211,-0.018238416107306046
5.2115,-0.028099792959941146
5.212,-0.042319563082669015
5.2125,-0.06228047652161732
5.213,-0.07878012992009739
5.2135,-0.07933556468946243
5.214,-0.06097640796024003
5.2145,-0.039525698135412374
5.215,-0.03891281290786541
5.2155000000000005,-0.0625957185608607
5.216,-0.08119028667654252
5.2165,-0.06054107992044934
5.2170000000000005,-0.002343346074228041
5.2175,0.05384062792868951
5.218,0.07297112729972936
5.2185,0.05953512635263377
5.219,0.04382486836763002
5.2195,0.04370620197515587
5.22,0.05289744451553758
5.2205,0.061009259445104935
5.221,0.06761369423536052
5.2215,0.07280321380164687
5.222,0.06795963324901552
5.2225,0.04748874301979347
5.223,0.02500407907499169
5.2235000000000005,0.02478729333988473
5.224,0.05141206205734705
5.2245,0.07454019272022643
5.2250000000000005,0.05412119895265895
5.2255,-0.01655295685254523
5.226,-0.09720647879803927
5.2265,-0.13301850043549981
5.227,-0.10114665487975628
5.2275,-0.02832356309496548
5.228,0.03180595765997279
5.2285,0.038324073047052355
5.229,-0.011848407591575136
5.2295,-0.08893025773929632
5.23,-0.15617404318084055
5.2305,-0.19165059935988646
5.231,-0.18851649911571972
5.2315000000000005,-0.14261765752915928
5.232,-0.05260131467128368
5.2325,0.061148711142253544
5.2330000000000005,0.14815278052881026
5.2335,0.15745266330791846
5.234,0.0829550224757289
5.2345,-0.026334668933554732
5.235,-0.10473364295575417
5.2355,-0.11868127492378377
5.236,-0.08259949585191922
5.2365,-0.03389102886553857
5.237,0.0031315639103252
5.2375,0.027152795347534037
5.238,0.040736022061068716
5.2385,0.03633110406189144
5.239,0.008172115844940823
5.2395000000000005,-0.032336510771433756
5.24,-0.06424509914383092
5.2405,-0.07622892792797689
5.2410000000000005,-0.07005047386875961
5.2415,-0.04909409995864926
5.242,-0.014788404343267239
5.2425,0.024354028597940107
5.243,0.05080051061110921
5.2435,0.05160085432476677
5.244,0.029599509313385623
5.2445,-0.001414231620050898
5.245,-0.02783476754394339
5.2455,-0.04220804052085024
5.246,-0.04518940812039132
5.2465,-0.04416185212117422
5.247,-0.04644980871897117
5.2475000000000005,-0.05293195876193986
5.248,-0.05899533505276072
5.2485,-0.05888236095856802
5.249,-0.047043865921079925
5.2495,-0.019546060874883798
5.25,0.020136307882227398
5.2505,0.0573269659447055
5.251,0.07322054247865609
5.2515,0.0582958094444037
5.252,0.01877563701736803
5.2525,-0.02736413252886566
5.253,-0.05720417496222298
5.2535,-0.049844667476690654
5.2540000000000004,0.0011633478392708684
5.2545,0.07330613161844324
5.255,0.11808701459300305
5.2555000000000005,0.09489432763062756
5.256,0.012786725099072978
5.2565,-0.06769616081155264
5.257,-0.08611991415435628
5.2575,-0.0362655480030835
5.258,0.034175600515061126
5.2585,0.0702105733370578
5.259,0.04947571972512629
5.2595,-0.011137773358763368
5.26,-0.07045770519899737
5.2605,-0.0877841759171716
5.261,-0.0510782902834882
5.2615,0.009823101519359561
5.2620000000000005,0.04079688891962627
5.2625,0.002175070144217235
5.263,-0.09813179516334436
5.2635000000000005,-0.20220277248064508
5.264,-0.23992210058777522
5.2645,-0.18460074503861496
5.265,-0.07721926548210273
5.2655,0.009378352258063608
5.266,0.03371157439055916
5.2665,0.012216346736819528
5.267,-0.011407831889180667
5.2675,-0.010027543969364217
5.268,0.016195730626197197
5.2685,0.05577116933819431
5.269,0.09415254157215514
5.2695,0.1090228640734603
5.2700000000000005,0.07899427295079295
5.2705,0.010040289254175789
5.271,-0.058008910617973836
5.2715000000000005,-0.08616955190268716
5.272,-0.07341071379527603
5.2725,-0.04931873202253077
5.273,-0.03498291926285853
5.2735,-0.023600729370672407
5.274,-0.0005030912104703441
5.2745,0.03020720668741466
5.275,0.04875927164458049
5.2755,0.04389377150241191
5.276,0.02252962134807697
5.2765,-0.0036090010731979014
5.277,-0.02916489580924828
5.2775,-0.048769714474673154
5.2780000000000005,-0.04957667799778901
5.2785,-0.022122841648536666
5.279,0.021511616384277933
5.2795000000000005,0.05129390035031603
5.28,0.048028088749129526
5.2805,0.0240585554201612
5.281,0.008325446448164756
5.2815,0.012384093916683115
5.282,0.017787839690826684
5.2825,-0.0018843810682479204
5.283,-0.05077306315081632
5.2835,-0.10390210842347014
5.284,-0.12924964538565123
5.2845,-0.11699191471574759
5.285,-0.08715621328839501
5.2855,-0.06787853110676051
5.2860000000000005,-0.06786734530189116
5.2865,-0.07163292378847844
5.287,-0.058653021237579595
5.2875000000000005,-0.024009742384195128
5.288,0.017701513431127105
5.2885,0.04448375657040343
5.289,0.042636311415983306
5.2895,0.014825709834231999
5.29,-0.023460526521723913
5.2905,-0.055115691073546816
5.291,-0.0701939037624873
5.2915,-0.06580199918229986
5.292,-0.04322681804829651
5.2925,-0.010346389824306808
5.293,0.01692564740537313
5.2935,0.024952584971359944
5.2940000000000005,0.017088886258568414
5.2945,0.012683165850002629
5.295,0.02692917722781081
5.2955000000000005,0.05299926836175285
5.296,0.06691325774996681
5.2965,0.050615512630519756
5.297,0.009853160378141991
5.2975,-0.029408771191376318
5.298,-0.03957963478299878
5.2985,-0.008367898313477326
5.299,0.053134029570024596
5.2995,0.1119081471487603
5.3,0.12846553616530856
5.3005,0.08324105366998752
5.301,-0.0066435120887037
5.3015,-0.09794104625871601
5.3020000000000005,-0.15125473645574325
5.3025,-0.15514886620835291
5.303,-0.1264200017852818
5.3035000000000005,-0.09071721494615219
5.304,-0.06406520831080204
5.3045,-0.04929367019054206
5.305,-0.04168491530648377
5.3055,-0.033610849248193936
5.306,-0.0192997003825803
5.3065,-0.002500420069756682
5.307,0.0014731723863163904
5.3075,-0.021334787596067915
5.308,-0.06406787756686051
5.3085,-0.0960436448095382
5.309,-0.08685989858594541
5.3095,-0.03713082135795089
5.3100000000000005,0.018278029832603054
5.3105,0.04285157493065572
5.311,0.034365462264247235
5.3115000000000006,0.023928040766536086
5.312,0.038287645592411636
5.3125,0.06871492653625282
5.313,0.08062454455033051
5.3135,0.049287108702324944
5.314,-0.017692499552952455
5.3145,-0.08812698979754814
5.315,-0.12863666006442487
5.3155,-0.12289606907767381
5.316,-0.07802807193997724
5.3165000000000004,-0.021097204477350338
5.317,0.01572895901612889
5.3175,0.017787222497806968
5.3180000000000005,-0.0008846191177565074
5.3185,-0.013098336211020592
5.319,-0.0066567064934478755
5.3195,0.006060218111181502
5.32,0.00693424173388614
5.3205,-0.004643746050741904
5.321,-0.011747985473621011
5.3215,-0.000693858271737376
5.322,0.023124741587774472
5.3225,0.039035638018419694
5.323,0.026918053306383367
5.3235,-0.016146142757135114
5.324,-0.06741909747306765
5.3245000000000005,-0.0915664306856557
5.325,-0.07265325229131175
5.3255,-0.03151865641528119
5.3260000000000005,-0.004629965520986478
5.3265,-0.008110137310388047
5.327,-0.025979783490413855
5.3275,-0.02998397359926637
5.328,-0.009119307873858848
5.3285,0.018164253947782177
5.329,0.023053180368995327
5.3295,-0.0002997391857905672
5.33,-0.02648676356263948
5.3305,-0.029077217932314582
5.331,-0.013890619523294642
5.3315,-0.014368861887981782
5.332,-0.05340947264605807
5.3325000000000005,-0.11450549494015118
5.333,-0.15415655562331929
5.3335,-0.14162528864541776
5.3340000000000005,-0.08299794118685633
5.3345,-0.008255592443586243
5.335,0.055875617373387934
5.3355,0.09550411027592816
5.336,0.10199256674416424
5.3365,0.07069838665629513
5.337,0.013362211236817696
5.3375,-0.03620194880234256
5.338,-0.042361379596434115
5.3385,-0.0011586535994642082
5.339,0.05005358066244894
5.3395,0.06437009089650812
5.34,0.028781023740583653
5.3405000000000005,-0.026244249264847815
5.341,-0.05766667854330343
5.3415,-0.044945940789477126
5.3420000000000005,0.0011247771211087886
5.3425,0.05167479712913276
5.343,0.07775679246711822
5.3435,0.06488554606947085
5.344,0.019666533647597035
5.3445,-0.036841339095211936
5.345,-0.08429886018054206
5.3455,-0.11193363821155485
5.346,-0.11672995834274308
5.3465,-0.10221580789853714
5.347,-0.08121013726407184
5.3475,-0.07093498765347166
5.348,-0.0781327679533922
5.3485000000000005,-0.09083005587841295
5.349,-0.08986959289341087
5.3495,-0.06962984850971403
5.3500000000000005,-0.04364194930563114
5.3505,-0.027090432830815348
5.351,-0.016913861285767093
5.3515,0.005927758686100001
5.352,0.05306637712817929
5.3525,0.10814437761048161
5.353,0.13219614363021565
5.3535,0.09691133720846945
5.354,0.018216487570169825
5.3545,-0.04821632261549888
5.355,-0.05555343674620094
5.3555,-0.012986316247606124
5.356,0.022203173145810287
5.3565000000000005,0.004388798707618781
5.357,-0.05332115166286618
5.3575,-0.096827764292234
5.3580000000000005,-0.09000519904842964
5.3585,-0.04637135891937761
5.359,-0.0050672379914702215
5.3595,0.010664515656618904
5.36,0.005189635098391317
5.3605,-0.008572425689881803
5.361,-0.0257446084099806
5.3615,-0.045479102588001634
5.362,-0.0615408009044213
5.3625,-0.06626862646607368
5.363,-0.06084337137386925
5.3635,-0.05279708776458536
5.364,-0.042235433816249696
5.3645000000000005,-0.01797258085048505
5.365,0.027162922481393674
5.3655,0.07876925806756588
5.3660000000000005,0.10403879363945748
5.3665,0.07822247032318744
5.367,0.010746285254117745
5.3675,-0.05681397865113794
5.368,-0.08174558027847478
5.3685,-0.05238440467266719
5.369,0.004200548566438672
5.3695,0.042202888327645995
5.37,0.030914146757956715
5.3705,-0.021006087192504692
5.371,-0.07338071136000218
5.3715,-0.09112177446647393
5.372,-0.07369843683903855
5.3725000000000005,-0.04793998872564348
5.373,-0.037444053260818226
5.3735,-0.04412163709654667
5.3740000000000006,-0.054069558052888
5.3745,-0.05195777277105289
5.375,-0.031524707896077
5.3755,-0.0032888012455617485
5.376,0.0056830521085296515
5.3765,-0.02785057201284411
5.377,-0.09312451926297859
5.3775,-0.14247409850769746
5.378,-0.13158543069086406
5.3785,-0.06342414280597984
5.3790000000000004,0.015343730052229193
5.3795,0.060888542121243
5.38,0.06779995542944486
5.3805000000000005,0.060195009616198746
5.381,0.060338064870763784
5.3815,0.07256068173793889
5.382,0.08763119162933564
5.3825,0.09076461005264666
5.383,0.07033306261928178
5.3835,0.030885063353234724
5.384,-0.00428980564382634
5.3845,-0.014447909939835406
5.385,-0.00604196382565035
5.3855,-0.007954877860519039
5.386,-0.04003764168859007
5.3865,-0.09119986834843663
5.3870000000000005,-0.12935654865811763
5.3875,-0.12832966626801892
5.388,-0.08448457174319084
5.3885000000000005,-0.01457281097116611
5.389,0.05444017848643201
5.3895,0.09393681586068077
5.39,0.08313056424747206
5.3905,0.023178881426041627
5.391,-0.05458889317144349
5.3915,-0.1037698295208182
5.392,-0.097989306982546
5.3925,-0.05411510806538994
5.393,-0.016372923533516517
5.3935,-0.01405947065634031
5.394,-0.03571677850576978
5.3945,-0.04696529910959251
5.3950000000000005,-0.03222560028177142
5.3955,-0.012833778534485852
5.396,-0.01965909247794173
5.3965000000000005,-0.05315772546766629
5.397,-0.08199188835622961
5.3975,-0.08173118699875125
5.398,-0.060083330277867726
5.3985,-0.037959163376026325
5.399,-0.022678654139212846
5.3995,-0.01238533271397448
5.4,-0.012202616802676872
5.4005,-0.027680875975275916
5.401,-0.047067877930578525
5.4015,-0.04573131164615803
5.402,-0.012510450708415263
5.4025,0.03453037334750263
5.4030000000000005,0.06340285854674119
5.4035,0.057877475168960704
5.404,0.028148782970013532
5.4045000000000005,-0.0074959359236784
5.405,-0.04438607449954946
5.4055,-0.08814928753437248
5.406,-0.13341427869690514
5.4065,-0.15780337112232176
5.407,-0.1423821317820271
5.4075,-0.09160072217150741
5.408,-0.02892878438463423
5.4085,0.02250612084546415
5.409,0.053874293912989916
5.4095,0.07193029281787172
5.41,0.08864195782445429
5.4105,0.10505133164818721
5.4110000000000005,0.10539273064382078
5.4115,0.0731507008806968
5.412,0.014172707330997314
5.4125000000000005,-0.04174978725009545
5.413,-0.06576698192246852
5.4135,-0.05435845792775961
5.414,-0.026838679538351257
5.4145,-0.001984684407113021
5.415,0.01625398381654382
5.4155,0.030144073033726123
5.416,0.03533086521258138
5.4165,0.023522439131788083
5.417,-0.005492309744691287
5.4175,-0.03895807712586889
5.418,-0.057524620058431584
5.4185,-0.04716916411333665
5.4190000000000005,-0.010345849636581559
5.4195,0.030689361106711062
5.42,0.044801694143396215
5.4205000000000005,0.014827593119990658
5.421,-0.043583397672905894
5.4215,-0.08832826338293698
5.422,-0.08589079457013388
5.4225,-0.04482145100958054
5.423,-0.008935455757309705
5.4235,-0.013126757429096247
5.424,-0.04993543654418489
5.4245,-0.08160544234731741
5.425,-0.07865089388891111
5.4255,-0.04300445810978504
5.426,-8.975896070272408e-05
5.4265,0.023913671247798796
5.4270000000000005,0.017262095809984827
5.4275,-0.017305346482511908
5.428,-0.0680784848309603
5.4285000000000005,-0.11630318074191753
5.429,-0.1413590829598852
5.4295,-0.1351963836621713
5.43,-0.11068104058328337
5.4305,-0.08850857967952648
5.431,-0.07610290246809612
5.4315,-0.06325416503332086
5.432,-0.03613381880523371
5.4325,0.008799253325426772
5.433,0.06183802415867402
5.4335,0.10452569265588231
5.434,0.11788884286210713
5.4345,0.09350447568178648
5.4350000000000005,0.041694354508809414
5.4355,-0.011216566216307268
5.436,-0.036988939959444314
5.4365000000000006,-0.021638300160425564
5.437,0.025890403429129613
5.4375,0.07534329371227678
5.438,0.0889385399618161
5.4385,0.047600370378601764
5.439,-0.028595386364850643
5.4395,-0.09424154735390763
5.44,-0.12054333435124959
5.4405,-0.1173478369751104
5.441,-0.10800969808474177
5.4415000000000004,-0.09232885643529931
5.442,-0.047893783846294245
5.4425,0.0313044264664198
5.4430000000000005,0.10761367650148974
5.4435,0.12185414000714463
5.444,0.049941042244077104
5.4445,-0.06323478393589445
5.445,-0.13533634119615748
5.4455,-0.11947071681419567
5.446,-0.045337628249721484
5.4465,0.014248823575984192
5.447,0.01527747557734487
5.4475,-0.021471644991732368
5.448,-0.042420141409078696
5.4485,-0.021394403474172152
5.449,0.016495042109818194
5.4495000000000005,0.02780375788933198
5.45,-0.0010241805390531335
5.4505,-0.04336480096009705
5.4510000000000005,-0.06530276036999735
5.4515,-0.05975652648324949
5.452,-0.046231859067879785
5.4525,-0.04366137171055709
5.453,-0.04979997824270644
5.4535,-0.04676964118124842
5.454,-0.02240446869055098
5.4545,0.015000558441407208
5.455,0.04003088730471932
5.4555,0.029594954762328714
5.456,-0.01326901376930767
5.4565,-0.054447195508256795
5.457,-0.05764635913543466
5.4575000000000005,-0.02192310742917438
5.458,0.017592373139833434
5.4585,0.029215302282677557
5.4590000000000005,0.016797727091128156
5.4595,0.007950379784336305
5.46,0.016930533869384767
5.4605,0.028250983080882183
5.461,0.01912423902054191
5.4615,-0.009063719132302505
5.462,-0.031208505679000104
5.4625,-0.0303487212329321
5.463,-0.01958035758297075
5.4635,-0.02665731977623412
5.464,-0.060396232792986115
5.4645,-0.09755134370311036
5.465,-0.10474455579893613
5.4655000000000005,-0.07241657208612051
5.466,-0.024405437460643487
5.4665,0.007366571359275723
5.4670000000000005,0.01434094440069908
5.4675,0.013873518354732597
5.468,0.023256989941014668
5.4685,0.037482949366936386
5.469,0.0345484339431894
5.4695,0.0004999270813606377
5.47,-0.05211359354898156
5.4705,-0.09189038599806179
5.471,-0.09751528250707829
5.4715,-0.07948096377580954
5.472,-0.06914870092500816
5.4725,-0.08455623981518562
5.473,-0.1106496999614879
5.4735000000000005,-0.11592635937508868
5.474,-0.08578685895474329
5.4745,-0.035625789287746394
5.4750000000000005,0.007201941769167056
5.4755,0.027922484347202778
5.476,0.029864466147597236
5.4765,0.024096863334247348
5.477,0.019957555551869576
5.4775,0.01988616618050281
5.478,0.016213855626268064
5.4785,-0.0018556402177415474
5.479,-0.03048167427525802
5.4795,-0.04623273388842723
5.48,-0.029299605230805048
5.4805,0.01036320261568996
5.481,0.039560959826836266
5.4815000000000005,0.03608589812166395
5.482,0.010343094263654061
5.4825,-0.008765728361236257
5.4830000000000005,-0.0037187399641214454
5.4835,0.018025458398581325
5.484,0.03369020180869978
5.4845,0.024199959452253866
5.485,-0.011180952948247471
5.4855,-0.05342666018882028
5.486,-0.07767020982108305
5.4865,-0.0716131795537249
5.487,-0.04331617915966881
5.4875,-0.01467104110099707
5.488,-0.006271205005799503
5.4885,-0.021271696764886057
5.489,-0.03987741300239133
5.4895000000000005,-0.0337669943080557
5.49,0.008154048793285391
5.4905,0.06558362091807117
5.4910000000000005,0.09897768314944667
5.4915,0.0799676997675828
5.492,0.014723119338511685
5.4925,-0.06037597142595569
5.493,-0.1063295180097433
5.4935,-0.10801377300537693
5.494,-0.07994660722378943
5.4945,-0.050692438084132374
5.495,-0.04033707918704975
5.4955,-0.04834922687679865
5.496,-0.05843076238443663
5.4965,-0.053684782150000304
5.497,-0.03174206024197895
5.4975000000000005,-0.009841109585982178
5.498,-0.011728266160920348
5.4985,-0.04236548515362289
5.4990000000000006,-0.07492891960313684
5.4995,-0.06957782353291464
5.5,-0.011143035519741678
5.5005,0.07110505611089725
5.501,0.12323457526765745
5.5015,0.10981877859979969
5.502,0.04328690002210089
5.5025,-0.02739499810934353
5.503,-0.06173891725960592
5.5035,-0.06343877322176984
5.5040000000000004,-0.06657285470052005
5.5045,-0.08730751164263093
5.505,-0.1012900354569568
5.5055000000000005,-0.07689330017952122
5.506,-0.02320098961473006
5.5065,0.008663298104545402
5.507,-0.023525679006142414
5.5075,-0.10507055420516163
5.508,-0.1701280074288198
5.5085,-0.15618763483119147
5.509,-0.05714412516221125
5.5095,0.07114452933642498
5.51,0.15423906299653742
5.5105,0.15143107744137083
5.511,0.07767715808135854
5.5115,-0.013706312869810517
5.5120000000000005,-0.07089376952150478
5.5125,-0.07718039734902878
5.513,-0.05322119773589838
5.5135000000000005,-0.029455658631797752
5.514,-0.019349123563057395
5.5145,-0.01849974765299086
5.515,-0.020407212230810864
5.5155,-0.02351414299784157
5.516,-0.024303375815579405
5.5165,-0.013734813912125044
5.517,0.013075864235381327
5.5175,0.04667392747430807
5.518,0.06765660226187353
5.5185,0.061407694135015865
5.519,0.02846882938258461
5.5195,-0.016091891285030822
5.5200000000000005,-0.0521057172547356
5.5205,-0.0674746403331655
5.521,-0.0666942382897282
5.5215000000000005,-0.06594632410874494
5.522,-0.07644424160333964
5.5225,-0.09183910353068003
5.523,-0.09442588574785994
5.5235,-0.0744405072882381
5.524,-0.04098092408542772
5.5245,-0.01346828944497688
5.525,-0.004316988053249768
5.5255,-0.009836437027567563
5.526,-0.016342851181314032
5.5265,-0.015168872136801795
5.527,-0.011346591129725251
5.5275,-0.01490142333545697
5.5280000000000005,-0.023467992095038144
5.5285,-0.01917430977726325
5.529,0.011699787462309073
5.5295000000000005,0.057237327256804804
5.53,0.08392965186840753
5.5305,0.06665289437425675
5.531,0.015281308020034941
5.5315,-0.03112972592434641
5.532,-0.040323056760370346
5.5325,-0.018365192466714062
5.533,-0.00312817399873502
5.5335,-0.023990424760412337
5.534,-0.06953740577885124
5.5345,-0.09845819270454408
5.535,-0.0813212182022834
5.5355,-0.028068271429504934
5.5360000000000005,0.024493974268823007
5.5365,0.04753285110481817
5.537,0.04108836305321731
5.5375000000000005,0.024215544228551544
5.538,0.011240378450039936
5.5385,0.0021729440614933985
5.539,-0.007862048600104305
5.5395,-0.01887822196487389
5.54,-0.026769525047630124
5.5405,-0.02733426531494288
5.541,-0.019596687932341414
5.5415,-0.011517077405450755
5.542,-0.019522087200354005
5.5425,-0.05101202750422054
5.543,-0.0871697138899692
5.5435,-0.09647525100783011
5.5440000000000005,-0.07110602350157956
5.5445,-0.04049455176239121
5.545,-0.04067516216810926
5.5455000000000005,-0.07343990841642849
5.546,-0.10140240275433515
5.5465,-0.08446724188802997
5.547,-0.02086801082140067
5.5475,0.04794125949875377
5.548,0.07333116561224096
5.5485,0.0399760136245076
5.549,-0.027014343765499372
5.5495,-0.08740528009474152
5.55,-0.11476616811993147
5.5505,-0.10854351043214112
5.551,-0.08648509399988853
5.5515,-0.0646353015314657
5.5520000000000005,-0.04271283224253505
5.5525,-0.010691249297703695
5.553,0.03312355582004471
5.5535000000000005,0.07559611148694871
5.554,0.09734660848764475
5.5545,0.08443887647335178
5.555,0.037705970461299504
5.5555,-0.023691897989216795
5.556,-0.07133782287531928
5.5565,-0.08526587529208261
5.557,-0.06477151713685729
5.5575,-0.025125661747526725
5.558,0.012851941845789083
5.5585,0.032959137750547
5.559,0.0317539519632385
5.5595,0.020360029758856972
5.5600000000000005,0.013307280803557038
5.5605,0.01163601210444587
5.561,0.002045326923218854
5.5615000000000006,-0.022464832731767838
5.562,-0.0471647354563833
5.5625,-0.04850901947773904
5.563,-0.01929455935717536
5.5635,0.025629028762353713
5.564,0.06522354782832769
5.5645,0.08528720956317357
5.565,0.07680321479230152
5.5655,0.03305215278854287
5.566,-0.0419819085552989
5.5665000000000004,-0.12425590569328052
5.567,-0.1791547399130429
5.5675,-0.18758970126908897
5.5680000000000005,-0.160533726817292
5.5685,-0.12374041528513043
5.569,-0.09027429944727634
5.5695,-0.052429628847811244
5.57,-0.0008889445791074972
5.5705,0.052413858256958934
5.571,0.07668475138284725
5.5715,0.05204327460848958
5.572,-0.0032623216681004538
5.5725,-0.0401541231627917
5.573,-0.02033064359896896
5.5735,0.04396583506200209
5.574,0.09385126937339554
5.5745000000000005,0.07706463669766314
5.575,0.0030962136672902825
5.5755,-0.06204235438523098
5.5760000000000005,-0.06497534626583326
5.5765,-0.022084721044022475
5.577,0.00536811001189982
5.5775,-0.013235715894621271
5.578,-0.047224517053658474
5.5785,-0.0513203764167163
5.579,-0.02304920164514196
5.5795,-0.0010595951530730282
5.58,-0.015213900272656702
5.5805,-0.053194929848618414
5.581,-0.07983401408955304
5.5815,-0.07941715480369782
5.582,-0.06752829192354598
5.5825000000000005,-0.06283091216584268
5.583,-0.0602163442880246
5.5835,-0.03861044870924009
5.5840000000000005,0.010547327904601075
5.5845,0.06847347855821515
5.585,0.10156568616114509
5.5855,0.08869133170942783
5.586,0.04033788722153911
5.5865,-0.008206119295807465
5.587,-0.02742072394434296
5.5875,-0.02001496102996704
5.588,-0.013765575842301927
5.5885,-0.02720672253679137
5.589,-0.04884778751645083
5.5895,-0.05466780923497894
5.59,-0.04075547938519681
5.5905000000000005,-0.030886528453468724
5.591,-0.050727987571374526
5.5915,-0.09823655420991283
5.5920000000000005,-0.14160746907002075
5.5925,-0.14561606941450683
5.593,-0.10077198635750446
5.5935,-0.03139474341842993
5.594,0.02158653743498304
5.5945,0.030109230854586236
5.595,-0.00018107531645888443
5.5955,-0.03543109222079756
5.596,-0.04325134678589865
5.5965,-0.018787188380218443
5.597,0.018446682075053476
5.5975,0.046627734050846886
5.598,0.0523829506779147
5.5985000000000005,0.028201556564868113
5.599,-0.02010116090239859
5.5995,-0.06042863214475675
5.6000000000000005,-0.05165930188146214
5.6005,0.0100621077829901
5.601,0.07499811334318796
5.6015,0.08787296593388315
5.602,0.04738788493319567
5.6025,0.0024327885041613775
5.603,-0.00825326198803927
5.6035,0.004287878788867683
5.604,0.0028492776821977452
5.6045,-0.027491630928093605
5.605,-0.06266051350524773
5.6055,-0.06456853867591932
5.606,-0.019505495163150675
5.6065000000000005,0.042519882633752434
5.607,0.06757143571904287
5.6075,0.026608349824331218
5.6080000000000005,-0.05270451544028807
5.6085,-0.10926583478815477
5.609,-0.10612411563100785
5.6095,-0.061727555569485955
5.61,-0.02401173953704268
5.6105,-0.019170451598728707
5.611,-0.030972347073111126
5.6115,-0.028892772388768292
5.612,-0.009098127195941118
5.6125,-0.0008922055369275355
5.613,-0.03130316126666515
5.6135,-0.08719201495743151
5.614,-0.11913363094991056
5.6145000000000005,-0.08751867242786557
5.615,-0.0043692962335927735
5.6155,0.07245573113565879
5.6160000000000005,0.08678037901903023
5.6165,0.028829367958097155
5.617,-0.058539354680204866
5.6175,-0.11234223903170557
5.618,-0.09602767020987617
5.6185,-0.027423062229526736
5.619,0.036641839146345945
5.6195,0.04928811880600478
5.62,0.01001998851944866
5.6205,-0.044785749558969266
5.621,-0.0798674087488697
5.6215,-0.0862789281199778
5.622,-0.07686497685856902
5.6225000000000005,-0.06727804222457322
5.623,-0.06321123313670224
5.6235,-0.05982672341755255
5.6240000000000006,-0.048628901484697264
5.6245,-0.02617581078362261
5.625,0.0013676475085006884
5.6255,0.023213294978586357
5.626,0.03534800067493535
5.6265,0.0456608493332028
5.627,0.06454555828851416
5.6275,0.0902079171463053
5.628,0.10659687688597959
5.6285,0.0980115900800869
5.6290000000000004,0.06453568607039475
5.6295,0.021499075881696392
5.63,-0.01534919641386559
5.6305000000000005,-0.04205972408133708
5.631,-0.06432862172831909
5.6315,-0.08621608860281878
5.632,-0.10267628694472541
5.6325,-0.10185141384510109
5.633,-0.07425676149642353
5.6335,-0.02276096761175054
5.634,0.03341745660604864
5.6345,0.06538119518676318
5.635,0.05079766001269841
5.6355,-0.007883384311701831
5.636,-0.07768753144030542
5.6365,-0.11507699431693065
5.6370000000000005,-0.10130287158556768
5.6375,-0.057768968712277956
5.638,-0.022479425807190125
5.6385000000000005,-0.013478255882605017
5.639,-0.017628153897883157
5.6395,-0.011095504970925409
5.64,0.012856919629526526
5.6405,0.034940362625638766
5.641,0.027083302281810617
5.6415,-0.02005298341381583
5.642,-0.08429790834428486
5.6425,-0.12492606901772199
5.643,-0.11101978409993665
5.6435,-0.04473484831664085
5.644,0.03827439812041208
5.6445,0.09384211957435856
5.6450000000000005,0.09993049418923518
5.6455,0.06682173496440566
5.646,0.022143570877855893
5.6465000000000005,-0.011012379760176551
5.647,-0.025555856799036505
5.6475,-0.028127196931261415
5.648,-0.0294160924338135
5.6485,-0.03718388010156043
5.649,-0.05596754159936193
5.6495,-0.08500826360005323
5.65,-0.11040955523273543
5.6505,-0.10668896549035894
5.651,-0.059191185162154276
5.6515,0.012756301322564664
5.652,0.06387939519377692
5.6525,0.05999785770956485
5.6530000000000005,0.005974430823080483
5.6535,-0.060834069045615925
5.654,-0.09880468540536032
5.6545000000000005,-0.08746124070398852
5.655,-0.037742730201077636
5.6555,0.016578987309242513
5.656,0.041759215403108244
5.6565,0.025544390277440217
5.657,-0.017103033496463
5.6575,-0.055940600159403234
5.658,-0.0668727869623481
5.6585,-0.048237497204299505
5.659,-0.018901508456356644
5.6595,-0.0006869428968285162
5.66,-0.002017142833356047
5.6605,-0.016213418068375816
5.6610000000000005,-0.032277153614052256
5.6615,-0.043745080331633546
5.662,-0.04582430134753575
5.6625000000000005,-0.029888796845112996
5.663,0.009700855471166439
5.6635,0.06132761674096203
5.664,0.0958635871514046
5.6645,0.08835351476149678
5.665,0.04154301170394471
5.6655,-0.01483255968563686
5.666,-0.049039506570411104
5.6665,-0.050370044701970054
5.667,-0.02985801217822001
5.6675,-0.005112276740198504
5.668,0.011753071446467103
5.6685,0.014994007700214959
5.6690000000000005,0.0017811889496225954
5.6695,-0.02559366558775088
5.67,-0.05260137478908163
5.6705000000000005,-0.05569466339902675
5.671,-0.02509461322238814
5.6715,0.015386777609261416
5.672,0.024896285582396156
5.6725,-0.011998297536247104
5.673,-0.06829032757109073
5.6735,-0.10299022345457037
5.674,-0.09618142022619354
5.6745,-0.054240607184098906
5.675,0.0033119297135848972
5.6755,0.0510733357239737
5.676,0.06291568306134686
5.6765,0.027878762783317877
5.6770000000000005,-0.0345138815431615
5.6775,-0.08252008590847892
5.678,-0.08285569931072193
5.6785000000000005,-0.03607883199725544
5.679,0.024988904220930412
5.6795,0.05996268198719194
5.68,0.04997841032857046
5.6805,0.010413661377140254
5.681,-0.026152310106879767
5.6815,-0.04374709765050251
5.682,-0.05559461510325296
5.6825,-0.07897581378672285
5.683,-0.10651558460819825
5.6835,-0.11317705796911835
5.684,-0.08795412376288742
5.6845,-0.04812668055943576
5.6850000000000005,-0.020184057419465214
5.6855,-0.011689411267671902
5.686,-0.006135496596755408
5.6865000000000006,0.01340667072819215
5.687,0.039788249316036
5.6875,0.04818691737293272
5.688,0.027057857180512075
5.6885,-0.006357741889339337
5.689,-0.02604036037761836
5.6895,-0.025265503464916336
5.69,-0.017105587803812463
5.6905,-0.01268466795970033
5.691,-0.010870646396034024
5.6915000000000004,-0.0087689138670654
5.692,-0.008672141875614407
5.6925,-0.008854148362876263
5.6930000000000005,0.0008815088354376371
5.6935,0.023154919497046095
5.694,0.03894544458701593
5.694500000000001,0.023776363277320155
5.695,-0.02092497900365614
5.6955,-0.0638866305044195
5.696,-0.07655432719197838
5.6965,-0.06255295712354875
5.697,-0.04838531106246558
5.6975,-0.0494486237112173
5.698,-0.054481696866918845
5.6985,-0.045341658210993396
5.699,-0.024053574911130294
5.6995000000000005,-0.011582303563819856
5.7,-0.020332639115758045
5.7005,-0.035904435221548646
5.7010000000000005,-0.030856496945147572
5.7015,0.00554070290552928
5.702,0.05354151077641863
5.7025,0.0783639310942158
5.703,0.05980099495911107
5.7035,0.009488843045584554
5.704,-0.038101498090303845
5.7045,-0.05266156639303837
5.705,-0.03113592089131885
5.7055,0.00285846166386269
5.706,0.02328754637882435
5.7065,0.024974349125258043
5.707,0.021743251142452336
5.7075000000000005,0.02460754527987943
5.708,0.026596888698834184
5.7085,0.010793797092707514
5.7090000000000005,-0.027746747288667356
5.7095,-0.07108732015935657
5.71,-0.09312389142085108
5.7105,-0.08533193220195803
5.711,-0.06436868330612297
5.7115,-0.05346614174094062
5.712,-0.05881535360843238
5.7125,-0.06366544572041946
5.713,-0.04354696606694689
5.7135,0.009356104443386073
5.714,0.07160123546953275
5.7145,0.09999070828224933
5.715,0.06573033845396095
5.7155000000000005,-0.016490084819356526
5.716,-0.09327316553026767
5.7165,-0.11284493193205467
5.7170000000000005,-0.06939806670658931
5.7175,-0.009423678029387273
5.718,0.01189039784249776
5.7185,-0.014840472796825764
5.719,-0.044144894519415535
5.7195,-0.024091347179450724
5.72,0.04728456933707311
5.7205,0.1151646086320255
5.721,0.11611644344175207
5.7215,0.034567797549319566
5.722,-0.08240981762023804
5.7225,-0.16238091553003664
5.723,-0.16210475911496375
5.7235000000000005,-0.09383515941044335
5.724,-0.008611092728456126
5.7245,0.04335050385592909
5.7250000000000005,0.04545448059849162
5.7255,0.01909673478356091
5.726,-0.002879848790034926
5.7265,-0.008489805264080427
5.727,-0.011407993510041792
5.7275,-0.02644994876939612
5.728,-0.04971146429173273
5.7285,-0.0679122682119971
5.729,-0.07855300301484976
5.7295,-0.08821527367171975
5.73,-0.09259006160069935
5.7305,-0.07344085143908671
5.731,-0.023790442955120974
5.7315000000000005,0.03324907792599662
5.732,0.06381619243186949
5.7325,0.060027562241412605
5.7330000000000005,0.0459605513316197
5.7335,0.04519197290232213
5.734,0.053335354743573586
5.7345,0.04858623446852708
5.735,0.021363939085570535
5.7355,-0.015360390115118541
5.736,-0.0425867558355597
5.7365,-0.05392143217047249
5.737,-0.05575685063481678
5.7375,-0.053908361837887615
5.738,-0.04501826570410566
5.7385,-0.02303930025023323
5.739,0.006506422290535392
5.7395000000000005,0.022981386461542568
5.74,0.0069247831821096905
5.7405,-0.03880081740513623
5.7410000000000005,-0.08643567236434063
5.7415,-0.10290898865758143
5.742,-0.07439932624419753
5.7425,-0.018234418195695018
5.743,0.02677462886894124
5.7435,0.029039084994386316
5.744,-0.008847030031304274
5.7445,-0.05149748577565786
5.745,-0.06170256856896323
5.7455,-0.031040531339952653
5.746,0.018937348341871194
5.7465,0.06221513918878296
5.747,0.09024156524709341
5.7475000000000005,0.10778404230742909
5.748,0.11473573946867664
5.7485,0.1026974473131613
5.7490000000000006,0.0706445197365138
5.7495,0.03262980010302937
5.75,0.0004949392793902601
5.7505,-0.03381881504276794
5.751,-0.08372837866644708
5.7515,-0.13704568785943722
5.752,-0.1566205750222029
5.7525,-0.11927027101487366
5.753,-0.045637538692165996
5.7535,0.01452919369729416
5.7540000000000004,0.02515519080866909
5.7545,-0.0064002569507205075
5.755,-0.037876670088299605
5.7555000000000005,-0.03156224778568991
5.756,0.010306537464689458
5.7565,0.04788708894472315
5.757000000000001,0.04062571175716991
5.7575,-0.01840110041713791
5.758,-0.09847443632281815
5.7585,-0.1525994746808756
5.759,-0.14605282368802894
5.7595,-0.0784703424346144
5.76,0.012482562180725385
5.7605,0.07275842276096499
5.761,0.06794266788734717
5.7615,0.007267664227213574
5.7620000000000005,-0.06432744281434892
5.7625,-0.1005821853533136
5.763,-0.08659185647819237
5.7635000000000005,-0.042919398543051046
5.764,-0.0018463897741168248
5.7645,0.016825619425073154
5.765,0.009914839504242823
5.7655,-0.016449817892553096
5.766,-0.0493885749564381
5.7665,-0.0704100707487763
5.767,-0.06643528341447927
5.7675,-0.04339441486464427
5.768,-0.02250666592036924
5.7685,-0.01851063300066146
5.769,-0.024844100277993164
5.7695,-0.023950192499476018
5.7700000000000005,-0.009045292466645432
5.7705,0.009790783342229447
5.771,0.020541661448725178
5.7715000000000005,0.0246675071788962
5.772,0.03580198996180904
5.7725,0.06658887315029335
5.773,0.11755792370998289
5.7735,0.17391234633265573
5.774,0.20994360918188457
5.7745,0.201590227454871
5.775,0.14348219819945984
5.7755,0.05664396177856986
5.776,-0.024925859970502465
5.7765,-0.07917850803601495
5.777,-0.10710184783205708
5.7775,-0.11961986598693762
5.7780000000000005,-0.11945747028198535
5.7785,-0.10165559995600934
5.779,-0.06877859974177271
5.7795000000000005,-0.03603509199303375
5.78,-0.018758510776998735
5.7805,-0.021903499013304947
5.781,-0.04288241209185028
5.7815,-0.07368484297229895
5.782,-0.09608376925440738
5.7825,-0.08820266866580657
5.783,-0.047916153151460125
5.7835,-0.004214198060666945
5.784,0.0061760662248542385
5.7845,-0.025721978035852452
5.785,-0.07446263901667259
5.7855,-0.10692262220373915
5.7860000000000005,-0.1091078555128935
5.7865,-0.08979389234858155
5.787,-0.06875645323756804
5.7875000000000005,-0.06254028889878174
5.788,-0.07107435681952706
5.7885,-0.07299925811836017
5.789,-0.04181972357488682
5.7895,0.024962902375712165
5.79,0.09488129169225337
5.7905,0.12625591301182912
5.791,0.10716757903595313
5.7915,0.06508576248881012
5.792,0.0364868941614194
5.7925,0.030817194875307076
5.793,0.0272414130172733
5.7935,0.004477570226455239
5.7940000000000005,-0.029979445662711126
5.7945,-0.041898017855444315
5.795,-0.0036332921204105754
5.7955000000000005,0.07169848747621411
5.796,0.13168166639005036
5.7965,0.12758206722635348
5.797,0.05931780674651452
5.7975,-0.02472813320381513
5.798,-0.0724974987514051
5.7985,-0.06951452459012122
5.799,-0.03921270619771087
5.7995,-0.014651232855284399
5.8,-0.01616149103587163
5.8005,-0.045205256186035804
5.801,-0.08377769782060536
5.8015,-0.10112717644758006
5.8020000000000005,-0.07590189803469385
5.8025,-0.018114607044580573
5.803,0.035157022721162404
5.8035000000000005,0.049060681244628285
5.804,0.017638647745523817
5.8045,-0.034004080326216636
5.805,-0.06982918235940264
5.8055,-0.06590016205160153
5.806,-0.02039028726912926
5.8065,0.04842725523552773
5.807,0.10871730980394302
5.8075,0.1276515516519484
5.808,0.09193966869910698
5.8085,0.021570741139340245
5.809,-0.04330424212758104
5.8095,-0.07567081454284276
5.8100000000000005,-0.08023289866946808
5.8105,-0.078029094035366
5.811,-0.08087709476183673
5.8115000000000006,-0.08709005755412846
5.812,-0.09424075734800677
5.8125,-0.10410400125388762
5.813,-0.11442330062870185
5.8135,-0.1136108109467001
5.814,-0.08907075909464103
5.8145,-0.0422296927785734
5.815,0.004993898956820629
5.8155,0.02241676579988621
5.816,-0.0029722391725729032
5.8165000000000004,-0.0504874288526741
5.817,-0.0775675216617068
5.8175,-0.05319474492435086
5.8180000000000005,0.015350266003138519
5.8185,0.08559742866109656
5.819,0.11251275660709764
5.819500000000001,0.08477841506419839
5.82,0.031577533286484695
5.8205,-0.006229237654756397
5.821,-0.010053729124798813
5.8215,0.008911895222731513
5.822,0.02853207298916484
5.8225,0.03759975528184427
5.823,0.04073292719822811
5.8235,0.045307533494842234
5.824,0.04826709717201555
5.8245000000000005,0.040836227961663904
5.825,0.025052191760674605
5.8255,0.016342836502311203
5.8260000000000005,0.02333552156010711
5.8265,0.03158919169318259
5.827,0.019017175315915756
5.8275,-0.01245287069029262
5.828,-0.032918216079471804
5.8285,-0.019186038422508676
5.829,0.013945305479831756
5.8295,0.026064682772598748
5.83,-0.0071320695746899376
5.8305,-0.06984934990401374
5.831,-0.12114078993286904
5.8315,-0.12932790399325567
5.832,-0.09531464075582856
5.8325000000000005,-0.04745732432210738
5.833,-0.013817228847596634
5.8335,0.0008443043088272502
5.8340000000000005,0.010715812180475178
5.8345,0.025808913729891976
5.835,0.03785386149918894
5.8355,0.029709347885490747
5.836,-0.00293441350425948
5.8365,-0.04112437641636102
5.837,-0.05650687008958195
5.8375,-0.037722843432806914
5.838,-0.002529902025983112
5.8385,0.018345430798860446
5.839,0.009923469221039666
5.8395,-0.015544351222295322
5.84,-0.03481989443767038
5.8405000000000005,-0.037235541580017247
5.841,-0.02948647477321679
5.8415,-0.020843710145948314
5.8420000000000005,-0.012060649236792748
5.8425,-0.002955443046099052
5.843,-0.0035189142418428675
5.8435,-0.02563037040143807
5.844,-0.06229310968477029
5.8445,-0.08524765364479564
5.845,-0.07096485130737555
5.8455,-0.026889649711925763
5.846,0.012942002994585406
5.8465,0.018972945753897116
5.847,-0.008414651041052483
5.8475,-0.04247738293406236
5.848,-0.053826943216330796
5.8485000000000005,-0.029237060300390097
5.849,0.02395302124598263
5.8495,0.08086715607118249
5.8500000000000005,0.10916389406607671
5.8505,0.08983792958114163
5.851,0.03395294222297016
5.8515,-0.026570293566794346
5.852,-0.06632360388751125
5.8525,-0.08001880178505301
5.853,-0.07310757831899332
5.8535,-0.05180519254094092
5.854,-0.024634886803113754
5.8545,-0.002659201448492436
5.855,0.008052108186897763
5.8555,0.010355739108618974
5.856,0.010833291662137819
5.8565000000000005,0.014229472521562864
5.857,0.023139960142624545
5.8575,0.03792955192460095
5.8580000000000005,0.05331689749108904
5.8585,0.05646063012882009
5.859,0.03307027615770878
5.8595,-0.018030208531189803
5.86,-0.07262925827985599
5.8605,-0.0894908970707241
5.861,-0.043119760817074186
5.8615,0.045901812738901066
5.862,0.11711736182847735
5.8625,0.1152562361633424
5.863,0.03757381902985845
5.8635,-0.06047109073167243
5.864,-0.1105210617748105
5.8645000000000005,-0.08835097548102194
5.865,-0.02979931021618215
5.8655,0.008683679157962528
5.8660000000000005,0.005638466405009457
5.8665,-0.009708179144154117
5.867,0.0021112791934345615
5.8675,0.039924005559654266
5.868,0.06107406869732235
5.8685,0.03333566803422231
5.869,-0.022479298187113125
5.8695,-0.052226055720622805
5.87,-0.029612454997928347
5.8705,0.012018203402469849
5.871,0.015104533741246262
5.8715,-0.038557353283756216
5.872,-0.10598129521683959
5.8725000000000005,-0.12469528975108181
5.873,-0.07288243851036115
5.8735,0.010403705732943637
5.8740000000000006,0.060761719694729016
5.8745,0.04477985318283738
5.875,-0.0149131652890419
5.8755,-0.06669197031253021
5.876,-0.07776293602146228
5.8765,-0.054851897812431
5.877,-0.024715128763575574
5.8775,-0.0022581152251519142
5.878,0.019750581902758656
5.8785,0.05048693609061825
5.8790000000000004,0.07504307192168898
5.8795,0.059314143726809564
5.88,-0.010459289197214568
5.8805000000000005,-0.09911659385104724
5.881,-0.1470457284273426
5.8815,-0.12586203541836888
5.882000000000001,-0.062653176910232
5.8825,-0.008472076832208983
5.883,0.00860759143197057
5.8835,-0.003846561439568301
5.884,-0.02515779553851598
5.8845,-0.041250368836052896
5.885,-0.04211844824595897
5.8855,-0.018152587280814377
5.886,0.027246404061858888
5.8865,0.06942728240240353
5.8870000000000005,0.08166710869109628
5.8875,0.06301464305141882
5.888,0.038412536181884345
5.8885000000000005,0.03020691540309904
5.889,0.03528493860126937
5.8895,0.03163064195081274
5.89,0.0041038249539690624
5.8905,-0.03807910878899234
5.891,-0.06901552525615809
5.8915,-0.06931660961201101
5.892,-0.03977842878523565
5.8925,0.0051363661926567775
5.893,0.05016225756984157
5.8935,0.08263744753879265
5.894,0.08977257006726422
5.8945,0.06445845875067845
5.8950000000000005,0.020006721781443665
5.8955,-0.008704611400244713
5.896,0.0063446427952883345
5.8965000000000005,0.05227923679260966
5.897,0.07939698744380963
5.8975,0.047946891217310286
5.898,-0.03079279787270813
5.8985,-0.10325166929990229
5.899,-0.12059981160686849
5.8995,-0.07682518783568376
5.9,-0.008335003289480735
5.9005,0.03778954375610285
5.901,0.038793561153501334
5.9015,0.006609667226288731
5.902,-0.031015415489498897
5.9025,-0.05399474632245947
5.9030000000000005,-0.05566844523380324
5.9035,-0.037674691701484526
5.904,-0.00972530539941675
5.9045000000000005,0.010576941045393293
5.905,0.011020756009298721
5.9055,0.0002777536562056943
5.906,-0.0005671141220118343
5.9065,0.013352974790574481
5.907,0.020399621488075895
5.9075,-0.0018501596114116107
5.908,-0.04711892817702629
5.9085,-0.08346223287723817
5.909,-0.08243997930664942
5.9095,-0.042493208213274354
5.91,0.011160494332114178
5.9105,0.04517999969593136
5.9110000000000005,0.040707116467532764
5.9115,0.0054143143242564706
5.912,-0.03253234706078492
5.9125000000000005,-0.044470798601831514
5.913,-0.022725297401536657
5.9135,0.010915372521215055
5.914,0.020235630969045675
5.9145,-0.01310198820445934
5.915,-0.06925161853041198
5.9155,-0.10673269292835916
5.916,-0.09989757208492996
5.9165,-0.05598093198278876
5.917,0.0005868007708875185
5.9175,0.04869257276800841
5.918,0.0744233939429359
5.9185,0.06961109417047573
5.9190000000000005,0.03865035455556845
5.9195,0.00232610362992205
5.92,-0.01610611091764575
5.9205000000000005,-0.011475843173486877
5.921,0.0007246403585730154
5.9215,0.0031527476933046897
5.922,-0.005679800070793734
5.9225,-0.013219969102163684
5.923,-0.008825477863992126
5.9235,0.004156821776128519
5.924,0.011892404241348417
5.9245,0.004799823382692962
5.925,-0.013067928894960208
5.9255,-0.029508481094335164
5.926,-0.03499075071076428
5.9265,-0.02663375501650124
5.9270000000000005,-0.007432004467521032
5.9275,0.013834814565932326
5.928,0.02594070901342123
5.9285000000000005,0.023691874506152233
5.929,0.012553356901632829
5.9295,0.0040506259193270385
5.93,0.008023382103842552
5.9305,0.026721859067467477
5.931,0.05119458624119201
5.9315,0.0637137417976257
5.932,0.04876238226205669
5.9325,0.00550356808521113
5.933,-0.04901348422453681
5.9335,-0.0890827271771105
5.934,-0.09595854053626755
5.9345,-0.07054325037458449
5.9350000000000005,-0.03401396085186776
5.9355,-0.011007501224200742
5.936,-0.004842084843179075
5.9365000000000006,0.00886724932314016
5.937,0.054056138937601875
5.9375,0.11572531749803147
5.938,0.13915499560418085
5.9385,0.08101093222242776
5.939,-0.035850792669940346
5.9395,-0.12831725510206293
5.94,-0.12498124466944437
5.9405,-0.03462559797503613
5.941,0.06177763518869142
5.9415000000000004,0.08958597964839725
5.942,0.04768899402100471
5.9425,-0.003473422577750231
5.9430000000000005,-0.01251092223000183
5.9435,0.014216727048769742
5.944,0.031649423426320974
5.944500000000001,0.009916819341531226
5.945,-0.03877160487726393
5.9455,-0.08089168961768352
5.946,-0.09763706403079211
5.9465,-0.09511917089294313
5.947,-0.08400692420342219
5.9475,-0.06043105088034868
5.948,-0.014859684946551183
5.9485,0.043659978714203775
5.949,0.08309272266128824
5.9495000000000005,0.07461678644775495
5.95,0.021842015185063967
5.9505,-0.037907474384773016
5.9510000000000005,-0.06179082205397358
5.9515,-0.03527544713335599
5.952,0.016065785713457594
5.9525,0.04881308980709033
5.953,0.04034148871770207
5.9535,0.0058969145746005786
5.954,-0.023361184248179172
5.9545,-0.03286680174672192
5.955,-0.0284338124292578
5.9555,-0.015451470546074068
5.956,0.007616105592832894
5.9565,0.03127741491534342
5.957,0.02958831125962053
5.9575000000000005,-0.01060205560005594
5.958,-0.0619006942113197
5.9585,-0.07500669850297499
5.9590000000000005,-0.03017039416446048
5.9595,0.03662023645531333
5.96,0.06507404320804694
5.9605,0.029220714339723765
5.961,-0.0373708468734068
5.9615,-0.0769978052616974
5.962,-0.06761917718557
5.9625,-0.04120257733046775
5.963,-0.03695716666999876
5.9635,-0.04577733328627949
5.964,-0.021443528249585987
5.9645,0.05134013501770486
5.965,0.12357231465392304
5.9655000000000005,0.1305398077362821
5.966,0.06109996624749861
5.9665,-0.03301622899689827
5.9670000000000005,-0.08717220677936396
5.9675,-0.07261275218122965
5.968,-0.005943424259189332
5.9685,0.07165476763316435
5.969,0.12206453589570711
5.9695,0.1302800210730749
5.97,0.10867052077404843
5.9705,0.08294410597480029
5.971,0.06966675430668327
5.9715,0.06321760409366396
5.972,0.04278450891414268
5.9725,-0.006496135208398724
5.973,-0.076327621285774
5.9735000000000005,-0.13829087068418483
5.974,-0.16618634335831894
5.9745,-0.15657691761509826
5.9750000000000005,-0.1267789028854697
5.9755,-0.0956109068294662
5.976,-0.07167827615265496
5.9765,-0.05770826509703282
5.977,-0.05367277490683814
5.9775,-0.05040227790853138
5.978,-0.0315411721852516
5.9785,0.007310775679331494
5.979,0.0470628760792511
5.9795,0.06371172555650881
5.98,0.057176616291340514
5.9805,0.05201376345411092
5.981,0.06732724198106728
5.9815000000000005,0.09344892541486342
5.982,0.10334859079957102
5.9825,0.08354981747363328
5.9830000000000005,0.04832132695510107
5.9835,0.021757651494054075
5.984,0.008515383031345837
5.9845,-0.011001185057870958
5.985,-0.05109670722605232
5.9855,-0.0915276108909613
5.986,-0.09017886627913219
5.9865,-0.03037167232088935
5.987,0.05179773417458387
5.9875,0.09668488348267261
5.988,0.07756347949508288
5.9885,0.022310237758266564
5.989,-0.02035672992236885
5.9895000000000005,-0.028595627370938542
5.99,-0.019236251350267637
5.9905,-0.019616878767344893
5.9910000000000005,-0.03584270904771505
5.9915,-0.050383250933281276
5.992,-0.047202152282003064
5.9925,-0.032805253904569114
5.993,-0.026851364592037404
5.9935,-0.03444248193044659
5.994,-0.03832286115087132
5.9945,-0.023222145532564704
5.995,0.001661967998964193
5.9955,0.015031854754320773
5.996,0.013810211130269008
5.9965,0.01715300609604009
5.997,0.036666262472401547
5.9975000000000005,0.055370486507946334
5.998,0.04778389138609084
5.9985,0.014901863028608915
5.9990000000000006,-0.014840273408321489
5.9995,-0.020463868794213448
6.0,-0.14991322571207596
6.0005,-0.18512119125626703
6.001,-0.39530228932451894
6.0015,-0.5221464621425397
6.002,-0.31420937127427134
6.0025,0.15265389186611092
6.003,0.4967524278593219
6.0035,0.34839366093411817
6.0040000000000004,-0.334557027217553
6.0045,-1.201480039958261
6.005,-1.7298698161880504
6.0055000000000005,-1.5608946171715359
6.006,-0.7092304500326561
6.0065,0.4563269835296952
6.007000000000001,1.388086676731117
6.0075,1.6209653730076234
6.008,1.0906023756992969
6.0085,0.29602106753917795
6.009,-0.023770173777408022
6.0095,0.40788773443749876
6.01,1.0585851676079587
6.0105,1.1291787148682664
6.011,0.44883948694273207
6.0115,-0.35772628296605313
6.0120000000000005,-0.6343870749635487
6.0125,-0.41172311403369205
6.013,-0.2251597096177326
6.0135000000000005,-0.36906734709129896
6.014,-0.5491745691547123
6.0145,-0.2837589307114454
6.015000000000001,0.4935067064223355
6.0155,1.306773735691481
6.016,1.5692790207586078
6.0165,1.0909155200429599
6.017,0.18893316504647864
6.0175,-0.6177601546767542
6.018,-0.9821740907201112
6.0185,-0.8676449309793633
6.019,-0.4515833271437092
6.0195,0.014451774557129378
6.0200000000000005,0.2854850659371943
6.0205,0.20724255814615952
6.021,-0.17240987884553838
6.0215000000000005,-0.5954383368726189
6.022,-0.7725645625779406
6.0225,-0.6094796586322191
6.023,-0.2618392666316753
6.0235,0.03011609835935486
6.024,0.15148058680160587
6.0245,0.15240682684985413
6.025,0.10350283087072035
6.0255,-0.02925859033387896
6.026,-0.30841105325225704
6.0265,-0.6329816425212619
6.027,-0.7262066749956658
6.0275,-0.40752820602023654
6.0280000000000005,0.16657107287241452
6.0285,0.6219766173741679
6.029,0.7019647231879983
6.0295000000000005,0.4283627832356245
6.03,0.005435745169052221
6.0305,-0.32254068480214965
6.031,-0.3590477066046366
6.0315,-0.0504400813894563
6.032,0.43930352762765335
6.0325,0.7931925422447713
6.033,0.7378469771920501
6.0335,0.2336266546770528
6.034,-0.45291361932980184
6.0345,-0.8577339382130754
6.035,-0.6198448996546786
6.0355,0.20217322393822373
6.0360000000000005,1.1122650253103337
6.0365,1.550729448341888
6.037,1.3225017373908565
6.0375000000000005,0.637950840643693
6.038,-0.22980642678918212
6.0385,-1.1773468927824684
6.039,-2.0809507162909853
6.0395,-2.5506837376779647
6.04,-2.146858234722483
6.0405,-0.899906126422724
6.041,0.5321476423961059
6.0415,1.337368627764781
6.042,1.1988265611253413
6.0425,0.4854819891130028
6.043,-0.16884642779635614
6.0435,-0.439665484871817
6.0440000000000005,-0.4550294963746078
6.0445,-0.44397170068884434
6.045,-0.3941345650559251
6.0455000000000005,-0.13144397306981231
6.046,0.3634720168184811
6.0465,0.8582126880814267
6.047,1.077645276680007
6.0475,0.9218133653114181
6.048,0.49700675721967824
6.0485,0.024451659480852712
6.049,-0.27751522662868494
6.0495,-0.29926825722407036
6.05,-0.07899427233941983
6.0505,0.25508755976002495
6.051,0.5736087900408552
6.0515,0.7818364966969118
6.0520000000000005,0.8092512376361585
6.0525,0.6196993796964658
6.053,0.26091193448032496
6.0535000000000005,-0.10605228798200711
6.054,-0.27298307571724106
6.0545,-0.14849630245353124
6.055,0.10975879931932035
6.0555,0.17513587555164722
6.056,-0.15304361356134685
6.0565,-0.7086573623377153
6.057,-1.0506653478410337
6.0575,-0.8406877022145388
6.058,-0.15900813336658895
6.0585,0.544115800986298
6.059,0.8334006486855141
6.0595,0.6494606695348992
6.0600000000000005,0.27492049837607085
6.0605,-0.039556804385248674
6.061,-0.3077295518166292
6.0615000000000006,-0.6149220646104845
6.062,-0.8441332051171672
6.0625,-0.7847616996807569
6.063,-0.46523231429804834
6.0635,-0.15844325555571093
6.064,-0.014018697797777223
6.0645,0.11933104016408537
6.065,0.4056479482687838
6.0655,0.7159637363591627
6.066,0.76901940994896
6.0665000000000004,0.5161190854408102
6.067,0.2392715085354299
6.0675,0.2334146375800379
6.0680000000000005,0.45546924321983506
6.0685,0.5376895014221373
6.069,0.15387629010810472
6.069500000000001,-0.6255435318450135
6.07,-1.3290707944538929
6.0705,-1.4556828709407386
6.071,-0.9162681406033416
6.0715,-0.1281454830223169
6.072,0.36194659405519963
6.0725,0.3440921347681855
6.073,0.02412580157277462
6.0735,-0.27221514563650934
6.074,-0.3723697480599641
6.0745000000000005,-0.2858603892492975
6.075,-0.09223235224689648
6.0755,0.15323641151715084
6.0760000000000005,0.42519406785126873
6.0765,0.6570706742516044
6.077,0.708828044284246
6.077500000000001,0.4911447311738866
6.078,0.14247472744082462
6.0785,-0.023810226044084913
6.079,0.14970561842469993
6.0795,0.44369166224424983
6.08,0.48160590038576123
6.0805,0.12580386835262716
6.081,-0.43606532280760113
6.0815,-0.9039585632689467
6.082,-1.035594982975522
6.0825000000000005,-0.7242998905618279
6.083,-0.10959588286097253
6.0835,0.42405175716080284
6.0840000000000005,0.5297588011912109
6.0845,0.2177586687164841
6.085,-0.17207423555354734
6.0855,-0.3188258546938404
6.086,-0.1906617151909329
6.0865,0.03227494785994223
6.087,0.22286485976967318
6.0875,0.39403936045196736
6.088,0.5213114553535642
6.0885,0.4316196158229153
6.089,0.010767631761328323
6.0895,-0.5464217373864135
6.09,-0.8654433626975976
6.0905000000000005,-0.7794410285561236
6.091,-0.45329155752876044
6.0915,-0.1108799962480183
6.0920000000000005,0.21381745427809049
6.0925,0.5888833344183182
6.093,0.966447760379628
6.0935,1.1903647202182697
6.094,1.209086482077969
6.0945,1.144505603087467
6.095,1.076864226703474
6.0955,0.8547969034402991
6.096,0.25240619116229196
6.0965,-0.6649498258870228
6.097,-1.4238767569683386
6.0975,-1.5052847770592908
6.098,-0.8727019342522497
6.0985000000000005,-0.08705836476184821
6.099,0.19802963960244957
6.0995,-0.12177184807559462
6.1000000000000005,-0.5223678313327238
6.1005,-0.44744583002036004
6.101,0.07146048573680336
6.1015,0.4683842786162423
6.102,0.3014765161212223
6.1025,-0.2640369980886914
6.103,-0.7031504342588373
6.1035,-0.742945341609447
6.104,-0.5687149706992193
6.1045,-0.47029306961985873
6.105,-0.47594312438123904
6.1055,-0.40215745576511347
6.106,-0.15952166019098762
6.1065000000000005,0.09404504870984977
6.107,0.12391756428724553
6.1075,-0.07414267118515978
6.1080000000000005,-0.18592638296420705
6.1085,0.12223976494779688
6.109,0.7975811632761002
6.1095,1.371468363619754
6.11,1.3907173558382686
6.1105,0.8424271578730594
6.111,0.13035843977876996
6.1115,-0.2951877303142612
6.112,-0.23926604268553436
6.1125,0.1827654375001433
6.113,0.6385860033012981
6.1135,0.7752115087546013
6.114,0.48799029065755467
6.1145000000000005,0.013918237885103157
6.115,-0.3233066465020076
6.1155,-0.42216945852157184
6.1160000000000005,-0.3937848492457511
6.1165,-0.3487117560059525
6.117,-0.30552775596186993
6.1175,-0.23563171342156122
6.118,-0.11211804833187444
6.1185,0.023938009141794805
6.119,0.026897845472420807
6.1195,-0.19630167091949216
6.12,-0.4574733284740885
6.1205,-0.38222035992717224
6.121,0.15280882605503635
6.1215,0.7899377554860673
6.122,1.0401123654648445
6.1225000000000005,0.8072450030946026
6.123,0.42035191305642017
6.1235,0.1758599089010113
6.1240000000000006,0.0273545510831701
6.1245,-0.23374810081845296
6.125,-0.6510335826303273
6.1255,-1.0444600194436202
6.126,-1.1844153695946318
6.1265,-0.9602702381992235
6.127,-0.45194309000224214
6.1275,0.10101881887487002
6.128,0.4390199585367697
6.1285,0.44726860977990723
6.1290000000000004,0.2075017494582836
6.1295,-0.09391175864972157
6.13,-0.3008010337008985
6.1305000000000005,-0.3528691295595548
6.131,-0.262984038979837
6.1315,-0.0706539109027149
6.132000000000001,0.17845983770012086
6.1325,0.43571771438874335
6.133,0.6489628706450462
6.1335,0.7489472985223682
6.134,0.6419842532810206
6.1345,0.27117740912376104
6.135,-0.2569684441227368
6.1355,-0.6293585566186569
6.136,-0.5171976517004567
6.1365,0.09045022936056538
6.1370000000000005,0.7486683850117765
6.1375,0.8644754381381946
6.138,0.25963286863022284
6.1385000000000005,-0.574625993937466
6.139,-0.8986088856821597
6.1395,-0.46348366521609036
6.140000000000001,0.24638443149364905
6.1405,0.5720743710146244
6.141,0.38437418938474893
6.1415,0.11055156814941562
6.142,0.11612348200744452
6.1425,0.24450434887190386
6.143,0.05563305836715856
6.1435,-0.5999673934348335
6.144,-1.396440799554349
6.1445,-1.8685392932005822
6.1450000000000005,-1.7707230691257136
6.1455,-1.1208727918301957
6.146,-0.08970937146666608
6.1465000000000005,1.0292653279604425
6.147,1.8151461141886966
6.1475,1.8660228899805114
6.148,1.1067079743434596
6.1485,-0.017608547660020197
6.149,-0.7634868293748522
6.1495,-0.6476291200861121
6.15,0.1431643891926651
6.1505,0.8971948408268521
6.151,0.9737962705003371
6.1515,0.32726156586865
6.152,-0.5050008550943703
6.1525,-0.9247793957544145
6.1530000000000005,-0.7853297809306206
6.1535,-0.3938580714576263
6.154,-0.08049929274183654
6.1545000000000005,0.10956821207070966
6.155,0.27123864946423293
6.1555,0.3626328722312151
6.156,0.2695556679033376
6.1565,0.09024106143723103
6.157,0.11208309649117258
6.1575,0.42506843538596356
6.158,0.7293405977275819
6.1585,0.6608606949056243
6.159,0.2313207212738602
6.1595,-0.18292732059652905
6.16,-0.27639511320532045
6.1605,-0.12418989163190895
6.1610000000000005,-0.016227335387179607
6.1615,-0.07599208249995316
6.162,-0.1385679091982609
6.1625000000000005,0.023936712233823362
6.163,0.43697227250969944
6.1635,0.8748886763329696
6.164,1.030568082833033
6.1645,0.7701286306898996
6.165,0.27322079361092966
6.1655,-0.11171111393270208
6.166,-0.18871666582791363
6.1665,-0.06214772488599209
6.167,0.03707724449310201
6.1675,0.0020839208288498863
6.168,-0.10847206449017795
6.1685,-0.21220730730233664
6.1690000000000005,-0.30279403810354755
6.1695,-0.42400834240675245
6.17,-0.6124294084299534
6.1705000000000005,-0.8498744891755649
6.171,-1.0128640366130537
6.1715,-0.913009635442109
6.172,-0.4898917468410339
6.1725,0.036252430283236305
6.173,0.30473750894024326
6.1735,0.16982658798498437
6.174,-0.1370613818984956
6.1745,-0.28913847942957877
6.175,-0.27149810628149945
6.1755,-0.34905449232411734
6.176,-0.5857850124377687
6.1765,-0.597406569645357
6.1770000000000005,0.006145282356538944
6.1775,1.004714849652934
6.178,1.649901004455012
6.1785000000000005,1.4409043296268378
6.179,0.6550565850423633
6.1795,0.004941592274773969
6.18,-0.11717607145989418
6.1805,0.053354455789051375
6.181,0.007958522039284602
6.1815,-0.5149339890999263
6.182,-1.3368174866956457
6.1825,-2.01476880619056
6.183,-2.1363320017361698
6.1835,-1.53642349577354
6.184,-0.3989646340323695
6.1845,0.782191632173408
6.1850000000000005,1.4526482715652436
6.1855,1.35580319512608
6.186,0.685310833029855
6.1865000000000006,-0.11204079410725666
6.187,-0.6499612787180615
6.1875,-0.7602637576839073
6.188,-0.4754618851153232
6.1885,0.06423146183897549
6.189,0.7080740933528191
6.1895,1.3151271706740433
6.19,1.6977849411278876
6.1905,1.6549231916162874
6.191,1.1591980503979398
6.1915000000000004,0.46942516077655344
6.192,-0.02941913715274493
6.1925,-0.11731413762302222
6.1930000000000005,0.11427214382943696
6.1935,0.35101733940986596
6.194,0.2885885587668186
6.194500000000001,-0.11636891939529312
6.195,-0.5388959365814445
6.1955,-0.5060984424316829
6.196,0.11883748612089856
6.1965,0.8679280381387233
6.197,1.0446477160347238
6.1975,0.45327867136177574
6.198,-0.3556152173509105
6.1985,-0.675260423471004
6.199,-0.4090730004246983
6.1995000000000005,-0.12631620684430944
6.2,-0.37607557256541824
6.2005,-1.0640933438412181
6.2010000000000005,-1.5377833657257092
6.2015,-1.2168964289911373
6.202,-0.12821934022794296
6.202500000000001,1.1015962269358797
6.203,1.7380589819922474
6.2035,1.4730334193536672
6.204,0.5510881189290484
6.2045,-0.5387356341200702
6.205,-1.391402252993645
6.2055,-1.7270381420017382
6.206,-1.340318706536684
6.2065,-0.27127702836439
6.207,0.9663056972642539
6.2075000000000005,1.5707140738100953
6.208,1.0790951792002468
6.2085,-0.17334357134749384
6.2090000000000005,-1.2692977496483127
6.2095,-1.4022165403745301
6.21,-0.4636796617414609
6.2105,0.8647870158431149
6.211,1.5860981953440267
6.2115,1.1604347294819972
6.212,-0.049376889768868934
6.2125,-1.140543666540397
6.213,-1.5058013301823454
6.2135,-1.2595817896284889
6.214,-0.8824460434078755
6.2145,-0.6318061833673705
6.215,-0.4166179693245494
6.2155000000000005,-0.1255745633298076
6.216,0.1499888449915283
6.2165,0.27188253905585347
6.2170000000000005,0.27991139089525435
6.2175,0.34026900577664243
6.218,0.5108653434767203
6.2185,0.6524167775779652
6.219,0.6033912657305582
6.2195,0.40582378446545037
6.22,0.29259449514027086
6.2205,0.41822567346795664
6.221,0.6585742454034484
6.2215,0.7670911916061438
6.222,0.7056663731643391
6.2225,0.6860329660841844
6.223,0.8402795110232528
6.2235000000000005,0.9722078814509808
6.224,0.7365074182525597
6.2245,0.03315095457271913
6.2250000000000005,-0.8175284538079883
6.2255,-1.2730491768061463
6.226,-0.9652606862481836
6.2265,-0.00028920457357580094
6.227,1.0635606474435813
6.2275,1.563598754694815
6.228,1.1691201056749838
6.2285,0.09533681697033843
6.229,-1.0646593030467202
6.2295,-1.7512888316264557
6.23,-1.7556990738995744
6.2305,-1.2382108383041415
6.231,-0.5455215686250235
6.2315000000000005,-0.03018194957127373
6.232,0.06365919087572168
6.2325,-0.29074666028884916
6.2330000000000005,-0.8288608639188012
6.2335,-1.1289014198198446
6.234,-0.9553951305459863
6.2345,-0.4645413540948253
6.235,-0.0021166754993658847
6.2355,0.2647232056372229
6.236,0.4330426805058989
6.2365,0.6193950782147578
6.237,0.7635348678403343
6.2375,0.7328080236280035
6.238,0.5321337381994913
6.2385,0.31183001360076407
6.239,0.19839871970040918
6.2395000000000005,0.20966177162164212
6.24,0.3241235481602136
6.2405,0.5188037930180448
6.2410000000000005,0.7036119619193866
6.2415,0.7275150848837353
6.242,0.5283505500286014
6.2425,0.21352401109835922
6.243,-0.07287977909215462
6.2435,-0.30571569458321163
6.244,-0.5272500652827566
6.2445,-0.6810871439008349
6.245,-0.6026852067864107
6.2455,-0.2201395895572534
6.246,0.2819792358021785
6.2465,0.5802226837738336
6.247,0.531617910447185
6.2475000000000005,0.32517302761085315
6.248,0.24400718160633592
6.2485,0.31074856156315395
6.2490000000000006,0.2730615081447174
6.2495,-0.04855158541657226
6.25,-0.49131970340001874
6.2505,-0.6902804870560234
6.251,-0.4783570253062
6.2515,-0.09614735534787697
6.252,0.059923314995778194
6.2525,-0.10978336349712564
6.253,-0.2980246452625072
6.2535,-0.15648667593132473
6.2540000000000004,0.3081732782176259
6.2545,0.7243730746487047
6.255,0.6853892800573005
6.2555000000000005,0.11301314294409151
6.256,-0.625980985186808
6.2565,-0.9807990634612586
6.257000000000001,-0.67555100737147
6.2575,0.06275014961844237
6.258,0.7249111312672504
6.2585,0.9322171498541628
6.259,0.6574234613364885
6.2595,0.15132360983291918
6.26,-0.2835424266059855
6.2605,-0.4879940348005765
6.261,-0.48188478681597763
6.2615,-0.3593956716046698
6.2620000000000005,-0.19687740714710583
6.2625,-0.04611477544186552
6.263,0.0666289986109292
6.2635000000000005,0.16149171302394938
6.264,0.2632561961880719
6.2645,0.3263803875637098
6.265000000000001,0.27717908598824387
6.2655,0.14316438604986978
6.266,0.03781299681201441
6.2665,-0.023304776069755943
6.267,-0.18094231687717277
6.2675,-0.5307805415068189
6.268,-0.9337613179730947
6.2685,-1.0917490075871037
6.269,-0.7948483961727211
6.2695,-0.1173713117836317
6.2700000000000005,0.5779643017197126
6.2705,0.881506216260056
6.271,0.6707118599338774
6.2715000000000005,0.1989451368213614
6.272,-0.16485646692473707
6.2725,-0.2415519414237613
6.273,-0.09989723009149497
6.2735,0.0811755407680007
6.274,0.14850533907692773
6.2745,0.04700666776820889
6.275,-0.1443805308636442
6.2755,-0.2487655087471455
6.276,-0.1251828523026316
6.2765,0.20932206704031936
6.277,0.5918685036829011
6.2775,0.8259782504927682
6.2780000000000005,0.7844609285659735
6.2785,0.468814109748303
6.279,0.032918816087044965
6.2795000000000005,-0.27088504540537217
6.28,-0.2521043733756544
6.2805,0.06406257958013052
6.281,0.4560439205772551
6.2815,0.6746112383189736
6.282,0.5750659092738277
6.2825,0.14249987263709743
6.283,-0.5148843437650574
6.2835,-1.1763294762045562
6.284,-1.5600757308088395
6.2845,-1.437553775905417
6.285,-0.7918400307250597
6.2855,0.10231174724521322
6.2860000000000005,0.8267836138066872
6.2865,1.0990511278379413
6.287,0.9042413916087312
6.2875000000000005,0.43579959937328305
6.288,0.00891558745552026
6.2885,-0.06412452035735393
6.289,0.28526570438671245
6.2895,0.7450586309411005
6.29,0.8613268965061593
6.2905,0.4749686612688026
6.291,-0.11194160276833595
6.2915,-0.42285429276586334
6.292,-0.262936206347119
6.2925,0.1026492892986545
6.293,0.24077897932056833
6.2935,0.017015827486483462
6.2940000000000005,-0.2826969969374409
6.2945,-0.29775763775058056
6.295,0.027432770389730687
6.2955000000000005,0.4353128298837907
6.296,0.6279454795003445
6.2965,0.483239829039542
6.297,0.07441010922239003
6.2975,-0.4148712913476562
6.298,-0.785228774832228
6.2985,-0.9223370185381794
6.299,-0.8799517169656098
6.2995,-0.8418761738945398
6.3,-0.9337214923088252
6.3005,-1.062565125453335
6.301,-0.9821371105461684
6.3015,-0.5202031410592727
6.3020000000000005,0.26730404371399596
6.3025,1.1107349447360988
6.303,1.6435841103321878
6.3035000000000005,1.5852469492429082
6.304,0.9491022476055598
6.3045,0.10425511462392524
6.305,-0.44684684667976227
6.3055,-0.4295667890107181
6.306,0.023430211526815438
6.3065,0.5154253440064198
6.307,0.6844835036130952
6.3075,0.414553560624308
6.308,-0.1274706360428717
6.3085,-0.6040156289794696
6.309,-0.7258783944985665
6.3095,-0.4554251034861463
6.3100000000000005,-0.02201674213997066
6.3105,0.27341678579594536
6.311,0.2907605089278972
6.3115000000000006,0.1321498085142231
6.312,0.03337411818371787
6.3125,0.1622549497018322
6.313,0.4617270204797362
6.3135,0.6609107972548739
6.314,0.49378185074089104
6.3145,-0.020521194758031817
6.315,-0.5221516510996583
6.3155,-0.6267551144511807
6.316,-0.3480159696411022
6.3165000000000004,-0.12159173242107743
6.317,-0.3177810788048453
6.3175,-0.7946589778102722
6.3180000000000005,-1.048963085946969
6.3185,-0.7746714378328224
6.319,-0.1519643687685183
6.319500000000001,0.41065109465982164
6.32,0.6874957321085035
6.3205,0.7219616900713076
6.321,0.5941567976642066
6.3215,0.2652508925621359
6.322,-0.2654950375688962
6.3225,-0.7435562037919597
6.323,-0.7927748543755853
6.3235,-0.3459253924274239
6.324,0.18112368527209213
6.3245000000000005,0.29108947047429284
6.325,-0.049991073805607224
6.3255,-0.389475482024604
6.3260000000000005,-0.29666453753087474
6.3265,0.21962703259553187
6.327,0.7941216340511789
6.327500000000001,1.0673882154917043
6.328,0.9297023046359115
6.3285,0.547358018884982
6.329,0.251591740393138
6.3295,0.30674661054586294
6.33,0.6460989115949863
6.3305,0.856815662279995
6.331,0.5559731969175639
6.3315,-0.1678976602105044
6.332,-0.7583407208434726
6.3325000000000005,-0.716807555945461
6.333,-0.1137776783315795
6.3335,0.5018599390388604
6.3340000000000005,0.6917775921849477
6.3345,0.4923867510670384
6.335,0.1691472974283863
6.335500000000001,-0.17252558234358564
6.336,-0.5575331004563517
6.3365,-0.8680211056355377
6.337,-0.8534053127899458
6.3375,-0.43728638650487694
6.338,0.1327245325969486
6.3385,0.4966263765923447
6.339,0.4939254114446197
6.3395,0.2794103283834502
6.34,0.19829086816658512
6.3405000000000005,0.5148701738132896
6.341,1.1424741247710684
6.3415,1.60892435693914
6.3420000000000005,1.3981229301652762
6.3425,0.42943626786197475
6.343,-0.8067547433472437
6.3435,-1.6374382568582062
6.344,-1.7457327293296765
6.3445,-1.3500371620584515
6.345,-0.9271645658215436
6.3455,-0.8136484361259367
6.346,-1.0283563049270785
6.3465,-1.360616351369859
6.347,-1.5412053057367343
6.3475,-1.3632649959455687
6.348,-0.7797884583019573
6.3485000000000005,0.021644170548570058
6.349,0.6900935749305415
6.3495,0.9411722406601267
6.3500000000000005,0.7357392686744672
6.3505,0.2611492824847891
6.351,-0.19160601620632406
6.3515,-0.33961888290616316
6.352,-0.03101835634520038
6.3525,0.6222166319816061
6.353,1.2539097456563804
6.3535,1.4921511235331881
6.354,1.240962481163997
6.3545,0.6890747360519578
6.355,0.08186723498129622
6.3555,-0.40984295332660625
6.356,-0.6156049446902238
6.3565000000000005,-0.35649307041519346
6.357,0.33603831047673904
6.3575,1.0583416522525815
6.3580000000000005,1.2699499600964723
6.3585,0.7724943764690562
6.359,-0.08120845094816864
6.3595,-0.6783221722939878
6.36,-0.6321044144521982
6.3605,-0.030162146417035164
6.361,0.6950765506013733
6.3615,1.1203440572515009
6.362,1.1278012462533873
6.3625,0.9050114006452219
6.363,0.6755720196034513
6.3635,0.46091002167303796
6.364,0.11819317269023633
6.3645000000000005,-0.41567767247846343
6.365,-0.9581591548039357
6.3655,-1.2011351963326728
6.3660000000000005,-1.0285811199585677
6.3665,-0.6883198645794497
6.367,-0.5784519941715047
6.3675,-0.842205164503806
6.368,-1.2095804598816369
6.3685,-1.237018444538215
6.369,-0.6743291994116908
6.3695,0.3362840937020813
6.37,1.3032494089952373
6.3705,1.6639972337684836
6.371,1.206037073653015
6.3715,0.28644598267618193
6.372,-0.4597773806208676
6.3725000000000005,-0.6798662383147627
6.373,-0.5307040176366359
6.3735,-0.38092622622806754
6.3740000000000006,-0.403083096041157
6.3745,-0.4882312366417102
6.375,-0.4605551943445348
6.3755,-0.28157264455887815
6.376,-0.05727618745829599
6.3765,0.08666282517593546
6.377,0.11208124738667802
6.3775,0.07563436551500127
6.378,0.05513993716541962
6.3785,0.09136394690417014
6.3790000000000004,0.2124320223610088
6.3795,0.47419846354456036
6.38,0.9118919354530295
6.3805000000000005,1.4452927781077147
6.381,1.8725700723750678
6.3815,1.970281500191302
6.382000000000001,1.6118021278496542
6.3825,0.8601787452673972
6.383,-0.012269295971848514
6.3835,-0.6669973830776226
6.384,-0.9341361965527332
6.3845,-0.8996621739357288
6.385,-0.7756743782922184
6.3855,-0.7363264028157803
6.386,-0.8533536269389814
6.3865,-1.0959900647864615
6.3870000000000005,-1.344793423345578
6.3875,-1.432988677361911
6.388,-1.23390349390172
6.3885000000000005,-0.7629856238497504
6.389,-0.2213735001192101
6.3895,0.08262135579164331
6.390000000000001,-0.06194508474747918
6.3905,-0.5417335692790338
6.391,-0.8887482627378847
6.3915,-0.5993928031236722
6.392,0.39588148012587715
6.3925,1.5859329379287783
6.393,2.269489094851317
6.3935,2.1270146186027805
6.394,1.4306818606782596
6.3945,0.7418014218075323
6.3950000000000005,0.4269465165812714
6.3955,0.4245882186432745
6.396,0.4098072556196902
6.3965000000000005,0.14468629872050823
6.397,-0.31952908313096856
6.3975,-0.7380850453366716
6.398000000000001,-0.9336595800550799
6.3985,-0.9492898208722104
6.399,-0.9314341924861111
6.3995,-0.8965136072353292
6.4,-0.7197951500778269
6.4005,-0.38534657630431335
6.401,-0.09611726458896439
6.4015,-0.019681923875252975
6.402,-0.048886204139699664
6.4025,0.024178906748853382
6.4030000000000005,0.17757973212216896
6.4035,0.19864377571216854
6.404,0.05288366807312533
6.4045000000000005,0.014281401430698512
6.405,0.3144795632991029
6.4055,0.7882892983644023
6.406,1.0406270365774415
6.4065,0.9288610713228911
6.407,0.7001261897322792
6.4075,0.6078245787066671
6.408,0.5423787307766592
6.4085,0.17386707864288228
6.409,-0.558930923964303
6.4095,-1.2163505327077946
6.41,-1.2289265170086459
6.4105,-0.5310203271771659
6.4110000000000005,0.27216996386775594
6.4115,0.4786418823152337
6.412,0.00580389932928882
6.4125000000000005,-0.5479153901087844
6.413,-0.5255748796738031
6.4135,0.18961842132718698
6.414,1.151392453095175
6.4145,1.7838479545973303
6.415,1.8067656168924027
6.4155,1.3447372174361036
6.416,0.7241480451335738
6.4165,0.1854339808944504
6.417,-0.22424897880867659
6.4175,-0.5152358790098016
6.418,-0.6057678394790134
6.4185,-0.41123907474400484
6.4190000000000005,-0.06355819932736466
6.4195,0.11859284834615161
6.42,-0.02589645101574563
6.4205000000000005,-0.29042438665193293
6.421,-0.3650084691268622
6.4215,-0.26240990021356053
6.422,-0.33885195618778985
6.4225,-0.8506037434880673
6.423,-1.5613729991999694
6.4235,-1.8638677621036936
6.424,-1.3297159848171747
6.4245,-0.15509232417097782
6.425,0.9547874094623882
6.4255,1.3841563773068652
6.426,1.1126493148686525
6.4265,0.6202651428820432
6.4270000000000005,0.31658799162762
6.4275,0.15249812365822335
6.428,-0.16084279246574162
6.4285000000000005,-0.6555230251136251
6.429,-0.9805855146032262
6.4295,-0.7955391820051771
6.43,-0.20105655079579965
6.4305,0.30292364390893983
6.431,0.3086750555841285
6.4315,-0.08200177760793825
6.432,-0.3785282915659256
6.4325,-0.23791263876315524
6.433,0.16532285174361597
6.4335,0.3161176207339488
6.434,-0.1220473893263236
6.4345,-0.9479427341478556
6.4350000000000005,-1.5269620696935435
6.4355,-1.2718716197132833
6.436,-0.13441485478052162
6.4365000000000006,1.28371296331306
6.437,2.1269245541114037
6.4375,1.910531208572847
6.438,0.8816151374508061
6.4385,-0.18896240930416336
6.439,-0.6276738926231711
6.4395,-0.36935183120032394
6.44,0.09102636249178182
6.4405,0.22876428761927156
6.441,-0.04048461813746618
6.4415000000000004,-0.36983380665516413
6.442,-0.3691635574482355
6.4425,0.028781886725662634
6.4430000000000005,0.5194759723982388
6.4435,0.6997000562158238
6.444,0.40519901288863214
6.444500000000001,-0.18250081013986483
6.445,-0.7104057768729148
6.4455,-0.8985992918183281
6.446,-0.6544813201024535
6.4465,-0.0701086109099599
6.447,0.5998775025745651
6.4475,1.0329251204451946
6.448,1.0779083549589268
6.4485,0.9262617783452881
6.449,0.9274039282723486
6.4495000000000005,1.194253759588541
6.45,1.469813789265574
6.4505,1.406259393402733
6.4510000000000005,0.9022791910039929
6.4515,0.14753172704418976
6.452,-0.5657530325539796
6.452500000000001,-0.997265609660325
6.453,-1.0044883855788103
6.4535,-0.5991146202716401
6.454,-0.021478802084745188
6.4545,0.33779779392793235
6.455,0.220706515383206
6.4555,-0.2611915227277824
6.456,-0.7232829630290983
6.4565,-0.873319750228088
6.457,-0.7609724594626772
6.4575000000000005,-0.6563717897098059
6.458,-0.7225245318943103
6.4585,-0.8414878155883853
6.4590000000000005,-0.7492519772441113
6.4595,-0.3320334042851926
6.46,0.19125890285396605
6.460500000000001,0.40362038273076295
6.461,0.08676793862935227
6.4615,-0.48719472166218264
6.462,-0.7341391099936495
6.4625,-0.30876435750170855
6.463,0.5166282757877401
6.4635,1.056755764808177
6.464,0.8207565672120879
6.4645,-0.052878988672686714
6.465,-0.9174945534168308
6.4655000000000005,-1.1478828404056622
6.466,-0.601944549123299
6.4665,0.32972592745447477
6.4670000000000005,1.058345749357782
6.4675,1.2134453531729075
6.468,0.8247548108509096
6.4685,0.20003475337988139
6.469,-0.3044125106707831
6.4695,-0.45066834584303195
6.47,-0.22459143004469379
6.4705,0.15518830209693205
6.471,0.4228899641915466
6.4715,0.5134662325058862
6.472,0.5511103919385363
6.4725,0.57285798176572
6.473,0.4057613527004764
6.4735000000000005,-0.08034792899493458
6.474,-0.6841479803494687
6.4745,-0.9436917441362332
6.4750000000000005,-0.508463023224501
6.4755,0.5192067177038008
6.476,1.5448592961483392
6.4765,1.8484379984070203
6.477,1.1473428926535365
6.4775,-0.15065201782686183
6.478,-1.2941124560779782
6.4785,-1.794465980493441
6.479,-1.6988879586755077
6.4795,-1.358398150747918
6.48,-1.036851793293154
6.4805,-0.7580885813451812
6.481,-0.46098992938991507
6.4815000000000005,-0.21210402250085986
6.482,-0.1717165324042979
6.4825,-0.30208158344474817
6.4830000000000005,-0.21399789937591648
6.4835,0.4822439158122063
6.484,1.600265748749695
6.4845,2.342237552412066
6.485,2.048923375462658
6.4855,0.9443444396660801
6.486,-0.03698640422132795
6.4865,-0.1851688078798229
6.487,0.3289501050927474
6.4875,0.7433693568597632
6.488,0.5352679377825399
6.4885,-0.1145847359266744
6.489,-0.631863487439591
6.4895000000000005,-0.7076586689414048
6.49,-0.5749338234962342
6.4905,-0.6375711291357076
6.4910000000000005,-0.9225862125612437
6.4915,-1.0255747227897438
6.492,-0.6188020138685618
6.4925,0.09328557756275987
6.493,0.5200382616804017
6.4935,0.2960634127423147
6.494,-0.2846180854095831
6.4945,-0.4934959176007266
6.495,0.1317946234198202
6.4955,1.3085001982408255
6.496,2.230261400674445
6.4965,2.246332709658563
6.497,1.354804357990792
6.4975000000000005,0.1337890863523567
6.498,-0.7452691471128656
6.4985,-0.9846590311731153
6.4990000000000006,-0.7578716160143483
6.4995,-0.4480844687746001
6.5,-0.3205717221497405
6.5005,-0.3788449163714617
6.501,-0.45993122770296657
6.5015,-0.4535712452868074
6.502,-0.3982874335068652
6.5025,-0.3263625292477052
6.503,-0.10770534507720264
6.5035,0.3900266177097466
6.5040000000000004,0.9796795289720894
6.5045,1.1619047010300931
6.505,0.590130448265335
6.5055000000000005,-0.4950566404262083
6.506,-1.3888637059456495
6.5065,-1.5108001620909732
6.507000000000001,-0.863586603258034
6.5075,0.04284716405002097
6.508,0.6520811437678806
6.5085,0.7747472786759677
6.509,0.6436378721891998
6.5095,0.5998392981332089
6.51,0.7072160227277001
6.5105,0.6865752245401632
6.511,0.26054334497433046
6.5115,-0.4563680306342559
6.5120000000000005,-0.9796646666559572
6.5125,-0.9114106037629078
6.513,-0.3605894958888079
6.5135000000000005,0.1302331533172218
6.514,0.09162141518278509
6.5145,-0.44558245171946514
6.515000000000001,-1.0098219787731884
6.5155,-1.1320044890287295
6.516,-0.7309112435431502
6.5165,-0.11595620856275829
6.517,0.3422747417329883
6.5175,0.5250960196075536
6.518,0.5589792410082339
6.5185,0.5648973987930697
6.519,0.5134915453170371
6.5195,0.3407393940007686
6.5200000000000005,0.11737704893233776
6.5205,0.03562554986882586
6.521,0.21669460701864326
6.5215000000000005,0.5175422137488862
6.522,0.5606307376921685
6.5225,0.09184671032169915
6.523000000000001,-0.6186862329163643
6.5235,-0.8947201017913115
6.524,-0.37039178671725326
6.5245,0.47846210827512053
6.525,0.7442131832065488
6.5255,0.07364707687540267
6.526,-0.9171755812780924
6.5265,-1.3001819402194954
6.527,-0.7871751002490256
6.5275,0.09454908921298248
6.5280000000000005,0.6840108992553299
6.5285,0.8456621810976684
6.529,0.9025835016466379
6.5295000000000005,1.0695959766825809
6.53,1.140688401747266
6.5305,0.7919676398084696
6.531,0.08128387530374417
6.5315,-0.5166634224574473
6.532,-0.6071771495881294
6.5325,-0.2846315618904506
6.533,0.03734816814180784
6.5335,0.11223995422627443
6.534,0.05745068608918578
6.5345,0.1042882084719554
6.535,0.2892449382297583
6.5355,0.44077841135448403
6.5360000000000005,0.39399592547311224
6.5365,0.16268823378531805
6.537,-0.06546822565371423
6.5375000000000005,-0.09462728072948935
6.538,0.06511054223398934
6.5385,0.17126637198949662
6.539,0.0284529612590642
6.5395,-0.22928618722164668
6.54,-0.26145720521432086
6.5405,0.05981736495885235
6.541,0.47978049625074015
6.5415,0.6655134069444246
6.542,0.5598364128910841
6.5425,0.31871369082580686
6.543,0.0010759117685078022
6.5435,-0.47179737042757436
6.5440000000000005,-1.040967890002605
6.5445,-1.406082393946632
6.545,-1.3236983781627296
6.5455000000000005,-0.9030946394072795
6.546,-0.48260217778942655
6.5465,-0.2617454854370439
6.547,-0.14676445851566328
6.5475,0.06117391917304019
6.548,0.38223107503190523
6.5485,0.5865764485439086
6.549,0.4510539453115889
6.5495,0.08777872407062665
6.55,-0.11122003287233648
6.5505,0.06481450366938027
6.551,0.36045885694453056
6.5515,0.34929309257883356
6.5520000000000005,-0.04690269139030931
6.5525,-0.4408682353619953
6.553,-0.38541209303998974
6.5535000000000005,0.1637204974786752
6.554,0.8157432341996361
6.5545,1.1303114316984526
6.555,0.9754862179755128
6.5555,0.5144090244949269
6.556,-0.05776489206125781
6.5565,-0.6404652269699146
6.557,-1.092315785916896
6.5575,-1.1466622292271869
6.558,-0.6498918033309851
6.5585,0.13021483413876866
6.559,0.6128461761276262
6.5595,0.4330016276238797
6.5600000000000005,-0.18610959885005685
6.5605,-0.6608455502556342
6.561,-0.6209997434907566
6.5615000000000006,-0.2029283516999706
6.562,0.1874060420004072
6.5625,0.29544459428972636
6.563,0.18056217488085327
6.5635,0.06772669085867215
6.564,0.13011191986714357
6.5645,0.3773262210050274
6.565,0.6709543349952567
6.5655,0.8409848960866352
6.566,0.8148693973865303
6.5665000000000004,0.6255788168289794
6.567,0.31788824008713934
6.5675,-0.06311361036147914
6.5680000000000005,-0.38093730143260646
6.5685,-0.44275506126583863
6.569,-0.21876647468482588
6.569500000000001,0.062104060507818776
6.57,0.14570634722569584
6.5705,0.03710172510754496
6.571,-0.047152656566996284
6.5715,0.01983761818845467
6.572,0.13993740557040732
6.5725,0.17201419203174834
6.573,0.1379850672287459
6.5735,0.1802045401850789
6.574,0.36715338130066755
6.5745000000000005,0.5833949067515101
6.575,0.5777059346448746
6.5755,0.14091064102791548
6.5760000000000005,-0.6522687614104677
6.5765,-1.3582788147018696
6.577,-1.4614017626920839
6.577500000000001,-0.8610797369266817
6.578,-0.01568161435795093
6.5785,0.4618029503625351
6.579,0.3341164545505827
6.5795,-0.11992228568032659
6.58,-0.4138567327138382
6.5805,-0.2840824149517814
6.581,0.12205031066902858
6.5815,0.4529483006514204
6.582,0.5366064954014989
6.5825000000000005,0.50279557047743
6.583,0.519914251377987
6.5835,0.541107067971036
6.5840000000000005,0.39569271191389155
6.5845,0.029100637014966867
6.585,-0.43954692599861256
6.585500000000001,-0.8063624697097234
6.586,-0.8514486244258418
6.5865,-0.4439521305284864
6.587,0.2726465067597069
6.5875,0.8463129373764265
6.588,0.8288979221090985
6.5885,0.20557692699790625
6.589,-0.5286556512774587
6.5895,-0.7921161172960638
6.59,-0.44033091464247825
6.5905000000000005,0.12353628827474929
6.591,0.3330112904203205
6.5915,-0.03485761660658
6.5920000000000005,-0.6600755667033272
6.5925,-0.9450422826788347
6.593,-0.5350981061900478
6.5935,0.345078191647366
6.594,1.0592584953758013
6.5945,1.1094047478080533
6.595,0.5616854457844864
6.5955,-0.062304831310146684
6.596,-0.30480064031255916
6.5965,-0.15634848482231595
6.597,0.06481834684420905
6.5975,0.12454639271125297
6.598,0.061273962846872754
6.5985000000000005,0.0012047173802809796
6.599,-0.02805590697686578
6.5995,-0.008059609643009762
6.6000000000000005,0.18551015695128348
6.6005,0.6227070497741863
6.601,1.0905688095953725
6.6015,1.1891360106526363
6.602,0.7101596133831489
6.6025,-0.12031838821442613
6.603,-0.7954516679090888
6.6035,-0.9273157533438054
6.604,-0.5236769225675253
6.6045,0.09737829335507574
6.605,0.6201131067058153
6.6055,0.8966526408630036
6.606,0.8377666086526718
6.6065000000000005,0.3366594080687857
6.607,-0.5463970172122891
6.6075,-1.4293137686343809
6.6080000000000005,-1.827869549137888
6.6085,-1.5307326319316126
6.609,-0.6928612370230307
6.6095,0.32608237626928804
6.61,1.080950418155385
6.6105,1.1439564491415615
6.611,0.38335183830728964
6.6115,-0.7836567790056596
6.612,-1.6024480495322573
6.6125,-1.600745682017849
6.613,-0.9512048210605786
6.6135,-0.15783489703925557
6.614,0.4759705036531151
6.6145000000000005,0.9148716446891781
6.615,1.087405597569431
6.6155,0.8295364532469093
6.6160000000000005,0.18640113821661064
6.6165,-0.4394944129391801
6.617,-0.5855273277843296
6.6175,-0.14214537930855584
6.618,0.5769973975066018
6.6185,1.137668931394001
6.619,1.3134410661023372
6.6195,1.1552080666145563
6.62,0.8249494029578353
6.6205,0.41703505478704067
6.621,-0.051057849869539415
6.6215,-0.5113804940320262
6.622,-0.7849044587743822
6.6225000000000005,-0.7007880665157523
6.623,-0.25925728536272274
6.6235,0.35196044170189955
6.6240000000000006,0.869856441924697
6.6245,1.0581147055352844
6.625,0.7889811271653425
6.6255,0.16123058460818834
6.626,-0.4717341292734244
6.6265,-0.7468563382256571
6.627,-0.6469707300115762
6.6275,-0.519870300351148
6.628,-0.6462791427984323
6.6285,-0.8596198602635856
6.6290000000000004,-0.7451074763964219
6.6295,-0.21628692716787448
6.63,0.2894203726511539
6.6305000000000005,0.3148308099549894
6.631,-0.028479050361161634
6.6315,-0.1670835925804006
6.632000000000001,0.24083818645983587
6.6325,0.8945824229232155
6.633,1.1943174178264635
6.6335,0.8578007668034233
6.634,0.11609682163479691
6.6345,-0.5751622074209471
6.635,-0.8818863406627643
6.6355,-0.7170070144187756
6.636,-0.21058856694743006
6.6365,0.34563188526296296
6.6370000000000005,0.5920565496570352
6.6375,0.30438107993144276
6.638,-0.37914398807683686
6.6385000000000005,-0.979995198271714
6.639,-1.0605248334509472
6.6395,-0.6107452353343223
6.640000000000001,-0.0017912090438725733
6.6405,0.4118451243871383
6.641,0.5602668833887686
6.6415,0.5714282460478483
6.642,0.5568193043545668
6.6425,0.5346314759599532
6.643,0.4854563172161158
6.6435,0.40150436927210664
6.644,0.28069776129474855
6.6445,0.11767187044582741
6.6450000000000005,-0.06260279970476051
6.6455,-0.15999481214848738
6.646,-0.0374838430800639
6.6465000000000005,0.3299820707267752
6.647,0.7434192266895567
6.6475,0.875914628534682
6.648000000000001,0.5239009119463185
6.6485,-0.21394482539375537
6.649,-0.9762683165155189
6.6495,-1.3634298544445793
6.65,-1.196745370971408
6.6505,-0.6346792186778497
6.651,-0.05339037113861026
6.6515,0.22948985890104295
6.652,0.1723831278981178
6.6525,-0.02286214629497996
6.6530000000000005,-0.1629357169959096
6.6535,-0.254646045269025
6.654,-0.4080151743077386
6.6545000000000005,-0.5994276479098781
6.655,-0.6414099987120825
6.6555,-0.39920937858591776
6.656000000000001,0.05360512153182438
6.6565,0.5108197023717156
6.657,0.7736948976445253
6.6575,0.7050907654454825
6.658,0.28393769031006494
6.6585,-0.2892694903399038
6.659,-0.6117974456933252
6.6595,-0.34201482246691395
6.66,0.48547593710343295
6.6605,1.3957918669141605
6.6610000000000005,1.757761875297894
6.6615,1.240769248470755
6.662,0.10220738989865039
6.6625000000000005,-0.9852320622660338
6.663,-1.4765579028197438
6.6635,-1.349633964642787
6.664,-0.9555409714119268
6.6645,-0.5670275926692881
6.665,-0.18386130221238142
6.6655,0.2601210989699994
6.666,0.6566636766221938
6.6665,0.7828803909620702
6.667,0.5717902395369114
6.6675,0.2457500869540103
6.668,0.13035427507629613
6.6685,0.33997880593292745
6.6690000000000005,0.675495166899486
6.6695,0.8382212751737832
6.67,0.7338499495247515
6.6705000000000005,0.5567660884671152
6.671,0.5586160474372937
6.6715,0.7314302091318513
6.672,0.7687391333161943
6.6725,0.3975857312197735
6.673,-0.2703573920281777
6.6735,-0.7874554868110973
6.674,-0.7786621770669295
6.6745,-0.2643770416363421
6.675,0.38589286505535697
6.6755,0.7294127178149628
6.676,0.5126664159686519
6.6765,-0.16047175276973055
6.6770000000000005,-0.8320381737802781
6.6775,-1.0024725209360847
6.678,-0.5959396064600209
6.6785000000000005,-0.054447125577974764
6.679,0.14882382632880667
6.6795,0.006256667291594745
6.68,-0.16129929764643727
6.6805,-0.23678599691940833
6.681,-0.43214012533931473
6.6815,-0.8351337020946961
6.682,-1.0957494421470213
6.6825,-0.7850567356253557
6.683,0.010144013836844554
6.6835,0.6496650610079475
6.684,0.5566428469824348
6.6845,-0.1935818697349638
6.6850000000000005,-0.9442811054594465
6.6855,-1.1010886086677976
6.686,-0.6805902584499349
6.6865000000000006,-0.21061220385863932
6.687,-0.11217716672380476
6.6875,-0.24913660342674832
6.688,-0.13305106660924956
6.6885,0.4798175068540526
6.689,1.2752935869125261
6.6895,1.6599606591084473
6.69,1.3034182258661737
6.6905,0.4018974014336218
6.691,-0.5336326916803625
6.6915000000000004,-1.071975616054739
6.692,-1.0595377220469273
6.6925,-0.5919622188132194
6.6930000000000005,0.05298785406656066
6.6935,0.5090262993212251
6.694,0.5379716851732731
6.694500000000001,0.2337866407009572
6.695,-0.05856911363179017
6.6955,-0.07936294451258985
6.696,0.12422073497835653
6.6965,0.320260939423455
6.697,0.3693603115969199
6.6975,0.3397299104035544
6.698,0.3858582082449877
6.6985,0.5645658765324225
6.699,0.7826493769929659
6.6995000000000005,0.9069173847729598
6.7,0.889536687882629
6.7005,0.7686861206578713
6.7010000000000005,0.5935958965641956
6.7015,0.3964751484241677
6.702,0.19114027403501357
6.702500000000001,-0.05803821214969429
6.703,-0.4093316128114726
6.7035,-0.8135476497741913
6.704,-1.061610533235354
6.7045,-0.9607583173907921
6.705,-0.576135383773163
6.7055,-0.22871127850030692
6.706,-0.18901790073159108
6.7065,-0.38370245550294146
6.707,-0.47919297024546637
6.7075000000000005,-0.28120146527063755
6.708,0.026424246386904354
6.7085,0.10246223284210251
6.7090000000000005,-0.14930182953276067
6.7095,-0.4815469329908699
6.71,-0.5869946947930651
6.710500000000001,-0.39168597442281355
6.711,-0.03698155285825422
6.7115,0.34491519867233295
6.712,0.7187415496946665
6.7125,1.0056469696013106
6.713,0.9995011337315761
6.7135,0.5582757097921281
6.714,-0.14417873199756548
6.7145,-0.6724372157910624
6.715,-0.6894438348966458
6.7155000000000005,-0.24388869253253476
6.716,0.3020936509138667
6.7165,0.5962534769719607
6.7170000000000005,0.5460738329205549
6.7175,0.3163305246987502
6.718,0.15348489518932115
6.718500000000001,0.20143619177065272
6.719,0.4056915674325347
6.7195,0.5514653434783772
6.72,0.4410786015866453
6.7205,0.09070080356364606
6.721,-0.2666980168353383
6.7215,-0.4199527475251707
6.722,-0.39380585338794893
6.7225,-0.3565451000536975
6.723,-0.3461962347437004
6.7235000000000005,-0.2264789205262464
6.724,0.037244116746981346
6.7245,0.21307761690860497
6.7250000000000005,0.07888635887326159
6.7255,-0.21415627341068497
6.726,-0.28910578285040817
6.7265,-0.09599633868982294
6.727,-0.07482832134600242
6.7275,-0.5742118892764049
6.728,-1.2328606090056777
6.7285,-1.2098907326996553
6.729,-0.11824931154717971
6.7295,1.4067870907891895
6.73,2.2093132488441487
6.7305,1.6849140022490963
6.731,0.3088499367580961
6.7315000000000005,-0.8615315572432034
6.732,-1.1294284297973831
6.7325,-0.6326689315075069
6.7330000000000005,-0.022106316253107983
6.7335,0.2032307484157438
6.734,0.04123430438291
6.7345,-0.19193187267958003
6.735,-0.2500217134321401
6.7355,-0.1847351462116961
6.736,-0.27073430027616185
6.7365,-0.6836046222619551
6.737,-1.2010710211096005
6.7375,-1.2988250793954483
6.738,-0.6580106260823612
6.7385,0.43752850817764677
6.739,1.3033898889794044
6.7395000000000005,1.4748195032200617
6.74,1.085998245942568
6.7405,0.6457759396729907
6.7410000000000005,0.5069074560442967
6.7415,0.5768665614539265
6.742,0.498175393556722
6.7425,0.0738821305748441
6.743,-0.4872248183542272
6.7435,-0.76372620347827
6.744,-0.5664998940037954
6.7445,-0.14511495618340925
6.745,0.08454902947055697
6.7455,-0.02487435285816095
6.746,-0.2478777405536745
6.7465,-0.28889195905945464
6.747,-0.0883362619445025
6.7475000000000005,0.20868166561959597
6.748,0.46001382440884625
6.7485,0.5669044365495931
6.7490000000000006,0.41015649971411516
6.7495,-0.023728342577091353
6.75,-0.4530612854198072
6.7505,-0.470023654394744
6.751,-0.011284084085369368
6.7515,0.47031658118459535
6.752,0.4486623144030908
6.7525,-0.08430676425651
6.753,-0.5817477657043758
6.7535,-0.5094103639497166
6.7540000000000004,0.15227644682715688
6.7545,0.9856595454523668
6.755,1.5497448607396076
6.7555000000000005,1.6235360980400821
6.756,1.2133232164059768
6.7565,0.5331409069299644
6.757000000000001,-0.06434031913222335
6.7575,-0.32111280719590046
6.758,-0.2837569299593664
6.7585,-0.2062240226295446
6.759,-0.24062036959602476
6.7595,-0.30634620407214064
6.76,-0.29025573813809485
6.7605,-0.2777129094738718
6.761,-0.45807905325783166
6.7615,-0.7989553353055524
6.7620000000000005,-0.9622142890029401
6.7625,-0.6703293425207428
6.763,-0.09839209960914004
6.7635000000000005,0.25518534260322834
6.764,0.11071556204049661
6.7645,-0.312739684600105
6.765000000000001,-0.599649708541698
6.7655,-0.5755583524890348
6.766,-0.35785449756334353
6.7665,-0.10625792926626455
6.767,0.11202021382194827
6.7675,0.23544517106703464
6.768,0.15727946499911108
6.7685,-0.12524337255689275
6.769,-0.3709593539409276
6.7695,-0.26053852055206794
6.7700000000000005,0.230630598149177
6.7705,0.708067920340294
6.771,0.702276699016926
6.7715000000000005,0.13382833497273033
6.772,-0.6031572012528466
6.7725,-1.0022942718449297
6.773000000000001,-0.856064648838368
6.7735,-0.35715510178281423
6.774,0.10545276565590843
6.7745,0.23667462228398736
6.775,0.028119047475265162
6.7755,-0.2628351477084172
6.776,-0.3588914464269744
6.7765,-0.22188083881050816
6.777,-0.050924809423164796
6.7775,-0.03279473130745028
6.7780000000000005,-0.12815954933085147
6.7785,-0.10432121443702351
6.779,0.21556632905263948
6.7795000000000005,0.7005189015964792
6.78,0.9470177477970364
6.7805,0.6944282498122867
6.781000000000001,0.2254742198536449
6.7815,0.17835775787356772
6.782,0.8275629267047526
6.7825,1.6548565669940691
6.783,1.8059876959629972
6.7835,0.9750961871864103
6.784,-0.26493781865940824
6.7845,-1.0106344085532735
6.785,-0.8230549999963532
6.7855,0.00015447460403222694
6.7860000000000005,0.7934632627669708
6.7865,1.0714889092444637
6.787,0.8015049368078431
6.7875000000000005,0.3021295198642249
6.788,-0.05663474686947074
6.7885,-0.13199558826950636
6.789,-0.10361389263891158
6.7895,-0.29031983978592674
6.79,-0.77518483296099
6.7905,-1.204194859337853
6.791,-1.0880311951027453
6.7915,-0.3748453712120999
6.792,0.39272624601444955
6.7925,0.6092010455401056
6.793,0.2268142943865782
6.7935,-0.26259865505067953
6.7940000000000005,-0.4009844095272131
6.7945,-0.1913215923707595
6.795,0.02095608929679898
6.7955000000000005,-0.040812959950137374
6.796,-0.34349574714554604
6.7965,-0.643979310342042
6.797,-0.7439672161417721
6.7975,-0.6294687036211265
6.798,-0.4048896399017867
6.7985,-0.16044709008979838
6.799,0.051323125088670936
6.7995,0.15927609407829543
6.8,0.10098843667676204
6.8005,-0.07293551673248984
6.801,-0.1923777808072563
6.8015,-0.10309132147855872
6.8020000000000005,0.20992334664690698
6.8025,0.6361821355170416
6.803,1.040448640486917
6.8035000000000005,1.3205276730591182
6.804,1.3916915818507654
6.8045,1.186792095598347
6.805,0.716131629785658
6.8055,0.10613138863742007
6.806,-0.4566333023491888
6.8065,-0.8363213154022144
6.807,-1.023621241688578
6.8075,-1.1139813676171435
6.808,-1.1916920405622764
6.8085,-1.2274895036763636
6.809,-1.116974075463977
6.8095,-0.8191333175229831
6.8100000000000005,-0.4095465007769223
6.8105,0.014985538481689148
6.811,0.42204898483166753
6.8115000000000006,0.7816983821352855
6.812,0.9643744018834347
6.8125,0.811289425965797
6.813,0.3559981372615243
6.8135,-0.09879971562515598
6.814,-0.22310847408788304
6.8145,0.019207947569018998
6.815,0.3405385114809571
6.8155,0.42273600349037466
6.816,0.21419865608178573
6.8165000000000004,-0.05099885680206131
6.817,-0.09800071090023113
6.8175,0.11294232612051353
6.8180000000000005,0.32688681823783455
6.8185,0.23341415649217395
6.819,-0.19840726189833388
6.819500000000001,-0.6556877187534332
6.82,-0.7979848836890606
6.8205,-0.6001106887433083
6.821,-0.3186931463586369
6.8215,-0.14499992521186172
6.822,0.027017003786743293
6.8225,0.43778874085302033
6.823,1.0686756162526458
6.8235,1.4732117635033823
6.824,1.1208108483623744
6.8245000000000005,-0.004565577511722024
6.825,-1.1819029394294298
6.8255,-1.458994320909581
6.8260000000000005,-0.5074901322283001
6.8265,1.0000629102664647
6.827,1.9294148691108999
6.827500000000001,1.6599483134090807
6.828,0.565688335789246
6.8285,-0.41150643482426136
6.829,-0.6372914954180012
6.8295,-0.28269459252868423
6.83,-0.009751417234083586
6.8305,-0.2047766205542739
6.831,-0.5806437784669121
6.8315,-0.5530974637462646
6.832,0.06721714804007994
6.8325000000000005,0.8287914671903971
6.833,1.067694334971716
6.8335,0.546803911085676
6.8340000000000005,-0.3272174800476527
6.8345,-0.9063835572867406
6.835,-0.8972692582932609
6.835500000000001,-0.5276812917513307
6.836,-0.1614507089453916
6.8365,0.10864233109431787
6.837,0.3996413371189526
6.8375,0.7074155791093196
6.838,0.8441472360117551
6.8385,0.7010226373563887
6.839,0.3918031472043997
6.8395,0.06908821034758637
6.84,-0.27892413980912595
6.8405000000000005,-0.747426651680685
6.841,-1.2821364300247853
6.8415,-1.6289649455101043
6.8420000000000005,-1.5465999484338664
6.8425,-1.0528533140875747
6.843,-0.46185919246982515
6.843500000000001,-0.16251204901048993
6.844,-0.2892205938796012
6.8445,-0.5762831140985275
6.845,-0.6100612043797566
6.8455,-0.27508147711905806
6.846,0.1341171862191603
6.8465,0.30055081857603555
6.847,0.26684011864447654
6.8475,0.3235599406219336
6.848,0.5946902835107123
6.8485000000000005,0.8587502609850325
6.849,0.8068617296171322
6.8495,0.4543352350337122
6.8500000000000005,0.2362260998050451
6.8505,0.569809079276897
6.851,1.2794213645944268
6.8515,1.6180986123562366
6.852,1.0351346220227022
6.8525,-0.12808190595051713
6.853,-0.8817918177690215
6.8535,-0.5758940553438431
6.854,0.442468815247404
6.8545,1.1943903105669706
6.855,1.0093040087393728
6.8555,0.04856511493422282
6.856,-0.9937255542857181
6.8565000000000005,-1.5212436402879748
6.857,-1.3473744603879276
6.8575,-0.6138520240946238
6.8580000000000005,0.35733182114156525
6.8585,1.150123502923265
6.859,1.401544703619205
6.8595,1.0088344124546624
6.86,0.20899240782611103
6.8605,-0.5779576414763498
6.861,-1.0346455428421082
6.8615,-1.1273431125834479
6.862,-1.0273194109454056
6.8625,-0.886787546824054
6.863,-0.7435283716148547
6.8635,-0.6060590178769779
6.864,-0.49041886409721674
6.8645000000000005,-0.32421180538767697
6.865,0.05086307684399622
6.8655,0.6591355521389811
6.8660000000000005,1.2339370805104402
6.8665,1.4108496769787027
6.867,1.0969688821634866
6.8675,0.5735041059436345
6.868,0.20340521212458285
6.8685,0.0876501957997358
6.869,0.042229375019080834
6.8695,-0.13736783619421555
6.87,-0.47060726763529903
6.8705,-0.8485231769792144
6.871,-1.1716223567511306
6.8715,-1.318534741572414
6.872,-1.0625158241369737
6.8725000000000005,-0.23795296864833151
6.873,0.9429965607348169
6.8735,1.8897233078218691
6.8740000000000006,2.069273072359068
6.8745,1.4242604363082112
6.875,0.37139112626332876
6.8755,-0.512491120819092
6.876,-0.8165602337802346
6.8765,-0.5006490315509193
6.877,0.08836157011221746
6.8775,0.45474210363089757
6.878,0.31959975674894525
6.8785,-0.17976610870097662
6.8790000000000004,-0.6100486801639945
6.8795,-0.579307783485432
6.88,-0.05576083152769329
6.8805000000000005,0.5834546153670667
6.881,0.8540857093166249
6.8815,0.5531874493876294
6.882000000000001,-0.1395477839907958
6.8825,-0.8724463009707779
6.883,-1.3441335784726136
6.8835,-1.3857510029211737
6.884,-1.0205684485270095
6.8845,-0.5170345200632679
6.885,-0.2469373988926118
6.8855,-0.3492531667539397
6.886,-0.5609781949332621
6.8865,-0.48593908080629555
6.8870000000000005,-0.036954547310147356
6.8875,0.4710535667082879
6.888,0.6858104882680448
6.8885000000000005,0.6011811888547487
6.889,0.5253729521716932
6.8895,0.6895780719512302
6.890000000000001,0.9402957757425201
6.8905,0.876425991181786
6.891,0.3280336058903078
6.8915,-0.35148410968226185
6.892,-0.5806102226951012
6.8925,-0.15788008265908446
6.893,0.5097356057111743
6.8935,0.8140229952481108
6.894,0.5147649452054865
6.8945,-0.10784879406566515
6.8950000000000005,-0.5728486403510966
6.8955,-0.6007995478060465
6.896,-0.26005584195391607
6.8965000000000005,0.15853631040852612
6.897,0.3642709553971162
6.8975,0.24417880787825236
6.898000000000001,-0.07447584139693922
6.8985,-0.31665528757212047
6.899,-0.2731234823854276
6.8995,0.021423171958363456
6.9,0.31057328017079117
6.9005,0.3256556887357867
6.901,-0.005581995357521243
6.9015,-0.5190753635929332
6.902,-0.9430539445543984
6.9025,-1.0610141443432057
6.9030000000000005,-0.8009885464885971
6.9035,-0.25200739784933507
6.904,0.37650589813990887
6.9045000000000005,0.8725068675633296
6.905,1.161058342177936
6.9055,1.3191085919140484
6.906000000000001,1.4167077227591145
6.9065,1.3601912251344113
6.907,0.9733122121816659
6.9075,0.28209636752545675
6.908,-0.3732587216932895
6.9085,-0.6550221489821239
6.909,-0.6316109451214301
6.9095,-0.6902088172401001
6.91,-1.0093136759662122
6.9105,-1.2973130829083046
6.9110000000000005,-1.15790849554557
6.9115,-0.571019388720309
6.912,0.11931239416541686
6.9125000000000005,0.5752321387920822
6.913,0.6718714266226649
6.9135,0.43739052944856427
6.914,-0.008019620069990348
6.9145,-0.45333531953830786
6.915,-0.693473207999116
6.9155,-0.6670420198018023
6.916,-0.4120873999281302
6.9165,0.08403877143435176
6.917,0.8069490968810377
6.9175,1.4521847644148085
6.918,1.4900849984621625
6.9185,0.7174061261702177
6.9190000000000005,-0.34706018984440123
6.9195,-0.8444303503053102
6.92,-0.4000598021741092
6.9205000000000005,0.519923849636442
6.921,1.069353909395517
6.9215,0.7671555678873481
6.922,-0.16832237927699922
6.9225,-1.0759809033326908
6.923,-1.38654609412085
6.9235,-1.0091550043444053
6.924,-0.3181154618161255
6.9245,0.2017298406105429
6.925,0.3223934046279107
6.9255,0.13913278250239852
6.926,-0.15024958686428588
6.9265,-0.4416856949223591
6.9270000000000005,-0.6808828309373551
6.9275,-0.7337186141630323
6.928,-0.4553984291979096
6.9285000000000005,0.06733655715909576
6.929,0.4587194847551705
6.9295,0.39693526169910254
6.93,0.03451530143677377
6.9305,-0.06963605224611871
6.931,0.4508763524198202
6.9315,1.298936888848674
6.932,1.740414033101122
6.9325,1.3040557896427205
6.933,0.23305962622577978
6.9335,-0.7346268807827134
6.934,-1.0156696416029205
6.9345,-0.6430104428178282
6.9350000000000005,-0.14629302953652645
6.9355,-0.03916283502363965
6.936,-0.42259575810192795
6.9365000000000006,-0.9845805465592141
6.937,-1.2772286493021532
6.9375,-1.014495889315033
6.938,-0.23120402586552732
6.9385,0.7286770132519769
6.939,1.3666725276766818
6.9395,1.297567442483611
6.94,0.5345818577008307
6.9405,-0.4373593267789211
6.941,-0.962617675006193
6.9415000000000004,-0.710504982241472
6.942,0.05949384301498404
6.9425,0.7240455364982803
6.9430000000000005,0.8299764047070908
6.9435,0.4431234187551449
6.944,-0.008305461757575818
6.944500000000001,-0.19035495635546945
6.945,-0.13159251243998427
6.9455,-0.09557748437270344
6.946,-0.273430925184025
6.9465,-0.5911671374529283
6.947,-0.750684204013152
6.9475,-0.4626759859210745
6.948,0.2890110817751644
6.9485,1.1666573146385588
6.949,1.6695433880139507
6.9495000000000005,1.4634106858169063
6.95,0.633351975135617
6.9505,-0.30498686296974226
6.9510000000000005,-0.7172433797710916
6.9515,-0.34444431020635585
6.952,0.43920221921924957
6.952500000000001,0.9257245281295188
6.953,0.7139550103888858
6.9535,0.0709144493736875
6.954,-0.37904690905336735
6.9545,-0.3369317154196988
6.955,-0.14333694745190675
6.9555,-0.361027343596515
6.956,-1.0966977555958537
6.9565,-1.8350338620333009
6.957,-1.957669869430685
6.9575000000000005,-1.3453259016593704
6.958,-0.418469027547576
6.9585,0.33547343790961603
6.9590000000000005,0.750202797488854
6.9595,0.9257147233944623
6.96,0.9688327809414564
6.960500000000001,0.8918385524720023
6.961,0.6852218756300368
6.9615,0.39211718878077423
6.962,0.12503132612678433
6.9625,0.02926772915647452
6.963,0.17992879462382358
6.9635,0.48624774367214263
6.964,0.7224768290063535
6.9645,0.6653733109195002
6.965,0.22271135550988963
6.9655000000000005,-0.49088284325667586
6.966,-1.148022291433891
6.9665,-1.3579448318764074
6.9670000000000005,-0.9635549299559985
6.9675,-0.22418620239689618
6.968,0.3717896551310011
6.968500000000001,0.5218169388478554
6.969,0.32765504817382807
6.9695,0.11743450811100808
6.97,0.08840741998664745
6.9705,0.12568073933098137
6.971,-0.04306294008692701
6.9715,-0.5117178825952349
6.972,-1.0226881435003392
6.9725,-1.163885122867764
6.973,-0.7643273776013203
6.9735000000000005,-0.09107212200256412
6.974,0.3589111549298444
6.9745,0.2662533564258879
6.9750000000000005,-0.2852162234618958
6.9755,-0.9044396282820956
6.976,-1.1447459051167328
6.9765,-0.7393133849378265
6.977,0.22890536177030302
6.9775,1.3127425217011912
6.978,1.9545670990683806
6.9785,1.8759359136652076
6.979,1.25150831267151
6.9795,0.5115567165216144
6.98,0.002737322728209434
6.9805,-0.182209066067083
6.981,-0.14670253721936435
6.9815000000000005,-0.06177071230940279
6.982,-0.08602795881621098
6.9825,-0.3029920871006841
6.9830000000000005,-0.6396932502652412
6.9835,-0.8655513601506173
6.984,-0.7641712969941753
6.9845,-0.3427017242911863
6.985,0.167941847856823
6.9855,0.5322923132685524
6.986,0.6905635529869348
6.9865,0.7269750079564479
6.987,0.7270223074139944
6.9875,0.6947027009847775
6.988,0.58117840017869
6.9885,0.3814564037393456
6.989,0.18809747629236376
6.9895000000000005,0.09507351976580562
6.99,0.0509336348444079
6.9905,-0.10315455147094382
6.9910000000000005,-0.43030051158556176
6.9915,-0.8054730003347323
6.992,-1.0215838879428087
6.9925,-0.922706441826636
6.993,-0.4709942449752262
6.9935,0.21225393882480417
6.994,0.8617510036802003
6.9945,1.2074213445602753
6.995,1.1455761304654781
6.9955,0.7617446405489618
6.996,0.21567414366317966
6.9965,-0.32832159534979566
6.997,-0.6945378566978854
6.9975000000000005,-0.759088123646312
6.998,-0.5739433047430306
6.9985,-0.3595659858485438
6.9990000000000006,-0.3269939485976535
6.9995,-0.5043140511962101
7.0,-0.7120557671529576
7.0005,-0.7118533729063187
7.001,-0.44751214032681086
7.0015,-0.1565392665779875
7.002,-0.16153731189522244
7.0025,-0.49919487381149424
7.003,-0.8099009364912692
7.0035,-0.6673629402085149
7.0040000000000004,-0.025670982575855643
7.0045,0.6882491605413349
7.005,0.9522809028258904
7.0055000000000005,0.6452631748818568
7.006,0.15831617468125223
7.0065,-0.032106711401788196
7.007000000000001,0.12205380411156919
7.0075,0.23590785583086332
7.008,-0.010552901892308363
7.0085,-0.4700638503091932
7.009,-0.6684939663353372
7.0095,-0.3207762072144471
7.01,0.3329099819183107
7.0105,0.7497919729835459
7.011,0.6507237288429542
7.0115,0.29899853744798527
7.0120000000000005,0.1703962122565175
7.0125,0.4146373738474475
7.013,0.7274795978498498
7.0135000000000005,0.7170293060476726
7.014,0.29930568588253287
7.0145,-0.2723562307232692
7.015000000000001,-0.6883249774717843
7.0155,-0.8434690267746501
7.016,-0.8375802693328428
7.0165,-0.7702277689463131
7.017,-0.5968354796112301
7.0175,-0.2133774793810493
7.018,0.35959024265978645
7.0185,0.9356960028566667
7.019,1.309181459486652
7.0195,1.4092367358551339
7.0200000000000005,1.3029982987200632
7.0205,1.0900898305722249
7.021,0.836820385134986
7.0215000000000005,0.5877196591570832
7.022,0.3686720587650818
7.0225,0.15434857362207036
7.023000000000001,-0.11775507779661923
7.0235,-0.4575763232480029
7.024,-0.763502089968254
7.0245,-0.885029688761183
7.025,-0.7471886238004878
7.0255,-0.4198472910914813
7.026,-0.09721095465874334
7.0265,-0.0036048776395939735
7.027,-0.24297395795607155
7.0275,-0.6913130286639225
7.0280000000000005,-1.0819948793616072
7.0285,-1.2439874355874507
7.029,-1.2277105592583686
7.0295000000000005,-1.1680014834091321
7.03,-1.0672531745409353
7.0305,-0.778041628342802
7.031000000000001,-0.2152281028150785
7.0315,0.4452832217331595
7.032,0.830969691053822
7.0325,0.6912837907923023
7.033,0.16757972198650312
7.0335,-0.2944223562058579
7.034,-0.33747993576335567
7.0345,-0.004582026200990126
7.035,0.33140501792026694
7.0355,0.34921365955065586
7.0360000000000005,0.11970667034997133
7.0365,0.06207532984920557
7.037,0.5050702002180839
7.0375000000000005,1.281866509291345
7.038,1.8228354547015522
7.0385,1.6774936835219643
7.039000000000001,0.9144141841238366
7.0395,0.03015378860877117
7.04,-0.45335563833835446
7.0405,-0.3255431577654619
7.041,0.21714171005835053
7.0415,0.7307601771199506
7.042,0.8586402740445634
7.0425,0.578117941565473
7.043,0.11376789214078824
7.0435,-0.3493495681709623
7.0440000000000005,-0.7760367050124614
7.0445,-1.1111037567730513
7.045,-1.133325983498137
7.0455000000000005,-0.6187740248516262
7.046,0.31377993055817976
7.0465,1.0879031880130563
7.047,1.0209549567080962
7.0475,-0.08358656307107916
7.048,-1.6419606911197753
7.0485,-2.6625214414917875
7.049,-2.540617497681161
7.0495,-1.547022539968886
7.05,-0.5286866195125249
7.0505,-0.12672897305541578
7.051,-0.27743555969052225
7.0515,-0.4243940449174455
7.0520000000000005,-0.14721883567929103
7.0525,0.4500051253971634
7.053,0.9290577527696533
7.0535000000000005,1.0002050644996539
7.054,0.7660475129252314
7.0545,0.549023665766992
7.055,0.5697025066042885
7.0555,0.7855651643491243
7.056,0.9568032141837397
7.0565,0.8348944932794116
7.057,0.35669471845337536
7.0575,-0.2625195978054306
7.058,-0.6354977630715734
7.0585,-0.4863165829591648
7.059,0.09572408684569098
7.0595,0.6672852281161542
7.0600000000000005,0.7667862271129597
7.0605,0.3464261046622386
7.061,-0.14011093641968456
7.0615000000000006,-0.19128250175907846
7.062,0.2058670399633533
7.0625,0.6049885031225891
7.063,0.641019984381288
7.0635,0.38984317561312964
7.064,0.17037042486049242
7.0645,0.13640223564285567
7.065,0.16704981302475272
7.0655,0.11832893784824662
7.066,0.06595082285985507
7.0665000000000004,0.20381520592934066
7.067,0.5098931644694822
7.0675,0.6404902043046229
7.0680000000000005,0.2847034184267999
7.0685,-0.398714029555041
7.069,-0.8495475997794348
7.069500000000001,-0.6925864700454508
7.07,-0.16891440932258442
7.0705,0.11837152885147097
7.071,-0.15736377602580875
7.0715,-0.758331298091431
7.072,-1.20083967660421
7.0725,-1.2304399568558004
7.073,-0.9352269819730424
7.0735,-0.5192919491007574
7.074,-0.143382563579876
7.0745000000000005,0.009785758672456348
7.075,-0.264726660711539
7.0755,-0.9308566113746021
7.0760000000000005,-1.5197219925523582
7.0765,-1.4452098595912248
7.077,-0.6195986269345384
7.077500000000001,0.36720282831855405
7.078,0.8158813544813448
7.0785,0.6266191861343853
7.079,0.3391601327470069
7.0795,0.4901513989739959
7.08,1.0369603302406998
7.0805,1.4348181538379043
7.081,1.2057929130357012
7.0815,0.396104644862055
7.082,-0.471773534176856
7.0825000000000005,-0.8329142188919119
7.083,-0.4919262925839248
7.0835,0.2754416879712269
7.0840000000000005,0.9440356522116806
7.0845,1.118267918512123
7.085,0.8115076626828993
7.085500000000001,0.39249303149109294
7.086,0.22610648503857278
7.0865,0.34375701343045084
7.087,0.4484864169999991
7.0875,0.22156562583344463
7.088,-0.36150765899235227
7.0885,-0.9798922393510028
7.089,-1.233333744508364
7.0895,-0.9941451109512327
7.09,-0.4975738292638531
7.0905000000000005,-0.07651803581968342
7.091,0.14228340668485093
7.0915,0.23679670511076076
7.0920000000000005,0.2654738532503018
7.0925,0.1719863615423899
7.093,-0.07065700754740138
7.093500000000001,-0.3171608546322854
7.094,-0.34050842937276454
7.0945,-0.07757689291463844
7.095,0.2662443276437288
7.0955,0.40453757398886864
7.096,0.2574929751569893
7.0965,0.021382785462082117
7.097,-0.06269181343699186
7.0975,0.016731568287797496
7.098,0.05593307656573342
7.0985000000000005,-0.06460916412341547
7.099,-0.18645856762669746
7.0995,-0.06289887351069375
7.1000000000000005,0.29835493837917626
7.1005,0.5771217360754807
7.101,0.450304250971797
7.101500000000001,-0.072553026999233
7.102,-0.6286689931616012
7.1025,-0.7974267592679791
7.103,-0.44183781234326386
7.1035,0.17124547744346505
7.104,0.5540267637287306
7.1045,0.3574060034208261
7.105,-0.3444841672474107
7.1055,-1.0732461098804866
7.106,-1.2968293917267806
7.1065000000000005,-0.8556512813188631
7.107,-0.09103331860496164
7.1075,0.45406187905183293
7.1080000000000005,0.47795030291785995
7.1085,0.10376345745090687
7.109,-0.2900459814313987
7.1095,-0.3611571557890797
7.11,0.012979677104362815
7.1105,0.7096183302134925
7.111,1.4445878854486756
7.1115,1.9131985970294325
7.112,1.9330773217730994
7.1125,1.5264721077920715
7.113,0.9099478490127585
7.1135,0.3886581214581917
7.114,0.1571811010001639
7.1145000000000005,0.10364474850134295
7.115,-0.14322898383210855
7.1155,-0.8313128164192087
7.1160000000000005,-1.7201115707279224
7.1165,-2.2115155318708117
7.117,-1.9162466936176166
7.1175,-1.0409815107159226
7.118,-0.1776821728000479
7.1185,0.21924747945255768
7.119,0.08907196507670748
7.1195,-0.3761233236086429
7.12,-0.9005690969555509
7.1205,-1.1226677167578076
7.121,-0.6913569957566997
7.1215,0.38305123970074406
7.122,1.53024217356496
7.1225000000000005,1.989749026550646
7.123,1.4672647616517291
7.1235,0.38663756349814515
7.1240000000000006,-0.5110121311091119
7.1245,-0.7941586153316414
7.125,-0.615645963269839
7.1255,-0.45454868407525156
7.126,-0.62564350018964
7.1265,-1.00385602708734
7.127,-1.1686337582271291
7.1275,-0.8191662692706623
7.128,-0.09494298308816797
7.1285,0.5261885992804957
7.1290000000000004,0.6971413637829433
7.1295,0.5262048581645058
7.13,0.3707498127763631
7.1305000000000005,0.4053685771219293
7.131,0.5405595448975333
7.1315,0.6951671751400395
7.132000000000001,0.9271026411224617
7.1325,1.2352320585701175
7.133,1.3864055911654194
7.1335,1.0869125388338738
7.134,0.33130259839286763
7.1345,-0.5015935199143046
7.135,-0.9560842052954699
7.1355,-0.8837380260986178
7.136,-0.49394607752556047
7.1365,-0.06866639497928323
7.1370000000000005,0.2960891959216543
7.1375,0.6537239430489433
7.138,0.9662374286478576
7.1385000000000005,0.9749233704790667
7.139,0.3981851021641477
7.1395,-0.6990000915849366
7.140000000000001,-1.7912864246032145
7.1405,-2.241564980240698
7.141,-1.8107817425631094
7.1415,-0.8408750623198009
7.142,0.05098300685298144
7.1425,0.4629601876239518
7.143,0.42896866781758736
7.1435,0.21901304103953925
7.144,0.01363933628275843
7.1445,-0.17555629429243821
7.1450000000000005,-0.328010928567608
7.1455,-0.29335537058762945
7.146,0.060142686618677374
7.1465000000000005,0.6067118406667602
7.147,0.992970756849902
7.1475,0.9743271313651563
7.148000000000001,0.6630152013873198
7.1485,0.37623169626136693
7.149,0.2746816890566299
7.1495,0.2120533052178234
7.15,-0.06591590744784258
7.1505,-0.5977063390704722
7.151,-1.069153228962358
7.1515,-1.0309843264977938
7.152,-0.35190886524865195
7.1525,0.5287472634889971
7.1530000000000005,0.9225694537847556
7.1535,0.543178051700262
7.154,-0.2363352338595294
7.1545000000000005,-0.8277261972514852
7.155,-1.0150762519739014
7.1555,-0.9890732340899505
7.156000000000001,-0.9258432688432585
7.1565,-0.7757537250525761
7.157,-0.4836910040159209
7.1575,-0.19084296885402496
7.158,-0.08095486539384439
7.1585,-0.11699649296861087
7.159,-0.05777186278450931
7.1595,0.25900182190982163
7.16,0.7257385454983072
7.1605,1.0971714623887356
7.1610000000000005,1.258352827204834
7.1615,1.2616626849221604
7.162,1.1018385052513897
7.1625000000000005,0.6273677982722261
7.163,-0.1738530823612128
7.1635,-0.9005638176221439
7.164000000000001,-0.9877040237155363
7.1645,-0.29572478154355325
7.165,0.6790733520695432
7.1655,1.2521401093637075
7.166,1.1409789038658864
7.1665,0.5900886710482187
7.167,0.0253725503218309
7.1675,-0.3042765874413945
7.168,-0.38365288911826667
7.1685,-0.28646165491746506
7.1690000000000005,-0.07937771476529364
7.1695,0.15738002945343985
7.17,0.3100439655331204
7.1705000000000005,0.29083763627705345
7.171,0.10583619424261576
7.1715,-0.1514042693495658
7.172,-0.3457774796664054
7.1725,-0.35829228877009817
7.173,-0.2022920268380755
7.1735,-0.10878622442897648
7.174,-0.35853279013044914
7.1745,-0.9194060303364977
7.175,-1.3274156083947244
7.1755,-1.0683911806962534
7.176,-0.11032595916931662
7.1765,0.990483135154055
7.1770000000000005,1.5373465727194366
7.1775,1.254939373499171
7.178,0.43834267000612387
7.1785000000000005,-0.4012519125825877
7.179,-0.9721896540743119
7.1795,-1.2709511982978126
7.18,-1.34693482106176
7.1805,-1.1858937239256198
7.181,-0.8354129546285852
7.1815,-0.45736975315184564
7.182,-0.14739504109868407
7.1825,0.18367911883230922
7.183,0.6307421664972721
7.1835,1.0691198108375586
7.184,1.2306337531773748
7.1845,0.9918030537897905
7.1850000000000005,0.5096455674787344
7.1855,0.07338989022038205
7.186,-0.13461032858268085
7.1865000000000006,-0.15410896733398008
7.187,-0.1878494347568075
7.1875,-0.4199212319987726
7.188,-0.818989925379919
7.1885,-1.1063522812430513
7.189,-0.9895287305512114
7.1895,-0.46355240204513815
7.19,0.15563901108706626
7.1905,0.5034953427534199
7.191,0.4431689257805598
7.1915000000000004,0.11707213294778629
7.192,-0.1771140099483859
7.1925,-0.1665450016696241
7.1930000000000005,0.2114923121371867
7.1935,0.7212399031873193
7.194,0.9805638034070358
7.194500000000001,0.7837646150643897
7.195,0.28388697342600766
7.1955,-0.1543579094493362
7.196,-0.2650778568930206
7.1965,-0.052740625202993205
7.197,0.27916926592840324
7.1975,0.49264408957156713
7.198,0.41406607200178636
7.1985,-0.0046048523057697945
7.199,-0.6081244898981151
7.1995000000000005,-1.0613270721438006
7.2,-1.0657907817269736
7.2005,-0.599576635476539
7.2010000000000005,0.06402979153383766
7.2015,0.5777372950731269
7.202,0.7775895906530673
7.202500000000001,0.755446353161563
7.203,0.7050558524768095
7.2035,0.7193486724998565
7.204,0.7425480229912373
7.2045,0.679771987542048
7.205,0.4919091492337304
7.2055,0.17535232128178496
7.206,-0.26926803411103617
7.2065,-0.7583357586055139
7.207,-1.043132512047424
7.2075000000000005,-0.8453329136884087
7.208,-0.1664902828696891
7.2085,0.5983034244888434
7.2090000000000005,0.9578605097386508
7.2095,0.7287630401746118
7.21,0.10329677899039817
7.210500000000001,-0.6019240194742441
7.211,-1.1443322533380296
7.2115,-1.3511566141870464
7.212,-1.1183523854362298
7.2125,-0.5442759581709384
7.213,0.006807753592841638
7.2135,0.1485436087685966
7.214,-0.13054247361939245
7.2145,-0.3876981644231983
7.215,-0.17800210069603256
7.2155000000000005,0.40236116568966246
7.216,0.7517079602645094
7.2165,0.4137491818883259
7.2170000000000005,-0.38547143434123876
7.2175,-0.9419266346007547
7.218,-0.7955392645712577
7.218500000000001,-0.17116568388950631
7.219,0.3235606744371449
7.2195,0.3606846761071978
7.22,0.1450211549424175
7.2205,0.028188290362212237
7.221,0.0495447839185539
7.2215,-0.012302036714849066
7.222,-0.23103605722018936
7.2225,-0.36449684350352457
7.223,-0.12199323966307866
7.2235000000000005,0.515363035914752
7.224,1.2670414542343207
7.2245,1.7450085257107923
7.2250000000000005,1.6584952419395893
7.2255,0.9694434616742241
7.226,-0.0369931369628306
7.226500000000001,-0.8633525586331976
7.227,-1.0904556425881353
7.2275,-0.6627396753284874
7.228,0.04887419999609486
7.2285,0.47303855850280446
7.229,0.22668512592277387
7.2295,-0.5856179654620874
7.23,-1.4115047005704093
7.2305,-1.6615962425459196
7.231,-1.1630534924259075
7.2315000000000005,-0.24079391603833236
7.232,0.5874860296876938
7.2325,0.948788506025015
7.2330000000000005,0.7785716553432899
7.2335,0.35073334183186144
7.234,0.11449252910907726
7.2345,0.2851898635019131
7.235,0.5602608766237757
7.2355,0.42112180693978357
7.236,-0.23540585185736268
7.2365,-0.924528885474732
7.237,-1.0832464820469916
7.2375,-0.6276710848384569
7.238,0.026154174103924094
7.2385,0.36240823082045187
7.239,0.1411408528207269
7.2395000000000005,-0.4746572981610007
7.24,-1.0319156565896621
7.2405,-1.0847304948119583
7.2410000000000005,-0.5249824045096462
7.2415,0.3212764007749047
7.242,0.9514579796071446
7.2425,1.0766872916557457
7.243,0.7914554659605996
7.2435,0.3961151661296985
7.244,0.0808864032005934
7.2445,-0.19402410232333855
7.245,-0.5042210585685752
7.2455,-0.713088792588709
7.246,-0.5348772945271375
7.2465,0.0974034463042726
7.247,0.8038783054029447
7.2475000000000005,1.0257220197772958
7.248,0.5624587018173804
7.2485,-0.19884786317434563
7.2490000000000006,-0.603670555251521
7.2495,-0.2726433449336056
7.25,0.6129348418471882
7.2505,1.4791882440036235
7.251,1.8066585113371096
7.2515,1.4824467817383438
7.252,0.796034024252205
7.2525,0.15420097881028424
7.253,-0.2012463747832324
7.2535,-0.28828864165959284
7.2540000000000004,-0.2903064456260748
7.2545,-0.36582991199937204
7.255,-0.5236202054793118
7.2555000000000005,-0.6893065794384351
7.256,-0.8616808045134239
7.2565,-1.1179566988330978
7.257000000000001,-1.4380088497748493
7.2575,-1.6022893402472824
7.258,-1.3557251785617395
7.2585,-0.6859290185666531
7.259,0.10686043869677372
7.2595,0.6395177543807955
7.26,0.7292227718400363
7.2605,0.4630141275265524
7.261,0.06449879270902736
7.2615,-0.2492831577113854
7.2620000000000005,-0.325490505395667
7.2625,-0.10867811343993806
7.263,0.29758789511109607
7.2635000000000005,0.612620396294615
7.264,0.5286343539594034
7.2645,0.0024692779727842245
7.265000000000001,-0.5870351160599234
7.2655,-0.6841755596368141
7.266,-0.060082576736742235
7.2665,0.9293665102841453
7.267,1.6162062157103374
7.2675,1.541825641874917
7.268,0.7435153677792606
7.2685,-0.3536205091986485
7.269,-1.2439947845627395
7.2695,-1.6071510888094933
7.2700000000000005,-1.4227313318878982
7.2705,-0.9220677729705563
7.271,-0.40988804053885075
7.2715000000000005,-0.05858304193986824
7.272,0.16851757563997916
7.2725,0.39560645850203296
7.273000000000001,0.6507874056326548
7.2735,0.8293527679242795
7.274,0.8200765448455931
7.2745,0.6138557792175321
7.275,0.2868649648086834
7.2755,-0.061255126715402695
7.276,-0.31942992990440167
7.2765,-0.3676614054673687
7.277,-0.1576900954666447
7.2775,0.17761668133346825
7.2780000000000005,0.36308255089366304
7.2785,0.20830571931051806
7.279,-0.21147866887057237
7.2795000000000005,-0.6421491349945845
7.28,-0.8920134798338675
7.2805,-0.9396276417245178
7.281000000000001,-0.8373738432801862
7.2815,-0.5990142885486052
7.282,-0.2234224678138563
7.2825,0.20515794096571743
7.283,0.49953704448881703
7.2835,0.4958688498004117
7.284,0.2191472517240785
7.2845,-0.0750706646721246
7.285,-0.050892547562167365
7.2855,0.4468754242733975
7.2860000000000005,1.2149790614542393
7.2865,1.788122531279771
7.287,1.787797615297501
7.2875000000000005,1.218764886586872
7.288,0.4248453483233774
7.2885,-0.22131222990133162
7.289000000000001,-0.5668450638202002
7.2895,-0.6803108831133158
7.29,-0.6807821141681154
7.2905,-0.5668511665650696
7.291,-0.2195827154789219
7.2915,0.35414626501438196
7.292,0.7906398552849675
7.2925,0.5791446270988051
7.293,-0.33330101682759516
7.2935,-1.2874390547334311
7.2940000000000005,-1.5276530442293077
7.2945,-1.0506811338400657
7.295,-0.5928536386892377
7.2955000000000005,-0.7454688102463148
7.296,-1.3186294304422206
7.2965,-1.6574756215887123
7.297,-1.3605393494838645
7.2975,-0.5311051709468907
7.298,0.4896089206254687
7.2985,1.3733054767696675
7.299,1.840613500776944
7.2995,1.7200248653223977
7.3,1.100323395441873
7.3005,0.3431273331668833
7.301,-0.15023968518240718
7.3015,-0.2253950091247323
7.3020000000000005,-0.07128335818666447
7.3025,-0.026879928922939993
7.303,-0.21841712649342604
7.3035000000000005,-0.37836871119323645
7.304,-0.12143834581282184
7.3045,0.5539749571472834
7.305,1.1248549641734367
7.3055,1.006941237162639
7.306,0.17681217497108975
7.3065,-0.7328381103401429
7.307,-1.0317652336389653
7.3075,-0.6565972978517902
7.308,-0.18335970309231972
7.3085,-0.15396650922378652
7.309,-0.497556937026643
7.3095,-0.6977854198633962
7.3100000000000005,-0.45761053637402493
7.3105,-0.03799829208869197
7.311,0.11440737573492007
7.3115000000000006,-0.06047756600706204
7.312,-0.19256085417738283
7.3125,0.020577548868995252
7.313,0.4306077321421594
7.3135,0.6090766574584028
7.314,0.3162128179307683
7.3145,-0.25544523108815276
7.315,-0.6569837981352312
7.3155,-0.567461804568104
7.316,-0.07083032005946324
7.3165000000000004,0.3865027390798844
7.317,0.3825977435857371
7.3175,-0.04411036151393778
7.3180000000000005,-0.4003857992255575
7.3185,-0.2794002362589649
7.319,0.15246268125024795
7.319500000000001,0.3321775943512468
7.32,-0.04669360505517192
7.3205,-0.6726013751946153
7.321,-0.9319757527758797
7.3215,-0.5009351615659515
7.322,0.40189354860508075
7.3225,1.2557528822213642
7.323,1.6524041880755196
7.3235,1.5280629076419108
7.324,1.109918478656859
7.3245000000000005,0.6928702648229593
7.325,0.4315263937577021
7.3255,0.28741753160938815
7.3260000000000005,0.13256480666060677
7.3265,-0.11974307619113685
7.327,-0.45053819332987216
7.327500000000001,-0.7182531214156218
7.328,-0.7140378384273398
7.3285,-0.36863419205182635
7.329,0.04916775934651825
7.3295,0.10230029482581895
7.33,-0.31837776266414464
7.3305,-0.7823873343115245
7.331,-0.7577997417594109
7.3315,-0.1911747421054671
7.332,0.49581623778279305
7.3325000000000005,0.9078653320830188
7.333,0.96778335267113
7.3335,0.7462460607971952
7.3340000000000005,0.2691101395295888
7.3345,-0.4019721247486414
7.335,-1.053093189677686
7.335500000000001,-1.4062796051887732
7.336,-1.313988109275096
7.3365,-0.8738432047483049
7.337,-0.38621058630812033
7.3375,-0.16288363354932114
7.338,-0.30368304733732954
7.3385,-0.6251506732453992
7.339,-0.8044051405644689
7.3395,-0.6161198177468898
7.34,-0.09542019380085091
7.3405000000000005,0.47441460980710526
7.341,0.759825380302451
7.3415,0.6361973056038751
7.3420000000000005,0.2825609266023727
7.3425,0.007193208010911478
7.343,-0.017552253170090473
7.343500000000001,0.15578578535175003
7.344,0.37172540825538924
7.3445,0.5160256090494609
7.345,0.5499326609752274
7.3455,0.47374727125531557
7.346,0.2992916712667262
7.3465,0.046260448283239275
7.347,-0.2646654260893995
7.3475,-0.6250030089855251
7.348,-1.00970588459792
7.3485000000000005,-1.301935245626206
7.349,-1.2931257885128629
7.3495,-0.8370192315560674
7.3500000000000005,-0.016582213825020238
7.3505,0.8575845435314015
7.351,1.405099886581771
7.351500000000001,1.3741839539723588
7.352,0.8040361935390273
7.3525,0.05661002912149452
7.353,-0.38701703395060083
7.3535,-0.2832379940186686
7.354,0.17532440587000322
7.3545,0.5456627895812215
7.355,0.5453346604310993
7.3555,0.2829069186490578
7.356,0.09483662749057926
7.3565000000000005,0.18373099607946558
7.357,0.43708444381827405
7.3575,0.5852921098130746
7.3580000000000005,0.47961457622940024
7.3585,0.17980959991784837
7.359,-0.17653857969695902
7.359500000000001,-0.5101799020017589
7.36,-0.7972259148169434
7.3605,-0.9764194713848203
7.361,-0.9281476290701517
7.3615,-0.6188187806779778
7.362,-0.24378373916007834
7.3625,-0.08113524575306975
7.363,-0.12982169466168547
7.3635,-0.03377327528311321
7.364,0.47413712076022746
7.3645000000000005,1.1273203342467937
7.365,1.3193072538833572
7.3655,0.765323513650562
7.3660000000000005,-0.16655821605342874
7.3665,-0.8284608998937402
7.367,-0.8971368570196325
7.3675,-0.5677201138502793
7.368,-0.24978619639118269
7.3685,-0.15679577391360813
7.369,-0.15266323190148545
7.3695,0.0795618335554561
7.37,0.7205738834941389
7.3705,1.578810370387101
7.371,2.1114830539043936
7.3715,1.7732525403362318
7.372,0.5010156495578404
7.3725000000000005,-1.1207819870820996
7.373,-2.26077282296649
7.3735,-2.4673131791494134
7.3740000000000006,-1.9526269789898523
7.3745,-1.3313661051364407
7.375,-1.077512835209116
7.3755,-1.1505371417040726
7.376,-1.1029677279488745
7.3765,-0.5702960889910353
7.377,0.3310526915860813
7.3775,1.0846291953399914
7.378,1.2419140962454425
7.3785,0.827494282746932
7.3790000000000004,0.3037028163019308
7.3795,0.12897644863403876
7.38,0.34534949441939117
7.3805000000000005,0.6053161765261907
7.381,0.57991801134546
7.3815,0.2979979586929784
7.382000000000001,0.0721293358972528
7.3825,0.11688960703960552
7.383,0.2863876213058385
7.3835,0.22340512527948103
7.384,-0.2392408120888824
7.3845,-0.8527410306146123
7.385,-1.13321804658927
7.3855,-0.7748114162995856
7.386,0.08046861650179891
7.3865,0.9491372175090287
7.3870000000000005,1.3828051271283563
7.3875,1.2625976134860928
7.388,0.7789330956808376
7.3885000000000005,0.2342086349889006
7.389,-0.08060110649927171
7.3895,0.04358616715468116
7.390000000000001,0.5661403457824014
7.3905,1.065542467430371
7.391,0.9626836732487658
7.3915,0.05401231354513633
7.392,-1.1766719979099387
7.3925,-1.884503886282174
7.393,-1.5775978696366404
7.3935,-0.5436458751313982
7.394,0.3999650079726497
7.3945,0.5895126371176254
7.3950000000000005,0.029777785253229938
7.3955,-0.6809338769415798
7.396,-0.9033525499176756
7.3965000000000005,-0.476762414055633
7.397,0.20643635185297685
7.3975,0.5580736916833584
7.398000000000001,0.2595452135992072
7.3985,-0.5099592921072914
7.399,-1.2319366875618112
7.3995,-1.448202625131505
7.4,-1.0755876884333326
7.4005,-0.4079808143170559
7.401,0.16830647746134056
7.4015,0.5031543992767992
7.402,0.7369777533686473
7.4025,1.0003948305096186
7.4030000000000005,1.136839990063843
7.4035,0.8757166891030522
7.404,0.2824451554657735
7.4045000000000005,-0.14461861156913863
7.405,0.045467707171056054
7.4055,0.7391015575237887
7.406000000000001,1.3349275846661992
7.4065,1.3365417659756886
7.407,0.7910355716898293
7.4075,0.12991776755457204
7.408,-0.3259545916702654
7.4085,-0.6006863021006597
7.409,-0.8341947331695488
7.4095,-0.9886492772013814
7.41,-0.9091606097999543
7.4105,-0.5956544429566427
7.4110000000000005,-0.247968298251294
7.4115,-0.04288600637028991
7.412,-0.009692613409375406
7.4125000000000005,-0.14146138352243104
7.413,-0.46133520269573497
7.4135,-0.8745047739335496
7.414000000000001,-1.0661633903770174
7.4145,-0.7316682942263611
7.415,0.031715039500121174
7.4155,0.653049934519191
7.416,0.5431435926929261
7.4165,-0.3075294410407343
7.417,-1.2256756548626369
7.4175,-1.434605101849159
7.418,-0.7663105014981466
7.4185,0.21640616179180155
7.4190000000000005,0.7765215848995246
7.4195,0.6365995763885175
7.42,0.11404048341245873
7.4205000000000005,-0.23823011751995707
7.421,-0.07323394148891114
7.4215,0.5585152678769633
7.422000000000001,1.2992850202166946
7.4225,1.7088489615281697
7.423,1.502586495089425
7.4235,0.7475586105300135
7.424,-0.1046530080282192
7.4245,-0.4949374840263622
7.425,-0.1985715649900619
7.4255,0.5077331714919452
7.426,1.1274248596649858
7.4265,1.323990397184069
7.4270000000000005,1.0490191237044355
7.4275,0.4689246443663623
7.428,-0.14921659027647058
7.4285000000000005,-0.5824309019718377
7.429,-0.7839166044541135
7.4295,-0.8553768871426612
7.43,-0.8701375962089465
7.4305,-0.7849029170597129
7.431,-0.5726147990504683
7.4315,-0.375348552497098
7.432,-0.40619269447600165
7.4325,-0.6658801437711659
7.433,-0.8472938375390772
7.4335,-0.6344299509250687
7.434,-0.09734313727652637
7.4345,0.32828111650327874
7.4350000000000005,0.31571699945143544
7.4355,-0.010412152690579473
7.436,-0.30209734931408255
7.4365000000000006,-0.4399974367147224
7.437,-0.5906975767735411
7.4375,-0.8515732281395718
7.438,-1.0171562787159985
7.4385,-0.7873706830939277
7.439,-0.14714654151630535
7.4395,0.5523817888383662
7.44,0.9039971770299543
7.4405,0.7933358865455559
7.441,0.43780805294314906
7.4415000000000004,0.13712651089890365
7.442,0.022793211376009627
7.4425,0.02235450616379159
7.4430000000000005,0.015338444969012714
7.4435,-0.002102677856301696
7.444,0.08270822188494668
7.444500000000001,0.3259539283706374
7.445,0.5859716795476629
7.4455,0.6282408509613906
7.446,0.3972101367010961
7.4465,0.12002147196913106
7.447,0.07481872324975174
7.4475,0.2721156612094341
7.448,0.4261018884121426
7.4485,0.26097629127342353
7.449,-0.18370844121865051
7.4495000000000005,-0.5615046472808884
7.45,-0.5094351694042523
7.4505,0.04379999155328613
7.4510000000000005,0.7838668500639353
7.4515,1.2210987012337589
7.452,1.0841233648404185
7.452500000000001,0.5511338334766029
7.453,0.05350043103953117
7.4535,-0.15262180197778594
7.454,-0.17141834333633416
7.4545,-0.2608727402762035
7.455,-0.5505249448564252
7.4555,-0.9614886363131588
7.456,-1.281250178687146
7.4565,-1.2970045354465354
7.457,-0.9849094453329941
7.4575000000000005,-0.6028470956298173
7.458,-0.4671730160781766
7.4585,-0.5870200509994478
7.4590000000000005,-0.630397235546932
7.4595,-0.3179778924307124
7.46,0.22340284693758075
7.460500000000001,0.5816618993421245
7.461,0.522909550728721
7.4615,0.2506774168516592
7.462,0.13738101619725945
7.4625,0.24816626813889764
7.463,0.2599223181989239
7.4635,-0.10189309193470465
7.464,-0.6439907699361743
7.4645,-0.8434645379405674
7.465,-0.4163759551990523
7.4655000000000005,0.33963619380291615
7.466,0.8235544346718294
7.4665,0.7129365581895244
7.4670000000000005,0.24876548025994105
7.4675,-0.006621538868414324
7.468,0.3156628257175408
7.468500000000001,1.0383895245426156
7.469,1.553378402646159
7.4695,1.3527815942950707
7.47,0.5272008244593513
7.4705,-0.27440764246862437
7.471,-0.4521403304365129
7.4715,-0.055907183253367715
7.472,0.258293205888068
7.4725,-0.07797505898086679
7.473,-0.9250441760215969
7.4735000000000005,-1.5917617390846497
7.474,-1.5867485181432954
7.4745,-1.0734744491619708
7.4750000000000005,-0.5626085452921287
7.4755,-0.32713240185134107
7.476,-0.23148729549070127
7.476500000000001,-0.04585721346670567
7.477,0.2030471058221487
7.4775,0.2329989858752794
7.478,-0.14867635481503602
7.4785,-0.7285515455800431
7.479,-0.9924416714877565
7.4795,-0.6050592244280356
7.48,0.24270142268205494
7.4805,1.0008038081320936
7.481,1.2498992314377348
7.4815000000000005,1.0070158261175435
7.482,0.5940833433684157
7.4825,0.2837291239761872
7.4830000000000005,0.11350289937365027
7.4835,0.003915339119337109
7.484,-0.04908847554856722
7.484500000000001,0.022180356674818123
7.485,0.20064911780079014
7.4855,0.343420791416062
7.486,0.3434486112659863
7.4865,0.28559416792979136
7.487,0.3867407536461763
7.4875,0.7410981219264774
7.488,1.1104159593385705
7.4885,1.0459961252641972
7.489,0.3384339869094729
7.4895000000000005,-0.6606501220491369
7.49,-1.277371447264476
7.4905,-1.1206998151412417
7.4910000000000005,-0.4231730645347733
7.4915,0.2082038656222072
7.492,0.3512420962020374
7.4925,0.10179618545089408
7.493,-0.11334092989091366
7.4935,-0.02551257864465602
7.494,0.2127136379795893
7.4945,0.2481969586217923
7.495,-0.05920576262838322
7.4955,-0.48464716909653954
7.496,-0.6632920123535104
7.4965,-0.4313217222324631
7.497,0.029786184258637056
7.4975000000000005,0.33955084450557776
7.498,0.21174437661936346
7.4985,-0.34110138915359167
7.4990000000000006,-1.0545764067910184
7.4995,-1.6518626765146414
7.5,-2.0038847558443575
7.5005,-2.055843451236289
7.501,-1.7258466375480377
7.5015,-1.0034605218802224
7.502,-0.09337173313148713
7.5025,0.693527994600627
7.503,1.2375725001819464
7.5035,1.692294573990006
7.5040000000000004,2.170810356992615
7.5045,2.4254456821430863
7.505,2.0199764326805907
7.5055000000000005,0.8787173039328248
7.506,-0.4473969140018369
7.5065,-1.1799546291040122
7.507000000000001,-1.0089470451431455
7.5075,-0.3694874058006524
7.508,0.007841893574963581
7.5085,-0.1764734233391128
7.509,-0.5590917099583284
7.5095,-0.6138754851972563
7.51,-0.2778655647122829
7.5105,0.026502410817452797
7.511,-0.0650971494321721
7.5115,-0.4382773494974746
7.5120000000000005,-0.6413244824495398
7.5125,-0.36185590798222994
7.513,0.24577322376897584
7.5135000000000005,0.6597407402623517
7.514,0.45661679505004743
7.5145,-0.24354686067454154
7.515000000000001,-0.8382251831791511
7.5155,-0.8429881279734246
7.516,-0.3937045634751339
7.5165,-0.045156061884229666
7.517,-0.1113006849231026
7.5175,-0.3420741598537385
7.518,-0.2558567268215249
7.5185,0.32784420466739483
7.519,1.1168368001038314
7.5195,1.628206016794104
7.5200000000000005,1.618718091771788
7.5205,1.2789450697396558
7.521,0.9950843045466649
7.5215000000000005,0.9004475399242782
7.522,0.7405339343656282
7.5225,0.2479868875799943
7.523000000000001,-0.4515679382527092
7.5235,-0.9404262694157168
7.524,-0.9704043391651338
7.5245,-0.6942534005900195
7.525,-0.42494390976257546
7.5255,-0.2667025854659178
7.526,-0.05496471848095264
7.5265,0.37853128274081793
7.527,0.9529374102730007
7.5275,1.3330447133966
7.5280000000000005,1.1353901302818359
7.5285,0.22839679510536567
7.529,-1.0395438387643
7.5295000000000005,-1.9571390861123932
7.53,-1.9715794526878787
7.5305,-1.1621645345328837
7.531000000000001,-0.14762305867998238
7.5315,0.4748432846644266
7.532,0.5624781511982186
7.5325,0.3672460270492109
7.533,0.17428879757702598
7.5335,0.04932149087133184
7.534,-0.1171815267653354
7.5345,-0.4113443790892303
7.535,-0.7721147473308524
7.5355,-1.0074864320356387
7.5360000000000005,-0.9017890766810935
7.5365,-0.3909765263028887
7.537,0.2846862251553911
7.5375000000000005,0.671616122864032
7.538,0.4868786155624175
7.5385,-0.0645593050983418
7.539000000000001,-0.44135164845769836
7.5395,-0.2822699700978883
7.54,0.24981082487591136
7.5405,0.6461359167547721
7.541,0.5399944384438959
7.5415,0.011557108429185288
7.542,-0.5265901180983331
7.5425,-0.6774073012234587
7.543,-0.32862203407457885
7.5435,0.30234313314426925
7.5440000000000005,0.8211410251021466
7.5445,0.9005693900661462
7.545,0.47280606927535096
7.5455000000000005,-0.2381696594383217
7.546,-0.8472016388820981
7.5465,-1.019663681090873
7.547000000000001,-0.6595403835076241
7.5475,0.007640502789920775
7.548,0.5182168760658917
7.5485,0.45558332062492
7.549,-0.18537357001500998
7.5495,-0.8886565672767706
7.55,-0.9903802821948505
7.5505,-0.28797317393131305
7.551,0.6999655672631199
7.5515,1.154212876235943
7.5520000000000005,0.6982747206765615
7.5525,-0.2865644562861367
7.553,-1.0812210626532597
7.5535000000000005,-1.2791228433327477
7.554,-0.9812235572108935
7.5545,-0.46040796786565824
7.555,0.1934215497127656
7.5555,1.0177536801760914
7.556,1.844393883570442
7.5565,2.1990472075643557
7.557,1.6842393582036834
7.5575,0.4653362768343689
7.558,-0.7430788623245501
7.5585,-1.259937285940307
7.559,-0.9990823794105261
7.5595,-0.4451869728667659
7.5600000000000005,-0.12209326389432566
7.5605,-0.11940891253217001
7.561,-0.11077266578851806
7.5615000000000006,0.21587591326632666
7.562,0.7732443462407363
7.5625,1.1281343481321178
7.563,0.9404526665772391
7.5635,0.3144041075121179
7.564,-0.3206668977776861
7.5645,-0.6229697571375402
7.565,-0.5480132229663661
7.5655,-0.21547321868782715
7.566,0.2405980731671447
7.5665000000000004,0.635313205368288
7.567,0.7149715770172789
7.5675,0.33405407355033423
7.5680000000000005,-0.36089442582105186
7.5685,-0.9886718527448809
7.569,-1.1811212052933584
7.569500000000001,-0.8103142121017016
7.57,-0.08732741053337542
7.5705,0.5183934412936609
7.571,0.5858447737650818
7.5715,0.11412102429638374
7.572,-0.4369230859960041
7.5725,-0.5994790836414106
7.573,-0.3951704117731152
7.5735,-0.2611510051356281
7.574,-0.4678234456508262
7.5745000000000005,-0.7747011796834746
7.575,-0.7620582166761682
7.5755,-0.3736382607548145
7.5760000000000005,0.027005445044960108
7.5765,0.09937363101787676
7.577,-0.10518531640696788
7.577500000000001,-0.23263799995488552
7.578,-0.019239543641821073
7.5785,0.42188070650674814
7.579,0.6909538602622551
7.5795,0.4975192407601286
7.58,-0.005633979843076314
7.5805,-0.3156212234958737
7.581,-0.07307096883316969
7.5815,0.5382612126406148
7.582,0.9584853728017816
7.5825000000000005,0.836644195176886
7.583,0.3723238014597858
7.5835,0.030926840242696527
7.5840000000000005,0.000883590917278593
7.5845,0.05478550796719667
7.585,-0.05144550278664793
7.585500000000001,-0.2122547645847634
7.586,-0.15780943643796577
7.5865,0.08645395770072035
7.587,0.16180881540383807
7.5875,-0.14320774272785203
7.588,-0.5487902571876395
7.5885,-0.5708488513976256
7.589,-0.10773699804269438
7.5895,0.3942164691333132
7.59,0.40658501069743513
7.5905000000000005,-0.11268481291806977
7.591,-0.6714765740941598
7.5915,-0.7530654551775464
7.5920000000000005,-0.33836835194936793
7.5925,0.09610723425521822
7.593,0.07885024648360593
7.593500000000001,-0.394260470712373
7.594,-0.8764737626787636
7.5945,-0.8912994384103643
7.595,-0.3559928619661108
7.5955,0.3422085127613969
7.596,0.6849790478455684
7.5965,0.4728780075362287
7.597,-0.057330482517410755
7.5975,-0.5277054087010784
7.598,-0.7434847290857837
7.5985000000000005,-0.7194899546823456
7.599,-0.5097610470604618
7.5995,-0.11584285805836016
7.6000000000000005,0.45701403148377534
7.6005,1.1174540054039506
7.601,1.6730146583702996
7.601500000000001,1.8933370418746402
7.602,1.6320461244592175
7.6025,0.9345567185558953
7.603,0.030337951168094637
7.6035,-0.7773874342434549
7.604,-1.2073333927491756
7.6045,-1.0632706816810442
7.605,-0.35258042975793014
7.6055,0.5919168836949723
7.606,1.2110922199664886
7.6065000000000005,1.0988359337245515
7.607,0.34950015211705643
7.6075,-0.5037199391949252
7.6080000000000005,-0.9349827818966496
7.6085,-0.813935651148814
7.609,-0.375037815382926
7.609500000000001,0.09245131194792286
7.61,0.4202522947071015
7.6105,0.49077174286459024
7.611,0.19900427903879053
7.6115,-0.3961146126348841
7.612,-0.9892757707770022
7.6125,-1.2690366644433064
7.613,-1.2252991963453854
7.6135,-1.0710390385712882
7.614,-0.8823373904280448
7.6145000000000005,-0.5187336955659319
7.615,0.058082827146856
7.6155,0.5825847147933674
7.6160000000000005,0.721530030314959
7.6165,0.43210532786613765
7.617,0.015837478008978965
7.6175,-0.15464313435750426
7.618,0.0326009756730461
7.6185,0.32508202426079175
7.619,0.3739161774352093
7.6195,0.1609258321325747
7.62,0.07180616629430372
7.6205,0.42632522110574045
7.621,0.997111683795271
7.6215,1.1518654457433364
7.622,0.5093894070648739
7.6225000000000005,-0.6039720439814201
7.623,-1.3670184542727324
7.6235,-1.142794783375539
7.6240000000000006,-0.026177449448478343
7.6245,1.203995399663559
7.625,1.6838837763809569
7.6255,1.1057274960224752
7.626,-0.11597812292883039
7.6265,-1.2188977741822062
7.627,-1.623831747459584
7.6275,-1.2325454555763569
7.628,-0.4018872380378667
7.6285,0.33203769032761316
7.6290000000000004,0.6394057157377951
7.6295,0.5870623761368905
7.63,0.41798726398374186
7.6305000000000005,0.1994742535954444
7.631,-0.19426740744090268
7.6315,-0.7942727703255827
7.632000000000001,-1.3839663688169472
7.6325,-1.6605572853640063
7.633,-1.4699582354178728
7.6335,-0.8896647039643119
7.634,-0.17072466173825807
7.6345,0.39759881570856354
7.635,0.6737225395160045
7.6355,0.778187594593202
7.636,0.9623718810591222
7.6365,1.2963001321457548
7.6370000000000005,1.5262840514017582
7.6375,1.3166976705847255
7.638,0.6264321810812232
7.6385000000000005,-0.20288593624261922
7.639,-0.7319921084675605
7.6395,-0.7783862437917046
7.640000000000001,-0.5162526622054132
7.6405,-0.26763562954366543
7.641,-0.19591479290832212
7.6415,-0.18966147423741073
7.642,-0.048827759300282096
7.6425,0.2387265048304499
7.643,0.46216078181616804
7.6435,0.4323892315406699
7.644,0.19103328624906657
7.6445,-0.0626950018792565
7.6450000000000005,-0.18764979946621632
7.6455,-0.1731231614738893
7.646,-0.05424573847735458
7.6465000000000005,0.11907822222399284
7.647,0.22601811777802341
7.6475,0.12967557425565834
7.648000000000001,-0.12341140345854384
7.6485,-0.24506864183308025
7.649,0.023999573828761084
7.6495,0.5788837933538417
7.65,0.970793049630701
7.6505,0.8224945464617233
7.651,0.20870254423737108
7.6515,-0.4414122063265396
7.652,-0.8186045378411227
7.6525,-0.9883007112086046
7.6530000000000005,-1.1239514722900643
7.6535,-1.1615602409837635
7.654,-0.8965775773192319
7.6545000000000005,-0.3541824531397056
7.655,0.13401353774184865
7.6555,0.2897278648246769
7.656000000000001,0.22042570421046967
7.6565,0.2673088207419807
7.657,0.5331847745974869
7.6575,0.7103202693385808
7.658,0.47474867154159756
7.6585,-0.041366515279871896
7.659,-0.3294853472964083
7.6595,-0.06879070994571307
7.66,0.5159947811383961
7.6605,0.9216947243602294
7.6610000000000005,0.8959012347123196
7.6615,0.5989756937079187
7.662,0.28732020083495385
7.6625000000000005,-0.01941025162797335
7.663,-0.47919920061246407
7.6635,-1.1040710291383935
7.664000000000001,-1.6171515874184916
7.6645,-1.6717064576811307
7.665,-1.17148625443714
7.6655,-0.3673041161045924
7.666,0.3184144442562579
7.6665,0.5614790998611497
7.667,0.3104982468417599
7.6675,-0.21223862376822766
7.668,-0.6553227664625055
7.6685,-0.7468996263484154
7.6690000000000005,-0.4530165616655834
7.6695,0.018214984128190684
7.67,0.36840766444786094
7.6705000000000005,0.401336792388509
7.671,0.11436569094671409
7.6715,-0.3485029371508947
7.672000000000001,-0.7735046925792015
7.6725,-0.9178410354567254
7.673,-0.6206770432420019
7.6735,0.0036067596978531097
7.674,0.5545354159305583
7.6745,0.6732976722915357
7.675,0.40968968007070905
7.6755,0.2025912729198078
7.676,0.46377232279378927
7.6765,1.1770472760772959
7.6770000000000005,1.878146802051879
7.6775,2.0090010831916993
7.678,1.359119781605731
7.6785000000000005,0.2637253673213555
7.679,-0.6149330135915353
7.6795,-0.7756339999552674
7.68,-0.23848251007135823
7.6805,0.5113891972089036
7.681,0.9316669076959648
7.6815,0.8499407927968687
7.682,0.5554825472692568
7.6825,0.45626387447933675
7.683,0.6158776002556107
7.6835,0.6583392691590394
7.684,0.17733597358828193
7.6845,-0.7636914481681034
7.6850000000000005,-1.5827169710515228
7.6855,-1.669836731453564
7.686,-0.9506257450732307
7.6865000000000006,0.018174274538236772
7.687,0.49863120697106433
7.6875,0.15370337358714348
7.688,-0.7219997320319136
7.6885,-1.48214004161779
7.689,-1.657174729057415
7.6895,-1.2697121704148726
7.69,-0.7056452707048771
7.6905,-0.34536054686354695
7.691,-0.3015167680101924
7.6915000000000004,-0.41906342507209643
7.692,-0.4880796990841078
7.6925,-0.4663925489375984
7.6930000000000005,-0.46667461803207416
7.6935,-0.5235756620834909
7.694,-0.46910208708210194
7.694500000000001,-0.12880833640116485
7.695,0.388288985566177
7.6955,0.7176421210713098
7.696,0.6364511599002862
7.6965,0.3744409292850414
7.697,0.41068839003050706
7.6975,0.9379883843025838
7.698,1.5996833024341837
7.6985,1.8026094370527963
7.699,1.2755091471902744
7.6995000000000005,0.3073073184914772
7.7,-0.5359980534167411
7.7005,-0.8975813138601643
7.7010000000000005,-0.855244274457625
7.7015,-0.727903014519894
7.702,-0.7058125238031343
7.702500000000001,-0.6678558924990851
7.703,-0.33192192420551325
7.7035,0.41352703835934235
7.704,1.2852910775591735
7.7045,1.7221127250132113
7.705,1.3324571621620491
7.7055,0.30884853678277147
7.706,-0.6466988712045033
7.7065,-0.9027724612024524
7.707,-0.4456999652851648
7.7075000000000005,0.14905077151489446
7.708,0.2877826380988048
7.7085,-0.08503935574279652
7.7090000000000005,-0.46292459766365995
7.7095,-0.30242941653393374
7.71,0.39338250531985036
7.710500000000001,1.0133094766739112
7.711,0.9077679197980032
7.7115,0.043517454158297
7.712,-0.9406866110624211
7.7125,-1.3412812044458735
7.713,-1.0108856656625116
7.7135,-0.38049783290319467
7.714,0.03570472169867084
7.7145,0.09546831696518639
7.715,0.05819372477020743
7.7155000000000005,0.24773206300154585
7.716,0.6872549969361332
7.7165,1.0404550198878895
7.7170000000000005,0.9204228866162842
7.7175,0.2758899798794163
7.718,-0.5242794708043921
7.718500000000001,-1.0007983098208055
7.719,-0.9798262966107254
7.7195,-0.7152756074419728
7.72,-0.5890934127342953
7.7205,-0.6956766150529389
7.721,-0.7724541674399295
7.7215,-0.5575780149682178
7.722,-0.12898505727683057
7.7225,0.1930203351149716
7.723,0.22023435497518093
7.7235000000000005,0.055294518062955066
7.724,-0.11207489454841098
7.7245,-0.22251135668270117
7.7250000000000005,-0.28007877007034476
7.7255,-0.18293887240161535
7.726,0.19564235107213548
7.726500000000001,0.7382458897373527
7.727,1.0596708259447891
7.7275,0.8744066628244733
7.728,0.323246297348638
7.7285,-0.1792056151828536
7.729,-0.3776757149750395
7.7295,-0.3172426803037363
7.73,-0.09532624232168173
7.7305,0.2698474594359105
7.731,0.6228096906430827
7.7315000000000005,0.5871579803249355
7.732,-0.026472916201592606
7.7325,-0.8193759986617642
7.7330000000000005,-1.089552527941831
7.7335,-0.5794181384660548
7.734,0.2358917068152832
7.734500000000001,0.7009069915484148
7.735,0.6819808829443937
7.7355,0.571390508583975
7.736,0.6778581127902236
7.7365,0.8220810268751606
7.737,0.5900393295005812
7.7375,-0.1359022048596728
7.738,-0.9809520469375059
7.7385,-1.3829509870164225
7.739,-1.080291862610977
7.7395000000000005,-0.3451590611939051
7.74,0.23851693758126533
7.7405,0.26227502184719853
7.7410000000000005,-0.17645820924163572
7.7415,-0.5872887841623474
7.742,-0.5377776993034447
7.742500000000001,-0.025919582724095315
7.743,0.5707139241599779
7.7435,0.8844204671635868
7.744,0.8570287399986292
7.7445,0.6669067432911533
7.745,0.44981301811031754
7.7455,0.18449047167491509
7.746,-0.14446194484079147
7.7465,-0.3806110956741722
7.747,-0.3257195720180591
7.7475000000000005,-0.04782408068486807
7.748,0.08097350481073134
7.7485,-0.22026648179203964
7.7490000000000006,-0.7531526567416426
7.7495,-0.9804893161560745
7.75,-0.5964534621558932
7.7505,0.11903844988053848
7.751,0.5897406466836493
7.7515,0.5628042444590219
7.752,0.335863105008923
7.7525,0.32355355922624796
7.753,0.5224181044688258
7.7535,0.5562517143120778
7.7540000000000004,0.20550222442402444
7.7545,-0.2890045143357424
7.755,-0.5079278866620284
7.7555000000000005,-0.3299652628325161
7.756,-0.04558814973999549
7.7565,-0.04379868387477178
7.757000000000001,-0.4452502555452983
7.7575,-0.9971899796788287
7.758,-1.2549438331955822
7.7585,-0.9211185423755278
7.759,-0.14559997064117142
7.7595,0.5001983933964084
7.76,0.4963283994446941
7.7605,-0.09342991455328277
7.761,-0.6420970866103796
7.7615,-0.5900163019564116
7.7620000000000005,0.004035653511164835
7.7625,0.6190283827116789
7.763,0.8911411699827385
7.7635000000000005,0.897688076367439
7.764,0.8237980057829344
7.7645,0.589067574213474
7.765000000000001,0.007543772945859421
7.7655,-0.7670515716607933
7.766,-1.2040403156267585
7.7665,-0.9076422613018628
7.767,-0.06345649335511296
7.7675,0.7208653605813112
7.768,0.9755309047931963
7.7685,0.7145052154053813
7.769,0.29531461972935896
7.7695,0.04969373412369614
7.7700000000000005,0.0549459406273357
7.7705,0.16502983431138143
7.771,0.18976862853869075
7.7715000000000005,0.05680504782703973
7.772,-0.16172774091742842
7.7725,-0.3527055037448066
7.773000000000001,-0.44769471081665246
7.7735,-0.392723998407299
7.774,-0.12187929831984774
7.7745,0.33883604187591126
7.775,0.7764224392865912
7.7755,0.9226392522491981
7.776,0.7214956107624179
7.7765,0.3960217589291739
7.777,0.20680184408774677
7.7775,0.1920861412123501
7.7780000000000005,0.18005236595412796
7.7785,0.0066510740975789465
7.779,-0.32746584959969854
7.7795000000000005,-0.6800328877698922
7.78,-0.8896010452885494
7.7805,-0.8946537082842266
7.781000000000001,-0.7922042056643762
7.7815,-0.77211543450964
7.782,-0.9249812847036241
7.7825,-1.1039684241201975
7.783,-1.0432534682183425
7.7835,-0.6332305806439874
7.784,-0.03086546569283701
7.7845,0.49057429416063386
7.785,0.7348033247141159
7.7855,0.6543973163421464
7.7860000000000005,0.3480667570813713
7.7865,0.03366790289467027
7.787,-0.056488176757861795
7.7875000000000005,0.13717758049765932
7.788,0.3940895822405547
7.7885,0.37125612527343366
7.789000000000001,-0.05019584563271101
7.7895,-0.5902789971453634
7.79,-0.7983211441399188
7.7905,-0.45863473546524053
7.791,0.2315416938621338
7.7915,0.8343223492074161
7.792,1.0110195996593687
7.7925,0.7748026283271421
7.793,0.45470758984460413
7.7935,0.35821014049897953
7.7940000000000005,0.4344179440947161
7.7945,0.32534988275269083
7.795,-0.19636588108453737
7.7955000000000005,-0.8836429506627186
7.796,-1.1989389943970732
7.7965,-0.8572737706631605
7.797000000000001,-0.10691161607574917
7.7975,0.554915610123904
7.798,0.8392637605005716
7.7985,0.7825551860766815
7.799,0.534407614856772
7.7995,0.17603031114108664
7.8,-0.24790738179172445
7.8005,-0.6047297238428396
7.801,-0.6793407409870909
7.8015,-0.3839637463669851
7.8020000000000005,0.053303750899051136
7.8025,0.22723801318606832
7.803,-0.04305487222690695
7.8035000000000005,-0.489555271509014
7.804,-0.620046923540202
7.8045,-0.16361293764267942
7.805000000000001,0.6980110370681268
7.8055,1.4768061411058921
7.806,1.7187349144877555
7.8065,1.2953286573171094
7.807,0.5006406280411955
7.8075,-0.14625828031609486
7.808,-0.32652049820842854
7.8085,-0.19869257931508574
7.809,-0.18580293295991152
7.8095,-0.4771534568606347
7.8100000000000005,-0.8277963242751276
7.8105,-0.873047486616296
7.811,-0.54528482378621
7.8115000000000006,-0.12491823502824556
7.812,0.04977131044397822
7.8125,-0.1359025808544233
7.813,-0.5138925377514226
7.8135,-0.7649390698035378
7.814,-0.6319587639943967
7.8145,-0.10941000546154714
7.815,0.5057938618489768
7.8155,0.7784223716778254
7.816,0.4625469693321131
7.8165000000000004,-0.2389052340065801
7.817,-0.7787183902600349
7.8175,-0.7505098006223748
7.8180000000000005,-0.298668844040172
7.8185,0.03897802102204901
7.819,-0.08264738521956302
7.819500000000001,-0.48369838361574036
7.82,-0.7451527057473045
7.8205,-0.6940946316964073
7.821,-0.4922269244413291
7.8215,-0.3409343428371241
7.822,-0.27871101974622214
7.8225,-0.260418332572367
7.823,-0.25187593053580576
7.8235,-0.1689489503806097
7.824,0.14055788451195805
7.8245000000000005,0.7234024359146163
7.825,1.3740055484293887
7.8255,1.7580023965090499
7.8260000000000005,1.6846067340721675
7.8265,1.234200009928805
7.827,0.667553298863646
7.827500000000001,0.25255832509735465
7.828,0.11968352721830802
7.8285,0.20757753369494816
7.829,0.35105257680791074
7.8295,0.42860154269777506
7.83,0.38071716475624207
7.8305,0.1208365507058747
7.831,-0.4162132611636658
7.8315,-1.0765159797442005
7.832,-1.4770072361180375
7.8325000000000005,-1.330624162012926
7.833,-0.7462751896654831
7.8335,-0.11558157255713479
7.8340000000000005,0.26267281467423925
7.8345,0.3609823816176236
7.835,0.28746174739866015
7.835500000000001,0.11952580208163578
7.836,-0.09992480194470632
7.8365,-0.2980815357797071
7.837,-0.3813700428340469
7.8375,-0.3167160778547294
7.838,-0.17851803271616515
7.8385,-0.07829789139213214
7.839,-0.0356524546609645
7.8395,0.02813500487242019
7.84,0.12287626907336648
7.8405000000000005,0.09442281038540085
7.841,-0.18025708492468032
7.8415,-0.5279292721999979
7.8420000000000005,-0.5593762062405244
7.8425,-0.08926963405179872
7.843,0.5901540654830516
7.843500000000001,0.9418683006754284
7.844,0.6940603273622338
7.8445,0.0807347673865944
7.845,-0.39480852665049454
7.8455,-0.3723592199700249
7.846,0.12520764228009665
7.8465,0.7036933751195275
7.847,0.8324090460858301
7.8475,0.24768056598378632
7.848,-0.7362879633146633
7.8485000000000005,-1.3764636571990008
7.849,-1.1108844121760977
7.8495,-0.10714308052592551
7.8500000000000005,0.8137296732993163
7.8505,0.892760659660542
7.851,0.17086860463008643
7.851500000000001,-0.4895797326571625
7.852,-0.23374278454179953
7.8525,0.8628121946386497
7.853,1.7726127714809654
7.8535,1.5149661427132537
7.854,0.16502683993065081
7.8545,-1.1945878258058522
7.855,-1.5284567651558374
7.8555,-0.7986268363541543
7.856,0.1413795226478929
7.8565000000000005,0.47610132124848537
7.857,0.1242943321603797
7.8575,-0.41412057173550043
7.8580000000000005,-0.682154901120752
7.8585,-0.642159000986427
7.859,-0.5405235513773028
7.859500000000001,-0.5459183510869892
7.86,-0.5783566312464172
7.8605,-0.45360324447766853
7.861,-0.10542428629499952
7.8615,0.3715498518456842
7.862,0.8306997050559505
7.8625,1.1505783932772151
7.863,1.2258204024794639
7.8635,0.9688943469287075
7.864,0.3932295449512191
7.8645000000000005,-0.29832417877820816
7.865,-0.7834319081607369
7.8655,-0.8774968381420301
7.8660000000000005,-0.7188401151468723
7.8665,-0.5952942062467873
7.867,-0.5746777512187561
7.867500000000001,-0.4459701678706255
7.868,-0.0849920193130556
7.8685,0.277175973244289
7.869,0.30189618491746506
7.8695,-0.007264621429535979
7.87,-0.27465317356462204
7.8705,-0.20276263467381958
7.871,0.09130360461508555
7.8715,0.28323896040322705
7.872,0.2808273960198961
7.8725000000000005,0.3087842399379143
7.873,0.5642859140100952
7.8735,0.8980779625186696
7.8740000000000006,0.9078820789810925
7.8745,0.3723994199071095
7.875,-0.4193729754985882
7.8755,-0.8501714366402973
7.876,-0.5581146054065674
7.8765,0.19757684326246544
7.877,0.8237762877186825
7.8775,1.0106580534956817
7.878,0.966505593048091
7.8785,1.0299582333071964
7.8790000000000004,1.1535678863189447
7.8795,0.891898123309784
7.88,-0.05810429894162701
7.8805000000000005,-1.3772356679459807
7.881,-2.2980610809693807
7.8815,-2.304459862634993
7.882000000000001,-1.6201945579024504
7.8825,-0.9511621848986139
7.883,-0.7442932078217099
7.8835,-0.7724334998185651
7.884,-0.5006413195110369
7.8845,0.23119894326833165
7.885,1.030964648479579
7.8855,1.4206098679439467
7.886,1.2997962568656631
7.8865,0.8998881574672787
7.8870000000000005,0.4549152635490871
7.8875,0.06532871366777182
7.888,-0.21521007821667565
7.8885000000000005,-0.3637225261826148
7.889,-0.4805408910774193
7.8895,-0.7322774873165148
7.890000000000001,-1.0956450318158273
7.8905,-1.2506074099066202
7.891,-0.8890640357954366
7.8915,-0.14395117308129096
7.892,0.42826896730795233
7.8925,0.3902344870983366
7.893,-0.09590164875015186
7.8935,-0.4084530562825377
7.894,-0.08427512729837754
7.8945,0.7477292570409466
7.8950000000000005,1.5314371950013783
7.8955,1.7954371368561177
7.896,1.4745775429980268
7.8965000000000005,0.8315770237289258
7.897,0.19810809194670337
7.8975,-0.20075015770437674
7.898000000000001,-0.29678624775342033
7.8985,-0.16985290555437546
7.899,0.004723674027352883
7.8995,0.04551766169497663
7.9,-0.14204094473999135
7.9005,-0.474513986322386
7.901,-0.655447066537699
7.9015,-0.3518530495613002
7.902,0.4420099905329989
7.9025,1.2404754708010113
7.9030000000000005,1.4058876443241994
7.9035,0.7091105640735463
7.904,-0.4629660884778577
7.9045000000000005,-1.4172034338433495
7.905,-1.6427144098314872
7.9055,-1.115261299285895
7.906000000000001,-0.2759631432134859
7.9065,0.3070508874252126
7.907,0.38987511868785074
7.9075,0.22528287677776773
7.908,0.25111312064004565
7.9085,0.5884761148931111
7.909,0.8760158176036656
7.9095,0.6324498959943349
7.91,-0.20449971798164976
7.9105,-1.1264147370941395
7.9110000000000005,-1.5025459547835072
7.9115,-1.1844501223146762
7.912,-0.580306572653747
7.9125000000000005,-0.1297499138067543
7.913,0.13847137594133713
7.9135,0.45168007653593367
7.914000000000001,0.8375388224487302
7.9145,0.9761535606904921
7.915,0.5192375764986454
7.9155,-0.48520519123434735
7.916,-1.506061637007288
7.9165,-1.895779705168997
7.917,-1.394727639989356
7.9175,-0.3261935100157438
7.918,0.6534835744907805
7.9185,1.003166871339435
7.9190000000000005,0.6319111590824813
7.9195,-0.05446662785386892
7.92,-0.4516887433684532
7.9205000000000005,-0.24789552614531754
7.921,0.3122076738685577
7.9215,0.6959077647707725
7.922000000000001,0.6239034071099906
7.9225,0.2917765408662264
7.923,0.06869298007244044
7.9235,0.08769580976088484
7.924,0.18883874663485137
7.9245,0.1719072792877072
7.925,-0.0031080758680916234
7.9255,-0.22820461630026956
7.926,-0.3610087214686798
7.9265,-0.33600466120612366
7.9270000000000005,-0.21983705353743108
7.9275,-0.12252585806961729
7.928,-0.023094932068102217
7.9285000000000005,0.2148984727104694
7.929,0.5832684599124115
7.9295,0.8162777245751054
7.930000000000001,0.6778457613131502
7.9305,0.28929300930246266
7.931,0.03610564051047053
7.9315,0.15816657113023125
7.932,0.4962451744067818
7.9325,0.6352257227917992
7.933,0.3021671301538789
7.9335,-0.3193964288780866
7.934,-0.700766937013649
7.9345,-0.493986814172203
7.9350000000000005,0.09047174949082139
7.9355,0.542489855810608
7.936,0.6138561666539646
7.9365000000000006,0.4692271699543107
7.937,0.35493609459654574
7.9375,0.3264710022191165
7.938,0.30352465194409295
7.9385,0.20162963059558886
7.939,-0.05022162790556988
7.9395,-0.4614671316498094
7.94,-0.8397975354976138
7.9405,-0.832642225551501
7.941,-0.3091654317052085
7.9415000000000004,0.3144509232767394
7.942,0.34751098741208836
7.9425,-0.43672844051919824
7.9430000000000005,-1.415088947293905
7.9435,-1.6304635045409355
7.944,-0.7542337608581686
7.944500000000001,0.5291083222056534
7.945,1.1695131964088208
7.9455,0.7747791886235489
7.946,-0.05890093286526135
7.9465,-0.4202825078914561
7.947,-0.0032466137007634063
7.9475,0.671242580355387
7.948,0.8536021430327183
7.9485,0.2843765622199244
7.949,-0.6333855956959513
7.9495000000000005,-1.2442103087939842
7.95,-1.201709077338962
7.9505,-0.7159462470667985
7.9510000000000005,-0.3016929911693973
7.9515,-0.28288914839174933
7.952,-0.5430344575059523
7.952500000000001,-0.7331786984643643
7.953,-0.6525671357149726
7.9535,-0.3785329362284194
7.954,-0.07578526000445504
7.9545,0.19735143444188835
7.955,0.4424911588865284
7.9555,0.5815201763097875
7.956,0.48874804843630576
7.9565,0.16923127861504095
7.957,-0.1792843599639455
7.9575000000000005,-0.33405565643955026
7.958,-0.24413936274415604
7.9585,-0.01938907333657944
7.9590000000000005,0.23304098756416283
7.9595,0.48234603457664016
7.96,0.6974727521000272
7.960500000000001,0.7933367984243214
7.961,0.6997526121163357
7.9615,0.4427640353719207
7.962,0.13022196874552333
7.9625,-0.11069322877669711
7.963,-0.17215769081193197
7.9635,-0.005320915347776322
7.964,0.3239800720737912
7.9645,0.6424540282896662
7.965,0.7756267896906935
7.9655000000000005,0.6622804899366729
7.966,0.39782187334931807
7.9665,0.1905868095782317
7.9670000000000005,0.21044653421082238
7.9675,0.4151809509389663
7.968,0.5828701834797301
7.968500000000001,0.5759200565482498
7.969,0.4980171576918499
7.9695,0.5101296339193029
7.97,0.5700745091393338
7.9705,0.4784398934974835
7.971,0.152690492655015
7.9715,-0.2708607934863141
7.972,-0.6135195980394818
7.9725,-0.8056230642152828
7.973,-0.8175746682997161
7.9735000000000005,-0.5696883152158878
7.974,-0.049395474375327125
7.9745,0.4964544655414455
7.9750000000000005,0.6239735533183872
7.9755,0.07585418649405765
7.976,-0.8903972922768848
7.976500000000001,-1.6657797868897724
7.977,-1.8291447618890626
7.9775,-1.4380893842536209
7.978,-0.7893350549503814
7.9785,-0.10150407481833147
7.979,0.45789812494331045
7.9795,0.6505285188507509
7.98,0.32895045029885445
7.9805,-0.30040869624710576
7.981,-0.7460569945600505
7.9815000000000005,-0.6427430288230873
7.982,-0.0826604566583287
7.9825,0.4764853749999307
7.9830000000000005,0.6188532250368621
7.9835,0.26411058045878727
7.984,-0.39224513931465166
7.984500000000001,-1.0853178008626339
7.985,-1.5711066402365177
7.9855,-1.6682357249314845
7.986,-1.3750864210604734
7.9865,-0.8906324763064293
7.987,-0.38863787699754343
7.9875,0.17596445288163062
7.988,0.8994864063640565
7.9885,1.6213509320956876
7.989,1.9633483707243198
7.9895000000000005,1.7084505378943575
7.99,1.0308762143255787
7.9905,0.32937232176317405
7.9910000000000005,-0.08156274237505129
7.9915,-0.11898688094631145
7.992,0.0954312404832414
7.992500000000001,0.33772977755883116
7.993,0.4443290258329941
7.9935,0.45801309282706054
7.994,0.5600931993353487
7.9945,0.8002127923556475
7.995,0.9646892417946065
7.9955,0.7899711198845827
7.996,0.26478333867422216
7.9965,-0.336255845156934
7.997,-0.6767867333907783
7.9975000000000005,-0.5716680005933424
7.998,-0.07091601963359502
7.9985,0.5259195118270958
7.9990000000000006,0.7655296203295403
7.9995,0.33155777687178895
8.0,-0.6501113585144757
8.0005,-1.628042314272249
8.001,-2.0054744815612784
8.0015,-1.551319578343866
8.002,-0.5157533002848679
8.0025,0.5795260365944996
8.003,1.2675942137301301
8.0035,1.3519903674315974
8.004,0.933114704343898
8.0045,0.31097924703202845
8.005,-0.1603486845635688
8.0055,-0.252048836921002
8.006,-0.026596717450358433
8.0065,0.1765884003267343
8.007,0.050434104348522045
8.0075,-0.30989691433147865
8.008000000000001,-0.43776979613427947
8.0085,-0.016606038346762202
8.009,0.6687370709206241
8.009500000000001,0.9553074467348971
8.01,0.5140491912936037
8.0105,-0.2884706993356907
8.011000000000001,-0.7979321226208796
8.0115,-0.7231347370473812
8.012,-0.30920830135691674
8.0125,0.010461710401703133
8.013,0.002219064229123392
8.0135,-0.26923735548855876
8.014,-0.5864927746013162
8.0145,-0.7732148477606848
8.015,-0.7767487546175496
8.0155,-0.60575345543182
8.016,-0.2556653074263757
8.0165,0.2315166075772249
8.017,0.6580314599290384
8.0175,0.7494641125470752
8.018,0.4250033742489192
8.0185,-0.05438022887849804
8.019,-0.27481136079423385
8.0195,-0.027376225887136056
8.02,0.5039055483166016
8.0205,0.8888827433763152
8.021,0.8049225408233353
8.0215,0.2996090361910592
8.022,-0.25566823366478114
8.0225,-0.4722216722180811
8.023,-0.242835052619356
8.0235,0.20073043620004227
8.024000000000001,0.4722467201807979
8.0245,0.2921776480975598
8.025,-0.32045870034765694
8.025500000000001,-1.0118192353400088
8.026,-1.27542199525845
8.0265,-0.8114290810060046
8.027000000000001,0.17264201702100945
8.0275,1.0239569519439342
8.028,1.12755528610211
8.0285,0.4302435237815174
8.029,-0.5332923156491156
8.0295,-1.177152118551397
8.03,-1.369333108782977
8.0305,-1.358422569691359
8.031,-1.331236867776915
8.0315,-1.2153181519448322
8.032,-0.8860714846054365
8.0325,-0.4045692029160778
8.033,0.009725387485962654
8.0335,0.19250118855444653
8.034,0.1892950978220106
8.0345,0.1996028017214143
8.035,0.3772438967270654
8.0355,0.7044518028606268
8.036,1.054145727281744
8.0365,1.3264929849441423
8.037,1.4947504787075832
8.0375,1.5447728043359998
8.038,1.4265918465954102
8.0385,1.1131889123408447
8.039,0.7097998715743519
8.0395,0.44623080400432436
8.040000000000001,0.48749268196859724
8.0405,0.7441347821973072
8.041,0.9310042846060966
8.041500000000001,0.8508717890376603
8.042,0.5819844791143212
8.0425,0.3441635194355249
8.043000000000001,0.21497961936192134
8.0435,0.05145244584619466
8.044,-0.2942338245453526
8.0445,-0.7437013032953662
8.045,-1.0373330168460777
8.0455,-1.0083065368232642
8.046,-0.7599699226976945
8.0465,-0.5373901401272696
8.047,-0.46267017796758475
8.0475,-0.45595192332528467
8.048,-0.3982045954175363
8.0485,-0.3070266664361706
8.049,-0.34618907148665995
8.0495,-0.6854267172455611
8.05,-1.3067432038917963
8.0505,-1.895876594558863
8.051,-1.981872361125898
8.0515,-1.292151297307892
8.052,-0.019258975323980066
8.0525,1.2402679469225903
8.053,1.8147846294488184
8.0535,1.3606187251362936
8.054,0.13842160028573383
8.0545,-1.0772479936003365
8.055,-1.5245851766274061
8.0555,-1.032755809806757
8.056000000000001,-0.09567400566559069
8.0565,0.626255851683342
8.057,0.8634982748420978
8.057500000000001,0.8548353853044106
8.058,0.9746794794645722
8.0585,1.2313980306333019
8.059000000000001,1.1754120858477388
8.0595,0.4381974127209117
8.06,-0.6489375366490814
8.0605,-1.18491731620459
8.061,-0.5796480382431857
8.0615,0.770097651905382
8.062,1.7976518671856037
8.0625,1.7725493378977175
8.063,0.9434749130194515
8.0635,0.1707339992937492
8.064,0.00110105151527202
8.0645,0.20068980417369964
8.065,0.17207859637839173
8.0655,-0.3080635062143003
8.066,-0.8561903425148295
8.0665,-0.9485608170092145
8.067,-0.5338433579554183
8.0675,-0.13193060192403924
8.068,-0.3246800698265025
8.0685,-1.148476854368829
8.069,-1.9780014749873616
8.0695,-2.043020907093054
8.07,-1.1322714833564258
8.070500000000001,0.18573108429413093
8.071,1.0579302654885794
8.0715,1.0660307403200682
8.072000000000001,0.4810586273516027
8.0725,-0.09140253010248436
8.073,-0.24001231800699646
8.073500000000001,0.0008033578240348492
8.074,0.28376442834551713
8.0745,0.2972259010371847
8.075,0.04974464973235133
8.0755,-0.14330636480675094
8.076,0.030049188134114686
8.0765,0.5519111946405626
8.077,1.0516331444175682
8.0775,1.1268160925133663
8.078,0.7065868994172796
8.0785,0.10546886834507185
8.079,-0.2704742734104054
8.0795,-0.2603719963404926
8.08,-0.017540670595213192
8.0805,0.19801109818027562
8.081,0.252656707777944
8.0815,0.17798216406139664
8.082,0.03695413401314049
8.0825,-0.18212590836026857
8.083,-0.5129980319752067
8.0835,-0.8864688173570476
8.084,-1.1060411779321568
8.0845,-0.9784010056165221
8.085,-0.49533045177692525
8.0855,0.11495837442055767
8.086,0.5691566501514019
8.086500000000001,0.7905833250626835
8.087,0.9461895884677166
8.0875,1.1825214741226378
8.088000000000001,1.3691490470414793
8.0885,1.1801124842539743
8.089,0.43498012298541494
8.089500000000001,-0.671488517196381
8.09,-1.6502359891621694
8.0905,-2.0077529415573956
8.091,-1.554107192911841
8.0915,-0.5501789833309707
8.092,0.4455581708161983
8.0925,0.9650720122163806
8.093,0.9348095774994248
8.0935,0.6296559523847268
8.094,0.3630993881814832
8.0945,0.23748827722789728
8.095,0.16488865663039273
8.0955,0.07032862521622489
8.096,0.008354001873521899
8.0965,0.0610047896207726
8.097,0.1994237960727725
8.0975,0.33030098298747745
8.098,0.4277418468824257
8.0985,0.5135818697389115
8.099,0.5395064577130291
8.0995,0.41653771066213185
8.1,0.18579821188388893
8.1005,0.0534617604745932
8.101,0.1681347611648576
8.1015,0.39177186953316706
8.102,0.3787179067380853
8.102500000000001,-0.08751303748242512
8.103,-0.8727564442208784
8.1035,-1.603225888389532
8.104000000000001,-1.9273820586154309
8.1045,-1.6787486926756279
8.105,-0.9444679786302288
8.105500000000001,-0.082905671397511
8.106,0.44323558093338644
8.1065,0.4069200860792168
8.107,-0.019010915453549
8.1075,-0.4794450988355918
8.108,-0.7440166606806876
8.1085,-0.7540718573955459
8.109,-0.5050474227454036
8.1095,-0.046504958279890644
8.11,0.432774511181855
8.1105,0.6680885651932803
8.111,0.5241730378893334
8.1115,0.1060035923553745
8.112,-0.33303866971326035
8.1125,-0.5620135420430857
8.113,-0.47540264800016896
8.1135,-0.11261968200259814
8.114,0.3466539249745521
8.1145,0.6228512010875977
8.115,0.4989848897311222
8.1155,0.04511724565460136
8.116,-0.3781631496558725
8.1165,-0.45494118833870917
8.117,-0.23233995505332522
8.1175,-0.01274445874456732
8.118,0.04876236560944932
8.118500000000001,0.12456718977453045
8.119,0.4428236181065045
8.1195,0.9133201836034308
8.120000000000001,1.1559286441460936
8.1205,0.9389260848086062
8.121,0.48501180169009184
8.121500000000001,0.2535765495411089
8.122,0.4575674585145081
8.1225,0.8523187972849535
8.123,0.9877256416711357
8.1235,0.6541887821411804
8.124,0.10578238184257809
8.1245,-0.15161969990807997
8.125,0.15935529541250643
8.1255,0.7746734646223409
8.126,1.0873496382812529
8.1265,0.7280856053412811
8.127,-0.05675497430319842
8.1275,-0.658615508721636
8.128,-0.7165630811586768
8.1285,-0.4168474143065021
8.129,-0.20624310152872544
8.1295,-0.28687805748149076
8.13,-0.44147840983035663
8.1305,-0.3388330976080335
8.131,0.048411088871140456
8.1315,0.37337282771764324
8.132,0.2559447438035719
8.1325,-0.3267680721229429
8.133000000000001,-0.991207900886875
8.1335,-1.275430274831796
8.134,-1.0206113414647233
8.134500000000001,-0.46893514550018917
8.135,-0.03522410288368713
8.1355,0.019762298897849778
8.136000000000001,-0.2536570694399942
8.1365,-0.609440925791976
8.137,-0.8404161550504745
8.1375,-0.867467279340672
8.138,-0.6585190603458648
8.1385,-0.2369327793413276
8.139,0.1640676409754622
8.1395,0.14966944036985497
8.14,-0.42728000374811076
8.1405,-1.1487231980862869
8.141,-1.299001061702928
8.1415,-0.5284081488727369
8.142,0.7736226577535726
8.1425,1.7885494260346197
8.143,1.9512182828632167
8.1435,1.34745592427884
8.144,0.5089678073049534
8.1445,-0.09427810872652327
8.145,-0.34349733424394246
8.1455,-0.3549575441857906
8.146,-0.2009427842367066
8.1465,0.1839428158781972
8.147,0.804819911426953
8.1475,1.3797760822157477
8.148,1.4665283392768351
8.1485,0.9203509004325433
8.149000000000001,0.1409578511169145
8.1495,-0.2847151542099063
8.15,-0.1847966568206673
8.150500000000001,0.05659262731068666
8.151,-0.025925075837842343
8.1515,-0.45494278213901657
8.152000000000001,-0.8094613985518219
8.1525,-0.6946346450821775
8.153,-0.14167787293270687
8.1535,0.45462777137825877
8.154,0.7147347182874517
8.1545,0.5430585267449295
8.155,0.09602060676280019
8.1555,-0.39672834235897975
8.156,-0.7573230153484636
8.1565,-0.8800435439961907
8.157,-0.7028289922018399
8.1575,-0.21759365792157004
8.158,0.44982462433267056
8.1585,1.001503375556371
8.159,1.1045001480393086
8.1595,0.6315627476283407
8.16,-0.22061106666679073
8.1605,-1.0315866091189425
8.161,-1.371971165618549
8.1615,-1.0280659408366684
8.162,-0.17845508082978065
8.1625,0.6373296261760275
8.163,0.8895782239358916
8.1635,0.5170694957498734
8.164,-0.01918073506323585
8.1645,-0.197125445084668
8.165000000000001,0.05505221203957684
8.1655,0.3227033614770488
8.166,0.17415289810801662
8.166500000000001,-0.3614736183098657
8.167,-0.8214846675049109
8.1675,-0.794834545677088
8.168000000000001,-0.3089503637975269
8.1685,0.26645606494623264
8.169,0.5916464055867646
8.1695,0.5764953265099325
8.17,0.33556131809826834
8.1705,0.05321018855340428
8.171,-0.12559235557103765
8.1715,-0.17046881410266007
8.172,-0.15855348495338498
8.1725,-0.16580758054405378
8.173,-0.1866927644704294
8.1735,-0.19233745152026252
8.174,-0.21362110665602596
8.1745,-0.2890438214661201
8.175,-0.3658443342060569
8.1755,-0.3535498096987907
8.176,-0.26990923262723027
8.1765,-0.22713224939602555
8.177,-0.24149141142704822
8.1775,-0.15912895051876672
8.178,0.13236261694771517
8.1785,0.4679840070873119
8.179,0.5172082235655996
8.1795,0.1686576564916831
8.18,-0.2940779732357375
8.1805,-0.4598297523050704
8.181000000000001,-0.17849318233565475
8.1815,0.3349802780626628
8.182,0.7045969991724373
8.182500000000001,0.6839941917276032
8.183,0.3362258702466073
8.1835,-0.023212424799213205
8.184000000000001,-0.0823301654008304
8.1845,0.2488813082314268
8.185,0.8243928846674843
8.1855,1.370963572089563
8.186,1.5952493997118848
8.1865,1.3092219484532273
8.187,0.5966731467670469
8.1875,-0.13133358754198612
8.188,-0.3767455850739387
8.1885,0.006754210566972374
8.189,0.5923039351910773
8.1895,0.7053080022852305
8.19,0.07930654549209523
8.1905,-0.8213369721667066
8.191,-1.2112377486254415
8.1915,-0.7499229822587082
8.192,0.11886692985626826
8.1925,0.603257327745818
8.193,0.32009599384870957
8.1935,-0.4032581067408391
8.194,-0.9373176784599117
8.1945,-0.9381356612039514
8.195,-0.49612799711497463
8.195500000000001,0.10740170427098428
8.196,0.5862676938685227
8.1965,0.6654998481916153
8.197000000000001,0.15976665924165712
8.1975,-0.8309234683957484
8.198,-1.8294223007104322
8.198500000000001,-2.187583487586219
8.199,-1.5464913960781008
8.1995,-0.21859434256193266
8.2,0.939266675191408
8.2005,1.1963529320661292
8.201,0.5666103192493016
8.2015,-0.27361854792085233
8.202,-0.6748614817128783
8.2025,-0.5511992230705419
8.203,-0.2550479308679856
8.2035,-0.08584811027880719
8.204,-0.048325409889670816
8.2045,-0.013329253899027853
8.205,0.06912164727478903
8.2055,0.16129911482682988
8.206,0.21318246625760517
8.2065,0.16279029423543778
8.207,-0.05834636772203342
8.2075,-0.4153282393937524
8.208,-0.6912327419370635
8.2085,-0.6278251855266826
8.209,-0.1955907559799988
8.2095,0.32393373891602456
8.21,0.5893437235560806
8.2105,0.5366282044390612
8.211,0.41751571409941
8.211500000000001,0.4762568455025982
8.212,0.6435311237706959
8.2125,0.634473851705334
8.213000000000001,0.3403046910487016
8.2135,0.007397749026121562
8.214,-0.05109758880779847
8.214500000000001,0.14698022486995335
8.215,0.27588454475807755
8.2155,0.13344735640238953
8.216,-0.09558287881513987
8.2165,-0.1046901468541273
8.217,0.1160462418922797
8.2175,0.28646688853808605
8.218,0.23235136864031258
8.2185,0.12109330087295374
8.219,0.24773090668468623
8.2195,0.6628406951624111
8.22,1.094941236013535
8.2205,1.2473873712699197
8.221,1.1055251594193996
8.2215,0.8879268368307743
8.222,0.7290418120752169
8.2225,0.5240224399037078
8.223,0.13779808525313408
8.2235,-0.32326087371802653
8.224,-0.571276146146315
8.2245,-0.4798524352742552
8.225,-0.26282145301147053
8.2255,-0.2113516055031536
8.226,-0.3041639404192174
8.2265,-0.24682922043418964
8.227,0.08182578095780299
8.227500000000001,0.4205154325655999
8.228,0.45351311724553905
8.2285,0.176416478996186
8.229000000000001,-0.198886189878835
8.2295,-0.5754326570934462
8.23,-1.0119190528202302
8.230500000000001,-1.4374012536850835
8.231,-1.5197643861831478
8.2315,-0.9875304564012666
8.232,-0.0612731185351521
8.2325,0.6036957419205805
8.233,0.5271898064776863
8.2335,-0.08595132720804718
8.234,-0.5555680360503562
8.2345,-0.4509704878126112
8.235,-0.017607820718840952
8.2355,0.1426525758646966
8.236,-0.26856945332324333
8.2365,-0.971171096205382
8.237,-1.4398332460273147
8.2375,-1.408029104798634
8.238,-1.0199948437806508
8.2385,-0.5842370782308204
8.239,-0.2812200097555145
8.2395,-0.09188903867859637
8.24,0.09124587318770803
8.2405,0.3217067351683548
8.241,0.5174671522704375
8.2415,0.5062645711217761
8.242,0.21534328386183843
8.2425,-0.15520493922156722
8.243,-0.2224593824668929
8.243500000000001,0.22735691660567064
8.244,0.9646273638115676
8.2445,1.4333164018603672
8.245000000000001,1.18452669295223
8.2455,0.25785083875936393
8.246,-0.793680453939346
8.246500000000001,-1.2769750324532148
8.247,-0.8776833033096102
8.2475,0.12243337687968277
8.248,1.1501112596945418
8.2485,1.819751981468013
8.249,2.0713387401282355
8.2495,1.9575650518277106
8.25,1.5032156088278117
8.2505,0.8198722488474156
8.251,0.19352404774117093
8.2515,-0.09906409330892586
8.252,-0.041943296825823775
8.2525,0.14469457371980593
8.253,0.270838765454828
8.2535,0.33580975953223496
8.254,0.41871611300261136
8.2545,0.49851916666046775
8.255,0.4501995998825152
8.2555,0.21748201933677982
8.256,-0.06428049306448669
8.2565,-0.19175644784815737
8.257,-0.15969149270163358
8.2575,-0.22918999036931473
8.258000000000001,-0.6593809124557702
8.2585,-1.3846494050378004
8.259,-1.9905718524228948
8.259500000000001,-2.020955684466614
8.26,-1.3653259762837533
8.2605,-0.40608715233137876
8.261000000000001,0.26693983468235233
8.2615,0.37676012303111606
8.262,0.16786924913001003
8.2625,0.034619842321383286
8.263,0.029058136000645576
8.2635,-0.1096140015980915
8.264,-0.4740110522810615
8.2645,-0.7496043059701337
8.265,-0.5553593144737275
8.2655,0.09235192569555044
8.266,0.7732551333381295
8.2665,1.0721440072274102
8.267,0.9001187946340461
8.2675,0.46239146233836526
8.268,0.05237715206830771
8.2685,-0.12015822208862999
8.269,-0.04985313275893639
8.2695,0.04456984353964175
8.27,-0.10174616763281003
8.2705,-0.5460848931530364
8.271,-1.0632158013344541
8.2715,-1.299359289602031
8.272,-1.0081364639210266
8.2725,-0.23599457788820746
8.273,0.6492535834774521
8.2735,1.1712439996190633
8.274000000000001,1.094604746026201
8.2745,0.6010629942637471
8.275,0.09838779942070514
8.275500000000001,-0.1530468895601995
8.276,-0.21777332614435121
8.2765,-0.3141397541004002
8.277000000000001,-0.5197993318635769
8.2775,-0.6836786817629881
8.278,-0.6137475606361544
8.2785,-0.30686394869965794
8.279,0.02809850360058063
8.2795,0.16481983882512824
8.28,0.07610506975528597
8.2805,-0.030196131012577426
8.281,0.09177906375507561
8.2815,0.46046876430844363
8.282,0.8283099562643015
8.2825,0.9691857947481091
8.283,0.9663608081484825
8.2835,1.1045206459782404
8.284,1.4663963156291913
8.2845,1.7403978715594977
8.285,1.4858444339439068
8.2855,0.5697479247935743
8.286,-0.6359394528342129
8.2865,-1.4469936773094776
8.287,-1.3401996157748397
8.2875,-0.3960153777763217
8.288,0.6921252409825455
8.2885,1.1377200939449374
8.289,0.6714083115631607
8.2895,-0.2997706357747594
8.290000000000001,-1.064415196635737
8.2905,-1.138162086412755
8.291,-0.5476883429077684
8.291500000000001,0.26639627923161163
8.292,0.7836508274269637
8.2925,0.7285848807641601
8.293000000000001,0.18608797229687987
8.2935,-0.5490441525419238
8.294,-1.2256983665348062
8.2945,-1.731150997548899
8.295,-1.9671031030992319
8.2955,-1.742835958290124
8.296,-0.9264539608175806
8.2965,0.25928877992677674
8.297,1.2187319848949074
8.2975,1.4284579701288154
8.298,0.9176019442088382
8.2985,0.21101763709360127
8.299,-0.2035437818210109
8.2995,-0.25490125595943885
8.3,-0.1559880119665433
8.3005,-0.06987650546282836
8.301,-0.021590746183561167
8.3015,-0.03711485460716918
8.302,-0.1781883854105376
8.3025,-0.3929672232501456
8.303,-0.46212615485668246
8.3035,-0.2147607165974728
8.304,0.2363836113269992
8.3045,0.5879420451002169
8.305,0.6812884199595689
8.3055,0.635219209058662
8.306000000000001,0.6035361653483005
8.3065,0.5220439107723163
8.307,0.22460764764867358
8.307500000000001,-0.23398932050757448
8.308,-0.5310965196169932
8.3085,-0.4211040066637044
8.309000000000001,-0.04504049320072986
8.3095,0.1906252043932906
8.31,0.026328677267099136
8.3105,-0.394236235665609
8.311,-0.642809459042095
8.3115,-0.3514518211488814
8.312,0.5002150808999634
8.3125,1.5467079094300964
8.313,2.2539888349978026
8.3135,2.240483858888138
8.314,1.4975364705743175
8.3145,0.38250817472209775
8.315,-0.5821956811327965
8.3155,-0.9725149102368791
8.316,-0.6847495581679698
8.3165,-0.027983539876035437
8.317,0.4249835148249129
8.3175,0.21624231769377872
8.318,-0.6375297778869409
8.3185,-1.6022892306743697
8.319,-1.9830465324019122
8.3195,-1.4630659469584377
8.32,-0.39538622501118703
8.320500000000001,0.47417994358136206
8.321,0.6341330314357767
8.3215,0.15689057897920738
8.322000000000001,-0.5163665234572177
8.3225,-0.9905963471298335
8.323,-1.0940321751628415
8.323500000000001,-0.8284873795379587
8.324,-0.32640500660028504
8.3245,0.15470325913270577
8.325,0.33983712661225335
8.3255,0.1414832799838713
8.326,-0.24809063573126916
8.3265,-0.5173263617966942
8.327,-0.5053037083629033
8.3275,-0.2999270966653618
8.328,-0.07146329945488242
8.3285,0.15311566627680756
8.329,0.5050984865301194
8.3295,1.0562223205391972
8.33,1.6264935990414486
8.3305,1.8665962051304017
8.331,1.573149768199685
8.3315,0.9269343663932635
8.332,0.3756167974136736
8.3325,0.2348306397936996
8.333,0.4203331012192212
8.3335,0.6088447707214188
8.334,0.621638221207412
8.3345,0.5597243485934955
8.335,0.554054965755142
8.3355,0.49565769310553115
8.336,0.12875875331367648
8.336500000000001,-0.5822081401762934
8.337,-1.2651305082290079
8.3375,-1.4157094937328942
8.338000000000001,-0.8998252873602245
8.3385,-0.14044342618847225
8.339,0.2562353322375601
8.339500000000001,0.058764741081712465
8.34,-0.4322000087165719
8.3405,-0.7492522717934577
8.341,-0.7145995074926461
8.3415,-0.5292731643530871
8.342,-0.47034472073697003
8.3425,-0.5546041557910969
8.343,-0.5327278147268428
8.3435,-0.23630364489972752
8.344,0.12154719050666105
8.3445,0.12518167749622516
8.345,-0.3162886584801278
8.3455,-0.7440948300016152
8.346,-0.5710960951070715
8.3465,0.2952411628075577
8.347,1.3152836025548242
8.3475,1.7971361668607149
8.348,1.492002684879004
8.3485,0.75088147334222
8.349,0.15279419106728653
8.3495,-0.0055503203520127576
8.35,0.11671843038812303
8.3505,0.16555702222582422
8.351,-0.052842313359939566
8.3515,-0.4498769262421568
8.352,-0.7596529791326818
8.352500000000001,-0.7363250503538046
8.353,-0.36560589963899054
8.3535,0.06456416324269355
8.354000000000001,0.19662210779464498
8.3545,-0.040013530166490334
8.355,-0.36762131312176677
8.355500000000001,-0.4762570057408487
8.356,-0.332053912937043
8.3565,-0.1466360186288515
8.357,-0.10510896636165529
8.3575,-0.18330845877590646
8.358,-0.22053961994426802
8.3585,-0.11659874127594899
8.359,0.07660818022253113
8.3595,0.24532883343656833
8.36,0.351047144487112
8.3605,0.43678511129333397
8.361,0.5162005034230912
8.3615,0.5329505544021309
8.362,0.45403869498596794
8.3625,0.33162958753998606
8.363,0.22640695213670967
8.3635,0.12757491822626602
8.364,0.006871560807320327
8.3645,-0.09418914071786434
8.365,-0.1121777558701134
8.3655,-0.08245384396124168
8.366,-0.12357315610663797
8.3665,-0.2765828691097015
8.367,-0.41490693423440567
8.3675,-0.33562406700920827
8.368,0.07475548401357984
8.368500000000001,0.7206851278153726
8.369,1.2801979959072094
8.3695,1.3570737884224815
8.370000000000001,0.7862185664742775
8.3705,-0.14202169912925464
8.371,-0.808709093824351
8.371500000000001,-0.7288465061141958
8.372,-0.004155598467692596
8.3725,0.6658359352000252
8.373,0.5614069019534936
8.3735,-0.33722308598551337
8.374,-1.2550493012511912
8.3745,-1.3470011674330995
8.375,-0.49707228264719083
8.3755,0.6307301760824136
8.376,1.2475826589900938
8.3765,1.0880164263932317
8.377,0.5034650286428797
8.3775,0.035184991483081546
8.378,-0.09260231136293479
8.3785,-0.10890966522464385
8.379,-0.3666952097299548
8.3795,-0.9110842250569468
8.38,-1.412917557737156
8.3805,-1.514688592098687
8.381,-1.1720161649658922
8.3815,-0.6389708568139411
8.382,-0.20134138964501194
8.3825,0.003492582411472518
8.383000000000001,-0.03392929602882113
8.3835,-0.23578399234131192
8.384,-0.39197704679758016
8.384500000000001,-0.20595574842339417
8.385,0.42837227391554766
8.3855,1.1696796608823394
8.386000000000001,1.4078759837556245
8.3865,0.8592431220434834
8.387,-0.03325776609478525
8.3875,-0.44444947071650165
8.388,0.022257140115778937
8.3885,0.9638888322399284
8.389,1.6661260021166078
8.3895,1.8123473743684506
8.39,1.5771445140805773
8.3905,1.1672431650157447
8.391,0.5405909659825907
8.3915,-0.37572400150946494
8.392,-1.371185406950097
8.3925,-1.9990140707194353
8.393,-1.944161717921462
8.3935,-1.310254977471649
8.394,-0.5283587705255187
8.3945,0.016093168427891144
8.395,0.2564928008447099
8.3955,0.3607447298848444
8.396,0.44214285152304783
8.3965,0.42127355546875
8.397,0.17333310147895054
8.3975,-0.2247694409050908
8.398,-0.43948708393002417
8.3985,-0.15953668239216576
8.399000000000001,0.5142476382775002
8.3995,1.0407325515329444
8.4,0.9180883873208355
8.400500000000001,0.1841487606291459
8.401,-0.6244781550217013
8.4015,-0.9822351930258084
8.402000000000001,-0.7754843427979666
8.4025,-0.2413760278235402
8.403,0.3427768621917177
8.4035,0.8203212853526162
8.404,1.0813284323746604
8.4045,0.9930051219709942
8.405,0.5120696550185445
8.4055,-0.14886432007808595
8.406,-0.5748786406108743
8.4065,-0.48411045535981695
8.407,-0.03539027870871218
8.4075,0.27639673035651785
8.408,0.10016223583564798
8.4085,-0.4206044915970093
8.409,-0.8156424490616137
8.4095,-0.7662874427183168
8.41,-0.37291328295753634
8.4105,-0.0001758810388643962
8.411,0.07698525533791001
8.4115,-0.09968933098082641
8.412,-0.25757335698573186
8.4125,-0.21925409610215096
8.413,-0.1161980399602731
8.4135,-0.20305476152442758
8.414,-0.48502894290137033
8.4145,-0.6532691548841651
8.415000000000001,-0.4247817457594008
8.4155,0.1411458575170639
8.416,0.7026138905517683
8.416500000000001,0.9497726011745192
8.417,0.8343365148284356
8.4175,0.5381343918063783
8.418000000000001,0.264479136890357
8.4185,0.07677641030711131
8.419,-0.06800718236347263
8.4195,-0.1816695150395107
8.42,-0.21161071686789948
8.4205,-0.1409148286748742
8.421,-0.03510411228018186
8.4215,0.054115808443864585
8.422,0.16559359441281563
8.4225,0.3455821687900344
8.423,0.5342985772616976
8.4235,0.6190581133623432
8.424,0.5892334325533001
8.4245,0.5498429080065435
8.425,0.5535275742108864
8.4255,0.5031669987820111
8.426,0.29589361973036177
8.4265,0.003666624045646976
8.427,-0.20496938497453776
8.4275,-0.30162499531126374
8.428,-0.4121085172721395
8.4285,-0.5638955450303343
8.429,-0.5776565721447493
8.4295,-0.31641988175259794
8.43,0.07197118966589022
8.4305,0.3107992364805587
8.431000000000001,0.34504715613603065
8.4315,0.3819591004106442
8.432,0.5622489198791205
8.432500000000001,0.7151174470954005
8.433,0.5150517175824911
8.4335,-0.153082396752622
8.434000000000001,-1.0085912971717452
8.4345,-1.5378838300561346
8.435,-1.396279353865911
8.4355,-0.7474896120633617
8.436,-0.19154378938310096
8.4365,-0.23945747932920694
8.437,-0.8103830749682097
8.4375,-1.2961462484840691
8.438,-1.1451656845304985
8.4385,-0.36414053377188127
8.439,0.5333705669355038
8.4395,1.0159755388353016
8.44,0.9594648184730429
8.4405,0.6470136138038317
8.441,0.4345477262984521
8.4415,0.44510125299069664
8.442,0.531120851985202
8.4425,0.4708390937044027
8.443,0.2122747670242804
8.4435,-0.054897564686035204
8.444,-0.09980924846941965
8.4445,0.08002784480198019
8.445,0.2572771790570903
8.445500000000001,0.24859091192991473
8.446,0.11045424428451424
8.4465,0.04833386085441755
8.447000000000001,0.2000014492002279
8.4475,0.5105436958987519
8.448,0.7575554334435883
8.448500000000001,0.7073172062892518
8.449,0.3039184844951574
8.4495,-0.2839820541422958
8.45,-0.7885398418119344
8.4505,-0.9782345781886067
8.451,-0.724295987875118
8.4515,-0.05823435093865519
8.452,0.7925152173679656
8.4525,1.474773130666488
8.453,1.6835415603431771
8.4535,1.3443129505851361
8.454,0.6664767737632771
8.4545,-0.024238666392156376
8.455,-0.5457630503450805
8.4555,-0.9222066943585502
8.456,-1.1863056809711514
8.4565,-1.227419539915402
8.457,-0.9381955039998131
8.4575,-0.4591865402689916
8.458,-0.12393126978467095
8.4585,-0.10735498024089493
8.459,-0.22255511955479562
8.4595,-0.1393312367827044
8.46,0.2365101967685497
8.4605,0.6420771232620204
8.461,0.6803837594263549
8.461500000000001,0.15857214534150332
8.462,-0.7099090000699141
8.4625,-1.3850416077284151
8.463000000000001,-1.369343540286377
8.4635,-0.6339835188160644
8.464,0.2963268442650306
8.464500000000001,0.7581595711765501
8.465,0.5093019754197753
8.4655,-0.10550237543118886
8.466,-0.5133145719496658
8.4665,-0.4031649576984647
8.467,0.09478832380934188
8.4675,0.6108874393306836
8.468,0.8665757622356922
8.4685,0.8433333462038571
8.469,0.6898035612699451
8.4695,0.5323737638929323
8.47,0.413686781374282
8.4705,0.352223106749
8.471,0.35461317370322654
8.4715,0.3548236833205218
8.472,0.22280857360582043
8.4725,-0.09440083529229826
8.473,-0.438763540480169
8.4735,-0.511236965066215
8.474,-0.15761814352856435
8.4745,0.39334606524483806
8.475,0.6561123363307774
8.4755,0.34958857752554334
8.476,-0.27541664224087975
8.4765,-0.6604899558498827
8.477,-0.5212353634589653
8.477500000000001,-0.13402267039636206
8.478,0.01080963626460891
8.4785,-0.21436591612506417
8.479000000000001,-0.44784661705332635
8.4795,-0.3087049612274699
8.48,0.10772688221378654
8.480500000000001,0.31796223963101805
8.481,0.026077105894373318
8.4815,-0.5051016313246811
8.482,-0.735079177903198
8.4825,-0.4467609800374705
8.483,0.027387389353544723
8.4835,0.1842932913073142
8.484,-0.1251141985963963
8.4845,-0.5800458283221451
8.485,-0.7224108403532088
8.4855,-0.35364199034497207
8.486,0.32638909253271015
8.4865,0.8873310551752877
8.487,1.0018975934297916
8.4875,0.6973145222760555
8.488,0.3018340253218417
8.4885,0.12284658849083828
8.489,0.18682751992419214
8.4895,0.3122166389820737
8.49,0.3828979119187767
8.4905,0.45692839239025157
8.491,0.6063108901881509
8.4915,0.7546723190691292
8.492,0.7339038384834472
8.4925,0.4592993909601695
8.493,0.020459602389452256
8.493500000000001,-0.36701229609346325
8.494,-0.5001667368961249
8.4945,-0.34228487130358565
8.495000000000001,-0.07131650633079104
8.4955,0.056682982705125166
8.496,-0.07522831020542277
8.496500000000001,-0.3592869554217811
8.497,-0.5808479793917755
8.4975,-0.5981228524095114
8.498,-0.41091645712953173
8.4985,-0.09962961136945203
8.499,0.2336278909862307
8.4995,0.4385554210173373
8.5,0.32917399327851343
8.5005,-0.13388538423838617
8.501,-0.6712989040226829
8.5015,-0.838634700474262
8.502,-0.454109208850194
8.5025,0.16501741757540006
8.503,0.48955264145110683
8.5035,0.3278687547837709
8.504,0.019932970041114453
8.5045,0.03134625107958666
8.505,0.41453952507334213
8.5055,0.7656720359689694
8.506,0.6866042614493153
8.5065,0.17212047472463715
8.507,-0.4555450940363452
8.5075,-0.8452486935594914
8.508000000000001,-0.8102455137275336
8.5085,-0.38762690450914894
8.509,0.17378564979098418
8.509500000000001,0.547852907440055
8.51,0.548184753239656
8.5105,0.23924701843096347
8.511000000000001,-0.13905765299404263
8.5115,-0.33573855334882047
8.512,-0.2410495787923746
8.5125,0.037588362965686024
8.513,0.2589119094483431
8.5135,0.2724142263219728
8.514,0.15953682501470262
8.5145,0.10476578397311005
8.515,0.15482741615724646
8.5155,0.18280113322476024
8.516,0.07625741294444913
8.5165,-0.1330827057421481
8.517,-0.33879143131149814
8.5175,-0.4592248097132292
8.518,-0.4318050149738188
8.5185,-0.22271739072113592
8.519,0.06695008220239833
8.5195,0.1937219904372017
8.52,0.008053079981833066
8.5205,-0.30956328798724897
8.521,-0.36440561786711917
8.5215,0.034587034199369746
8.522,0.6123628689536821
8.5225,0.8651769403836354
8.523,0.5770875128669387
8.5235,0.024207387959039466
8.524000000000001,-0.36980588405180576
8.5245,-0.4795475993088796
8.525,-0.4900192972112999
8.525500000000001,-0.5489510371071437
8.526,-0.5523500843401361
8.5265,-0.286783267223305
8.527000000000001,0.28979305663997307
8.5275,0.9163232131419361
8.528,1.1615435971423445
8.5285,0.762513374189314
8.529,-0.08309909302307816
8.5295,-0.7918881745992273
8.53,-0.8553679288620699
8.5305,-0.2625242615193906
8.531,0.5476144512243653
8.5315,1.1160237324677957
8.532,1.2715203240037547
8.5325,1.0478349300981498
8.533,0.4972121939437393
8.5335,-0.25927381960537255
8.534,-0.9094403310079168
8.5345,-1.1075254015470017
8.535,-0.7979597305132633
8.5355,-0.2814532888660776
8.536,0.06332697158882564
8.5365,0.09240534132257186
8.537,-0.033104675716803145
8.5375,-0.047182557365530384
8.538,0.14793157345821523
8.5385,0.4212085524537056
8.539,0.6174470528825237
8.5395,0.7372620723389341
8.540000000000001,0.8703314136952539
8.5405,1.0307706473195992
8.541,1.1165260047775296
8.541500000000001,0.9748210957807466
8.542,0.4876249553293459
8.5425,-0.2981734884608348
8.543000000000001,-1.059333696836896
8.5435,-1.3353185813956467
8.544,-0.935475200374847
8.5445,-0.20133273846185928
8.545,0.2496054082703465
8.5455,0.0897210515246814
8.546,-0.4398628581104028
8.5465,-0.8239867845410366
8.547,-0.7965609916951709
8.5475,-0.5303824588421843
8.548,-0.3610754146552916
8.5485,-0.4429389032234482
8.549,-0.6984715628816974
8.5495,-0.9537779631497607
8.55,-0.9970236472913475
8.5505,-0.6147790098099635
8.551,0.2067991429651427
8.5515,1.0756181315584503
8.552,1.3681806462693562
8.5525,0.7859423151093908
8.553,-0.2545213348013612
8.5535,-0.8929888319250111
8.554,-0.5791359255763451
8.5545,0.41606081928757693
8.555,1.2455284866413476
8.5555,1.2443891393458728
8.556000000000001,0.46102761043604584
8.5565,-0.4977525942200884
8.557,-1.0522048350201116
8.557500000000001,-1.0523728076671393
8.558,-0.7031506532788465
8.5585,-0.24895695018106304
8.559000000000001,0.20752164640756768
8.5595,0.6574487929016636
8.56,1.0694258948022377
8.5605,1.3497221774584673
8.561,1.384855712697924
8.5615,1.1098227432599812
8.562,0.5659786622223815
8.5625,-0.0798057857479593
8.563,-0.5971846368049056
8.5635,-0.825882240817294
8.564,-0.7640275990196936
8.5645,-0.509767765188962
8.565,-0.1398499250414566
8.5655,0.3059205382133228
8.566,0.744373243617985
8.5665,1.0264382768197138
8.567,0.9998452512360712
8.5675,0.5756549968137497
8.568,-0.18247525969526476
8.5685,-0.946176580085236
8.569,-1.210910182696848
8.5695,-0.7134048731653712
8.57,0.2077772268607642
8.570500000000001,0.8263567918476776
8.571,0.6889997273318097
8.5715,0.014016718689523852
8.572000000000001,-0.5737989188153069
8.5725,-0.6224447162600448
8.573,-0.16018674951121747
8.573500000000001,0.4352475992401173
8.574,0.7496907849233494
8.5745,0.5736381060561713
8.575000000000001,0.0039759008759014365
8.5755,-0.6190120950810063
8.576,-0.9492438841479921
8.5765,-0.8827201133234166
8.577,-0.572748147683212
8.5775,-0.23129498600942391
8.578,0.019334509771760544
8.5785,0.13789155099059913
8.579,0.13365500143304132
8.5795,0.07351589338869399
8.58,0.05487142835233854
8.5805,0.15597688523511424
8.581,0.41481121226364037
8.5815,0.7911649884645936
8.582,1.1127201380692868
8.5825,1.1341415039810807
8.583,0.7381199916602564
8.5835,0.08153225070374931
8.584,-0.5011358492910092
8.5845,-0.7563805396554547
8.585,-0.6750164145349674
8.5855,-0.4439571307892906
8.586,-0.2958681283018296
8.586500000000001,-0.37498442749199434
8.587,-0.644025800687192
8.5875,-0.8751101540520004
8.588000000000001,-0.7865767437826408
8.5885,-0.27690973157935905
8.589,0.4273864136538131
8.589500000000001,0.8976324821341979
8.59,0.8652406983113626
8.5905,0.4667277995832133
8.591,0.07104116931722607
8.5915,-0.10544081283137861
8.592,-0.12026916240508133
8.5925,-0.08368775255712055
8.593,0.017223177781961724
8.5935,0.20658570836257206
8.594,0.34922630593489057
8.5945,0.2291316490901339
8.595,-0.1932508737623791
8.5955,-0.6753379888650424
8.596,-0.8834242190654521
8.5965,-0.6842886909993743
8.597,-0.24829620841270794
8.5975,0.13000493660562457
8.598,0.3179300760988978
8.5985,0.44536721559188774
8.599,0.7025212305472054
8.5995,1.0519903257659855
8.6,1.1902117829623247
8.6005,0.8213310537206727
8.601,-0.037199030363193504
8.6015,-1.0052097986953754
8.602,-1.5579292538110148
8.602500000000001,-1.3485814004725127
8.603,-0.4850905453584344
8.6035,0.43339435919455865
8.604000000000001,0.7100711512786356
8.6045,0.1736952634693708
8.605,-0.5945640359439933
8.605500000000001,-0.7701222856906205
8.606,-0.05655235028616015
8.6065,1.0625683075890306
8.607,1.7932280762620203
8.6075,1.6910385225922495
8.608,0.9066865955321394
8.6085,-0.05457463271294177
8.609,-0.6975736718305943
8.6095,-0.7595170501675045
8.61,-0.3026708175967116
8.6105,0.3050364791039197
8.611,0.6070043984154618
8.6115,0.4009535115509263
8.612,-0.10687483377522249
8.6125,-0.525654257390784
8.613,-0.6357964292385153
8.6135,-0.4857964093815478
8.614,-0.2260612994838854
8.6145,0.01135474065206462
8.615,0.11875491054273127
8.6155,0.09360603267202602
8.616,0.12739818571364842
8.6165,0.43128042823135493
8.617,0.910430004150555
8.6175,1.1349600414793062
8.618,0.7199930144580939
8.618500000000001,-0.2655063519959313
8.619,-1.2581862783800624
8.6195,-1.6028432213874746
8.620000000000001,-1.1111523148373141
8.6205,-0.26159877258989916
8.621,0.24043520171685212
8.621500000000001,0.1467531118650498
8.622,-0.14575853768584132
8.6225,-0.10101467633753294
8.623,0.3622294008712312
8.6235,0.8302305175250543
8.624,0.8523429194406622
8.6245,0.36579763080728994
8.625,-0.2639216406207818
8.6255,-0.5582574399902271
8.626,-0.35052153550770176
8.6265,0.03401529563468744
8.627,0.08445011030484681
8.6275,-0.3400808568658327
8.628,-0.8184696338229651
8.6285,-0.812554580298914
8.629,-0.2604458673040717
8.6295,0.37580214556532465
8.63,0.6378243629998339
8.6305,0.5180745860618721
8.631,0.3377136278250574
8.6315,0.30043240021286965
8.632,0.2944453903861018
8.6325,0.11828416740650052
8.633000000000001,-0.21075922008482204
8.6335,-0.4392612468379309
8.634,-0.3423867818126758
8.634500000000001,0.03944890302539005
8.635,0.4283738059922759
8.6355,0.5489013989921253
8.636000000000001,0.34331316943743595
8.6365,-0.023125626740547543
8.637,-0.35337829722882436
8.637500000000001,-0.6029776807502129
8.638,-0.842889754268464
8.6385,-1.038521149401302
8.639,-0.958965513798681
8.6395,-0.40655457845616993
8.64,0.4861635705613271
8.6405,1.27802247925436
8.641,1.5638196133829654
8.6415,1.2862226824260388
8.642,0.7336049390811732
8.6425,0.2637889237513334
8.643,0.02312571012989336
8.6435,-0.08363956595703045
8.644,-0.179116732101174
8.6445,-0.24382969487417583
8.645,-0.20737861352970158
8.6455,-0.12410137639850247
8.646,-0.11318817134551343
8.6465,-0.11839312284835762
8.647,0.09934589026935621
8.6475,0.6032758132902714
8.648,1.0325286112512226
8.6485,0.9224988190830226
8.649000000000001,0.2763753341983964
8.6495,-0.37279834624442937
8.65,-0.5561796802731133
8.650500000000001,-0.3903449505312357
8.651,-0.37368589610548264
8.6515,-0.7463002391108091
8.652000000000001,-1.2283657883930104
8.6525,-1.3924399912594934
8.653,-1.1168775701387306
8.6535,-0.5899603493312138
8.654,-0.008639695779109105
8.6545,0.571701049108099
8.655,1.1377008517983522
8.6555,1.6094767805261028
8.656,1.8404191641768706
8.6565,1.658710415027209
8.657,0.9668957845634375
8.6575,-0.06964854963663784
8.658,-0.9618911903009687
8.6585,-1.214192237217706
8.659,-0.8077887239921011
8.6595,-0.2735051455220399
8.66,-0.15267059256680812
8.6605,-0.41101325172222514
8.661,-0.520293219995892
8.6615,-0.14318697361181465
8.662,0.4161853530243998
8.6625,0.564526279478575
8.663,0.13007460569940577
8.6635,-0.46379965909114285
8.664,-0.7523875487660701
8.6645,-0.7620159544191101
8.665000000000001,-0.8455242002963286
8.6655,-1.102900940784209
8.666,-1.1840243173605653
8.666500000000001,-0.7151268872734887
8.667,0.19248910605928019
8.6675,0.9474777318543307
8.668000000000001,1.0023364284945997
8.6685,0.36732856122063234
8.669,-0.3859027039427878
8.6695,-0.606954738447409
8.67,-0.06656402499659175
8.6705,0.9212276194484957
8.671,1.7713265078505045
8.6715,2.0509790599909334
8.672,1.7533310468741132
8.6725,1.224123364060042
8.673,0.826263615060085
8.6735,0.6702922616097508
8.674,0.6354511538234668
8.6745,0.5822307139353976
8.675,0.4938324420619971
8.6755,0.40162240694142687
8.676,0.22430034136226049
8.6765,-0.194490550784027
8.677,-0.8161568376434319
8.6775,-1.2828607264699359
8.678,-1.2280405355054018
8.6785,-0.7172661948805311
8.679,-0.25663045649661326
8.6795,-0.2962703020669597
8.68,-0.758956378827586
8.6805,-1.1044069916271488
8.681000000000001,-0.8688465711413744
8.6815,-0.14190598140685384
8.682,0.47778680642686094
8.682500000000001,0.4122543831943584
8.683,-0.3537732249555401
8.6835,-1.2312621393628866
8.684000000000001,-1.564818304096144
8.6845,-1.222562956801469
8.685,-0.6089043977630317
8.6855,-0.13734799871178946
8.686,0.16437097905713524
8.6865,0.5007798217710618
8.687,0.9262043278241924
8.6875,1.2348271443222114
8.688,1.177135594510184
8.6885,0.7257960504704091
8.689,0.17103965597344692
8.6895,-0.04311594093687271
8.69,0.3040335208316557
8.6905,0.9187133788626246
8.691,1.1690870997417355
8.6915,0.6792856831234767
8.692,-0.26424822995835867
8.6925,-0.985655899232518
8.693,-1.0839631591592678
8.6935,-0.7460829271879628
8.694,-0.44032850223522085
8.6945,-0.4449038254168561
8.695,-0.7097097904236388
8.695500000000001,-1.031479250733787
8.696,-1.22308312998088
8.6965,-1.153642986566751
8.697000000000001,-0.7760214951784192
8.6975,-0.1758229127947677
8.698,0.47014882384299195
8.698500000000001,1.013091328132773
8.699,1.3590567381722325
8.6995,1.3954699886605246
8.700000000000001,1.0309805749900278
8.7005,0.39848799458320233
8.701,-0.06997879292288234
8.7015,0.0635910367340655
8.702,0.8010454163577948
8.7025,1.6113931284631655
8.703,1.8569948240403042
8.7035,1.3438084916574358
8.704,0.4615843089789711
8.7045,-0.17659825394332385
8.705,-0.22509306864339085
8.7055,0.18024394102409383
8.706,0.5961242224931277
8.7065,0.633692219076579
8.707,0.21505228957378483
8.7075,-0.4194170104003572
8.708,-0.8953276708822581
8.7085,-0.9457870053790302
8.709,-0.5852769729203486
8.7095,-0.10272679446187628
8.71,0.13998431543708048
8.7105,-0.05654146070409763
8.711,-0.6218156083110519
8.711500000000001,-1.243040230302567
8.712,-1.5054952829200126
8.7125,-1.1401926927111548
8.713000000000001,-0.24038461697715205
8.7135,0.7489579933372454
8.714,1.2948934076232534
8.714500000000001,1.1373467052725548
8.715,0.49891789301877326
8.7155,-0.07746741255429747
8.716,-0.1946597113253704
8.7165,0.05825044604537877
8.717,0.24633045346410964
8.7175,0.05146088533891682
8.718,-0.43599806201094693
8.7185,-0.8678349012209097
8.719,-1.0208119775546007
8.7195,-0.9811030616405017
8.72,-0.9553291415095087
8.7205,-0.9745429265975709
8.721,-0.8568832800850144
8.7215,-0.4514294057434285
8.722,0.14164075963536102
8.7225,0.6313444649233146
8.723,0.8098268991695273
8.7235,0.7209060769895477
8.724,0.5280447020559528
8.7245,0.2872029091883804
8.725,-0.027388442183688883
8.7255,-0.27581254023454876
8.726,-0.11571866083685078
8.7265,0.6060960712176285
8.727,1.4589987770309196
8.727500000000001,1.6426982746202092
8.728,0.7602131591162717
8.7285,-0.6669526239401253
8.729000000000001,-1.6021360498219035
8.7295,-1.449089255854409
8.73,-0.5339637625896921
8.730500000000001,0.34049332808935845
8.731,0.6721008968897229
8.7315,0.5572311734001573
8.732,0.3829510613361337
8.7325,0.3727751369630983
8.733,0.41376252545686243
8.7335,0.2528363231882364
8.734,-0.15750838695617517
8.7345,-0.5417604831617702
8.735,-0.6016979777266295
8.7355,-0.4064980173778113
8.736,-0.3294639218482902
8.7365,-0.5415957996949979
8.737,-0.7228181492115863
8.7375,-0.41313555438681354
8.738,0.4248300698436211
8.7385,1.3294196493090875
8.739,1.800105747813983
8.7395,1.7088180356407987
8.74,1.243830655760505
8.7405,0.5996929670752655
8.741,-0.13093897199384485
8.7415,-0.797811489162006
8.742,-1.1250726056250753
8.7425,-0.9446949795643185
8.743,-0.44915423343037025
8.743500000000001,-0.0892610456723347
8.744,-0.17751334098365956
8.7445,-0.5926931398134128
8.745000000000001,-0.8535082024203582
8.7455,-0.5045266171881925
8.746,0.4704089550563977
8.746500000000001,1.5472469618076292
8.747,2.0125261578110627
8.7475,1.5138887721125855
8.748,0.3568067342710051
8.7485,-0.6918127280899782
8.749,-0.9550483284846504
8.7495,-0.3666414308724816
8.75,0.46158775622891846
8.7505,0.7577085117710876
8.751,0.2783381867377274
8.7515,-0.48549741690436865
8.752,-0.7895437802269304
8.7525,-0.3337984623478987
8.753,0.47387901748168954
8.7535,0.9005631629722703
8.754,0.5435470563279832
8.7545,-0.3406269444878185
8.755,-1.1214984071526122
8.7555,-1.3851150982697935
8.756,-1.2177921071240934
8.7565,-0.9538768401774171
8.757,-0.7794331927412665
8.7575,-0.6448735529337264
8.758000000000001,-0.46072906032532585
8.7585,-0.25430377641594076
8.759,-0.13541538121297939
8.759500000000001,-0.17175045142179787
8.76,-0.30404644884067417
8.7605,-0.35693474885673293
8.761000000000001,-0.15807014402308567
8.7615,0.30367800407427253
8.762,0.8301607837853814
8.762500000000001,1.133642376963769
8.763,1.0152490941567542
8.7635,0.4872586734712231
8.764,-0.1933068388759922
8.7645,-0.6241066555493129
8.765,-0.5196126786510795
8.7655,0.03439142356664521
8.766,0.631568702403729
8.7665,0.9118853879068799
8.767,0.8503170292678728
8.7675,0.6665572869242746
8.768,0.5280676555112345
8.7685,0.3953420302883876
8.769,0.12544740477206248
8.7695,-0.29363456122507925
8.77,-0.6142892447794044
8.7705,-0.5014587419969285
8.771,0.0936162521424302
8.7715,0.7710599571851589
8.772,1.0012734476307645
8.7725,0.6468300121276644
8.773,0.11018059939438135
8.7735,-0.09218857752424718
8.774000000000001,0.13008489460257772
8.7745,0.38196525345615856
8.775,0.23771713789447865
8.775500000000001,-0.3022630646998978
8.776,-0.7988007143724535
8.7765,-0.7875606668503917
8.777000000000001,-0.22441706903343103
8.7775,0.45474267004290464
8.778,0.7221009941736231
8.7785,0.42699158655920677
8.779,-0.0980543683170489
8.7795,-0.38428416488008926
8.78,-0.2694591173347358
8.7805,0.0074123425701745765
8.781,0.11725418906860566
8.7815,-0.006945878914655149
8.782,-0.14365708167080882
8.7825,-0.08095419208446802
8.783,0.10862181594597427
8.7835,0.14098550183578973
8.784,-0.1454165487030087
8.7845,-0.6041815577231409
8.785,-0.942010969623742
8.7855,-0.9883204223551387
8.786,-0.786627306331647
8.7865,-0.49619201869344953
8.787,-0.24449441911148095
8.7875,-0.045516139875867265
8.788,0.15674379060262783
8.7885,0.3618100560476821
8.789,0.45285964624556624
8.7895,0.29247276327750843
8.790000000000001,-0.12766387643333013
8.7905,-0.6394523025347469
8.791,-0.9828994831354882
8.791500000000001,-0.9576853856917883
8.792,-0.5630801053714471
8.7925,-0.02641727886791597
8.793000000000001,0.34052170383717667
8.7935,0.3700840395809759
8.794,0.1611101801487921
8.7945,-0.01953473623705091
8.795,0.02832680180495551
8.7955,0.284864785997119
8.796,0.5754617025947412
8.7965,0.7633078695635028
8.797,0.849487001780894
8.7975,0.8852319777483421
8.798,0.8422090528506196
8.7985,0.6435291069402429
8.799,0.3253322667611061
8.7995,0.07965585623572946
8.8,0.06920003424222024
8.8005,0.2342754675330493
8.801,0.3502597932083856
8.8015,0.27301472154147294
8.802,0.07753775331926606
8.8025,-0.0447607876130382
8.803,0.023518593379263014
8.8035,0.2369713341852624
8.804,0.44385079451855086
8.8045,0.5288803705982267
8.805,0.5032899829763507
8.8055,0.41757833529711585
8.806000000000001,0.22134258069048307
8.8065,-0.16668459068870622
8.807,-0.6355549617063219
8.807500000000001,-0.8777082983297103
8.808,-0.7043232676527424
8.8085,-0.2809014392651069
8.809000000000001,0.06692125952760655
8.8095,0.23038885557220531
8.81,0.352442797353677
8.8105,0.5041909521203851
8.811,0.5240368879421089
8.8115,0.2583682118935322
8.812,-0.191817792116028
8.8125,-0.5941346355232441
8.813,-0.8613997455225977
8.8135,-1.0546994786189143
8.814,-1.154233192063106
8.8145,-1.0188342092972882
8.815,-0.6388418770321945
8.8155,-0.2822949470275043
8.816,-0.25332383279659976
8.8165,-0.5444395988957675
8.817,-0.8258713419030272
8.8175,-0.7802775137102395
8.818,-0.39239734185234343
8.8185,0.08645523488427204
8.819,0.397843197413384
8.8195,0.48047816675598565
8.82,0.457500210733429
8.820500000000001,0.4589358781614595
8.821,0.4881634298846532
8.8215,0.484746583836741
8.822000000000001,0.46064635371146073
8.8225,0.48627839359012875
8.823,0.5633310088138351
8.823500000000001,0.5901237395053895
8.824,0.45264771352533734
8.8245,0.12618368789740028
8.825000000000001,-0.27423303235451474
8.8255,-0.525545580511692
8.826,-0.44126276820154475
8.8265,-0.0374928576904855
8.827,0.4486059545839882
8.8275,0.7070453290609546
8.828,0.5452319635566638
8.8285,0.031103557281421536
8.829,-0.4970042930963939
8.8295,-0.6541401073983343
8.83,-0.3357611784316311
8.8305,0.19950736163182567
8.831,0.5963959178301236
8.8315,0.7110739977534086
8.832,0.651844706718863
8.8325,0.5875990907625481
8.833,0.5648649272943039
8.8335,0.4756910385871034
8.834,0.15405266061454131
8.8345,-0.4572848517340275
8.835,-1.1500142387178474
8.8355,-1.4829515346284328
8.836,-1.1090679422101837
8.836500000000001,-0.14625614781233456
8.837,0.8402449638591543
8.8375,1.3057389249259772
8.838000000000001,1.1797212332141742
8.8385,0.8371704991692173
8.839,0.6634639416865943
8.839500000000001,0.7056992099422489
8.84,0.707735233654822
8.8405,0.37638368090289537
8.841,-0.37037138541748316
8.8415,-1.2650446985453794
8.842,-1.7589910457570475
8.8425,-1.3921021404641696
8.843,-0.25313286010814684
8.8435,0.9376126558934716
8.844,1.3284401701159418
8.8445,0.6397505080519914
8.845,-0.578866437386612
8.8455,-1.4148556617388275
8.846,-1.3650902520383044
8.8465,-0.6819130570292803
8.847,-0.0093869761286529
8.8475,0.22838029408538607
8.848,0.059716413800941635
8.8485,-0.25460856109714236
8.849,-0.4929554421712411
8.8495,-0.5567173214419211
8.85,-0.48221744111478654
8.8505,-0.44692932102142363
8.851,-0.6288353101228242
8.8515,-0.9564293704849524
8.852,-1.0986081975690587
8.852500000000001,-0.8279753404899788
8.853,-0.3317894913622788
8.8535,-0.021165316042302665
8.854000000000001,-0.04436166020299123
8.8545,-0.1144016211158005
8.855,0.15866294864963384
8.855500000000001,0.8431570054436991
8.856,1.6083654622476944
8.8565,2.024895166900715
8.857,1.93600341821739
8.8575,1.5640549300326374
8.858,1.2843306821239082
8.8585,1.3092964798517368
8.859,1.5543269428898598
8.8595,1.734650514307832
8.86,1.5695988677379062
8.8605,0.9605564936028269
8.861,0.06912622768216391
8.8615,-0.7448942521747143
8.862,-1.1329845179631226
8.8625,-1.0091849452314634
8.863,-0.6489337411706156
8.8635,-0.5226345193248136
8.864,-0.928955426496217
8.8645,-1.6883082846552824
8.865,-2.235875777635916
8.8655,-2.1147690167153494
8.866,-1.3672582130316904
8.8665,-0.421111412282442
8.867,0.3076454480533442
8.8675,0.6362609477041848
8.868,0.581200922192776
8.868500000000001,0.2929540194778155
8.869,0.028056024038790643
8.8695,0.03632277238168978
8.870000000000001,0.3801683906113316
8.8705,0.8630850308296574
8.871,1.1325810512941747
8.871500000000001,0.8842818782786552
8.872,0.09297160217928722
8.8725,-0.8604237533216277
8.873,-1.359445499239108
8.8735,-1.003545492311657
8.874,0.012781134178006888
8.8745,0.9659975581400269
8.875,1.1254084515931708
8.8755,0.33699371363686587
8.876,-0.8306164109995816
8.8765,-1.5355728956329362
8.877,-1.311905363416948
8.8775,-0.35032832831967087
8.878,0.7290462009936246
8.8785,1.2989383533898005
8.879,1.0703648048604413
8.8795,0.29620075278594266
8.88,-0.3137586552081979
8.8805,-0.12847321822116153
8.881,0.7544287620984705
8.8815,1.493238531494498
8.882,1.3112771939549073
8.8825,0.2952995288668522
8.883000000000001,-0.7190024549951344
8.8835,-1.0143350077256315
8.884,-0.6439656138389196
8.884500000000001,-0.25275877453659923
8.885,-0.35486227168393913
8.8855,-0.8166311558577721
8.886000000000001,-1.0224338321782873
8.8865,-0.5413810910720608
8.887,0.3677436653086559
8.887500000000001,0.9412129010368365
8.888,0.638289591441189
8.8885,-0.30774281657241104
8.889,-1.0756449049925947
8.8895,-0.9840633879658641
8.89,-0.05584857996137209
8.8905,1.0497307169367471
8.891,1.6012179315028596
8.8915,1.3474353672004007
8.892,0.6254097805956533
8.8925,0.005663887371206387
8.893,-0.15237502326843574
8.8935,0.11575757751551581
8.894,0.48082908972009897
8.8945,0.5589139584825448
8.895,0.18698059100905468
8.8955,-0.4034563480724468
8.896,-0.7304383759690048
8.8965,-0.5051097775545162
8.897,0.05657128326082517
8.8975,0.4401525814169918
8.898,0.3410661344226123
8.8985,-0.10425833330582276
8.899000000000001,-0.5515937163939095
8.8995,-0.785415336663785
8.9,-0.8197184608660577
8.900500000000001,-0.7882319848913036
8.901,-0.7979466622240979
8.9015,-0.8503682061357261
8.902000000000001,-0.8626318409739304
8.9025,-0.7538270356941159
8.903,-0.5152893313841284
8.9035,-0.21496357258828044
8.904,0.06053046998613552
8.9045,0.28760327341365727
8.905,0.5329822371173863
8.9055,0.871088689540839
8.906,1.2667105862202912
8.9065,1.5669501766767049
8.907,1.6195806599806415
8.9075,1.3889518607212046
8.908,0.9654763257876308
8.9085,0.47420256774060243
8.909,-0.03735457380075613
8.9095,-0.6108125536999024
8.91,-1.226453021630717
8.9105,-1.642580161052362
8.911,-1.504265949673162
8.9115,-0.7383483046099744
8.912,0.20517178331813188
8.9125,0.6898940897454323
8.913,0.5401222331670223
8.9135,0.21412619205209735
8.914,0.23040284325934882
8.9145,0.5388942361276906
8.915000000000001,0.6148836081652322
8.9155,0.12474450245247197
8.916,-0.6672861359887517
8.916500000000001,-1.179810749685473
8.917,-1.0742849246237844
8.9175,-0.47582884247550045
8.918000000000001,0.250920144046917
8.9185,0.8009073814730381
8.919,1.0228595407500574
8.9195,0.8864439604622777
8.92,0.47545546032242203
8.9205,-0.011946359282455783
8.921,-0.32854349590903303
8.9215,-0.31088051519132603
8.922,-0.02206356621715329
8.9225,0.24217345026459416
8.923,0.20262530304800755
8.9235,-0.1064273658852569
8.924,-0.38756366788705177
8.9245,-0.4496376282671762
8.925,-0.3851544779774756
8.9255,-0.3222631845042935
8.926,-0.17304852308569074
8.9265,0.20457294126593858
8.927,0.6729330408137655
8.9275,0.8396934130165506
8.928,0.4654455059539245
8.9285,-0.2514921231924375
8.929,-0.8312472317362933
8.9295,-0.8919066425864982
8.93,-0.4018119697773429
8.9305,0.30610273566990315
8.931000000000001,0.7346866722671304
8.9315,0.5710718563560266
8.932,-0.04891389072232116
8.932500000000001,-0.6326991659753005
8.933,-0.7457687280801456
8.9335,-0.3926492007392309
8.934000000000001,-0.01828532909354594
8.9345,-0.08764626267079838
8.935,-0.5922572155655705
8.9355,-0.9979333848029539
8.936,-0.770227243020647
8.9365,0.04878523296727434
8.937,0.862320670129925
8.9375,1.1089607752801727
8.938,0.7465065925010781
8.9385,0.16026563682234435
8.939,-0.26078067963929275
8.9395,-0.35955778569040747
8.94,-0.1357426080850044
8.9405,0.35518820936083795
8.941,0.9523322497677431
8.9415,1.3457546133771723
8.942,1.2325272347391831
8.9425,0.5956507478647786
8.943,-0.1905252840297032
8.9435,-0.6186309713698608
8.944,-0.47509405028509105
8.9445,-0.004664314787049265
8.945,0.3471988257711941
8.945500000000001,0.31454262877188877
8.946,-0.04124312912334128
8.9465,-0.44544620239755156
8.947000000000001,-0.606830994366638
8.9475,-0.38441662568641366
8.948,0.11013941519590563
8.948500000000001,0.5446282262962485
8.949,0.5824766335745727
8.9495,0.1578373955255233
8.950000000000001,-0.4367602155793648
8.9505,-0.7493589701175548
8.951,-0.4914928064535896
8.9515,0.2519814199900713
8.952,1.0362464418192483
8.9525,1.276097968421692
8.953,0.6056638046952382
8.9535,-0.7724836131045537
8.954,-2.049019655214971
8.9545,-2.3077088597359925
8.955,-1.2943463057621438
8.9555,0.26561403861629596
8.956,1.232574337226892
8.9565,1.0382499173148947
8.957,0.11706393231214406
8.9575,-0.6366137479353022
8.958,-0.7481679496864035
8.9585,-0.4385521658406362
8.959,-0.1643034850071405
8.9595,-0.12770378321990897
8.96,-0.2816681986516683
8.9605,-0.5692690245701368
8.961,-0.9196329064196791
8.961500000000001,-1.0794362056766968
8.962,-0.7252723594515776
8.9625,0.14000265690319974
8.963000000000001,1.049908318780815
8.9635,1.4798055495734042
8.964,1.350446298138803
8.964500000000001,1.031134950464337
8.965,0.8635267992609365
8.9655,0.789966606427864
8.966,0.5062469440446182
8.9665,-0.07855362028047855
8.967,-0.6476046517580214
8.9675,-0.7907884438087937
8.968,-0.44235052362129235
8.9685,0.08930890239684618
8.969,0.486460403905615
8.9695,0.6732052591508815
8.97,0.6819675245725166
8.9705,0.4471906795422834
8.971,-0.09734865429664218
8.9715,-0.7430742677145604
8.972,-1.003853390868052
8.9725,-0.5372452682737531
8.973,0.4325613000720763
8.9735,1.2285285373159343
8.974,1.3161023714489506
8.9745,0.7337821189737223
8.975,-0.06348099293480798
8.9755,-0.6532257012845325
8.976,-0.8720583954173602
8.9765,-0.7391307880926961
8.977,-0.3359311407707941
8.977500000000001,0.2239667259453167
8.978,0.8003434711759345
8.9785,1.239973311488057
8.979000000000001,1.3738594628301104
8.9795,1.059494896036233
8.98,0.3333155450927203
8.980500000000001,-0.47983458422776204
8.981,-0.9426100320351204
8.9815,-0.8813744416262311
8.982,-0.5404710227021838
8.9825,-0.3090250950386318
8.983,-0.3455856763569511
8.9835,-0.5158105860610508
8.984,-0.6162877727403542
8.9845,-0.5593822521336447
8.985,-0.3790615944653664
8.9855,-0.17401034303031765
8.986,-0.0693822538724571
8.9865,-0.1612687213421416
8.987,-0.4586285464656304
8.9875,-0.8851466525213251
8.988,-1.3078094796159674
8.9885,-1.5409683681934505
8.989,-1.398534745444122
8.9895,-0.8379416823585246
8.99,-0.041833308829183305
8.9905,0.6948216921334
8.991,1.1379874857049135
8.9915,1.1630046489260741
8.992,0.7429612675961071
8.9925,0.01879389425648654
8.993,-0.6518615066864407
8.993500000000001,-0.8681757640714377
8.994,-0.49154045844607236
8.9945,0.24983602799494825
8.995000000000001,0.9766193183644925
8.9955,1.4322087101392027
8.996,1.545798098236878
8.996500000000001,1.3516878802978773
8.997,0.9669549712841825
8.9975,0.6030877121701077
8.998,0.45870142246342144
8.9985,0.5485771672040994
8.999,0.6919661244444937
8.9995,0.7003432232501446
9.0,0.04303112077742233
9.0005,0.024146309875589918
9.001,0.0019392347446736031
9.0015,-0.023387322238439905
9.002,-0.04931924767865842
9.0025,-0.0684482777458211
9.003,-0.07453412773557638
9.0035,-0.06699515635287474
9.004,-0.04586960982603684
9.0045,-0.008305490270682024
9.005,0.04074957199647135
9.0055,0.0781408009422058
9.006,0.07713000700275766
9.0065,0.036999337682133385
9.007,-0.011751805721261274
9.0075,-0.038140854884601665
9.008000000000001,-0.03996505211960654
9.0085,-0.035852825834621925
9.009,-0.03526696289338491
9.009500000000001,-0.02948154901817004
9.01,-0.013346599284679378
9.0105,-0.002395579411658415
9.011000000000001,-0.016305651404724744
9.0115,-0.04822282493715474
9.012,-0.06346337957565472
9.012500000000001,-0.0362153756494733
9.013,0.017806252169422526
9.0135,0.053505914655405364
9.014,0.039951654557648444
9.0145,-0.013039759691811786
9.015,-0.06720385370766173
9.0155,-0.08645668312728338
9.016,-0.05993346448327182
9.0165,-0.008510142860476702
9.017,0.028661989996205207
9.0175,0.02535514049378594
9.018,-0.0068665233765413496
9.0185,-0.028939185215188495
9.019,-0.01274163406185845
9.0195,0.032151547102824
9.02,0.0691882140315941
9.0205,0.06902623586028048
9.021,0.03329015964492555
9.0215,-0.010594879864551508
9.022,-0.03291333196777824
9.0225,-0.02158242965598513
9.023,0.013584984109701874
9.0235,0.051691031098941416
9.024000000000001,0.07675338795861456
9.0245,0.08433238545356256
9.025,0.07437259340465852
9.025500000000001,0.04399828208841725
9.026,-0.006470114825468495
9.0265,-0.06246773943254155
9.027000000000001,-0.09853679564068119
9.0275,-0.09858211087648189
9.028,-0.07174460608077915
9.0285,-0.043737900420489285
9.029,-0.03141187240682686
9.0295,-0.02950542650548843
9.03,-0.02365632903327866
9.0305,-0.009960156498720646
9.031,0.004332037405331669
9.0315,0.013767444337886382
9.032,0.018005088791570433
9.0325,0.014225976491115927
9.033,-0.001799809652673395
9.0335,-0.023333133944591706
9.034,-0.030634926943799663
9.0345,-0.010316984644565274
9.035,0.024893033473700706
9.0355,0.04306118013191348
9.036,0.022903705472076652
9.0365,-0.024017268518789936
9.037,-0.05980480803732639
9.0375,-0.04825561261350296
9.038,0.017639527323052302
9.0385,0.10789555122780321
9.039,0.17468540430287466
9.0395,0.1853830439051208
9.040000000000001,0.14027117322018684
9.0405,0.06052342779544939
9.041,-0.031985043816464026
9.041500000000001,-0.11620956796649459
9.042,-0.16382533557262247
9.0425,-0.14939347718830823
9.043000000000001,-0.07685173497235184
9.0435,0.010985360176153716
9.044,0.059199496425447896
9.0445,0.04354566157141649
9.045,-0.0104926918399012
9.0455,-0.05310641428982869
9.046,-0.057670384865669666
9.0465,-0.041769251359248694
9.047,-0.039701386932413985
9.0475,-0.059371244092517234
9.048,-0.07314861910543335
9.0485,-0.05138241876602768
9.049,0.0004948574748354735
9.0495,0.04320900758327217
9.05,0.04317301201646173
9.0505,0.007433835171073115
9.051,-0.02525592544894328
9.0515,-0.026470403391806018
9.052,-0.00420740847944367
9.0525,0.013878981164947237
9.053,0.014434591937395996
9.0535,0.008567532865831975
9.054,0.012078519107199783
9.0545,0.025156594452496454
9.055,0.03680812168501458
9.0555,0.045874092113395576
9.056000000000001,0.06777211095911129
9.0565,0.11215135191232338
9.057,0.15701956620355703
9.057500000000001,0.1589479661153601
9.058,0.09835135873194818
9.0585,0.007940295392194235
9.059000000000001,-0.05594508555182241
9.0595,-0.0692377649759921
9.06,-0.05707148973583139
9.0605,-0.055304696073399565
9.061,-0.06769568755548466
9.0615,-0.06786835387090408
9.062,-0.037243969680397976
9.0625,0.007740185672268566
9.063,0.027538619137147936
9.0635,-0.004694863854512218
9.064,-0.07821433132884262
9.0645,-0.14967066119261066
9.065,-0.1728082896836607
9.0655,-0.13257089378478776
9.066,-0.057400272722873485
9.0665,0.0030539131567669385
9.067,0.016330621085337647
9.0675,-0.011765841061824768
9.068,-0.04707079935812038
9.0685,-0.05495445879528717
9.069,-0.025599903426809272
9.0695,0.019707298986549125
9.07,0.047921588396632527
9.070500000000001,0.04527405036061695
9.071,0.030190893823551293
9.0715,0.03267931193120002
9.072000000000001,0.05955742236980946
9.0725,0.0827814273639889
9.073,0.06811054252269556
9.073500000000001,0.01661127945459121
9.074,-0.031428465848350275
9.0745,-0.04011902803665037
9.075000000000001,-0.015497123766703617
9.0755,0.009629052536484892
9.076,0.015919021623827145
9.0765,0.006380356596647386
9.077,-0.015671184804650896
9.0775,-0.05262958526589047
9.078,-0.09109497905756225
9.0785,-0.09608372126456914
9.079,-0.047444113572731775
9.0795,0.02258615401186054
9.08,0.04902085490584576
9.0805,0.0015432437065485572
9.081,-0.07641740097762242
9.0815,-0.10708684367242785
9.082,-0.055993656160856844
9.0825,0.036341797596432905
9.083,0.09952981277812673
9.0835,0.10239837787559179
9.084,0.07434140275982752
9.0845,0.06425882415559209
9.085,0.08599674777706938
9.0855,0.1072418900738504
9.086,0.08972756675851201
9.086500000000001,0.033593769520634954
9.087,-0.023361693906480997
9.0875,-0.04698704787850335
9.088000000000001,-0.038906441100390585
9.0885,-0.02650554210308394
9.089,-0.029480282237054966
9.089500000000001,-0.04316924463629033
9.09,-0.05223846525985429
9.0905,-0.051838665989001456
9.091,-0.04828268515190129
9.0915,-0.04139750993489202
9.092,-0.018384791194479427
9.0925,0.02681545343224911
9.093,0.07592565662843612
9.0935,0.09922527428063718
9.094,0.0830847121470312
9.0945,0.037785161826815884
9.095,-0.015479367705548072
9.0955,-0.05611625250684229
9.096,-0.06906985855358681
9.0965,-0.051522808256344685
9.097,-0.016784783485161544
9.0975,0.014700703412826071
9.098,0.030490669947806713
9.0985,0.03096255761116701
9.099,0.021219963552120632
9.0995,0.003092224853318667
9.1,-0.023752710230728346
9.1005,-0.05608243584791944
9.101,-0.08403208958991162
9.1015,-0.09264058605629633
9.102,-0.06911221285066146
9.102500000000001,-0.015162084107190938
9.103,0.04534743597430864
9.1035,0.07660658240855907
9.104000000000001,0.05766236192751032
9.1045,0.0031655860820114772
9.105,-0.046955585470790845
9.105500000000001,-0.06410872972795557
9.106,-0.05599601053995515
9.1065,-0.05157574297695844
9.107,-0.06521021999098962
9.1075,-0.0831517082241583
9.108,-0.0837033379178643
9.1085,-0.061820172303096194
9.109,-0.032248736726951326
9.1095,-0.01464417314049284
9.11,-0.017530242375057035
9.1105,-0.03372762002699483
9.111,-0.04990053342041374
9.1115,-0.058853859280671786
9.112,-0.05965669533173294
9.1125,-0.048551417092938226
9.113,-0.018812519163493267
9.1135,0.02533419771344908
9.114,0.06060687102901195
9.1145,0.061929025744632875
9.115,0.03223949812184424
9.1155,0.007586292325053881
9.116,0.023293747555845228
9.1165,0.07499887767007549
9.117,0.11837955290095536
9.1175,0.10896367425372035
9.118,0.042276624033805194
9.118500000000001,-0.04079929595328784
9.119,-0.08489428989702266
9.1195,-0.06333650918402352
9.120000000000001,-0.0016544052104040408
9.1205,0.0423423042356072
9.121,0.03157067071908767
9.121500000000001,-0.014369528914221668
9.122,-0.04154721442192951
9.1225,-0.02023804805433057
9.123,0.02617708914070273
9.1235,0.05272825537717038
9.124,0.04271883505113481
9.1245,0.01668795610576842
9.125,0.0002608001846044101
9.1255,0.00017606475502532728
9.126,0.012057001349496043
9.1265,0.03375092551782178
9.127,0.06043004045090134
9.1275,0.07582040826373442
9.128,0.06202002718540986
9.1285,0.01936510539081405
9.129,-0.03092724851198029
9.1295,-0.06654924981486018
9.13,-0.08169937688692376
9.1305,-0.0827461889651486
9.131,-0.0738655557381097
9.1315,-0.056344859212719096
9.132,-0.039223491105354905
9.1325,-0.03678678083221281
9.133000000000001,-0.049129345004066245
9.1335,-0.05428881118563337
9.134,-0.02908485493916833
9.134500000000001,0.024629491942254403
9.135,0.07885302342744058
9.1355,0.10147529021471352
9.136000000000001,0.07804991569169004
9.1365,0.01963756775426008
9.137,-0.042848063436061026
9.137500000000001,-0.07552367504087433
9.138,-0.0646725068728643
9.1385,-0.0292728189842617
9.139,-0.005425801648375084
9.1395,-0.012244431104300332
9.14,-0.0344859130914503
9.1405,-0.041822296590449774
9.141,-0.02340768112491188
9.1415,-0.0009244901755416777
9.142,-0.008243199110989398
9.1425,-0.05835469596513577
9.143,-0.12743978681277227
9.1435,-0.16995731968923158
9.144,-0.15303145430353743
9.1445,-0.08119244053561503
9.145,0.010461466027785069
9.1455,0.08557809501425696
9.146,0.12645523702997144
9.1465,0.12918913614798824
9.147,0.09307200365932014
9.1475,0.02635077480908929
9.148,-0.04185100969807176
9.1485,-0.07228409814726801
9.149000000000001,-0.04980578001683438
9.1495,-0.00215216698718876
9.15,0.026675585449318032
9.150500000000001,0.022260180756447992
9.151,0.009670538559351566
9.1515,0.016458468196805822
9.152000000000001,0.03721466215389374
9.1525,0.04141467482489351
9.153,0.010045144450418752
9.1535,-0.04252831168919806
9.154,-0.0831138409228452
9.1545,-0.09273379795912665
9.155,-0.08065012486493163
9.1555,-0.06450216219357366
9.156,-0.04565913426330656
9.1565,-0.014836599387233845
9.157,0.022191070015564557
9.1575,0.040410913411731246
9.158,0.02436531926683835
9.1585,-0.007946408350441454
9.159,-0.020043762806398562
9.1595,0.00694079943205153
9.16,0.057984179207870634
9.1605,0.09788188475385003
9.161,0.09704562893426205
9.1615,0.05322716698443787
9.162,-0.004397476540916717
9.1625,-0.038289495132895736
9.163,-0.03667596712062241
9.1635,-0.022878874932443213
9.164,-0.026843820584869373
9.1645,-0.050145611084221185
9.165000000000001,-0.06508179823276362
9.1655,-0.04729373782764327
9.166,-0.002298337760873312
9.166500000000001,0.040434957825261325
9.167,0.05310680700246687
9.1675,0.03058515165484237
9.168000000000001,-0.005471243586589134
9.1685,-0.023214181642756456
9.169,-0.009209383352544499
9.1695,0.017568297377949085
9.17,0.023922217071909706
9.1705,-0.005091687498776455
9.171,-0.05214873568900354
9.1715,-0.0831885393187657
9.172,-0.07668528867730644
9.1725,-0.040940937595005465
9.173,-0.004027906401027261
9.1735,0.012386499043418975
9.174,0.006944505625428633
9.1745,-0.011213599608266537
9.175,-0.037077161765692555
9.1755,-0.06817777489302837
9.176,-0.0933646867940802
9.1765,-0.09483608209854326
9.177,-0.06644985229589702
9.1775,-0.024209890280606876
9.178,0.007200259610410304
9.1785,0.015126915211267543
9.179,0.0035316674986175817
9.1795,-0.014716192478346293
9.18,-0.02280032838451666
9.1805,-0.0059029714591504814
9.181000000000001,0.03473505998716938
9.1815,0.07436761753019486
9.182,0.08082002348902728
9.182500000000001,0.0425613055169088
9.183,-0.019966862779493864
9.1835,-0.07148321157088078
9.184000000000001,-0.09034551784271423
9.1845,-0.08072104747353633
9.185,-0.05884617165586225
9.1855,-0.033013099677569074
9.186,-0.0021624741881770167
9.1865,0.029116422480327926
9.187,0.044274833714335035
9.1875,0.030870061068033937
9.188,0.001278010125295128
9.1885,-0.012281214738355592
9.189,0.010056235056567943
9.1895,0.05357492594057468
9.19,0.0843639121789479
9.1905,0.08080380358151774
9.191,0.044224024291506944
9.1915,-0.011583325315134054
9.192,-0.06737122708360553
9.1925,-0.09910695253518315
9.193,-0.08964360364124267
9.1935,-0.04682914139245007
9.194,-0.00151329173244242
9.1945,0.017856318261437475
9.195,0.006234611771708401
9.195500000000001,-0.01940819145867577
9.196,-0.03444726355503874
9.1965,-0.02050141433395275
9.197000000000001,0.02417295475473151
9.1975,0.0802444496935906
9.198,0.114895546448647
9.198500000000001,0.10109411422711821
9.199,0.03658330145924819
9.1995,-0.052614467735689396
9.200000000000001,-0.12813163692122206
9.2005,-0.16134806041334915
9.201,-0.14464952392785346
9.2015,-0.08934490126832106
9.202,-0.01951652854253352
9.2025,0.034184165004896606
9.203,0.04586312827552055
9.2035,0.01080320370423344
9.204,-0.047399674533120134
9.2045,-0.09257310221201578
9.205,-0.10383949267781802
9.2055,-0.0868291017293534
9.206,-0.05761554262013809
9.2065,-0.02280634615807576
9.207,0.018641313942500588
9.2075,0.05989849495660834
9.208,0.08427546068576994
9.2085,0.08087915623108723
9.209,0.055026429211583364
9.2095,0.020479144775746007
9.21,-0.013528059739491786
9.2105,-0.04559802611005201
9.211,-0.07687895261332334
9.211500000000001,-0.10339011684379101
9.212,-0.1102060010702174
9.2125,-0.0778820031542815
9.213000000000001,-0.0061282119448552805
9.2135,0.06980361370406037
9.214,0.10157376880262538
9.214500000000001,0.07391309959185186
9.215,0.019864857555022576
9.2155,-0.01631271269989099
9.216000000000001,-0.02459908936025239
9.2165,-0.03015045926357544
9.217,-0.05309889981258862
9.2175,-0.0779647641522879
9.218,-0.06907045987504011
9.2185,-0.014108475090481989
9.219,0.05574593247827799
9.2195,0.09521143191971228
9.22,0.0900268135110227
9.2205,0.06390948621826627
9.221,0.04285427832523554
9.2215,0.025086073364332197
9.222,-0.008767752181723243
9.2225,-0.0636503379652102
9.223,-0.11549581621791616
9.2235,-0.12909728755100616
9.224,-0.09048697330150977
9.2245,-0.022900930331739955
9.225,0.029938171391381645
9.2255,0.03873929835427592
9.226,0.009589138776163537
9.2265,-0.027165944965019784
9.227,-0.04661204965810505
9.227500000000001,-0.04756566693642025
9.228,-0.045106142261159256
9.2285,-0.05080835565458291
9.229000000000001,-0.06151583429072012
9.2295,-0.0630482793863636
9.23,-0.04289839677161117
9.230500000000001,-0.0036399031106829124
9.231,0.03329110974428534
9.2315,0.042001900975341254
9.232,0.015855873828178282
9.2325,-0.025214668203414666
9.233,-0.0545519649154921
9.2335,-0.06228721625756713
9.234,-0.0551404880068439
9.2345,-0.03953545952664168
9.235,-0.016129382919589187
9.2355,0.008932956273854719
9.236,0.019429155216102945
9.2365,0.0047212514058240455
9.237,-0.023053751460613222
9.2375,-0.03643070777980917
9.238,-0.02195067244571107
9.2385,0.002080127031877501
9.239,0.005822171888051484
9.2395,-0.012705019728114237
9.24,-0.01899414293113751
9.2405,0.018296775812671646
9.241,0.08477557659936778
9.2415,0.12892801916507704
9.242,0.11498709464572353
9.2425,0.060527440610719234
9.243,0.018118164576116473
9.243500000000001,0.022228475879168406
9.244,0.05618974104799151
9.2445,0.06972241439847154
9.245000000000001,0.027141162412696138
9.2455,-0.05927896625836669
9.246,-0.13881264124072887
9.246500000000001,-0.1647938673423366
9.247,-0.13280963862767137
9.2475,-0.08029502863006495
9.248,-0.04909535856769412
9.2485,-0.049158703624564794
9.249,-0.057051273833367735
9.2495,-0.044574651216270696
9.25,-0.006641273210224743
9.2505,0.03506255786091512
9.251,0.0513456349882272
9.2515,0.02837250970580625
9.252,-0.022586980294209563
9.2525,-0.0712532075819659
9.253,-0.08633914619968328
9.2535,-0.05778884439009645
9.254,-0.007209103923419795
9.2545,0.02682585935086825
9.255,0.020755330211339545
9.2555,-0.012312784096359887
9.256,-0.034620589553119696
9.2565,-0.02094617499095827
9.257,0.01722365273178404
9.2575,0.04601518741447483
9.258000000000001,0.043036056727609254
9.2585,0.012789937099691243
9.259,-0.026035297623513823
9.259500000000001,-0.05808310070537325
9.26,-0.07522494751463708
9.2605,-0.0745873351604871
9.261000000000001,-0.06198454216471133
9.2615,-0.05301584759976504
9.262,-0.06044054303125252
9.262500000000001,-0.07712610180554895
9.263,-0.07761402509529984
9.2635,-0.04407327102117468
9.264,0.009916629274917023
9.2645,0.04851940257868879
9.265,0.04904176667537531
9.2655,0.024156402252174598
9.266,0.0072283609922272635
9.2665,0.018455645757333897
9.267,0.04620946345719215
9.2675,0.05904095761313357
9.268,0.035296254394032146
9.2685,-0.016790069852011744
9.269,-0.06651413171881596
9.2695,-0.08753293298390241
9.27,-0.07657678089531132
9.2705,-0.047329388903776665
9.271,-0.013123304178405019
9.2715,0.01864947586650911
9.272,0.04108562441742582
9.2725,0.0484922384096709
9.273,0.04439963698442581
9.2735,0.040436540076470774
9.274000000000001,0.04180088421289039
9.2745,0.037563517408278575
9.275,0.011916557442961726
9.275500000000001,-0.03388530096429094
9.276,-0.076087293301567
9.2765,-0.08999691478394721
9.277000000000001,-0.07635327784314702
9.2775,-0.062011478441908845
9.278,-0.07301611365726299
9.278500000000001,-0.10995667758197208
9.279,-0.15008867917394372
9.2795,-0.16619445034559546
9.28,-0.13944353849160074
9.2805,-0.06645037278019425
9.281,0.030082365998955515
9.2815,0.10212841332981776
9.282,0.10774821023363289
9.2825,0.05124348258385281
9.283,-0.014704825736008707
9.2835,-0.03337184967593354
9.284,0.009037163101444113
9.2845,0.07656461605891425
9.285,0.11658215215842906
9.2855,0.10169980045301562
9.286,0.04913276930174272
9.2865,0.003917773938023049
9.287,-0.001219965276037351
9.2875,0.025053307255852933
9.288,0.04358922146247632
9.2885,0.02742651226180991
9.289,-0.008192839280206235
9.2895,-0.023853938439689085
9.290000000000001,-0.004039697610580122
9.2905,0.02083179848466478
9.291,0.006280069047727737
9.291500000000001,-0.05676207995573937
9.292,-0.13054944243302816
9.2925,-0.16485623273225783
9.293000000000001,-0.1362354199917717
9.2935,-0.059509376294899136
9.294,0.02506729643720654
9.2945,0.07385566874770627
9.295,0.0640350839710084
9.2955,0.009457295838649496
9.296,-0.04864778899551294
9.2965,-0.0745323738254996
9.297,-0.06467891369262675
9.2975,-0.04267737843393076
9.298,-0.03213391747343201
9.2985,-0.03912222728929451
9.299,-0.05747093135639418
9.2995,-0.07975686638823419
9.3,-0.09649069851603183
9.3005,-0.09287855545154701
9.301,-0.06009104515737411
9.3015,-0.010947929792986283
9.302,0.02536076196005186
9.3025,0.029329750363221725
9.303,0.009240675855843681
9.3035,-0.008748496920564728
9.304,-0.006705178151464385
9.3045,0.011117605541093518
9.305,0.028610959424906636
9.3055,0.03583407385085461
9.306000000000001,0.03337167641394259
9.3065,0.02355242682358544
9.307,0.0039132133450135295
9.307500000000001,-0.02840776390062126
9.308,-0.0660634210336877
9.3085,-0.08858948719257992
9.309000000000001,-0.07769799025997147
9.3095,-0.03878771236872307
9.31,-0.00028749062199962504
9.3105,0.014387869545610128
9.311,0.009439452460924194
9.3115,0.005806298695564137
9.312,0.012333925817311922
9.3125,0.015093793480549707
9.313,-0.004797460382830968
9.3135,-0.046993034674956205
9.314,-0.08684224895635513
9.3145,-0.09423036040405339
9.315,-0.05914602038597879
9.3155,-0.0013550720751010154
9.316,0.04362570514419164
9.3165,0.050676475538990885
9.317,0.02411207975009643
9.3175,-0.005491359971374705
9.318,-0.0075497315039173485
9.3185,0.01964899057326183
9.319,0.04551647911310778
9.3195,0.03605524923783198
9.32,-0.009708949511138217
9.320500000000001,-0.05248081102650417
9.321,-0.048860614303580754
9.3215,0.0006087108272187988
9.322000000000001,0.0462749509274655
9.3225,0.04131450939032058
9.323,-0.004527753129773506
9.323500000000001,-0.0346672165475645
9.324,-0.011798076938935647
9.3245,0.03547443713536757
9.325000000000001,0.0410138414442585
9.3255,-0.025271729140599556
9.326,-0.11983240683068082
9.3265,-0.16632355572746427
9.327,-0.1318728134629123
9.3275,-0.057194641261270954
9.328,-0.010360637229169106
9.3285,-0.01700816328642632
9.329,-0.041819423839728205
9.3295,-0.0365251650585933
9.33,0.002906912987455091
9.3305,0.033411362866360664
9.331,0.015395422270453261
9.3315,-0.043169392137554344
9.332,-0.09583603399189353
9.3325,-0.10395672435150657
9.333,-0.06911554069087913
9.3335,-0.024155841753168015
9.334,0.0014923564763250612
9.3345,0.006426401513406046
9.335,0.009174364006398553
9.3355,0.019515578700648576
9.336,0.025477644173373917
9.336500000000001,0.012112872113302886
9.337,-0.014803724240023342
9.3375,-0.03159439806501905
9.338000000000001,-0.01893194184538947
9.3385,0.02443379650634361
9.339,0.08321375529966217
9.339500000000001,0.1300676096532725
9.34,0.13269589534841664
9.3405,0.07396288034798032
9.341000000000001,-0.02436351587404958
9.3415,-0.10492679748046471
9.342,-0.11609049109662443
9.3425,-0.057122656700492436
9.343,0.018644284761342774
9.3435,0.04753497284195957
9.344,0.0055651367931398585
9.3445,-0.07650000882710167
9.345,-0.14056992649646702
9.3455,-0.14787979354047942
9.346,-0.10859649995845114
9.3465,-0.06797106021900977
9.347,-0.060789579139213124
9.3475,-0.08103566828439837
9.348,-0.09704601459776221
9.3485,-0.08889705531950556
9.349,-0.06337568755610967
9.3495,-0.035959765957273265
9.35,-0.009708329930206431
9.3505,0.020969212018202073
9.351,0.050709250741608605
9.3515,0.05996293501848778
9.352,0.0379579747830177
9.352500000000001,0.0029200938671846022
9.353,-0.010548582264173935
9.3535,0.013123816733412284
9.354000000000001,0.05256972689065372
9.3545,0.07062070990442008
9.355,0.05129410955748297
9.355500000000001,0.013285533189959807
9.356,-0.012258188523916063
9.3565,-0.01531210156738978
9.357,-0.015358293905189016
9.3575,-0.03355623624033102
9.358,-0.061873174072539616
9.3585,-0.07035777908270979
9.359,-0.04469381577279057
9.3595,-0.0049334770879615126
9.36,0.01729281748554001
9.3605,0.01139034810228267
9.361,-0.008952815762846754
9.3615,-0.028751363932800922
9.362,-0.046610352961973966
9.3625,-0.06540119540583379
9.363,-0.07861412950022974
9.3635,-0.07319737865306249
9.364,-0.04165340662285446
9.3645,0.011766530701251561
9.365,0.06974246301473377
9.3655,0.10316806238759063
9.366,0.08476756545799627
9.3665,0.013584800013629588
9.367,-0.07475838505236786
9.3675,-0.12940915931002528
9.368,-0.12064634569212164
9.368500000000001,-0.05941374736272317
9.369,0.013407354806049352
9.3695,0.05535600979396903
9.370000000000001,0.04792097033924713
9.3705,0.006542753939095021
9.371,-0.030245274816242312
9.371500000000001,-0.029357365550030663
9.372,0.010069813460431917
9.3725,0.0564875905456526
9.373,0.07364112493120545
9.3735,0.048886777298392525
9.374,-0.002822188759409516
9.3745,-0.05640130381084516
9.375,-0.0942938570957694
9.3755,-0.11043789152799183
9.376,-0.10487065775761743
9.3765,-0.0800382160315759
9.377,-0.04194464013609225
9.3775,-0.0021442422915473967
9.378,0.023197898839422484
9.3785,0.020309253913118504
9.379,-0.010513470536734407
9.3795,-0.05129078881816962
9.38,-0.08097056719761683
9.3805,-0.0939923339230967
9.381,-0.09844696009250234
9.3815,-0.09731691357489446
9.382,-0.08225673828399738
9.3825,-0.050125540884725345
9.383000000000001,-0.0165133907593266
9.3835,-0.0037547180228668475
9.384,-0.016823351854837326
9.384500000000001,-0.0368649011206104
9.385,-0.04047212710317903
9.3855,-0.02232974036421624
9.386000000000001,0.004046119795606703
9.3865,0.023743946016942873
9.387,0.03130310136441396
9.387500000000001,0.02721771475212373
9.388,0.014506244838905336
9.3885,0.0002961068739894702
9.389,-0.0080463272970596
9.3895,-0.01256565575388726
9.39,-0.02467818743196999
9.3905,-0.04815442282779313
9.391,-0.06382608606933073
9.3915,-0.04273710256814945
9.392,0.01924065975477527
9.3925,0.08883172732879957
9.393,0.12526543140615354
9.3935,0.11594723250926146
9.394,0.07752811581398376
9.3945,0.03290945141890234
9.395,-0.0034675262421112324
9.3955,-0.026960182075852296
9.396,-0.041492516263729726
9.3965,-0.05410197548045578
9.397,-0.06494878099048795
9.3975,-0.06726416891814546
9.398,-0.06018272822738878
9.3985,-0.05386871151349902
9.399000000000001,-0.05689536296367869
9.3995,-0.06487303842195426
9.4,-0.06719615260100859
9.400500000000001,-0.0610022519649259
9.401,-0.05241732156097679
9.4015,-0.044661457628414364
9.402000000000001,-0.03123416646044042
9.4025,-0.006533600934914986
9.403,0.01846827530449717
9.403500000000001,0.02116514741461519
9.404,-0.00463765076148121
9.4045,-0.03213810693399188
9.405,-0.026042485796830266
9.4055,0.015078755698620955
9.406,0.05260781341131198
9.4065,0.050842806840316154
9.407,0.0183440698950379
9.4075,-0.004816534956317373
9.408,0.0002104334664278346
9.4085,0.005277391815429335
9.409,-0.026998063367986706
9.4095,-0.08678363159951263
9.41,-0.11713133782726931
9.4105,-0.07906603766202212
9.411,-0.004457212979719285
9.4115,0.03226584108935378
9.412,-0.006490916712557882
9.4125,-0.08399456857615438
9.413,-0.13232583305632117
9.4135,-0.11956567828981586
9.414,-0.06811199665299242
9.4145,-0.018330302922079926
9.415000000000001,0.010418159040367303
9.4155,0.022222434731442534
9.416,0.023257245064735765
9.416500000000001,0.010886042449404904
9.417,-0.016763732092762065
9.4175,-0.04823678978043791
9.418000000000001,-0.06145905217591434
9.4185,-0.04232668197176372
9.419,-0.002162900462622788
9.4195,0.02596400523250017
9.42,0.01431495302470623
9.4205,-0.03202650600686635
9.421,-0.07577800718264414
9.4215,-0.07879119702132067
9.422,-0.03424517962412632
9.4225,0.030913383092233432
9.423,0.0811338997777432
9.4235,0.09671017546628582
9.424,0.0785758940167014
9.4245,0.03993440404961496
9.425,-0.0017525406994356204
9.4255,-0.030858936452748852
9.426,-0.0424172580461951
9.4265,-0.04841594044690881
9.427,-0.06825983451278159
9.4275,-0.10500885800621076
9.428,-0.13314351817467207
9.4285,-0.11849230571865926
9.429,-0.05468231109778188
9.4295,0.022347580936663905
9.43,0.0610728605195653
9.4305,0.040196856627409606
9.431000000000001,-0.011301599599449366
9.4315,-0.042500286197662135
9.432,-0.029801262133941516
9.432500000000001,0.004327962796206138
9.433,0.02179317733822806
9.4335,0.012736750091412084
9.434000000000001,0.003368104321990809
9.4345,0.02084126685211056
9.435,0.0574631022388628
9.4355,0.07584110529186237
9.436,0.04902204953787532
9.4365,-0.00832072898604046
9.437,-0.050550367441295485
9.4375,-0.04424014820103298
9.438,-0.003114012099911429
9.4385,0.021645140248783834
9.439,-0.00852655725652091
9.4395,-0.07870982792213138
9.44,-0.13400806995694922
9.4405,-0.13209940743546314
9.441,-0.07802034417190415
9.4415,-0.013618877705143683
9.442,0.017318425804773645
9.4425,-0.001134550056298015
9.443,-0.048104745445511035
9.4435,-0.08438985382844835
9.444,-0.08659780661810891
9.4445,-0.06491367525007385
9.445,-0.04592130181090199
9.445500000000001,-0.042230593454154204
9.446,-0.044998227816653996
9.4465,-0.04349310151639306
9.447000000000001,-0.040711195933449185
9.4475,-0.04313924985019586
9.448,-0.04346032100909363
9.448500000000001,-0.027816722612789002
9.449,-0.0011049245373515961
9.4495,0.009477837662178301
9.450000000000001,-0.014845078756000146
9.4505,-0.058196775438199434
9.451,-0.08410619298507208
9.4515,-0.07133483994975956
9.452,-0.02845173930484645
9.4525,0.019961781664557546
9.453,0.050406934536911537
9.4535,0.05078978435361031
9.454,0.030756279682697882
9.4545,0.02253761197893579
9.455,0.056740509215904095
9.4555,0.12958739128607583
9.456,0.1985632852163974
9.4565,0.21464095576544998
9.457,0.15983216188794494
9.4575,0.05741913052419845
9.458,-0.047658982093531414
9.4585,-0.11715505107943328
9.459,-0.13678219037782893
9.4595,-0.11666822873423137
9.46,-0.07945597309153311
9.4605,-0.04523305648672367
9.461,-0.024745961884849673
9.461500000000001,-0.025628744377190142
9.462,-0.05878683413750799
9.4625,-0.1266470964197759
9.463000000000001,-0.2025096619998355
9.4635,-0.23751813597760224
9.464,-0.203967708625112
9.464500000000001,-0.12654915573072092
9.465,-0.05683766923566093
9.4655,-0.01869241124550551
9.466000000000001,0.008017066633389747
9.4665,0.048197076136109934
9.467,0.09063395933086157
9.4675,0.0990144018768037
9.468,0.06084148620207326
9.4685,0.009684295721279886
9.469,-0.012438081047430882
9.4695,-0.005821478286934112
9.47,-0.007736647614304754
9.4705,-0.036500945297738396
9.471,-0.061579988240320634
9.4715,-0.04174260293994597
9.472,0.01760699690608989
9.4725,0.06224592448690236
9.473,0.04867214050014136
9.4735,-0.004602690730615994
9.474,-0.037469380577578586
9.4745,-0.017873045453473565
9.475,0.022702485248540155
9.4755,0.028650089641313818
9.476,-0.01575771899351541
9.4765,-0.07272556478276189
9.477,-0.09693121880378493
9.477500000000001,-0.08165007884032184
9.478,-0.05455273831881443
9.4785,-0.03851220251796878
9.479000000000001,-0.029591678924188805
9.4795,-0.01321150629052355
9.48,0.010857454774539893
9.480500000000001,0.027704740332337843
9.481,0.024695836326039455
9.4815,0.0013123963652087872
9.482,-0.03258777282486512
9.4825,-0.058357824537233975
9.483,-0.05381576075477471
9.4835,-0.011346303426832306
9.484,0.046786073760474944
9.4845,0.08095208739051284
9.485,0.06820926360099833
9.4855,0.022351919439421535
9.486,-0.021980374240712794
9.4865,-0.04443992744170612
9.487,-0.056412554530856085
9.4875,-0.08155155821196575
9.488,-0.1207745011834687
9.4885,-0.14486860478273847
9.489,-0.12689644327709587
9.4895,-0.07405184728147422
9.49,-0.018288801635446977
9.4905,0.018391208176498777
9.491,0.03714713780502632
9.4915,0.044726867463978574
9.492,0.03931982581115479
9.4925,0.019213898558364084
9.493,-0.006156763567477136
9.493500000000001,-0.02302336276518052
9.494,-0.027003513422687475
9.4945,-0.02344322877366463
9.495000000000001,-0.016196256321746372
9.4955,-0.004124120623311436
9.496,0.00840608700779635
9.496500000000001,0.005951253087498293
9.497,-0.022655808431023564
9.4975,-0.06448778228458271
9.498,-0.08852294660388463
9.4985,-0.07698236716491032
9.499,-0.045646605055287115
9.4995,-0.026422083939548962
9.5,-0.03140241698373719
9.5005,-0.041321283080265094
9.501,-0.03176788562917275
9.5015,-0.0048795012434875735
9.502,0.012429168831179277
9.5025,0.003112052462254848
9.503,-0.014141433163742471
9.5035,-0.003077910334037943
9.504,0.044656841025449125
9.5045,0.09058265583303236
9.505,0.084293926052068
9.5055,0.017761223756534286
9.506,-0.06084114421412046
9.5065,-0.09179289595399569
9.507,-0.06079465997921177
9.5075,-0.008232604271823702
9.508000000000001,0.01633378050384849
9.5085,0.002354335256971601
9.509,-0.02200433405561786
9.509500000000001,-0.031977734588766016
9.51,-0.03667936349091522
9.5105,-0.06203466019570189
9.511000000000001,-0.10947956560552025
9.5115,-0.14392428671711435
9.512,-0.12906893111068557
9.512500000000001,-0.06907880768353698
9.513,-0.006976945057831909
9.5135,0.016904828751088317
9.514,-0.002151669175750418
9.5145,-0.03981333544361658
9.515,-0.07000919006831302
9.5155,-0.07910449775606415
9.516,-0.0620022204594982
9.5165,-0.019186463836303874
9.517,0.037502710093059194
9.5175,0.0840047474273224
9.518,0.09899522745723466
9.5185,0.0824262329464533
9.519,0.054923288849941077
9.5195,0.035950094995437096
9.52,0.025820717910852296
9.5205,0.011552261469341048
9.521,-0.014262136794759914
9.5215,-0.043886599692059776
9.522,-0.05921267626853054
9.5225,-0.04424121840103787
9.523,-0.000320787731531021
9.5235,0.04731981499581375
9.524000000000001,0.0662212529739333
9.5245,0.04695413549729847
9.525,0.013501757082686978
9.525500000000001,-0.0026267744153782133
9.526,0.001794910241179375
9.5265,-0.0024150381481365304
9.527000000000001,-0.042575398355564606
9.5275,-0.11011912701834133
9.528,-0.16434194883206785
9.528500000000001,-0.16820343376290112
9.529,-0.12095152725201666
9.5295,-0.05987458559954291
9.53,-0.029577713418578615
9.5305,-0.045181778251505836
9.531,-0.08398983462729054
9.5315,-0.11130428836903238
9.532,-0.11082083990230998
9.5325,-0.0909391839661912
9.533,-0.06767940781660331
9.5335,-0.0471301186410966
9.534,-0.026140273124604055
9.5345,-0.005266437313609444
9.535,0.007837606581773786
9.5355,0.01084740682116634
9.536,0.015695055734772367
9.5365,0.036921209000305016
9.537,0.0704412652322821
9.5375,0.08950986642893259
9.538,0.06697904800298113
9.5385,0.0035590046207719904
9.539,-0.06573351216004393
9.5395,-0.09540020017895649
9.540000000000001,-0.06534826030240982
9.5405,0.0026410979496758217
9.541,0.06457784137066842
9.541500000000001,0.09100003370728618
9.542,0.08408569497949124
9.5425,0.06384324341940374
9.543000000000001,0.046495942492093795
9.5435,0.03688495671689724
9.544,0.03240969675446449
9.5445,0.028022629652483744
9.545,0.01974008921554505
9.5455,0.006020512022681182
9.546,-0.014248873151811389
9.5465,-0.04266780789203056
9.547,-0.07708016344663905
9.5475,-0.10840988641442999
9.548,-0.125857957035735
9.5485,-0.1252419915444053
9.549,-0.10993815180164013
9.5495,-0.08493546821168564
9.55,-0.05483039255764037
9.5505,-0.028572322440035616
9.551,-0.018307206522628888
9.5515,-0.02614929061621616
9.552,-0.03667402239467881
9.5525,-0.03142210871003351
9.553,-0.009901469006515418
9.5535,0.010270336986173035
9.554,0.014022837969920625
9.5545,0.004503596896203528
9.555,-0.0037121006001681143
9.5555,-0.003795729697229057
9.556000000000001,-0.004149695706191363
9.5565,-0.015095048690095807
9.557,-0.03279811939661229
9.557500000000001,-0.042835435559802425
9.558,-0.03877573637753158
9.5585,-0.03009143635173818
9.559000000000001,-0.029783205819852897
9.5595,-0.0396714940820769
9.56,-0.04960557098254005
9.5605,-0.0462956789693105
9.561,-0.02315545170590423
9.5615,0.011044639178621278
9.562,0.0330949185478307
9.5625,0.025223164461729425
9.563,-0.002871574682330409
9.5635,-0.02255495395150328
9.564,-0.02257725446028175
9.5645,-0.02533666611953958
9.565,-0.054433758629010266
9.5655,-0.0940150302022639
9.566,-0.10054598028741389
9.5665,-0.05791466006424019
9.567,-0.001708116259308227
9.5675,0.023182306410548692
9.568,0.016514410420497602
9.5685,0.01688345433724272
9.569,0.0441300010121198
9.5695,0.06646708015878044
9.57,0.03808671704802718
9.570500000000001,-0.0375062498247582
9.571,-0.09796040906600233
9.5715,-0.08205010693580413
9.572000000000001,0.00620990736036035
9.5725,0.097768035000136
9.573,0.1204617371281782
9.573500000000001,0.05911389641993152
9.574,-0.038950025103343576
9.5745,-0.10690135837693282
9.575000000000001,-0.10648028906523184
9.5755,-0.04990415130191802
9.576,0.009831092799441148
9.5765,0.01622853929921266
9.577,-0.04341315889745467
9.5775,-0.12148421395465822
9.578,-0.15108344490339684
9.5785,-0.11023951266242324
9.579,-0.04183569737034195
9.5795,-0.00835456135180326
9.58,-0.03162165326773977
9.5805,-0.07832238440551136
9.581,-0.09758892053604669
9.5815,-0.06576411863741824
9.582,0.0018621402931772559
9.5825,0.06994538936689858
9.583,0.10606497707415129
9.5835,0.09485471761198264
9.584,0.046082186618052974
9.5845,-0.007486252593471959
9.585,-0.031011389764743935
9.5855,-0.016072330599618965
9.586,0.011807569456382106
9.586500000000001,0.018208110899178877
9.587,-0.0067587398284868865
9.5875,-0.04137488649500214
9.588000000000001,-0.05665173520108145
9.5885,-0.04364787270744791
9.589,-0.017137160344813274
9.589500000000001,0.002832890557372636
9.59,0.009070219397676025
9.5905,0.006551893548010927
9.591000000000001,-0.0009376511934300088
9.5915,-0.013959859864170017
9.592,-0.02616492271842759
9.5925,-0.021712164023302807
9.593,0.006896929368189205
9.5935,0.042480476602137655
9.594,0.05348180930335722
9.5945,0.02458167876865495
9.595,-0.02487813553150011
9.5955,-0.05827430147109994
9.596,-0.05973139345269388
9.5965,-0.049689030954204225
9.597,-0.058492243908280846
9.5975,-0.09019812513101881
9.598,-0.11862663674081951
9.5985,-0.11524485486201202
9.599,-0.07587115946644109
9.5995,-0.02263776343934681
9.6,0.016269035698694357
9.6005,0.028609378954360977
9.601,0.021317076673027784
9.6015,0.004857582771656559
9.602,-0.020463189963576885
9.602500000000001,-0.059469989870965766
9.603,-0.10489499680031049
9.6035,-0.13030349498952215
9.604000000000001,-0.10777018352006135
9.6045,-0.0378546426886143
9.605,0.04065132825737722
9.605500000000001,0.07788710042448556
9.606,0.05382560974823745
9.6065,-0.006460319162238541
9.607,-0.05544086736804699
9.6075,-0.05971078742246936
9.608,-0.02027188150018007
9.6085,0.033273196819316404
9.609,0.06559549524810965
9.6095,0.06014042244445531
9.61,0.02893878301518584
9.6105,-0.0018097754393486907
9.611,-0.019043983449824192
9.6115,-0.03340459065961619
9.612,-0.05886573592311041
9.6125,-0.08803447370261243
9.613,-0.09815602427542579
9.6135,-0.07934905286188805
9.614,-0.045665263003041676
9.6145,-0.017557977120062476
9.615,-0.0026296841814295235
9.6155,0.004593598906313745
9.616,0.01156467236316731
9.6165,0.020944029424013254
9.617,0.03157438393367356
9.6175,0.041012066221759
9.618,0.046200463307542454
9.618500000000001,0.04535972232754723
9.619,0.041761779395733806
9.6195,0.042832563024383145
9.620000000000001,0.051458472134635155
9.6205,0.05847918132972734
9.621,0.047369199390407755
9.621500000000001,0.009741243335217241
9.622,-0.041852589165929675
9.6225,-0.07806533217936151
9.623,-0.07480366538754935
9.6235,-0.03445076449686082
9.624,0.015337783636034219
9.6245,0.04354838303886939
9.625,0.035706914299614555
9.6255,-0.0036999546648913344
9.626,-0.060071261727020826
9.6265,-0.11527708802235204
9.627,-0.15071228019779398
9.6275,-0.15514225648198454
9.628,-0.13539195935289286
9.6285,-0.1142003938669241
9.629,-0.10883544191921406
9.6295,-0.1103473193716213
9.63,-0.09160253632516349
9.6305,-0.04241340203938072
9.631,0.008294307239959168
9.6315,0.016412195433220034
9.632,-0.0284731177871941
9.6325,-0.08504996942997212
9.633000000000001,-0.09723842185246671
9.6335,-0.05013462603656521
9.634,0.01293353816800921
9.634500000000001,0.03291432647940784
9.635,-0.004460483233048908
9.6355,-0.05541371537394103
9.636000000000001,-0.06697382745193743
9.6365,-0.03089414298205352
9.637,0.017756386549442893
9.637500000000001,0.04790985676959837
9.638,0.0641671909446682
9.6385,0.08891528615653138
9.639,0.12436102983648167
9.6395,0.1429797867888132
9.64,0.11608154991169137
9.6405,0.04652925741059795
9.641,-0.0300406585622807
9.6415,-0.07531118694734375
9.642,-0.07783689340363784
9.6425,-0.054819592673437965
9.643,-0.029915568204941935
9.6435,-0.012447209584958877
9.644,0.003417332006513618
9.6445,0.02279750566393616
9.645,0.0362116696953597
9.6455,0.02452584153970206
9.646,-0.019778213444223397
9.6465,-0.07788514861323748
9.647,-0.11489870112854843
9.6475,-0.10640379786810093
9.648,-0.05592146817793706
9.6485,0.009868938470031521
9.649000000000001,0.05796270976403588
9.6495,0.0630720030412181
9.65,0.018716798021047688
9.650500000000001,-0.05254565932824588
9.651,-0.10485107707953581
9.6515,-0.10151433119651834
9.652000000000001,-0.048602976895164476
9.6525,0.009057751484027113
9.653,0.029309296237972064
9.653500000000001,0.010375153076917942
9.654,-0.011773928409401196
9.6545,-0.00342612802271469
9.655,0.02940282296636714
9.6555,0.046812806919218096
9.656,0.02106822968801793
9.6565,-0.02852148283388902
9.657,-0.05478783807768315
9.6575,-0.03508836481373151
9.658,0.004226451081150502
9.6585,0.017761754838575675
9.659,-0.010390110554869639
9.6595,-0.05136165191255303
9.66,-0.06242471051258899
9.6605,-0.031133892535640306
9.661,0.01041744984835897
9.6615,0.014426868676798248
9.662,-0.03764162865287005
9.6625,-0.11516056939327071
9.663,-0.16179361491863029
9.6635,-0.14218457072741114
9.664,-0.0715336255044177
9.6645,-0.0023712315923908427
9.665000000000001,0.019287814431251712
9.6655,-0.01133679244463244
9.666,-0.060713429605093794
9.666500000000001,-0.08840574516802265
9.667,-0.07609774524563344
9.6675,-0.034015913368881504
9.668000000000001,0.013315116396185728
9.6685,0.04558120756669745
9.669,0.053407083338628356
9.6695,0.033692489716792375
9.67,-0.011082658094798487
9.6705,-0.06403527027547468
9.671,-0.09287686522392975
9.6715,-0.07169971034371013
9.672,-0.008748563245284923
9.6725,0.053417235664804115
9.673,0.07208111768454331
9.6735,0.039932765457209765
9.674,-0.013688234800362662
9.6745,-0.05324296300432893
9.675,-0.06376753273634353
9.6755,-0.0504441551018284
9.676,-0.02312628042133138
9.6765,0.010857170254544616
9.677,0.04243033033882959
9.6775,0.05957429450481567
9.678,0.05710049536820116
9.6785,0.04555152410209071
9.679,0.04274999252598506
9.6795,0.053055989702058125
9.68,0.05931989439331866
9.6805,0.040010210493356
9.681000000000001,-0.005421329122512276
9.6815,-0.04941606558409891
9.682,-0.05765614938812655
9.682500000000001,-0.023545804576723835
9.683,0.018168355590392614
9.6835,0.021589622806352887
9.684000000000001,-0.02040242422366291
9.6845,-0.06437552381616096
9.685,-0.06410758590957415
9.6855,-0.024412676279179996
9.686,0.005555840738142899
9.6865,-0.008909921407512176
9.687,-0.05058059576972958
9.6875,-0.07572445928654338
9.688,-0.06409017420332148
9.6885,-0.033966714210312436
9.689,-0.015178380688944403
9.6895,-0.018594846350722234
9.69,-0.030812445161946013
9.6905,-0.03067549264279402
9.691,-0.010725996713375494
9.6915,0.013108143554599211
9.692,0.01467020957426071
9.6925,-0.015102915943996747
9.693,-0.05560906222976236
9.6935,-0.07586720265446247
9.694,-0.06558443296030114
9.6945,-0.04281890724012094
9.695,-0.03111322977215821
9.695500000000001,-0.03493623350956915
9.696,-0.041550711595539566
9.6965,-0.042478384846685924
9.697000000000001,-0.04463869855370643
9.6975,-0.05855736724733202
9.698,-0.08133296696305987
9.698500000000001,-0.09557566838962694
9.699,-0.08521174522821284
9.6995,-0.05224901473198176
9.700000000000001,-0.017317599282848182
9.7005,-0.00041921279372150104
9.701,-0.00046498577781469395
9.7015,0.000493355040135833
9.702,0.01012697133611265
9.7025,0.012560556317185998
9.703,-0.006817043667077357
9.7035,-0.029303374737230034
9.704,-0.014272296212669955
9.7045,0.05005095600032294
9.705,0.11961540437273936
9.7055,0.13211240110222697
9.706,0.07033896254530698
9.7065,-0.020126416875097516
9.707,-0.07610369517738302
9.7075,-0.07278708309711698
9.708,-0.03516256025767331
9.7085,-0.0034553549954836806
9.709,0.004935581793014443
9.7095,0.00047877931561912234
9.71,-0.0032030967247061856
9.7105,-0.00917099423838342
9.711,-0.026402529264076588
9.711500000000001,-0.04480275494762027
9.712,-0.03706487239457483
9.7125,0.0049685031107169885
9.713000000000001,0.04579978273259236
9.7135,0.0355861696303955
9.714,-0.03187427541214663
9.714500000000001,-0.10068271116018504
9.715,-0.10155076518740107
9.7155,-0.019181707227814714
9.716000000000001,0.0913475129680449
9.7165,0.15380477513385296
9.717,0.13456900013256182
9.7175,0.06292814844685507
9.718,-0.0017488969688990372
9.7185,-0.01981408257718937
9.719,0.0028155721340180125
9.7195,0.027469633223411713
9.72,0.019522158999767607
9.7205,-0.021490893395857403
9.721,-0.06414925640778643
9.7215,-0.07773586242178748
9.722,-0.06260507872318277
9.7225,-0.0470898193525464
9.723,-0.055869893351637084
9.7235,-0.08520155187711971
9.724,-0.10955180526607466
9.7245,-0.10750661764219858
9.725,-0.0787783872254953
9.7255,-0.041789176317459285
9.726,-0.020339340462508862
9.7265,-0.028016340633023034
9.727,-0.05673037116659397
9.727500000000001,-0.0804588753946722
9.728,-0.07741240437594415
9.7285,-0.05067709575621024
9.729000000000001,-0.023994075915120504
9.7295,-0.01809987841893742
9.73,-0.034113729971712234
9.730500000000001,-0.05679480403947049
9.731,-0.0674801136006993
9.7315,-0.05375874713078746
9.732,-0.014241165505684213
9.7325,0.03834234584328753
9.733,0.07870259265909046
9.7335,0.08258437457901296
9.734,0.04827155889255605
9.7345,0.003662703976554202
9.735,-0.016871605006986458
9.7355,-0.005844277104241405
9.736,0.012349581842306343
9.7365,0.011510898300775788
9.737,-0.008267390865300659
9.7375,-0.02746923205798959
9.738,-0.03526042484248555
9.7385,-0.03910399194572179
9.739,-0.04482403719230198
9.7395,-0.03851296346421214
9.74,0.00016713327924195234
9.7405,0.06652643085623368
9.741,0.1219890289030782
9.7415,0.12525334560297777
9.742,0.07261162792668295
9.7425,0.0019827830908923485
9.743,-0.04429022437559985
9.743500000000001,-0.056111345728995614
9.744,-0.054114666819785044
9.7445,-0.05790052524515139
9.745000000000001,-0.06338975314538924
9.7455,-0.053341706303211014
9.746,-0.023858805598505804
9.746500000000001,0.007616519044482463
9.747,0.02095281842889852
9.7475,0.013420908401409241
9.748,-0.0026826519028425406
9.7485,-0.01857489979156712
9.749,-0.03709832796788122
9.7495,-0.05920296160004354
9.75,-0.07013657238203304
9.7505,-0.05092394902870258
9.751,-0.0054490330425137875
9.7515,0.03414933938055431
9.752,0.03730680095602022
9.7525,0.006418192852267942
9.753,-0.028478279199038115
9.7535,-0.04417446495121072
9.754,-0.045847276879385196
9.7545,-0.052068286637752766
9.755,-0.06443187705429393
9.7555,-0.061939433584430895
9.756,-0.031191385604875083
9.7565,0.004338940882866129
9.757,0.00034635293911304196
9.7575,-0.055672724113375004
9.758000000000001,-0.11785918970833356
9.7585,-0.12224277082452592
9.759,-0.05392381240863423
9.759500000000001,0.03474832715419915
9.76,0.07440204301780198
9.7605,0.04180528818081601
9.761000000000001,-0.025540011895759787
9.7615,-0.06932886850661935
9.762,-0.060700130127901826
9.762500000000001,-0.015260174962834907
9.763,0.03268194099891493
9.7635,0.06319264094334769
9.764,0.07816773934662773
9.7645,0.08512066419844773
9.765,0.08441425132350593
9.7655,0.0737922745894264
9.766,0.05660801100131161
9.7665,0.03905325979305332
9.767,0.022396112808005155
9.7675,0.0030514233604203083
9.768,-0.019796251661201143
9.7685,-0.03932642437286883
9.769,-0.04567873496317708
9.7695,-0.036134714857123953
9.77,-0.019756605158719538
9.7705,-0.01035109905943294
9.771,-0.014482929056441505
9.7715,-0.025996166463996585
9.772,-0.03207259451636311
9.7725,-0.02712871137955334
9.773,-0.02182467778355998
9.7735,-0.033306552726365485
9.774000000000001,-0.062989408933621
9.7745,-0.0891811211110854
9.775,-0.08751290052450762
9.775500000000001,-0.05648581021934571
9.776,-0.017882984640884888
9.7765,0.006529183010202553
9.777000000000001,0.012129255360460549
9.7775,0.005263664038781335
9.778,-0.010298596225699362
9.778500000000001,-0.033935604866489374
9.779,-0.05996534457120489
9.7795,-0.07689556872520273
9.78,-0.07730018517103235
9.7805,-0.067033241935654
9.781,-0.06275923737558682
9.7815,-0.07776442573484366
9.782,-0.1073874020227349
9.7825,-0.1279619272557017
9.783,-0.11314364569531361
9.7835,-0.05589970291428714
9.784,0.022702402284450147
9.7845,0.08724024019852304
9.785,0.11324980103077369
9.7855,0.10111242173533595
9.786,0.06833714311228578
9.7865,0.03413557981885487
9.787,0.012342460772476381
9.7875,0.0105799725818332
9.788,0.028757453941900456
9.7885,0.059674710118966114
9.789,0.09206413082861362
9.7895,0.10939691291440229
9.790000000000001,0.08988517119690549
9.7905,0.023162356733404575
9.791,-0.06543282943595904
9.791500000000001,-0.12025949231498916
9.792,-0.10248318454495707
9.7925,-0.032202695250785666
9.793000000000001,0.028432763823680384
9.7935,0.038001702028771685
9.794,0.01381031035834596
9.7945,0.003818862531592483
9.795,0.0291842905818032
9.7955,0.06257169299889331
9.796,0.06004746819432398
9.7965,0.0063519365334854146
9.797,-0.07196815407028812
9.7975,-0.13018555096033596
9.798,-0.13697775474293072
9.7985,-0.09020728779093481
9.799,-0.014514204118922472
9.7995,0.053378819976183364
9.8,0.08493158177140422
9.8005,0.07395802885288653
9.801,0.03514665071418232
9.8015,-0.009046609746160592
9.802,-0.04121641411677614
9.8025,-0.05491612611508154
9.803,-0.053938254311840655
9.8035,-0.04692358822546798
9.804,-0.04073284289074504
9.8045,-0.03811505921666067
9.805,-0.040362491090987565
9.8055,-0.04744555607118548
9.806000000000001,-0.05301070964955653
9.8065,-0.04536231484509862
9.807,-0.021141938259012394
9.807500000000001,0.004012976596797281
9.808,0.0071548649266768355
9.8085,-0.016606870652804334
9.809000000000001,-0.0449251702279929
9.8095,-0.048238432467908904
9.81,-0.019202487836742207
9.8105,0.0183801011679215
9.811,0.030962181842904973
9.8115,0.006577320471246225
9.812,-0.03564838649496731
9.8125,-0.06602427440436792
9.813,-0.07048066190597557
9.8135,-0.05714534287825376
9.814,-0.04347420017381959
9.8145,-0.03974510117635243
9.815,-0.04189783476608883
9.8155,-0.03789037716023546
9.816,-0.021746218561504868
9.8165,-0.0022187528846750043
9.817,0.004135332597935607
9.8175,-0.008797019990939358
9.818,-0.02686579098699772
9.8185,-0.028793485052094385
9.819,-0.008650755130694316
9.8195,0.019287633580286925
9.82,0.036520082698819
9.820500000000001,0.035717854475069664
9.821,0.021767824100340682
9.8215,0.003798452159492565
9.822000000000001,-0.01234507510600118
9.8225,-0.02599344659315959
9.823,-0.036469137851407624
9.823500000000001,-0.03683345339941045
9.824,-0.017158217078061686
9.8245,0.022672978963477176
9.825000000000001,0.06547903305302599
9.8255,0.08649381700856094
9.826,0.07337234684480765
9.8265,0.038266656125854046
9.827,0.010993401998218303
9.8275,0.01681664311948029
9.828,0.05364602863690477
9.8285,0.08848107193788424
9.829,0.08216867007340825
9.8295,0.025389675621030845
9.83,-0.04652671487257372
9.8305,-0.0781492592149092
9.831,-0.04303271279742422
9.8315,0.02573773035884203
9.832,0.060275193234342654
9.8325,0.021980798993465646
9.833,-0.05931654562319188
9.8335,-0.11391503394826037
9.834,-0.0992380077495639
9.8345,-0.037669991798735314
9.835,0.009396329245498117
9.8355,0.0023762740350405593
9.836,-0.04135825112813981
9.836500000000001,-0.07044014683537608
9.837,-0.05388198301099377
9.8375,-0.009956172393125415
9.838000000000001,0.017980253688531227
9.8385,0.00941963152842653
9.839,-0.014159045045353995
9.839500000000001,-0.016557480352426282
9.84,0.013434428767179499
9.8405,0.05194657695394375
9.841000000000001,0.0636082556831772
9.8415,0.03089621589948723
9.842,-0.03458859265784748
9.8425,-0.10218765536357896
9.843,-0.14320525493821493
9.8435,-0.14835916334345317
9.844,-0.12997465582875586
9.8445,-0.10717903632568292
9.845,-0.08632203307937061
9.8455,-0.05602731309612278
9.846,-0.004625820894118886
9.8465,0.05685445707416961
9.847,0.09315212444696817
9.8475,0.07153056334188608
9.848,-0.006040061743301577
9.8485,-0.09596707447474406
9.849,-0.14178089964668628
9.8495,-0.11720519295261629
9.85,-0.0452169042482031
9.8505,0.025646100308466344
9.851,0.06370654601911625
9.8515,0.07314536727031637
9.852,0.07602992990358264
9.852500000000001,0.0833427074742483
9.853,0.08679754531959828
9.8535,0.07531890057032214
9.854000000000001,0.05281666114466261
9.8545,0.0349179711977575
9.855,0.028999842682981093
9.855500000000001,0.024319723918923772
9.856,0.007333015704050192
9.8565,-0.01812941327865817
9.857,-0.0351398037062322
9.8575,-0.036400018198053975
9.858,-0.03246138110528062
9.8585,-0.03570447458053044
9.859,-0.04506203313871877
9.8595,-0.049955778443924084
9.86,-0.04152516666894253
9.8605,-0.016007457812809787
9.861,0.023369341639270964
9.8615,0.05924934842874955
9.862,0.06259570915701504
9.8625,0.01612454685366338
9.863,-0.062178856288292
9.8635,-0.1257601986557417
9.864,-0.13377614628673237
9.8645,-0.08016350880290249
9.865,0.005643325599131058
9.8655,0.08080539763495669
9.866,0.11422561042491727
9.8665,0.09874491455167178
9.867,0.0478264390081004
9.8675,-0.013122027180005873
9.868,-0.05430983023027708
9.868500000000001,-0.0537006557965663
9.869,-0.012814152171877341
9.8695,0.040896772501298674
9.870000000000001,0.07347117540112814
9.8705,0.06883305405487981
9.871,0.03663267761775536
9.871500000000001,-5.994731849356949e-05
9.872,-0.024685500959412195
9.8725,-0.038341784903389416
9.873,-0.053258246982493464
9.8735,-0.075997264891384
9.874,-0.09923179351942191
9.8745,-0.11141953377622903
9.875,-0.11091983345145225
9.8755,-0.10500115631147443
9.876,-0.0956693528438582
9.8765,-0.07373490135980722
9.877,-0.03185409201992774
9.8775,0.018219780200777497
9.878,0.046943208509296036
9.8785,0.032622894099461536
9.879,-0.010672486278615181
9.8795,-0.037185807644660035
9.88,-0.01094138710436765
9.8805,0.056699988095578344
9.881,0.11604281427883824
9.8815,0.12557416621983494
9.882,0.08792704650990117
9.8825,0.04221379492007379
9.883000000000001,0.02398462113973112
9.8835,0.033561024862133075
9.884,0.041996223140340114
9.884500000000001,0.023476762626292044
9.885,-0.021042342638513324
9.8855,-0.06785697359527329
9.886000000000001,-0.09133436519203925
9.8865,-0.08156165676846468
9.887,-0.04954187788352081
9.887500000000001,-0.020217231490290345
9.888,-0.015583285534485345
9.8885,-0.03532852477915974
9.889,-0.05184486068291426
9.8895,-0.03175234319002758
9.89,0.02975721417967906
9.8905,0.09495744090079986
9.891,0.10909490254212412
9.8915,0.04853965745160909
9.892,-0.05081796906383139
9.8925,-0.11787376560160329
9.893,-0.10804065846903249
9.8935,-0.04253067226118304
9.894,0.015930936144754194
9.8945,0.023584278050536395
9.895,-0.010197527174433542
9.8955,-0.04234198705595512
9.896,-0.041107957884464585
9.8965,-0.011826628589678426
9.897,0.014711401987092311
9.8975,0.012842164336456735
9.898,-0.018987980136663477
9.8985,-0.06276381338941323
9.899000000000001,-0.09479909449479412
9.8995,-0.09297074437738241
9.9,-0.043627577753712836
9.900500000000001,0.04107323470285585
9.901,0.11441098965237279
9.9015,0.12397650018460162
9.902000000000001,0.061754368721403316
9.9025,-0.02204227978004519
9.903,-0.06535047419713556
9.903500000000001,-0.051788457888060094
9.904,-0.015525506796870658
9.9045,0.005549693374472428
9.905,0.009044214428764002
9.9055,0.01922288983721454
9.906,0.050438670350151864
9.9065,0.08838026288097621
9.907,0.10690415811827961
9.9075,0.09794993262418218
9.908,0.07842035487130411
9.9085,0.06455902514407898
9.909,0.04730670924652196
9.9095,0.004229846455045328
9.91,-0.06675093857998199
9.9105,-0.1366948240121929
9.911,-0.1688253581520719
9.9115,-0.1463388789832069
9.912,-0.08221659557363771
9.9125,-0.011823947245920171
9.913,0.02517831367313931
9.9135,0.007106694771442681
9.914,-0.05486850232762773
9.9145,-0.12094043660046119
9.915000000000001,-0.1471418006420905
9.9155,-0.11521754660841373
9.916,-0.044727146758854364
9.916500000000001,0.023501664368768858
9.917,0.05834841626735002
9.9175,0.05658531701896596
9.918000000000001,0.03536462402820003
9.9185,0.013916686479470246
9.919,0.005442804847507147
9.919500000000001,0.016779075219986624
9.92,0.042228805439561014
9.9205,0.059896891234430295
9.921,0.04917440460495821
9.9215,0.016752251037206636
9.922,-0.004985359094641099
9.9225,0.008264254466542251
9.923,0.04584515467073882
9.9235,0.07227542645722715
9.924,0.0608566563977886
9.9245,0.017379502363592845
9.925,-0.024917899492466356
9.9255,-0.03347169053494268
9.926,-0.00398879579712642
9.9265,0.03596469814193204
9.927,0.049828686574287434
9.9275,0.021456472519074895
9.928,-0.032044692165786655
9.9285,-0.07321547486368311
9.929,-0.07347060365996821
9.9295,-0.0361377257183726
9.93,0.006693455067959141
9.9305,0.022502610882227013
9.931000000000001,0.0069554552336004195
9.9315,-0.014306466044035529
9.932,-0.012355174646047011
9.932500000000001,0.016826412058775605
9.933,0.05077602333999364
9.9335,0.06482511048104944
9.934000000000001,0.053620658509047
9.9345,0.02803078610138421
9.935,-0.0018639817238555734
9.9355,-0.03300438949183641
9.936,-0.060991000881724634
9.9365,-0.07551790837608974
9.937,-0.07040805097428174
9.9375,-0.05440977592600738
9.938,-0.04458974652304297
9.9385,-0.04784880668574984
9.939,-0.05245348464608513
9.9395,-0.03886758473358989
9.94,0.0014481246381598959
9.9405,0.056091320874751584
9.941,0.09736655642335182
9.9415,0.09712190791789295
9.942,0.042014494693795604
9.9425,-0.05477926066822391
9.943,-0.15263306196469992
9.9435,-0.2028946219884934
9.944,-0.18132167720864892
9.9445,-0.10668895125682884
9.945,-0.026889393379707773
9.945500000000001,0.015576287672624188
9.946,0.008463941939820134
9.9465,-0.03097654044076078
9.947000000000001,-0.07186628219947677
9.9475,-0.08537686720063477
9.948,-0.05771202389804902
9.948500000000001,0.0006785141216061373
9.949,0.058207872707242966
9.9495,0.081026952644021
9.950000000000001,0.057393728409079005
9.9505,0.009674200571468387
9.951,-0.019968817026405117
9.9515,-0.0033131179177686484
9.952,0.051183238616761495
9.9525,0.1084858726888437
9.953,0.13635926641481252
9.9535,0.12581307093504718
9.954,0.09218323696266084
9.9545,0.062332688294375375
9.955,0.05453748592911963
9.9555,0.06202434701081861
9.956,0.058337309690244345
9.9565,0.027941231600415083
9.957,-0.009030646536307443
9.9575,-0.014235206831781415
9.958,0.02247480536739604
9.9585,0.06467154251290537
9.959,0.06548963019925913
9.9595,0.01702956756311496
9.96,-0.04252279891443655
9.9605,-0.06741725948792152
9.961,-0.044066058721098804
9.961500000000001,0.004258695400884537
9.962,0.04277732501339318
9.9625,0.05194522354961733
9.963000000000001,0.03614154898522109
9.9635,0.014672728755997004
9.964,0.00494974647593221
9.964500000000001,0.008954213941585345
9.965,0.012956299770416516
9.9655,0.0015135727279274227
9.966000000000001,-0.027095284131906514
9.9665,-0.05877434152084384
9.967,-0.07538792586434291
9.9675,-0.06840588966815049
9.968,-0.044575979169194146
9.9685,-0.02108024376456288
9.969,-0.011816940726563916
9.9695,-0.015276686431379718
9.97,-0.01984651140723572
9.9705,-0.02276374758245798
9.971,-0.0354541045891215
9.9715,-0.0644024172290259
9.972,-0.09429631805111005
9.9725,-0.09970655952926287
9.973,-0.07282939474827745
9.9735,-0.03288801442389643
9.974,-0.0045839288647191966
9.9745,0.008496369006146457
9.975,0.02132554881948957
9.9755,0.039851795506443445
9.976,0.048713324148382475
9.9765,0.03203570716537288
9.977,-0.004420169916885101
9.977500000000001,-0.04049816119249152
9.978,-0.06324016735686522
9.9785,-0.07154389717496297
9.979000000000001,-0.0638558772588295
9.9795,-0.03351357526476003
9.98,0.01920114473461349
9.980500000000001,0.07663470792649339
9.981,0.11171771288084145
9.9815,0.10569607329283191
9.982000000000001,0.05760923158445506
9.9825,-0.01650708742665442
9.983,-0.08708202323527536
9.9835,-0.11911331354879963
9.984,-0.0910123021949193
9.9845,-0.0149484293897536
9.985,0.063551997192093
9.9855,0.09417298337611753
9.986,0.056502659519525225
9.9865,-0.02731992197735366
9.987,-0.10864120007873522
9.9875,-0.14373009772255352
9.988,-0.12113132540162157
9.9885,-0.0669638445888402
9.989,-0.021680851150513516
9.9895,-0.004873887462206734
9.99,-0.0012517890522541807
9.9905,0.01570977268302733
9.991,0.04816478832865396
9.9915,0.06855502449419922
9.992,0.051213933214605274
9.9925,0.0034036630055204096
9.993,-0.039908026035577825
9.993500000000001,-0.04939727411963427
9.994,-0.0236962757686788
9.9945,0.01918003447718077
9.995000000000001,0.06183414793968388
9.9955,0.09493208540683669
9.996,0.11471987159132752
9.996500000000001,0.12385876436677669
9.997,0.13333868643270266
9.9975,0.1536702214713488
9.998,0.17757191030352235
9.9985,0.17574871890138224
9.999,0.12104738852500378
9.9995,0.021367657463489845
