tiempo_s,emg_mV
0.0,-0.007597208298687506
0.0005,0.056600594223488176
0.001,0.07610511036867958
0.0015,0.06809236614459016
0.002,0.09109902271347912
0.0025,0.16850265694012
0.003,0.2551505681360607
0.0035,0.28618841145794505
0.004,0.24393123607966247
0.0045000000000000005,0.16872808044179166
0.005,0.11613777427968709
0.0055,0.1132435582716787
0.006,0.1471194903917412
0.006500000000000001,0.18116771623010067
0.007,0.1822988569702112
0.0075,0.14223689227157285
0.008,0.0792179007871664
0.0085,0.021005540873761528
0.009000000000000001,-0.014824308137702386
0.0095,-0.03188768241081891
0.01,-0.053083542283424184
0.0105,-0.09799386103828653
0.011,-0.14907443013715907
0.0115,-0.15074768011921158
0.012,-0.06635066323577976
0.0125,0.06164996637701436
0.013000000000000001,0.13170478436695998
0.0135,0.08039284537831401
0.014,-0.047318892843013244
0.0145,-0.13768172956396982
0.015,-0.1172098551493789
0.0155,-0.016160014342581047
0.016,0.0714322606728749
0.0165,0.07901939735585689
0.017,0.018685078928811327
0.0175,-0.044888577748019534
0.018000000000000002,-0.0604934161689769
0.0185,-0.03367916148036686
0.019,-0.013279791974774642
0.0195,-0.03710910363603817
0.02,-0.08871523889262824
0.0205,-0.11100206886662971
0.021,-0.06642246081714168
0.021500000000000002,0.021996691154368225
0.022,0.0948873396647541
0.0225,0.11387410350621832
0.023,0.0854992663631804
0.0235,0.03507188769644369
0.024,-0.025556915399164826
0.0245,-0.09544210394194723
0.025,-0.15767272121983728
0.025500000000000002,-0.17063061714556288
0.026000000000000002,-0.09973604494286
0.0265,0.03552394266254992
0.027,0.1533590276102036
0.0275,0.16819146409947772
0.028,0.07038326004476628
0.0285,-0.05998438028849959
0.029,-0.12972412375502865
0.029500000000000002,-0.11801887552312829
0.03,-0.07799925940691431
0.0305,-0.06326046608518733
0.031,-0.07142661688609497
0.0315,-0.06291941122307353
0.032,-0.017838814560924506
0.0325,0.04038042836853339
0.033,0.07144835136990768
0.0335,0.055118214882874245
0.034,0.005170422258750252
0.0345,-0.039668148201477293
0.035,-0.03871271344220824
0.035500000000000004,0.021864935056501444
0.036000000000000004,0.11233669715725209
0.0365,0.1737954257390696
0.037,0.15857619280959837
0.0375,0.06509720246870067
0.038,-0.06049187360333813
0.0385,-0.1524661668265546
0.039,-0.16154259845834648
0.0395,-0.08198947223279612
0.04,0.04405892497039726
0.0405,0.15392021747626253
0.041,0.20472552462334956
0.0415,0.19101672217462665
0.042,0.13138143923719542
0.0425,0.049134665050458
0.043000000000000003,-0.035682758892679224
0.043500000000000004,-0.10809474518749126
0.044,-0.15790524812939127
0.0445,-0.1764478190775567
0.045,-0.15835821239436834
0.0455,-0.1113809031946718
0.046,-0.05752787955634096
0.0465,-0.01733884269053137
0.047,0.002612989381903989
0.0475,0.005023125857682864
0.048,-0.0034321265807881803
0.0485,-0.006924993882215041
0.049,0.014865121623053817
0.0495,0.06236616080659642
0.05,0.10565409664450177
0.0505,0.11513119310526014
0.051000000000000004,0.09790762392469529
0.051500000000000004,0.085711880611644
0.052000000000000005,0.08815312665730746
0.0525,0.08002844133039917
0.053,0.04188525812538801
0.0535,-0.008011940760781412
0.054,-0.03666296411648282
0.0545,-0.03584849364650239
0.055,-0.021527976880514867
0.0555,-0.004111548056282837
0.056,0.01949342995780425
0.0565,0.044300150173094424
0.057,0.04904970231243554
0.0575,0.022625999416903384
0.058,-0.013328984247573067
0.0585,-0.02531860832862957
0.059000000000000004,-0.008300943596415271
0.059500000000000004,0.008998476636880767
0.06,-0.0003439661554642511
0.0605,-0.029677321642494918
0.061,-0.043566625566634064
0.0615,-0.011369009107850441
0.062,0.06021613546873512
0.0625,0.12490355698297999
0.063,0.1319291673244984
0.0635,0.07028024339497563
0.064,-0.01882326120061254
0.0645,-0.0749769047387005
0.065,-0.07001235259704458
0.0655,-0.03090115039681312
0.066,-0.01035345019571391
0.0665,-0.0341045183034339
0.067,-0.07974524401379116
0.0675,-0.1061627494824639
0.068,-0.09655645812123637
0.0685,-0.06694763823519423
0.069,-0.03774466396420238
0.0695,-0.012458283661969168
0.07,0.008007969330512229
0.07050000000000001,0.0057381035370957945
0.07100000000000001,-0.03665037828101421
0.07150000000000001,-0.09775321327270263
0.07200000000000001,-0.1179362706258237
0.0725,-0.055516250536728685
0.073,0.06111691686111918
0.0735,0.15096895252102663
0.074,0.1540053609397901
0.0745,0.08351585970712933
0.075,0.008643041439556189
0.0755,-0.007488217767203081
0.076,0.044087236024949246
0.0765,0.11848577728906588
0.077,0.15789742383654884
0.0775,0.1356789283311546
0.078,0.06845267290532067
0.0785,-0.007579504231587966
0.079,-0.06876955366146933
0.0795,-0.1132197053922119
0.08,-0.14181037238734392
0.0805,-0.1406463950630564
0.081,-0.09481642660038074
0.0815,-0.016373711562924116
0.082,0.05855897638736406
0.0825,0.10459413219801267
0.083,0.12471804836242457
0.0835,0.12830324094751255
0.084,0.10746639454631474
0.0845,0.05017903425962431
0.085,-0.0287563038321167
0.0855,-0.08740183770163837
0.08600000000000001,-0.09429466425106514
0.08650000000000001,-0.059473016746058795
0.08700000000000001,-0.025005691027337636
0.08750000000000001,-0.02806719692448792
0.088,-0.06836210304929664
0.0885,-0.10388993219901897
0.089,-0.08549754535601152
0.0895,-0.008484817484000661
0.09,0.07195914682350647
0.0905,0.08875284315049461
0.091,0.02995308806479033
0.0915,-0.0475523140065713
0.092,-0.07310506181853214
0.0925,-0.027708332867200043
0.093,0.044657627144519485
0.0935,0.08484860313684457
0.094,0.07318035385138887
0.0945,0.03659597816655166
0.095,0.007541259412291742
0.0955,-0.011653913040328378
0.096,-0.03486867873639059
0.0965,-0.05326028163706806
0.097,-0.03297185697223004
0.0975,0.040530213094178535
0.098,0.13119430121307757
0.0985,0.1799875478684365
0.099,0.16194781273292194
0.0995,0.10879035505361083
0.1,0.07273175751363846
0.1005,0.07087061305280312
0.101,0.07293898167260282
0.1015,0.04699655490110741
0.10200000000000001,0.00473350611568971
0.10250000000000001,-0.013908141495088015
0.10300000000000001,0.0031197870866890897
0.10350000000000001,0.01875756567649577
0.10400000000000001,-0.008464028466683773
0.1045,-0.0682917937336662
0.105,-0.10291273020332259
0.1055,-0.07080453564814967
0.106,0.00421528122988413
0.1065,0.05534615847594454
0.107,0.03765186951506203
0.1075,-0.0349020175749674
0.108,-0.10855920730667946
0.1085,-0.13634843338881888
0.109,-0.10923675859632079
0.1095,-0.05330275157343181
0.11,-0.006619479159100292
0.1105,0.0025822622872642984
0.111,-0.027785617702248883
0.1115,-0.064981331543177
0.112,-0.05968806443107398
0.1125,0.006788971476405841
0.113,0.09238479782600802
0.1135,0.12398431155538364
0.114,0.06386674053399048
0.1145,-0.052504189716095884
0.115,-0.14493796451339078
0.1155,-0.1585564511266604
0.116,-0.10836569102115295
0.1165,-0.05177866820479188
0.117,-0.020255778634935818
0.11750000000000001,0.009049310501658867
0.11800000000000001,0.0703711787635867
0.11850000000000001,0.15386340889734965
0.11900000000000001,0.20790080063915187
0.11950000000000001,0.19356854052626865
0.12,0.1258496025950626
0.1205,0.05742392209576708
0.121,0.02584046211148753
0.1215,0.02090529343865245
0.122,0.004121253142197787
0.1225,-0.04344133231739587
0.123,-0.09526901913743259
0.1235,-0.1014867128367353
0.124,-0.03838801337764701
0.1245,0.062285187186929894
0.125,0.13611561684921103
0.1255,0.14102387456415777
0.126,0.08767947310160668
0.1265,0.016955202289988407
0.127,-0.04054261345047141
0.1275,-0.07580488706437556
0.128,-0.08605771115870378
0.1285,-0.06623056955718673
0.129,-0.0172765036693517
0.1295,0.045352506224678776
0.13,0.09489591055029764
0.1305,0.10764911149620979
0.131,0.08079164201956299
0.1315,0.035693079604464294
0.132,-0.0036391855582302785
0.1325,-0.03351653020321477
0.133,-0.06334587313572826
0.1335,-0.08963373086464593
0.134,-0.09207877642785474
0.1345,-0.058307760671684555
0.135,-0.0009362518956680822
0.1355,0.05374323071956999
0.136,0.08462819102539715
0.1365,0.08105151776102834
0.137,0.04233607645778447
0.1375,-0.01675601789114281
0.138,-0.06485717251116119
0.1385,-0.0721020368492792
0.139,-0.03874487614066471
0.1395,-0.001695261371739614
0.14,0.001769148778156062
0.1405,-0.018525224527744733
0.14100000000000001,-0.010408245358338956
0.14150000000000001,0.05569416566818126
0.14200000000000002,0.1410851183064378
0.14250000000000002,0.17825758085872023
0.14300000000000002,0.1482151369527309
0.14350000000000002,0.09586017783718272
0.14400000000000002,0.06825996318983062
0.1445,0.05915448035588968
0.145,0.026652253718866092
0.1455,-0.043473749483941684
0.146,-0.10895217293219565
0.1465,-0.11389412669468106
0.147,-0.054424367673021286
0.1475,0.011974274209953652
0.148,0.026478812512634085
0.1485,-0.011416960370359285
0.149,-0.05068938202211322
0.1495,-0.04832899821329249
0.15,-0.013181148671760061
0.1505,0.00940578396570983
0.151,-0.009335430995319185
0.1515,-0.0492383276656762
0.152,-0.06375565024330496
0.1525,-0.03101385757605248
0.153,0.023645895394612378
0.1535,0.05709733269990501
0.154,0.05537153610631598
0.1545,0.04355678004114587
0.155,0.045473525479436804
0.1555,0.04443604627007269
0.156,0.0025749799408707023
0.1565,-0.08030332388724087
0.157,-0.1478761067136226
0.1575,-0.1394898907646493
0.158,-0.05153541150285804
0.1585,0.061074747035297916
0.159,0.13547104583499228
0.1595,0.1455571505267423
0.16,0.1064400823216366
0.1605,0.04866725594204398
0.161,-0.008438014755272099
0.1615,-0.061334878893221347
0.162,-0.10481119548295291
0.1625,-0.1195061162980335
0.163,-0.08887250301176053
0.1635,-0.027456768232291207
0.164,0.02400680191676361
0.1645,0.03966059270376545
0.165,0.03311455734640098
0.1655,0.03362166084271563
0.166,0.05082904124466774
0.1665,0.07452347723210319
0.167,0.09822587155878373
0.1675,0.126656217665477
0.168,0.16062595713287725
0.1685,0.1851284807838414
0.169,0.17686622178726985
0.1695,0.12357810659116836
0.17,0.038386840600921436
0.1705,-0.04264464239545329
0.171,-0.08064401364013216
0.1715,-0.06029849460699434
0.17200000000000001,-0.0018746056924489763
0.17250000000000001,0.05578789896821726
0.17300000000000001,0.0879376121726279
0.17350000000000002,0.09681149105792426
0.17400000000000002,0.09090862195921191
0.17450000000000002,0.061293460077652344
0.17500000000000002,-0.00847382304540042
0.17550000000000002,-0.10776876253479904
0.176,-0.18772465164756613
0.1765,-0.19894489617527514
0.177,-0.14159342771071443
0.1775,-0.06866950435492804
0.178,-0.03455945493989376
0.1785,-0.04546541187260957
0.179,-0.06480746111071091
0.1795,-0.06007378351740915
0.18,-0.03351302419692452
0.1805,-0.007957306653550732
0.181,0.0053052458547420585
0.1815,0.015262659254368734
0.182,0.029303855982521682
0.1825,0.03302540315336063
0.183,0.004962940526009006
0.1835,-0.04468399495190239
0.184,-0.0643957254014297
0.1845,-0.010501169817646252
0.185,0.09354518052997231
0.1855,0.1662433146846765
0.186,0.14599015215551064
0.1865,0.05061088018148668
0.187,-0.044125314341560105
0.1875,-0.07272409058575266
0.188,-0.02234623638574703
0.1885,0.07530816267244896
0.189,0.17268189039568488
0.1895,0.22328263512594332
0.19,0.19031594211056863
0.1905,0.06915805920915113
0.191,-0.08583695673897489
0.1915,-0.17677647376066236
0.192,-0.135347602147015
0.1925,0.009265781785730478
0.193,0.14667629293631987
0.1935,0.17988472968956248
0.194,0.10550831450131276
0.1945,0.0035771835967925558
0.195,-0.04343244528734447
0.1955,-0.018741095382114985
0.196,0.030459548334909124
0.1965,0.049042446048839866
0.197,0.025405492173811592
0.1975,-0.006173432535990116
0.198,-0.007453462227320189
0.1985,0.023141865053433006
0.199,0.05166712407633545
0.1995,0.04615540739014248
0.2,0.00833995015229235
0.2005,-0.032540313896488635
0.201,-0.05344119288724443
0.2015,-0.05873341066591971
0.202,-0.0661724967721992
0.2025,-0.080150978481667
0.203,-0.08822156331784194
0.20350000000000001,-0.08007783698352729
0.20400000000000001,-0.05862465414142113
0.20450000000000002,-0.033235061721229114
0.20500000000000002,-0.013355978313749243
0.20550000000000002,-0.008668401436140043
0.20600000000000002,-0.022491851901304333
0.20650000000000002,-0.04082254808087116
0.20700000000000002,-0.038737541354814525
0.20750000000000002,-0.005375301177705674
0.20800000000000002,0.04291087846137139
0.2085,0.08058604809471266
0.209,0.09988592995185504
0.2095,0.11261957874413989
0.21,0.12659602908549925
0.2105,0.12810380326749385
0.211,0.09342310021753374
0.2115,0.018926001074865473
0.212,-0.062311314319017194
0.2125,-0.0996427151588906
0.213,-0.06876803802522474
0.2135,-0.001082899043102839
0.214,0.03549301621993804
0.2145,-0.004618366584373116
0.215,-0.09888116830338546
0.2155,-0.17174664120327898
0.216,-0.15934664607464097
0.2165,-0.06109107978290612
0.217,0.06691111487548144
0.2175,0.1587956456185366
0.218,0.17977832925842474
0.2185,0.14009023034656815
0.219,0.08525120925713693
0.2195,0.0640636074382756
0.22,0.08774435054896085
0.2205,0.11993024567614297
0.221,0.11699153955583727
0.2215,0.07647680851378565
0.222,0.038595207657839914
0.2225,0.04276431520016881
0.223,0.08743261871682968
0.2235,0.13020678930486126
0.224,0.12630112556666256
0.2245,0.06992242090058413
0.225,-0.0018523026345793397
0.2255,-0.046416835178528314
0.226,-0.05292129448054285
0.2265,-0.040882763740486106
0.227,-0.03019385865203278
0.2275,-0.023634312975487945
0.228,-0.017844401874754518
0.2285,-0.018227386992994213
0.229,-0.03383816566784147
0.2295,-0.06041543249144361
0.23,-0.07583864290454342
0.2305,-0.05759546723005061
0.231,-0.006809891075029578
0.2315,0.04741015061453459
0.232,0.07206360651205655
0.2325,0.058657961616703586
0.233,0.02440674784039211
0.2335,-0.011217186848124344
0.234,-0.042244675453864865
0.23450000000000001,-0.06901223368710915
0.23500000000000001,-0.08732711525336458
0.23550000000000001,-0.09329963657965848
0.23600000000000002,-0.09301870926415835
0.23650000000000002,-0.09489643150808362
0.23700000000000002,-0.0906668582076358
0.23750000000000002,-0.057776558842623456
0.23800000000000002,0.007768331780165807
0.23850000000000002,0.0693060582264735
0.23900000000000002,0.07783278392965129
0.23950000000000002,0.024951749520323786
0.24,-0.043435825717526244
0.2405,-0.06909804165888433
0.241,-0.031271671248943644
0.2415,0.0412341028149162
0.242,0.09507433190686294
0.2425,0.08969181117757723
0.243,0.026702310420042473
0.2435,-0.04470405237128627
0.244,-0.05856976191199495
0.2445,0.013939929188188614
0.245,0.13396858276178092
0.2455,0.22508478693263967
0.246,0.24089218201951493
0.2465,0.20185971892336663
0.247,0.1633425707104853
0.2475,0.15117839636128094
0.248,0.13549920287441053
0.2485,0.07003523979416203
0.249,-0.04756338308891492
0.2495,-0.15967278838347185
0.25,-0.19314496250623936
0.2505,-0.11995062620292117
0.251,0.020499262899924174
0.2515,0.15049896542696667
0.252,0.20391129337922675
0.2525,0.1605594317696474
0.253,0.052062988517083054
0.2535,-0.05853094007509825
0.254,-0.11729949536022936
0.2545,-0.11885729391860429
0.255,-0.10725334446112612
0.2555,-0.12615894380736653
0.256,-0.16497756399520797
0.2565,-0.165428080860546
0.257,-0.08873242287062844
0.2575,0.03215413136016651
0.258,0.11656480959410002
0.2585,0.10966786026635461
0.259,0.029132151904240594
0.2595,-0.05484941441940186
0.26,-0.08027498436176296
0.2605,-0.03863174428168749
0.261,0.03052823780737332
0.2615,0.08198832962881863
0.262,0.09937950573895449
0.2625,0.09409749066224153
0.263,0.08230077263407244
0.2635,0.07029917010751886
0.264,0.058575284502926046
0.2645,0.05068426255132438
0.265,0.05353336113679909
0.2655,0.07053388115247658
0.266,0.09592259511540752
0.2665,0.11459185493152597
0.267,0.10812089952426061
0.2675,0.06705082438598543
0.268,0.004475751688530308
0.2685,-0.04353918805517362
0.269,-0.04133967057524709
0.2695,0.014461876402972876
0.27,0.08629209461015765
0.2705,0.12054633762683134
0.271,0.08546096610558987
0.2715,-0.0055799423059120536
0.272,-0.1016313019585115
0.2725,-0.14959460452076334
0.273,-0.13087748924364245
0.2735,-0.06991853857547863
0.274,-0.011476347569872454
0.2745,0.012903657902535937
0.275,0.005583953633274337
0.2755,-0.004909322888354092
0.276,0.005875899054361209
0.2765,0.03596880687636318
0.277,0.06462363223108172
0.2775,0.07570926774915673
0.278,0.06827213128833244
0.2785,0.04906454636433567
0.279,0.02483608179708212
0.2795,0.004534315962657054
0.28,-0.0006570704369070045
0.2805,0.00830560655354371
0.281,0.004657970847726254
0.28150000000000003,-0.047856397797770726
0.28200000000000003,-0.15200845350742176
0.28250000000000003,-0.2545935999677662
0.28300000000000003,-0.2797816156735655
0.28350000000000003,-0.19190826318584608
0.28400000000000003,-0.02832536337973766
0.28450000000000003,0.1243470286548782
0.28500000000000003,0.18757647939212704
0.28550000000000003,0.14247378657421142
0.28600000000000003,0.04470127962603892
0.28650000000000003,-0.014060294110414361
0.28700000000000003,0.01821746412513668
0.28750000000000003,0.10415923423118864
0.28800000000000003,0.15118588947684375
0.2885,0.10334915056035547
0.289,-0.0031933986529509052
0.2895,-0.07426898809888932
0.29,-0.041812905168898525
0.2905,0.07870175347237436
0.291,0.20113208016756542
0.2915,0.23757255603420768
0.292,0.165999988982735
0.2925,0.04190043345781692
0.293,-0.05175046900658068
0.2935,-0.0695284401453489
0.294,-0.027626601245457107
0.2945,0.027160177993948795
0.295,0.06214683677757917
0.2955,0.06909078550770908
0.296,0.04677823831141989
0.2965,-0.0006613092751485659
0.297,-0.04633469157685933
0.2975,-0.046776782677697554
0.298,0.017382754600316522
0.2985,0.11244237954276
0.299,0.17129684286576136
0.2995,0.14444528998323364
0.3,0.03941793999527705
0.3005,-0.0792983898918431
0.301,-0.1309718252621787
0.3015,-0.07620639211936812
0.302,0.04923271121782792
0.3025,0.15683486312756312
0.303,0.17384560002731697
0.3035,0.10030511686197591
0.304,0.000665790747543098
0.3045,-0.06006176311114063
0.305,-0.07007960005206941
0.3055,-0.0654400109135541
0.306,-0.08091627590011922
0.3065,-0.11217359612065408
0.307,-0.12472598068782767
0.3075,-0.09297105710840482
0.308,-0.025064748031235064
0.3085,0.04483146221570748
0.309,0.07810457390928933
0.3095,0.05102232852558096
0.31,-0.025351858429816236
0.3105,-0.09484130399037352
0.311,-0.08467717837929037
0.3115,0.02836887445609606
0.312,0.17462466847964492
0.3125,0.23350745498707998
0.313,0.13941874072958646
0.3135,-0.050539979559566024
0.314,-0.20129755602799648
0.3145,-0.21651751594896043
0.315,-0.11366715509513148
0.3155,0.00826284894536667
0.316,0.06465439260996111
0.3165,0.049425569235175534
0.317,0.018779682173159385
0.3175,0.025255220625287726
0.318,0.06875118950233937
0.3185,0.10724069163986634
0.319,0.11107939834786251
0.3195,0.09717636304786952
0.32,0.09985208490442521
0.3205,0.11853992836085117
0.321,0.11902338698306716
0.3215,0.08636752042263832
0.322,0.047091857023285506
0.3225,0.027370242589244267
0.323,0.015405476637640622
0.3235,-0.013868442754490203
0.324,-0.05355586302694516
0.3245,-0.06950754880887658
0.325,-0.04455605281722981
0.3255,0.00447656294464224
0.326,0.05216269230562932
0.3265,0.08370649441298929
0.327,0.08587601749161126
0.3275,0.0434351021435661
0.328,-0.03842265204652798
0.3285,-0.11703180091295802
0.329,-0.1360416102700283
0.3295,-0.07657394747160422
0.33,0.01699302128105805
0.3305,0.0717657823697676
0.331,0.05348176504279655
0.3315,-0.003968048198648877
0.332,-0.03833833145103651
0.3325,-0.019551417266378247
0.333,0.034330382930975616
0.3335,0.08556887052820604
0.334,0.10386748007993654
0.3345,0.0749141732958403
0.335,0.006901996486209084
0.3355,-0.06389395682942998
0.336,-0.089174814495174
0.3365,-0.04665738892384445
0.337,0.036073852149918394
0.3375,0.10177335452717863
0.338,0.10846296212338845
0.3385,0.056483933252248056
0.339,-0.0149041617378529
0.3395,-0.04953737343565901
0.34,-0.011021040312751074
0.3405,0.0793644737591987
0.341,0.14634968297446088
0.3415,0.12681787671952344
0.342,0.04066823323174936
0.3425,-0.02163668951229229
0.343,0.003456101660980697
0.3435,0.07952794067732082
0.34400000000000003,0.1128414502900566
0.34450000000000003,0.06066257979853554
0.34500000000000003,-0.024990597229536338
0.34550000000000003,-0.06339749928766604
0.34600000000000003,-0.036532015572850574
0.34650000000000003,-0.0038989988803216705
0.34700000000000003,-0.03096478048733888
0.34750000000000003,-0.11186608656585671
0.34800000000000003,-0.170463318675944
0.34850000000000003,-0.1391693266695698
0.34900000000000003,-0.0291033867737987
0.34950000000000003,0.0837021931492124
0.35000000000000003,0.1359304121721066
0.35050000000000003,0.13237477721796423
0.35100000000000003,0.1240846460492597
0.35150000000000003,0.1387625843616296
0.352,0.1440023572494891
0.3525,0.0885511769356813
0.353,-0.02514900173055717
0.3535,-0.12667907758992725
0.354,-0.14352565750981675
0.3545,-0.07218801407650366
0.355,0.023965425611041376
0.3555,0.08083623104075753
0.356,0.08790759944915225
0.3565,0.07998962521648957
0.357,0.0880747305022897
0.3575,0.10579962142466555
0.358,0.10032280822016783
0.3585,0.04968206711227416
0.359,-0.030726585893294352
0.3595,-0.09555353942597074
0.36,-0.10436405699754239
0.3605,-0.05412553602496663
0.361,0.01849624375327735
0.3615,0.06524934505078345
0.362,0.06167094363665849
0.3625,0.025554433477064827
0.363,0.0028625590452617394
0.3635,0.023735210535083828
0.364,0.06587934971237809
0.3645,0.0725950461114169
0.365,0.017011832629611152
0.3655,-0.06107437591110266
0.366,-0.09506843481325884
0.3665,-0.06104348361356164
0.367,0.006160587223028736
0.3675,0.05767034304789445
0.368,0.07090835653275926
0.3685,0.0481939477347961
0.369,0.0020158309702125454
0.3695,-0.04256080903807378
0.37,-0.045451330019794865
0.3705,0.02005859197687554
0.371,0.12439110675351839
0.3715,0.18485252970403565
0.372,0.13766763134783155
0.3725,0.007902407679139172
0.373,-0.11067813784741608
0.3735,-0.14721649402233863
0.374,-0.1091180545225042
0.3745,-0.047901333893447896
0.375,0.003532510107005347
0.3755,0.04543074270916205
0.376,0.08170150392043385
0.3765,0.10040786157178938
0.377,0.08606542341581892
0.3775,0.04056183949593056
0.378,-0.011650030270271543
0.3785,-0.03671031223005977
0.379,-0.014618173650167769
0.3795,0.04004070987856924
0.38,0.07949379409747576
0.3805,0.05624441426303778
0.381,-0.034039280560467344
0.3815,-0.14017003997511068
0.382,-0.18792110610220839
0.3825,-0.13146988656469796
0.383,0.014212789998385534
0.3835,0.1792051977049567
0.384,0.27837139126295385
0.3845,0.26515514022915293
0.385,0.16602784060044176
0.3855,0.061103416141696155
0.386,0.014584312990510946
0.3865,0.01822398494171032
0.387,0.013386805645762665
0.3875,-0.029204602165076816
0.388,-0.068177629841431
0.3885,-0.0404226691281174
0.389,0.0580718976616614
0.3895,0.15275149963194934
0.39,0.15510678174617232
0.3905,0.04768281041737433
0.391,-0.09374059556853703
0.3915,-0.1642458164638564
0.392,-0.11816083247657579
0.3925,0.0030905493180908047
0.393,0.11800803354144343
0.3935,0.1654720604513659
0.394,0.1288100728982906
0.3945,0.03217523438416966
0.395,-0.06983565956290369
0.3955,-0.11615616327925987
0.396,-0.08043852867646997
0.3965,0.004139352820758091
0.397,0.07096671312074175
0.3975,0.07611211338173528
0.398,0.028456709590555778
0.3985,-0.028344897037171045
0.399,-0.05585889267555069
0.3995,-0.04717266466709401
0.4,-0.022589756071015873
0.4005,-0.004315936799433751
0.401,0.002289720737391837
0.4015,0.004320544987401367
0.402,0.005684588615403859
0.4025,0.0020068992447293318
0.403,-0.009585996193689588
0.4035,-0.02167968903788389
0.404,-0.02338042460359025
0.4045,-0.015063123885184581
0.405,-0.008545728352918723
0.4055,-0.008694988937350928
0.406,-0.00203270551116408
0.40650000000000003,0.03000294119251633
0.40700000000000003,0.09053006091931569
0.40750000000000003,0.16157113862269937
0.40800000000000003,0.21145432917380652
0.40850000000000003,0.20859113698281456
0.40900000000000003,0.14225707464369713
0.40950000000000003,0.03874087404963476
0.41000000000000003,-0.04782857914588118
0.41050000000000003,-0.07016149923124002
0.41100000000000003,-0.02321801090855812
0.41150000000000003,0.04901063301259752
0.41200000000000003,0.08871714722992641
0.41250000000000003,0.07684239549996137
0.41300000000000003,0.0472502777057918
0.41350000000000003,0.040830124349645336
0.41400000000000003,0.053816057419084976
0.41450000000000004,0.04497783348530143
0.41500000000000004,-0.009697260143142074
0.41550000000000004,-0.08328261749742294
0.41600000000000004,-0.12290369615864694
0.4165,-0.10100676984500016
0.417,-0.03550570412243475
0.4175,0.03431739368016381
0.418,0.07781133354291533
0.4185,0.07886988914899809
0.419,0.03219820715053071
0.4195,-0.04662943477965204
0.42,-0.10977199329452486
0.4205,-0.09913775945255252
0.421,-0.0013487595340581342
0.4215,0.12253060624920176
0.422,0.1838229340161725
0.4225,0.15170242851773777
0.423,0.07883331193918375
0.4235,0.0353306232011642
0.424,0.03457801630769948
0.4245,0.03788981605858189
0.425,0.01467866317671444
0.4255,-0.02789267321980806
0.426,-0.06985896794228179
0.4265,-0.10492263284859688
0.427,-0.13192039269629996
0.4275,-0.1380919752273964
0.428,-0.10884427523141228
0.4285,-0.05176026611941686
0.429,0.0015144645362030144
0.4295,0.022820845897743233
0.43,0.013777975293877644
0.4305,0.002296907167662097
0.431,0.016617573581686064
0.4315,0.06329358154485465
0.432,0.12073461428280596
0.4325,0.1493334416255878
0.433,0.12152692776974777
0.4335,0.05492828394514099
0.434,0.007917899800666844
0.4345,0.027851865531909537
0.435,0.10248479088544457
0.4355,0.16875965004886295
0.436,0.16955029583358047
0.4365,0.1001894479057375
0.437,0.006359290972463181
0.4375,-0.053812680001797016
0.438,-0.048218739583558996
0.4385,0.012291497772424208
0.439,0.08374457279873607
0.4395,0.11929606985704179
0.44,0.0984369288035241
0.4405,0.03374521010461402
0.441,-0.041249178003150276
0.4415,-0.0880928344374944
0.442,-0.08214169315197437
0.4425,-0.029803542744839488
0.443,0.035965604314427496
0.4435,0.08290551112628097
0.444,0.09813729910746988
0.4445,0.0829636823865657
0.445,0.04510795674735631
0.4455,0.0010606869989045076
0.446,-0.027742148859025623
0.4465,-0.031200786468907723
0.447,-0.0182548291681961
0.4475,-0.002789292648863625
0.448,0.013389451229532369
0.4485,0.03564242415100537
0.449,0.056299382404499235
0.4495,0.05028814790686354
0.45,-0.0006346287686370082
0.4505,-0.07916961812751683
0.451,-0.13455362613382899
0.4515,-0.12373264720466307
0.452,-0.05539433770801693
0.4525,0.01437119730197257
0.453,0.037248092025631854
0.4535,0.017466538653975305
0.454,-0.004460458249290667
0.4545,-0.002780163117081272
0.455,0.011649750805005918
0.4555,0.01605612822922819
0.456,0.007063849784783607
0.4565,0.0017190210521499348
0.457,0.014242774816490385
0.4575,0.0391715434078004
0.458,0.05702948164680717
0.4585,0.05182149134030711
0.459,0.023101986651321085
0.4595,-0.014686413583836794
0.46,-0.04483456798965898
0.4605,-0.061705621624741115
0.461,-0.06694592699378124
0.4615,-0.05326721374893584
0.462,-0.00587308311840253
0.4625,0.07334718085510177
0.463,0.15465711399569296
0.4635,0.20199325640402568
0.464,0.2009130394663558
0.4645,0.1645158676304089
0.465,0.12034913123458373
0.4655,0.09399270170257316
0.466,0.09675894378547678
0.4665,0.1205283041552601
0.467,0.1422899110213574
0.4675,0.13579462550717109
0.468,0.08540165213937362
0.4685,0.00011133436297161483
0.46900000000000003,-0.08067155905392828
0.46950000000000003,-0.10706385513478565
0.47000000000000003,-0.06175561413210304
0.47050000000000003,0.014707230400152546
0.47100000000000003,0.054260640195280554
0.47150000000000003,0.025263557459225615
0.47200000000000003,-0.038073290922509245
0.47250000000000003,-0.07459169447597214
0.47300000000000003,-0.05874067623137553
0.47350000000000003,-0.018186026128150897
0.47400000000000003,0.004550960779169496
0.47450000000000003,-0.0037563567770198085
0.47500000000000003,-0.02279022583962239
0.47550000000000003,-0.02963638980154005
0.47600000000000003,-0.025200605896619706
0.47650000000000003,-0.026804123155420273
0.47700000000000004,-0.038349668828347984
0.47750000000000004,-0.03818347998677474
0.47800000000000004,-0.005139271095256618
0.47850000000000004,0.048444399938566605
0.47900000000000004,0.08408638110867037
0.47950000000000004,0.08097018954490261
0.48,0.058386483634923304
0.4805,0.044380902303874314
0.481,0.03480922455995676
0.4815,0.002955176859378201
0.482,-0.0530954073638693
0.4825,-0.0934480544145156
0.483,-0.0767019124447831
0.4835,-0.010617548767434754
0.484,0.04461371205604989
0.4845,0.027312135519348836
0.485,-0.06594724966327094
0.4855,-0.16780756603132635
0.486,-0.1895656199407586
0.4865,-0.09004568045564566
0.487,0.09205226264754185
0.4875,0.2619534221621841
0.488,0.3294547049979679
0.4885,0.2684493821597101
0.489,0.13334234709602094
0.4895,0.013738670130012436
0.49,-0.03628368481627098
0.4905,-0.026809672171024604
0.491,0.0029847506636925753
0.4915,0.03198748163130375
0.492,0.061953042632021324
0.4925,0.09098590274372986
0.493,0.10356477332044754
0.4935,0.08957299863396026
0.494,0.05973392382849671
0.4945,0.03380448408181647
0.495,0.01883238793316465
0.4955,0.007090378873770436
0.496,-0.005395836318501941
0.4965,-0.008460575191437976
0.497,0.004141402711864911
0.4975,0.010740805277108204
0.498,-0.024634554705802152
0.4985,-0.10382933288237614
0.499,-0.1732176685147046
0.4995,-0.16803806075577557
0.5,-0.07671966980790795
0.5005000000000001,0.047600744882953704
0.501,0.13565126608723402
0.5015000000000001,0.1528066407958557
0.502,0.10889233118214005
0.5025000000000001,0.04054588945044901
0.503,-0.006107142759432417
0.5035000000000001,0.0043105101222021425
0.504,0.06643151020599988
0.5045000000000001,0.12563690055278143
0.505,0.12266434640229892
0.5055000000000001,0.05585922753406415
0.506,-0.013442905801528066
0.5065000000000001,-0.024624206609301157
0.507,0.022840089613833877
0.5075000000000001,0.07897579317150598
0.508,0.09993697917410854
0.5085000000000001,0.08333587838067749
0.509,0.054403108824820974
0.5095000000000001,0.033143846592007635
0.51,0.019896453055187245
0.5105000000000001,0.004862475221319067
0.511,-0.016672281991569088
0.5115000000000001,-0.04001317062475716
0.512,-0.05890710336124588
0.5125,-0.07338116619416747
0.513,-0.08630699075521
0.5135,-0.09335733750645811
0.514,-0.08209304328218624
0.5145,-0.04527451998987084
0.515,0.006032701646263564
0.5155,0.04587152503232665
0.516,0.051835306472469984
0.5165,0.023340152646863867
0.517,-0.014236789112262001
0.5175,-0.026584977930591468
0.518,-0.0012059227605117065
0.5185,0.036211258848186344
0.519,0.043145819990493724
0.5195,0.0029713227627548126
0.52,-0.05420844726901043
0.5205,-0.07530762701117617
0.521,-0.033203633523819095
0.5215,0.043111349295825406
0.522,0.09060137559912107
0.5225,0.07357438461481225
0.523,0.024206566183237223
0.5235,0.013318014518392922
0.524,0.07555099611596808
0.5245,0.16775131589064854
0.525,0.20798276824357076
0.5255,0.15619461714800462
0.526,0.05145548868347878
0.5265,-0.0305817250885897
0.527,-0.047218407645231775
0.5275,-0.011514480138869685
0.528,0.0386058095109712
0.5285,0.07475692648448838
0.529,0.08482024873663502
0.5295,0.06741319141900443
0.53,0.03511806451230297
0.5305,0.016502096675434338
0.531,0.034967247586008714
0.5315,0.07721723130594929
0.532,0.09638195072307706
0.5325,0.06101460214672893
0.533,-0.004789713801441391
0.5335,-0.044447836438698006
0.534,-0.03166274447962526
0.5345,0.0030185989290141234
0.535,0.013523948628980716
0.5355,-0.004860966049972774
0.536,-0.011991240309648571
0.5365,0.02600764037096196
0.537,0.09238352222868597
0.5375,0.1287833737303838
0.538,0.08468472731758757
0.5385,-0.036318230064430586
0.539,-0.16688888260610507
0.5395,-0.21704623409547305
0.54,-0.14744108723817692
0.5405,-0.011421163924456908
0.541,0.08794984009995993
0.5415,0.09159491717005648
0.542,0.03231322916088887
0.5425,-0.009633191475878166
0.543,0.009277856442313503
0.5435,0.05877721735646753
0.544,0.07543682634424762
0.5445,0.03124982305473631
0.545,-0.04021091567758033
0.5455,-0.0784188730961476
0.546,-0.05117763058910075
0.5465,0.01978727801036547
0.547,0.08076520088620404
0.5475,0.0904709495543704
0.548,0.04521542363910107
0.5485,-0.030504848174730998
0.549,-0.10608108430323895
0.5495,-0.15393099232874144
0.55,-0.14893969333453624
0.5505,-0.07974883088438724
0.551,0.02958851063767147
0.5515,0.12214505976934135
0.552,0.15143012332401648
0.5525,0.12327613496135631
0.553,0.08328891996876264
0.5535,0.06527803503794144
0.554,0.06674247645620406
0.5545,0.07067544361583197
0.555,0.06743211583081832
0.5555,0.05157912992141591
0.556,0.023200402250528024
0.5565,0.0059204149715808875
0.557,0.04258086756623208
0.5575,0.148016427002533
0.558,0.26896214381273503
0.5585,0.3129950277706736
0.559,0.23145686358398634
0.5595,0.07125547666044149
0.56,-0.0626240200289794
0.5605,-0.09910875273288838
0.561,-0.058205730125490074
0.5615,-0.02086188708563761
0.562,-0.04506143231817897
0.5625,-0.11215287348200503
0.5630000000000001,-0.15314133774903818
0.5635,-0.12197094294756211
0.5640000000000001,-0.03984399176269029
0.5645,0.028960612008113024
0.5650000000000001,0.040572980711081924
0.5655,0.010483336388148808
0.5660000000000001,-0.009761217568032127
0.5665,0.00923341345577308
0.5670000000000001,0.047214888818384364
0.5675,0.06460025166472498
0.5680000000000001,0.04770810727701672
0.5685,0.01520556775984603
0.5690000000000001,-0.012199687465203422
0.5695,-0.03321886807851723
0.5700000000000001,-0.05355379301200044
0.5705,-0.06524021871947204
0.5710000000000001,-0.05304719715686529
0.5715,-0.018847937445371256
0.5720000000000001,0.013829595561729156
0.5725,0.022765117159958662
0.5730000000000001,0.009178340666240183
0.5735,-0.003412298752140017
0.5740000000000001,0.007712673155396196
0.5745,0.03875089021037519
0.5750000000000001,0.05920666872915902
0.5755,0.04416207424608895
0.5760000000000001,0.003815906571876185
0.5765,-0.026553126250106165
0.577,-0.02228041899402953
0.5775,0.013551818037600418
0.578,0.06261589982646099
0.5785,0.10429492472040722
0.579,0.1151120098877389
0.5795,0.07701243789420083
0.58,0.00334698302565062
0.5805,-0.05281283913288815
0.581,-0.03701813594091047
0.5815,0.05358897623137904
0.582,0.16267706450383645
0.5825,0.22182499479686252
0.583,0.20146150903041432
0.5835,0.12279422039796431
0.584,0.03541848492944853
0.5845,-0.01483750691735199
0.585,-0.010662669339679886
0.5855,0.029480694656465245
0.586,0.06446875057484161
0.5865,0.057776419062216706
0.587,0.004311983472192121
0.5875,-0.0642495281160553
0.588,-0.10440824630364356
0.5885,-0.09443418197164805
0.589,-0.04736542443213296
0.5895,0.0012835826723797284
0.59,0.018769579796293633
0.5905,-0.0006874403439582882
0.591,-0.032056060182207156
0.5915,-0.04569223990553624
0.592,-0.03777993941769004
0.5925,-0.026380279823517355
0.593,-0.016827162225570985
0.5935,0.01390930198868813
0.594,0.08385609565929558
0.5945,0.16297352642857998
0.595,0.1857237110112933
0.5955,0.1181741173833747
0.596,0.00017844117067776326
0.5965,-0.09327815340747155
0.597,-0.12570012761245225
0.5975,-0.12018577374209186
0.598,-0.11183552969549469
0.5985,-0.09808982744585595
0.599,-0.04651342424732281
0.5995,0.053003157829098785
0.6,0.15365867207756076
0.6005,0.17984419348135341
0.601,0.10001776198672109
0.6015,-0.029063272203640002
0.602,-0.10471024830663112
0.6025,-0.07391529010990588
0.603,0.018872854313633922
0.6035,0.08333447710177527
0.604,0.07327303522988944
0.6045,0.01807830243331182
0.605,-0.02508198651743228
0.6055,-0.03224078426062783
0.606,-0.019713093381663955
0.6065,-0.003346052278263216
0.607,0.027730427288418104
0.6075,0.08788549376072026
0.608,0.15916924871538823
0.6085,0.19703830485842425
0.609,0.17300015193390433
0.6095,0.1017398971052388
0.61,0.026557273035601202
0.6105,-0.012938382762755815
0.611,-0.0023813933139001115
0.6115,0.04102612777596424
0.612,0.0769936686283762
0.6125,0.06915601532724545
0.613,0.016835375992805903
0.6135,-0.04039874693325891
0.614,-0.05666554420903955
0.6145,-0.021631782982943583
0.615,0.031011448447680154
0.6155,0.056646007687341834
0.616,0.04008523821102379
0.6165,0.0014802856021080182
0.617,-0.03244096585425471
0.6175,-0.05077042045281343
0.618,-0.05162884136563132
0.6185,-0.03154616975676636
0.619,0.004757674978298103
0.6195,0.033931596535907146
0.62,0.03031157010692089
0.6205,-0.005000330585441696
0.621,-0.03957407519800186
0.6215,-0.03822961284442992
0.622,0.005918463617366117
0.6225,0.06873514044989062
0.623,0.11755316453671819
0.6235,0.13264525494842364
0.624,0.1114236027542888
0.6245,0.061696706204791604
0.625,-0.00274295009651222
0.6255000000000001,-0.06195595582884704
0.626,-0.09235925634167479
0.6265000000000001,-0.07608231150999784
0.627,-0.01399816079660033
0.6275000000000001,0.06576730862276904
0.628,0.1159048977302141
0.6285000000000001,0.1004209432043105
0.629,0.02794008355844701
0.6295000000000001,-0.049491504762395624
0.63,-0.07914940122858591
0.6305000000000001,-0.04834189287979079
0.631,0.015763103640963592
0.6315000000000001,0.0723815762466636
0.632,0.08772918276285276
0.6325000000000001,0.0485038801770037
0.633,-0.02681158157218621
0.6335000000000001,-0.09588450068473914
0.634,-0.12651564760047734
0.6345000000000001,-0.12380273498634194
0.635,-0.11506382844235374
0.6355000000000001,-0.10732813261712386
0.636,-0.07119967412575791
0.6365000000000001,0.02220659107273714
0.637,0.15054320251845826
0.6375000000000001,0.24055669030385093
0.638,0.2313161949131462
0.6385000000000001,0.13626083144688234
0.639,0.03363863359954532
0.6395000000000001,-0.007453583955899186
0.64,0.012203289941877025
0.6405,0.034009029466983046
0.641,0.008671648315211992
0.6415,-0.05014731382228944
0.642,-0.07798824614244926
0.6425,-0.02588328075688581
0.643,0.08646397640322127
0.6435,0.18461343448847087
0.644,0.20170613706800522
0.6445,0.12629261973041925
0.645,0.003652308709892447
0.6455,-0.09344739874697187
0.646,-0.10307652394100142
0.6465,-0.013228035338282438
0.647,0.11832690915948506
0.6475,0.19569855468130634
0.648,0.1611457592870411
0.6485,0.047712744671800165
0.649,-0.050861193778138046
0.6495,-0.06571397607608276
0.65,-0.008835179152346752
0.6505,0.04959641730548447
0.651,0.052649835638105366
0.6515,0.005643879132059105
0.652,-0.041589793744996544
0.6525,-0.05471230225437683
0.653,-0.048964618909796566
0.6535,-0.0611684963435479
0.654,-0.09692521751870704
0.6545,-0.11768042798635853
0.655,-0.0832875065382091
0.6555,-0.00038167354045630895
0.656,0.08008666247680664
0.6565,0.1136063725021871
0.657,0.10223611605004809
0.6575,0.08029907523921294
0.658,0.06837186815376833
0.6585,0.052969111334399945
0.659,0.013731718192462274
0.6595,-0.03918501771065647
0.66,-0.06690986572799705
0.6605,-0.0432956612128127
0.661,0.01316611207136475
0.6615,0.055810692068371595
0.662,0.057747085220222316
0.6625,0.03769106822102771
0.663,0.03360955034079956
0.6635,0.05520935080032591
0.664,0.07281856747375316
0.6645,0.05405539422141153
0.665,-0.0002641002559129633
0.6655,-0.06246779959281335
0.666,-0.10819191747778258
0.6665,-0.12781500797713313
0.667,-0.1174436733230133
0.6675,-0.07896195886848642
0.668,-0.029295600741642246
0.6685,0.009809622418122369
0.669,0.03879170403283001
0.6695,0.08210859957385055
0.67,0.14979911078256264
0.6705,0.20602605999983492
0.671,0.19649893668421015
0.6715,0.11373957180749701
0.672,0.020566816576287335
0.6725,-0.007392745045013317
0.673,0.037755155371970064
0.6735,0.08536895380926547
0.674,0.06300451754636349
0.6745,-0.02396041257508185
0.675,-0.10070173217339147
0.6755,-0.10574741949602265
0.676,-0.04837411354088427
0.6765,0.01823775892336827
0.677,0.060777028708552165
0.6775,0.08849587037602244
0.678,0.12230951582178873
0.6785,0.15783717994960136
0.679,0.16339248362186556
0.6795,0.1126469859027219
0.68,0.018923202992831758
0.6805,-0.06632070729002418
0.681,-0.09578776676824996
0.6815,-0.06926493601496583
0.682,-0.0313758341445795
0.6825,-0.025503144421677348
0.683,-0.05208002366270629
0.6835,-0.07292225960301349
0.684,-0.05392672977970833
0.6845,-0.00040434748707216406
0.685,0.04961827787399825
0.6855,0.06298690445626436
0.686,0.04000178197238598
0.6865,0.010391182946685342
0.687,0.00624377124864193
0.6875,0.03510227003349156
0.6880000000000001,0.07200569130705782
0.6885,0.0787440487325395
0.6890000000000001,0.03803018320179494
0.6895,-0.028050981966431694
0.6900000000000001,-0.07362987678027887
0.6905,-0.0640077879635826
0.6910000000000001,-0.0011081855758815341
0.6915,0.07707861472470963
0.6920000000000001,0.12155888331355157
0.6925,0.10655346436328442
0.6930000000000001,0.048855463288672574
0.6935,-0.005695272079750091
0.6940000000000001,-0.022066813306617864
0.6945,-0.008920964208488032
0.6950000000000001,-0.00816790582773023
0.6955,-0.04342520793324695
0.6960000000000001,-0.08500928359502391
0.6965,-0.08353568510478639
0.6970000000000001,-0.036502337887725465
0.6975,0.0021613845346574907
0.6980000000000001,-0.013075312516423274
0.6985,-0.06480811739476258
0.6990000000000001,-0.09499095074515665
0.6995,-0.06670324696454459
0.7000000000000001,0.007941795709575934
0.7005,0.08635482876995945
0.7010000000000001,0.12511653946720985
0.7015,0.10123115449400699
0.7020000000000001,0.027565298839756502
0.7025,-0.045477091409584
0.7030000000000001,-0.05950578723872295
0.7035,0.0009967550323988442
0.704,0.08629271852420554
0.7045,0.12440549019536395
0.705,0.0919098725174938
0.7055,0.032744824722574624
0.706,0.005694773147493833
0.7065,0.026758596047930804
0.707,0.06850753857106884
0.7075,0.10119025007441514
0.708,0.11727813082738742
0.7085,0.11846914803238957
0.709,0.10046680947976148
0.7095,0.06585675769743912
0.71,0.040378893310880105
0.7105,0.052550303785540056
0.711,0.09234602599819132
0.7115,0.10832789407853441
0.712,0.06049255361897603
0.7125,-0.030138282477200552
0.713,-0.09795617194211519
0.7135,-0.09898969140831354
0.714,-0.050341015064704786
0.7145,-0.0014116848335124508
0.715,0.021750385864047095
0.7155,0.03196309577800452
0.716,0.045581515773805176
0.7165,0.04769813494341466
0.717,0.004370328021665183
0.7175,-0.09131901886010135
0.718,-0.19562383996437954
0.7185,-0.2447840444870823
0.719,-0.20743543509318502
0.7195,-0.10351443247228015
0.72,0.018572670588301105
0.7205,0.11060319925083249
0.721,0.13964805175668502
0.7215,0.10002269119498305
0.722,0.02246697406340216
0.7225,-0.037019734040961955
0.723,-0.032807116819425435
0.7235,0.03442505272597431
0.724,0.1164417682462699
0.7245,0.1597785396757785
0.725,0.15135447593086593
0.7255,0.11764467024214685
0.726,0.08422664761613625
0.7265,0.050459272417624434
0.727,0.007492493887529939
0.7275,-0.031025325082514876
0.728,-0.031066889417325244
0.7285,0.022446336391786528
0.729,0.09391896142832382
0.7295,0.11867673986510793
0.73,0.06507089705136239
0.7305,-0.03005965666759703
0.731,-0.09439559826734771
0.7315,-0.08400860407207986
0.732,-0.011342768517271475
0.7325,0.07802403854301522
0.733,0.14206148943726302
0.7335,0.15909245519568418
0.734,0.12535732984348322
0.7345,0.04935177902547587
0.735,-0.04958819491651479
0.7355,-0.14188348635111026
0.736,-0.1931118361178127
0.7365,-0.17650936838634815
0.737,-0.08913518936881445
0.7375,0.03899142616335997
0.738,0.15478436074848897
0.7385,0.208855723181675
0.739,0.1798448575577834
0.7395,0.08136755964166632
0.74,-0.04597411838397567
0.7405,-0.15062625767823493
0.741,-0.19093850995713121
0.7415,-0.15451135573880778
0.742,-0.06562990956080521
0.7425,0.026359574091352672
0.743,0.07411453812851306
0.7435,0.05893533114067748
0.744,0.00021335738529002293
0.7445,-0.05731370087952718
0.745,-0.07278749715258816
0.7455,-0.04105055569707772
0.746,-0.0017132375130498555
0.7465,-0.005175790643810267
0.747,-0.057704470229801304
0.7475,-0.10640622823504849
0.748,-0.0920854692897314
0.7485,-0.015731729265766534
0.749,0.060029061012135496
0.7495,0.07865777609012156
0.75,0.04733621238088405
0.7505000000000001,0.01871621314329814
0.751,0.026279527334029804
0.7515000000000001,0.056466838226744885
0.752,0.08168591201622706
0.7525000000000001,0.09489022298105454
0.753,0.1008531399973459
0.7535000000000001,0.09632371032479436
0.754,0.07946023131841554
0.7545000000000001,0.06509643752403935
0.755,0.06753685915128767
0.7555000000000001,0.07326482102737837
0.756,0.05421245600505142
0.7565000000000001,0.01432000540486
0.757,0.0036317281866756245
0.7575000000000001,0.06546562269430813
0.758,0.17024387133628832
0.7585000000000001,0.22274226869128477
0.759,0.15369116708586314
0.7595000000000001,0.0005529546836518994
0.76,-0.11875066015848623
0.7605000000000001,-0.1152996582795765
0.761,-0.004122276519792278
0.7615000000000001,0.12348753736506037
0.762,0.18196606630261564
0.7625000000000001,0.14574079594607425
0.763,0.05167811474144453
0.7635000000000001,-0.03149148765853094
0.764,-0.052457027498313394
0.7645000000000001,-0.020436315127955768
0.765,0.005047962754729676
0.7655000000000001,-0.018268170507033624
0.766,-0.06626033594388976
0.7665000000000001,-0.08094776569473101
0.767,-0.04216536096442169
0.7675000000000001,0.012230132558238054
0.768,0.034849274057252355
0.7685,0.018770037577825603
0.769,-0.0066283343095050245
0.7695,-0.01648582371416078
0.77,-0.015658294389871895
0.7705,-0.027222030023834422
0.771,-0.06447802953874573
0.7715,-0.11371959870621068
0.772,-0.14094541266640556
0.7725,-0.12119392967513237
0.773,-0.06924716588766135
0.7735,-0.035782335921836966
0.774,-0.05957381381704883
0.7745,-0.1208111043923019
0.775,-0.15014043461910806
0.7755,-0.09100193273040276
0.776,0.04280396116561197
0.7765,0.1699150215692553
0.777,0.2087204394777612
0.7775,0.15202823259478335
0.778,0.07337761488592556
0.7785,0.05106213242552777
0.779,0.08853480657504519
0.7795,0.11918956151552336
0.78,0.08495569156302013
0.7805,-0.0038476134956439093
0.781,-0.0840920681859324
0.7815,-0.10071331512536076
0.782,-0.05440055305629415
0.7825,-0.0026704012330432897
0.783,-0.010719927162988769
0.7835,-0.08482611001061816
0.784,-0.15244508716527844
0.7845,-0.12540829156971625
0.785,0.004712145695345468
0.7855,0.14297222024545142
0.786,0.178917125113927
0.7865,0.09847493552684762
0.787,-0.003231140076767747
0.7875,-0.01981291238000315
0.788,0.06835156863771874
0.7885,0.19119740065613225
0.789,0.2607203512891311
0.7895,0.23372434334271913
0.79,0.12426643084210909
0.7905,-0.014989778557125097
0.791,-0.11853639622390695
0.7915,-0.13807091553316359
0.792,-0.06913566470993186
0.7925,0.048312185231761486
0.793,0.15928159624276322
0.7935,0.22266059468229665
0.794,0.21663933415965284
0.7945,0.13701831302375167
0.795,0.008357091194880036
0.7955,-0.11048669794430974
0.796,-0.15578159023236304
0.7965,-0.10820057563366706
0.797,-0.009824221784265638
0.7975,0.07310542908495565
0.798,0.10120902568548742
0.7985,0.07586389233809773
0.799,0.017571554695139324
0.7995,-0.053195746934745394
0.8,-0.11739688948738375
0.8005,-0.1554338264960461
0.801,-0.15066255773188714
0.8015,-0.09556660927782311
0.802,-0.00018276419251504576
0.8025,0.1014510624834943
0.803,0.16046202672633036
0.8035,0.14154065682593808
0.804,0.05064240670831041
0.8045,-0.06357048013571956
0.805,-0.1398063849905797
0.8055,-0.14465612386963395
0.806,-0.09067622111655305
0.8065,-0.016158594468603592
0.807,0.04949076162731558
0.8075,0.0948750437919354
0.808,0.10914567827869723
0.8085,0.07631587030457751
0.809,-0.002704074431951204
0.8095,-0.09236658775041298
0.81,-0.1411072025358759
0.8105,-0.12329789882158626
0.811,-0.0622350496632091
0.8115,-0.010216478691589256
0.812,-0.003146105513141184
0.8125,-0.03055756999701864
0.8130000000000001,-0.04921716397783992
0.8135,-0.029224293907755952
0.8140000000000001,0.01235692030218007
0.8145,0.027514676159633294
0.8150000000000001,-0.009489037176560213
0.8155,-0.0668440574361654
0.8160000000000001,-0.07948771930956296
0.8165,-0.012480863606935705
0.8170000000000001,0.1013170937532673
0.8175,0.18774335527574684
0.8180000000000001,0.19507071085743205
0.8185,0.1360268373145111
0.8190000000000001,0.07158896793033503
0.8195,0.05050559780633675
0.8200000000000001,0.062350025386278596
0.8205,0.0549439398890484
0.8210000000000001,-0.00132335943975034
0.8215,-0.07564231291097334
0.8220000000000001,-0.10744177646121195
0.8225,-0.06707388116363
0.8230000000000001,0.020463404518913604
0.8235,0.10581165478208168
0.8240000000000001,0.15897102329910873
0.8245,0.1838968265938404
0.8250000000000001,0.20035464028930708
0.8255,0.21822198512879348
0.8260000000000001,0.22630802953181206
0.8265,0.19952137106583093
0.8270000000000001,0.11900255955153577
0.8275,-0.002859158671941614
0.8280000000000001,-0.11380466744161358
0.8285,-0.15412241422524545
0.8290000000000001,-0.11322060369398249
0.8295,-0.04713031946894647
0.8300000000000001,-0.025614392971398517
0.8305,-0.06530279840716356
0.8310000000000001,-0.12500564671721046
0.8315,-0.15838624323654096
0.8320000000000001,-0.15447689728640424
0.8325,-0.12990774917075387
0.833,-0.10130514728644648
0.8335,-0.07292921770495296
0.834,-0.03983289381036502
0.8345,0.0053472377143955275
0.835,0.06130462934843723
0.8355,0.10633366209260472
0.836,0.10656937317536566
0.8365,0.05039588444683078
0.837,-0.026179614616242016
0.8375,-0.06399057730116843
0.838,-0.03930475742430923
0.8385,0.011036777675170993
0.839,0.03327687822370792
0.8395,0.018606372003285358
0.84,0.007958130716494597
0.8405,0.03687651789373739
0.841,0.09038823017451342
0.8415,0.12081164010448368
0.842,0.10318894829756411
0.8425,0.05989525027953329
0.843,0.02813665566847723
0.8435,0.01655572434774028
0.844,0.003700686392223103
0.8445,-0.029532234779745356
0.845,-0.07615843897667672
0.8455,-0.1065602356936246
0.846,-0.09139771719118744
0.8465,-0.029980894874783646
0.847,0.040468196013169117
0.8475,0.0746713867577199
0.848,0.06345281041928721
0.8485,0.03884816646559
0.849,0.032504315789637216
0.8495,0.04140617080012328
0.85,0.04175277490370159
0.8505,0.02608354644700451
0.851,0.013656567220277926
0.8515,0.02451924219018399
0.852,0.052424914082547444
0.8525,0.0678514635948385
0.853,0.04653673053573658
0.8535,-0.0038822044751640992
0.854,-0.044843436600122584
0.8545,-0.04129218593629198
0.855,3.545136175580471e-05
0.8555,0.03398679984941592
0.856,0.024983943538375873
0.8565,-0.014681016716932463
0.857,-0.04200457879700633
0.8575,-0.033875551929395724
0.858,-0.009188153925746966
0.8585,0.0009477713564523415
0.859,-0.0072112200547476656
0.8595,-0.009281854491515829
0.86,0.014741493865698077
0.8605,0.05630305698990718
0.861,0.08322754092369519
0.8615,0.06210181368737898
0.862,-0.016772368134686008
0.8625,-0.12230927380369586
0.863,-0.19165811462903587
0.8635,-0.17325813742217755
0.864,-0.07381873175337277
0.8645,0.037971148741201485
0.865,0.08371421844106497
0.8655,0.04305522734869942
0.866,-0.024851863427358744
0.8665,-0.0334765388873227
0.867,0.047586886704494534
0.8675,0.1587978046205061
0.868,0.20329012996717682
0.8685,0.1354961513204006
0.869,0.002032423029234103
0.8695,-0.09835516208721946
0.87,-0.09654116923548664
0.8705,-0.006472841127849243
0.871,0.09429272365243897
0.8715,0.13855357364845225
0.872,0.1262395650220796
0.8725,0.10729733899746977
0.873,0.11377326566576695
0.8735,0.12030360082340806
0.874,0.07636176535084131
0.8745,-0.028839024102522322
0.875,-0.14150521664995502
0.8755000000000001,-0.18729850339650894
0.876,-0.14175156266742522
0.8765000000000001,-0.05495539468991537
0.877,-0.0032767101323565202
0.8775000000000001,-0.01815876248932404
0.878,-0.06465793650251997
0.8785000000000001,-0.0839680172396025
0.879,-0.04902932325734788
0.8795000000000001,0.017650019750974206
0.88,0.06890200967181626
0.8805000000000001,0.07174669556834076
0.881,0.029917530893013494
0.8815000000000001,-0.02160711652454758
0.882,-0.04244947669145571
0.8825000000000001,-0.017269327738189868
0.883,0.02979400985321071
0.8835000000000001,0.05543498878062887
0.884,0.04036544711089453
0.8845000000000001,0.009103008565550137
0.885,0.0013566480048336606
0.8855000000000001,0.029468502339575535
0.886,0.07057246935222607
0.8865000000000001,0.09431937150332889
0.887,0.08854981174799985
0.8875000000000001,0.060969257675416284
0.888,0.028699074204895272
0.8885000000000001,0.01120375441218615
0.889,0.021518964676826784
0.8895000000000001,0.049285012151569454
0.89,0.05586931576644598
0.8905000000000001,0.00500713819057475
0.891,-0.09296379506247836
0.8915000000000001,-0.1753369829233068
0.892,-0.17569157574435074
0.8925000000000001,-0.085160031415513
0.893,0.032493942473075
0.8935000000000001,0.09422199839143112
0.894,0.07415190121850843
0.8945000000000001,0.02190309039580817
0.895,-0.0006756101286033815
0.8955000000000001,0.0123453176741874
0.896,0.021171787481631482
0.8965,0.005633606532346479
0.897,-0.008157517536281097
0.8975,0.009923488576060697
0.898,0.0486689660426614
0.8985,0.06475231477183441
0.899,0.02607170395494688
0.8995,-0.05881282066385488
0.9,-0.14094121334496326
0.9005,-0.15688944585299255
0.901,-0.07545862478267337
0.9015,0.06308295783090967
0.902,0.16401264820309122
0.9025,0.1559878761869942
0.903,0.05688498465002434
0.9035,-0.04653746918806698
0.904,-0.08521499818224741
0.9045,-0.06533956142568251
0.905,-0.03902528081196398
0.9055,-0.03337552069673592
0.906,-0.02644609277522716
0.9065,0.009419048274412705
0.907,0.06416023416313861
0.9075,0.10404866972854236
0.908,0.11618864601049962
0.9085,0.12092273820657813
0.909,0.1402134465738098
0.9095,0.164870285661686
0.91,0.15977486694997597
0.9105,0.10143686912538524
0.911,0.0051874466502874785
0.9115,-0.08905740919368736
0.912,-0.15107853239463448
0.9125,-0.17141337669323328
0.913,-0.1489838623723208
0.9135,-0.0895398066753042
0.914,-0.01876533515917196
0.9145,0.020291116639857908
0.915,-0.0037996452981350955
0.9155,-0.07908795844906812
0.916,-0.14528328550584294
0.9165,-0.13030775428264146
0.917,-0.012558252710865764
0.9175,0.14490368785220784
0.918,0.23610406260172723
0.9185,0.20233794557855614
0.919,0.08068429579898387
0.9195,-0.03708667517151082
0.92,-0.08639741065215176
0.9205,-0.07262313613720245
0.921,-0.04636888820219426
0.9215,-0.04645147534042674
0.922,-0.06814891220005675
0.9225,-0.08074207654345214
0.923,-0.06389530098893341
0.9235,-0.023595506830657826
0.924,0.01549828155866868
0.9245,0.028037730015394738
0.925,0.010354244498260135
0.9255,-0.010440207128378502
0.926,-0.00225016773168617
0.9265,0.033117399225364226
0.927,0.05895763825750508
0.9275,0.04556503972393258
0.928,0.004776906261080962
0.9285,-0.01966773629079553
0.929,0.006456750953792638
0.9295,0.07249539053831934
0.93,0.12607027464185128
0.9305,0.11795938804172763
0.931,0.05040817795210296
0.9315,-0.02144401876876393
0.932,-0.04047331150018611
0.9325,0.002037338464913193
0.933,0.06856179768354279
0.9335,0.11937194221258889
0.934,0.14227283387608763
0.9345,0.1401686675700077
0.935,0.107515296712975
0.9355,0.0354164713801583
0.936,-0.062287567385784226
0.9365,-0.14308158563616025
0.937,-0.1658812166288354
0.9375,-0.12508438703605063
0.9380000000000001,-0.05075481497094926
0.9385,0.019680940831946055
0.9390000000000001,0.06267208541434861
0.9395,0.06835118445490103
0.9400000000000001,0.03678376420336151
0.9405,-0.016146555499301392
0.9410000000000001,-0.05686470193980623
0.9415,-0.053494877839290425
0.9420000000000001,-0.004944224470027311
0.9425,0.053959338296570215
0.9430000000000001,0.08397855132971524
0.9435,0.07674596254590094
0.9440000000000001,0.0511722860552726
0.9445,0.01853412083293784
0.9450000000000001,-0.031485257862462805
0.9455,-0.10291620412196889
0.9460000000000001,-0.1675842349215709
0.9465,-0.18600431210607565
0.9470000000000001,-0.1537570883851492
0.9475,-0.110443797104645
0.9480000000000001,-0.09324873268286175
0.9485,-0.0928230432206201
0.9490000000000001,-0.0682742567818618
0.9495,-0.00053431629924287
0.9500000000000001,0.08068754040059231
0.9505,0.12319981023773646
0.9510000000000001,0.10110733061977341
0.9515,0.03802878560687068
0.9520000000000001,-0.015546712207443992
0.9525,-0.025763458982083164
0.9530000000000001,0.003099727249824937
0.9535,0.04277879827643384
0.9540000000000001,0.0682812023324592
0.9545,0.07423583829710365
0.9550000000000001,0.07462742304135962
0.9555,0.08898992673304468
0.9560000000000001,0.12259588306116227
0.9565,0.15684486566025074
0.9570000000000001,0.16141063141761897
0.9575,0.11795609705046657
0.9580000000000001,0.03608610889706135
0.9585,-0.0469931238296199
0.9590000000000001,-0.08681072690906033
0.9595,-0.0690565932584561
0.96,-0.031374533692093816
0.9605,-0.03088367055284431
0.961,-0.08135770390350298
0.9615,-0.13635538941771508
0.962,-0.1423250901497852
0.9625,-0.0953571810610387
0.963,-0.037730892418583406
0.9635,-0.010611663665131521
0.964,-0.01960672561556815
0.9645,-0.037613902698505855
0.965,-0.030187356810318186
0.9655,0.01624227355166035
0.966,0.07792107811765032
0.9665,0.10767164613540574
0.967,0.08092025289959728
0.9675,0.02975165906361417
0.968,0.01444673955558234
0.9685,0.055448188422239995
0.969,0.10893788561956545
0.9695,0.11681416609834291
0.97,0.06628537159386624
0.9705,-0.008057020207731953
0.971,-0.06582199256932567
0.9715,-0.08937255620406993
0.972,-0.08053783434639272
0.9725,-0.05134479145370037
0.973,-0.02383676695427926
0.9735,-0.021707209397304777
0.974,-0.04547695540820264
0.9745,-0.06000627320974715
0.975,-0.022603584295376757
0.9755,0.06878313178613214
0.976,0.16188477500420703
0.9765,0.19428909949103756
0.977,0.15264730817175537
0.9775,0.08318549751515911
0.978,0.043487234970513246
0.9785,0.049537763804637605
0.979,0.07054323690809666
0.9795,0.06611024514966138
0.98,0.021334445414970336
0.9805,-0.04618371759233353
0.981,-0.09965416065372235
0.9815,-0.1058255469914806
0.982,-0.06159677730567872
0.9825,-0.0038455991994911717
0.983,0.018077919419907683
0.9835,-0.014315987251842107
0.984,-0.07696142463727079
0.9845,-0.1333683793525165
0.985,-0.16845587863374456
0.9855,-0.1909309774418437
0.986,-0.20911856002170662
0.9865,-0.21412717861794434
0.987,-0.19224679461633531
0.9875,-0.14628452381246762
0.988,-0.09095360209444811
0.9885,-0.02969940563396268
0.989,0.04686100363268033
0.9895,0.13647807787259428
0.99,0.2144663503445963
0.9905,0.25387950912980095
0.991,0.24692198854519298
0.9915,0.200426552102729
0.992,0.11811688723386046
0.9925,0.001335730740569419
0.993,-0.1264199450847927
0.9935,-0.20852830999637978
0.994,-0.19193496033140586
0.9945,-0.08159619707242004
0.995,0.0554371433130062
0.9955,0.14798813437127656
0.996,0.1755869610602213
0.9965,0.16447527015073102
0.997,0.1420556834272682
0.9975,0.10681101783690257
0.998,0.044095967729442194
0.9985,-0.03595005147772609
0.999,-0.08964339089601447
0.9995,-0.07974877869740057
1.0,-0.02056646972551242
1.0005,0.030897574306188308
1.0010000000000001,0.03357970660562419
1.0015,0.003138692064440539
1.002,-0.011497318738205165
1.0025,0.015257234240528682
1.0030000000000001,0.061071984228329164
1.0035,0.08338640340486732
1.004,0.06031801009726713
1.0045,0.004459509470839573
1.0050000000000001,-0.05033123437412051
1.0055,-0.07181759633622707
1.006,-0.0528065471844097
1.0065,-0.020217403587267112
1.0070000000000001,-0.012608296605314333
1.0075,-0.041611187618893514
1.008,-0.07890514717490024
1.0085,-0.08324288581078919
1.0090000000000001,-0.038576015205353795
1.0095,0.029320364132998017
1.01,0.06688202575747107
1.0105,0.03138669763926582
1.0110000000000001,-0.06703603747782651
1.0115,-0.15955149451710474
1.012,-0.17080313276541473
1.0125,-0.08994496735278315
1.0130000000000001,0.014953706275089625
1.0135,0.06333271170788837
1.014,0.03970019398035349
1.0145,-0.003942896451606399
1.0150000000000001,-0.01700488584525946
1.0155,-0.00472962792240477
1.016,-0.007273457593918168
1.0165,-0.03596695607043828
1.0170000000000001,-0.04974790613106739
1.0175,-0.0046899934470682105
1.018,0.08154703682216198
1.0185,0.13126728950380667
1.0190000000000001,0.08352671680909017
1.0195,-0.03098605774485487
1.02,-0.10318562311476688
1.0205,-0.046204787965688957
1.0210000000000001,0.11546236353847868
1.0215,0.26159465859477404
1.022,0.28091425399695846
1.0225,0.16253752133988342
1.0230000000000001,-0.003555172043438605
1.0235,-0.10525373058388446
1.024,-0.09418889362625883
1.0245,-0.01260091537913215
1.025,0.053027835812299834
1.0255,0.04757274719319531
1.026,-0.013571888327366149
1.0265,-0.07184395185563355
1.027,-0.08594591480437466
1.0275,-0.06318412016349079
1.028,-0.037904252928829076
1.0285,-0.03232514583533476
1.029,-0.04231193719646314
1.0295,-0.05033915533907031
1.03,-0.043434220012261146
1.0305,-0.021996174181507906
1.031,0.003020879064693835
1.0315,0.020032035715624667
1.032,0.024198824190127633
1.0325,0.017956131876029617
1.033,0.008950595439691005
1.0335,0.006369707759392251
1.034,0.012412962450175254
1.0345,0.014751241839755945
1.035,-0.006304172729384182
1.0355,-0.05487749350140362
1.036,-0.10354185427365833
1.0365,-0.11005488803987354
1.037,-0.05974882824278761
1.0375,0.00975343231762333
1.038,0.03447599493254746
1.0385,-0.019148509507096588
1.039,-0.12045303284271736
1.0395,-0.1956372779092582
1.04,-0.1860870278346237
1.0405,-0.0944379838778314
1.041,0.020762682552354174
1.0415,0.09428456461144008
1.042,0.0999915828102989
1.0425,0.05723242911794869
1.043,0.007105669403550511
1.0435,-0.012278556834578066
1.044,0.01820831825561611
1.0445,0.08742714869195466
1.045,0.1558737361757247
1.0455,0.18103216113108733
1.046,0.1493282945371237
1.0465,0.08238668686809572
1.047,0.011111147551185915
1.0475,-0.05139401097590929
1.048,-0.10563991459122037
1.0485,-0.13893183693143776
1.049,-0.11914602518764165
1.0495,-0.030499490844408762
1.05,0.08618592587187067
1.0505,0.1469586713727672
1.051,0.09575839175141734
1.0515,-0.03617936804720824
1.052,-0.15162070071968758
1.0525,-0.17304487975454122
1.053,-0.10359161443115557
1.0535,-0.005620301619793315
1.054,0.06552916358951462
1.0545,0.09835394725859531
1.055,0.11221493166841341
1.0555,0.12826729369317527
1.056,0.15155020134655306
1.0565,0.16739128629122493
1.057,0.15301381302953063
1.0575,0.09998754303283475
1.058,0.02626495610237213
1.0585,-0.037417207292151956
1.059,-0.07141139338348207
1.0595,-0.0746387598631119
1.06,-0.05341834265052661
1.0605,-0.013179909594909368
1.061,0.03449430381063984
1.0615,0.0628729923276071
1.062,0.0402153226965975
1.0625,-0.04049606707585946
1.063,-0.14117209459239996
1.0635000000000001,-0.19877526448536803
1.064,-0.17730489057051987
1.0645,-0.10113385640314027
1.065,-0.03146366376836738
1.0655000000000001,-0.008748374918784567
1.066,-0.022670901099566584
1.0665,-0.03707416291769666
1.067,-0.03314567710543074
1.0675000000000001,-0.022059237971536888
1.068,-0.024023621055304045
1.0685,-0.04553516022886379
1.069,-0.07492370121233022
1.0695000000000001,-0.09146241515328474
1.07,-0.07877260955326529
1.0705,-0.038726426850992854
1.071,0.003417444149120369
1.0715000000000001,0.016973532126581422
1.072,-0.0010326855835968464
1.0725,-0.01628691934852875
1.073,0.0066345642445729556
1.0735000000000001,0.06020519405609076
1.074,0.09879566460053887
1.0745,0.08747475515209391
1.075,0.03374364095041154
1.0755000000000001,-0.02719682248156933
1.076,-0.06314709864806355
1.0765,-0.06177653483033049
1.077,-0.03482859891827958
1.0775000000000001,-0.01165797271760413
1.078,-0.017906025674018916
1.0785,-0.05306632170080144
1.079,-0.09066851792176363
1.0795000000000001,-0.10091684600623237
1.08,-0.07216734686508418
1.0805,-0.016171247922139784
1.081,0.04178119891089064
1.0815000000000001,0.08269828194378806
1.082,0.10739103018433571
1.0825,0.12359769208382017
1.083,0.12303364528857058
1.0835000000000001,0.0892544504739468
1.084,0.03150482007899589
1.0845,-0.0080422473730889
1.085,0.007637855095597534
1.0855000000000001,0.07150592235094927
1.086,0.13656007625525893
1.0865,0.15428459282018697
1.087,0.10890077609899124
1.0875000000000001,0.025050336916432464
1.088,-0.04856020876517092
1.0885,-0.06855498678530017
1.089,-0.02295764123908669
1.0895,0.06486401520549563
1.09,0.1533023290259587
1.0905,0.19907834388015702
1.091,0.167763612963477
1.0915,0.05387397537378779
1.092,-0.09727784690532583
1.0925,-0.20307348680807583
1.093,-0.20061419651561255
1.0935,-0.10067941245128816
1.094,0.012793451346462915
1.0945,0.042013653335137964
1.095,-0.049422841788894604
1.0955,-0.20393707673745437
1.096,-0.31264217814429024
1.0965,-0.3033551137011823
1.097,-0.19536690692641198
1.0975,-0.07137157540855153
1.098,-0.002420880175366821
1.0985,-0.0019617476966458814
1.099,-0.037082381212992135
1.0995,-0.0644864222117054
1.1,-0.05768108770293248
1.1005,-0.020204949275292386
1.101,0.017543247679518547
1.1015,0.024952931092244213
1.102,0.003868815469115745
1.1025,-0.011302785064539148
1.103,0.006625121736524295
1.1035,0.043073401899401974
1.104,0.05660951636919352
1.1045,0.02843105720780756
1.105,-0.011333292031903154
1.1055,-0.0123387847319379
1.106,0.04260567078968712
1.1065,0.11692019532955689
1.107,0.1535432131587441
1.1075,0.1254424817369472
1.108,0.05222614211503611
1.1085,-0.0250823180974061
1.109,-0.0756090948182202
1.1095,-0.0892618201143606
1.11,-0.07236661876964397
1.1105,-0.040755180093421564
1.111,-0.009811538122116811
1.1115,0.017618068072770807
1.112,0.053888955030542626
1.1125,0.11095012465809537
1.113,0.17560649942459602
1.1135,0.2033301154248555
1.114,0.15076262401065874
1.1145,0.023137017696924615
1.115,-0.11730739414444358
1.1155,-0.19795081883441754
1.116,-0.1892681698776734
1.1165,-0.11423212351044688
1.117,-0.01935210796668653
1.1175,0.05455783579430689
1.118,0.08614493130003763
1.1185,0.07859645511319177
1.119,0.055321215496322046
1.1195,0.04247383362751058
1.12,0.049539421272432306
1.1205,0.0629670516695502
1.121,0.05577396358970651
1.1215,0.008726275823834449
1.122,-0.06678921805921227
1.1225,-0.12623119007379124
1.123,-0.12590636516800363
1.1235,-0.06849782081003385
1.124,-0.005847413113022115
1.1245,0.01470793099298343
1.125,0.0005744070964198714
1.1255,-0.0033293832591752602
1.1260000000000001,0.020790571324759748
1.1265,0.035668275115818326
1.127,-0.004415323371099429
1.1275,-0.09233605018795377
1.1280000000000001,-0.1693452161860775
1.1285,-0.18299096266557197
1.129,-0.1311737598203467
1.1295,-0.053505456206222074
1.1300000000000001,0.005242478775649125
1.1305,0.022090286484926468
1.131,0.0024169370152716295
1.1315,-0.02748144541284301
1.1320000000000001,-0.0376161423697859
1.1325,-0.016715377982506552
1.133,0.015993085052637048
1.1335,0.02573866336483971
1.1340000000000001,-0.0042860249900009
1.1345,-0.05191939686749729
1.135,-0.07033280225181152
1.1355,-0.029702320428735354
1.1360000000000001,0.047370450905467223
1.1365,0.09363899704212794
1.137,0.05461894611827674
1.1375,-0.05236327826249854
1.1380000000000001,-0.14398504971204984
1.1385,-0.14495671273276772
1.139,-0.053659656867062006
1.1395,0.06654901056438273
1.1400000000000001,0.14862811269475237
1.1405,0.1663558878805703
1.141,0.13152970779127046
1.1415,0.06841521757171404
1.1420000000000001,-0.0028308959941288846
1.1425,-0.06679979143171555
1.143,-0.10768309003177644
1.1435,-0.11014444127055618
1.1440000000000001,-0.07043636629021259
1.1445,-0.007452204530492428
1.145,0.04430155263950268
1.1455,0.0609812692296206
1.1460000000000001,0.049167461619135835
1.1465,0.035477970286607985
1.147,0.036984938541681514
1.1475,0.04422357308969844
1.1480000000000001,0.030627680263720217
1.1485,-0.022927726995525602
1.149,-0.10576668671666134
1.1495,-0.1735047394888039
1.1500000000000001,-0.17400634613369884
1.1505,-0.09124511244657611
1.151,0.031950406630229834
1.1515,0.12213284407800938
1.1520000000000001,0.13451573708727826
1.1525,0.08693495398598707
1.153,0.03788726132105062
1.1535,0.03452068359832677
1.154,0.07592726676942059
1.1545,0.11638419704553372
1.155,0.10772682792329019
1.1555,0.04989580026185641
1.156,-0.004013876222641265
1.1565,-0.005527463380956043
1.157,0.0297365180295883
1.1575,0.035602989961048215
1.158,-0.03011893245869084
1.1585,-0.136599120476983
1.159,-0.2067141749836509
1.1595,-0.1843502306082156
1.16,-0.08109799939170122
1.1605,0.029258038179029465
1.161,0.06584547606046046
1.1615,0.0065423824468877016
1.162,-0.09413058772437613
1.1625,-0.15372524436711923
1.163,-0.12881695793199463
1.1635,-0.04094511272995011
1.164,0.046717081171846746
1.1645,0.07070610660664038
1.165,0.0034721920687795617
1.1655,-0.12421216454252339
1.166,-0.23192195890569828
1.1665,-0.24100864327964255
1.167,-0.13657436693255856
1.1675,0.019015344910266498
1.168,0.1371750599851894
1.1685,0.16840756295779807
1.169,0.12489527771466225
1.1695,0.054717471061792464
1.17,0.0020638498286746736
1.1705,-0.014797432752335471
1.171,-0.0006944108192251993
1.1715,0.02905323784514332
1.172,0.056130757677450425
1.1725,0.06714329061067732
1.173,0.06821657769613003
1.1735,0.08424699093215547
1.174,0.12373809738526809
1.1745,0.14729194921173017
1.175,0.09946429330759315
1.1755,-0.01607286643583186
1.176,-0.11663222731330145
1.1765,-0.11784539060395116
1.177,-0.024243723892047625
1.1775,0.0694209935604953
1.178,0.06425432327601527
1.1785,-0.055919026893563185
1.179,-0.210923995766742
1.1795,-0.29156622085737854
1.18,-0.2514001087715438
1.1805,-0.14047957919590412
1.181,-0.04760168974409203
1.1815,-0.013451996976998767
1.182,-0.009075322353159868
1.1825,0.007339599586883076
1.183,0.03568467170862463
1.1835,0.04638028676242092
1.184,0.028858580116349966
1.1845,0.003496642115748484
1.185,-0.0106059769020567
1.1855,-0.01528248305349146
1.186,-0.016073642469733477
1.1865,-0.007311241415288897
1.187,0.014279277132295511
1.1875,0.03700024053113694
1.188,0.04881169719543531
1.1885000000000001,0.05499418573868091
1.189,0.06714407124594335
1.1895,0.07731463310662992
1.19,0.05841230584824963
1.1905000000000001,-2.494129758396496e-05
1.191,-0.06397051210723377
1.1915,-0.07879379782691422
1.192,-0.026297974703269347
1.1925000000000001,0.04919504337621185
1.193,0.07703794083466857
1.1935,0.023776417772469284
1.194,-0.0758816083416348
1.1945000000000001,-0.14934451019533593
1.195,-0.14909805279071459
1.1955,-0.08648680459811049
1.196,-0.008139656093088109
1.1965000000000001,0.04740682803368117
1.197,0.06551868833344464
1.1975,0.04656158732967856
1.198,0.0017300153011299202
1.1985000000000001,-0.04320091867589461
1.199,-0.05646384510903956
1.1995,-0.024703571884744757
1.2,0.031386869098438776
1.2005000000000001,0.07144301322656159
1.201,0.06896899460818595
1.2015,0.03144012045543235
1.202,-0.012409702126528224
1.2025000000000001,-0.042972751059108444
1.203,-0.06373581351863139
1.2035,-0.0845133191930751
1.204,-0.09712620819500355
1.2045000000000001,-0.07703112445652052
1.205,-0.012459135743677926
1.2055,0.07416245530686516
1.206,0.13970875447830525
1.2065000000000001,0.15160570837898965
1.207,0.10284520169512591
1.2075,0.008623736858642228
1.208,-0.09536004677956998
1.2085000000000001,-0.15729890641877414
1.209,-0.13926574907029873
1.2095,-0.058373515981995444
1.21,0.014968175368141396
1.2105000000000001,0.017743282241196326
1.211,-0.04728850075784539
1.2115,-0.12032565589223745
1.212,-0.14589139587160954
1.2125000000000001,-0.11761348252613636
1.213,-0.066531986654361
1.2135,-0.01687857557248076
1.214,0.03696898203910974
1.2145000000000001,0.10695766360303467
1.215,0.17251643511380238
1.2155,0.1786126744972092
1.216,0.0837836843756687
1.2165,-0.083259203117335
1.217,-0.219369149786563
1.2175,-0.218669386627724
1.218,-0.0670321866378428
1.2185,0.13223516333116786
1.219,0.2349360956972439
1.2195,0.1719150815632548
1.22,0.004616176418704205
1.2205,-0.1310782638617227
1.221,-0.14677319062958963
1.2215,-0.07491662388216436
1.222,-0.021935848943180326
1.2225,-0.054177667093236626
1.223,-0.13588238354615823
1.2235,-0.17555662266030533
1.224,-0.12456108015511838
1.2245,-0.023514275311757954
1.225,0.04862744620917823
1.2255,0.058434661111095444
1.226,0.037168324829360534
1.2265,0.02790790030427339
1.227,0.04071305358611392
1.2275,0.06135889172899921
1.228,0.07756745552577635
1.2285,0.0831856759642857
1.229,0.07013966419187569
1.2295,0.03009492639865339
1.23,-0.035670794099621046
1.2305,-0.10923995779486663
1.231,-0.1580875010571715
1.2315,-0.1513157663424635
1.232,-0.08564884806320361
1.2325,0.0030438323446506667
1.233,0.061989273119208266
1.2335,0.06066315988555338
1.234,0.01089213762710571
1.2345,-0.04549444680531589
1.235,-0.06584471542212977
1.2355,-0.032278865969106514
1.236,0.03779799393246861
1.2365,0.10142888009555184
1.237,0.11772010161824213
1.2375,0.07692134027323695
1.238,0.008058806352349892
1.2385,-0.04218176336226667
1.239,-0.04301650389663918
1.2395,-0.001904470349342045
1.24,0.03887044676926561
1.2405,0.03210155351199538
1.241,-0.03497244844461357
1.2415,-0.1239314395246517
1.242,-0.17221493839910193
1.2425,-0.14521867163066762
1.243,-0.06544114248064438
1.2435,0.010035435330160453
1.244,0.04041856296324607
1.2445,0.030752372051496963
1.245,0.017950282176722503
1.2455,0.03232945925039252
1.246,0.06656212739635889
1.2465,0.07743102133151267
1.247,0.02694024985678061
1.2475,-0.07083282642312551
1.248,-0.15242945187065007
1.2485,-0.16357781068441102
1.249,-0.10873888174496478
1.2495,-0.035841352053236124
1.25,0.01768867516349996
1.2505,0.050650294319578335
1.2510000000000001,0.07552625514274601
1.2515,0.08803093761202682
1.252,0.06955710837835381
1.2525,0.01597079649320984
1.2530000000000001,-0.04763209979317721
1.2535,-0.0875014000269927
1.254,-0.09171304191315563
1.2545,-0.07381922779727801
1.2550000000000001,-0.05121927191581592
1.2555,-0.03037173086586574
1.256,-0.01373702199507103
1.2565,-0.010608652295224978
1.2570000000000001,-0.031183346446594006
1.2575,-0.06830097644203793
1.258,-0.09137055868953138
1.2585,-0.06885900532623412
1.2590000000000001,-0.003638753492036611
1.2595,0.05867863134044049
1.26,0.06806159422642051
1.2605,0.02063250886291367
1.2610000000000001,-0.03356121976694246
1.2615,-0.03522676922160463
1.262,0.030263899946693446
1.2625,0.11571134375028495
1.2630000000000001,0.14612295062602107
1.2635,0.08105256797423194
1.264,-0.047174605286089966
1.2645,-0.15830231933089534
1.2650000000000001,-0.18843325268099553
1.2655,-0.13118308693436137
1.266,-0.027945802515038386
1.2665,0.06711459883650941
1.2670000000000001,0.1156402933036591
1.2675,0.1085409152115311
1.268,0.06455306665503197
1.2685,0.013591186417117186
1.2690000000000001,-0.025298603634838056
1.2695,-0.05178793909205742
1.27,-0.07040835223096058
1.2705,-0.07377419070730849
1.2710000000000001,-0.04754096536120598
1.2715,0.006508762716174022
1.272,0.059006146251277376
1.2725,0.07025005174390976
1.2730000000000001,0.0205942385437065
1.2735,-0.07306608168039744
1.274,-0.1670243877387326
1.2745,-0.21892804799232599
1.2750000000000001,-0.21321749455102176
1.2755,-0.16393017051402917
1.276,-0.09585730423655625
1.2765,-0.025981347662859814
1.2770000000000001,0.03852537613485094
1.2775,0.09184754004947136
1.278,0.124765624025163
1.2785,0.12793918286967898
1.2790000000000001,0.09888808121311785
1.2795,0.04699592810515821
1.28,-0.007506815917214308
1.2805,-0.04136167999338613
1.281,-0.040404896511411915
1.2815,-0.010009272098846585
1.282,0.0254588992522189
1.2825,0.03864905419975414
1.283,0.021266047287839734
1.2835,-0.007082519173170813
1.284,-0.015852780697376553
1.2845,0.0053527198741844815
1.285,0.034362785438975044
1.2855,0.04002178615822671
1.286,0.016108394865802254
1.2865,-0.013390290183257826
1.287,-0.01970215939762265
1.2875,0.005839630889705124
1.288,0.04661792539059515
1.2885,0.07034497154710491
1.289,0.04878197310319145
1.2895,-0.01715781181579076
1.29,-0.09036329172054795
1.2905,-0.128403753071084
1.291,-0.12656037170356005
1.2915,-0.12089156466999786
1.292,-0.1436561263028259
1.2925,-0.185291979828299
1.293,-0.20817765165454713
1.2935,-0.18964879339406696
1.294,-0.1407714349604403
1.2945,-0.08683623461576057
1.295,-0.04092836580902192
1.2955,-0.00031370003431694
1.296,0.03734190185342001
1.2965,0.06330077010207537
1.297,0.06670820942370889
1.2975,0.049176260579928105
1.298,0.02666453846978294
1.2985,0.02080994942419392
1.299,0.048191932391272764
1.2995,0.10629574829037478
1.3,0.1634644212823667
1.3005,0.17509415801225836
1.301,0.12414000485681032
1.3015,0.0418954615156335
1.302,-0.02134319870420727
1.3025,-0.0432128822611364
1.303,-0.040774950413359476
1.3035,-0.04207792500097037
1.304,-0.05694495541477239
1.3045,-0.07494605080665497
1.305,-0.08277310462747954
1.3055,-0.07818008685804348
1.306,-0.06925654094533323
1.3065,-0.06382705411775538
1.307,-0.060353848317344146
1.3075,-0.05008966421576325
1.308,-0.029152629272878688
1.3085,-0.005661893933051502
1.309,0.007303977753891454
1.3095,0.0024114770500874997
1.31,-0.01853029341113033
1.3105,-0.04380485506731631
1.311,-0.052680646897657356
1.3115,-0.02984952442288942
1.312,0.012033839350573575
1.3125,0.0338443543832107
1.313,0.008132474930076572
1.3135000000000001,-0.04500159592512549
1.314,-0.07282014208366738
1.3145,-0.04710753682823121
1.315,0.0017537101187766685
1.3155000000000001,0.018048982823818796
1.316,-0.014865451358492165
1.3165,-0.05397258024243583
1.317,-0.04278782369343082
1.3175000000000001,0.02745181232065554
1.318,0.10506250432535613
1.3185,0.12518843524327034
1.319,0.07170419816880064
1.3195000000000001,-0.006416165616167117
1.32,-0.043146078929200374
1.3205,-0.019876172230631903
1.321,0.022284646529712567
1.3215000000000001,0.03219300868441847
1.322,0.0006421288204743521
1.3225,-0.039696072375970996
1.323,-0.054784816847205625
1.3235000000000001,-0.03921559582426317
1.324,-0.011644841267062764
1.3245,0.005116752301988638
1.325,-0.0024345064167785235
1.3255000000000001,-0.03145673626382585
1.326,-0.06040909676388952
1.3265,-0.060474639953522154
1.327,-0.019680096949672835
1.3275000000000001,0.04248222781915525
1.328,0.0872964363287725
1.3285,0.08467012159327388
1.329,0.03193127745894234
1.3295000000000001,-0.046878494840232585
1.33,-0.11607761656683632
1.3305,-0.14896681269897477
1.331,-0.1434263122264004
1.3315000000000001,-0.1215838958958575
1.332,-0.1110503534812161
1.3325,-0.12043871974455622
1.333,-0.1322979801514536
1.3335000000000001,-0.12429837464705115
1.334,-0.0970085884849909
1.3345,-0.07453046063294144
1.335,-0.07613474877392525
1.3355000000000001,-0.09296338976352533
1.336,-0.09739550368914755
1.3365,-0.0742672886550267
1.337,-0.03684949934305809
1.3375000000000001,-0.007163085894014371
1.338,0.013352726307243792
1.3385,0.04177450160999008
1.339,0.08453005692315785
1.3395000000000001,0.12437098506348199
1.34,0.1390536934581295
1.3405,0.12212580929441981
1.341,0.08230135478348992
1.3415000000000001,0.03340583738199334
1.342,-0.0073313249884898474
1.3425,-0.018896361706681367
1.343,0.01112730212250207
1.3435000000000001,0.06843183272858748
1.344,0.11288593737770054
1.3445,0.10686527575603208
1.345,0.04729647496485477
1.3455,-0.030358071864868934
1.346,-0.08198250460071978
1.3465,-0.09069465595224253
1.347,-0.07362937057850713
1.3475,-0.054645417608932025
1.348,-0.03622792294808649
1.3485,-0.00523802834460405
1.349,0.034930282765069424
1.3495,0.050201613147476384
1.35,0.006459738886593588
1.3505,-0.08440920267810771
1.351,-0.15847134663218881
1.3515,-0.14942128760038073
1.352,-0.04941518235485356
1.3525,0.07658181468547351
1.353,0.1386787969007541
1.3535,0.09541724054830925
1.354,-0.009094631476049938
1.3545,-0.08289551452562459
1.355,-0.07018679405279879
1.3555,-0.000610530032777154
1.356,0.046508237193430446
1.3565,0.023396664822385328
1.357,-0.04361867624010904
1.3575,-0.08562569541603053
1.358,-0.0570328162234374
1.3585,0.023988320099034
1.359,0.08813650911462532
1.3595,0.07004233470874165
1.36,-0.032962731857822225
1.3605,-0.1488466425107849
1.361,-0.1853981981248601
1.3615,-0.10941175331626538
1.362,0.017989788413904376
1.3625,0.08291914718831271
1.363,0.011083771306924091
1.3635,-0.15944606880762344
1.364,-0.29530988376828327
1.3645,-0.27642465150988543
1.365,-0.10404202505230536
1.3655,0.09811631035587
1.366,0.19461825970191174
1.3665,0.1509508470841295
1.367,0.04043931145316098
1.3675,-0.04422827029042844
1.368,-0.06897011933257997
1.3685,-0.05318559034613671
1.369,-0.017583557121757715
1.3695,0.03530191157404759
1.37,0.09336893541102491
1.3705,0.11709007412034282
1.371,0.06937316324586879
1.3715,-0.0402310072350903
1.372,-0.15255947156937305
1.3725,-0.20439603137102558
1.373,-0.17670257401989437
1.3735,-0.1026342859535286
1.374,-0.03816209106169187
1.3745,-0.024246056994262872
1.375,-0.06041039110531944
1.3755,-0.10413663796157899
1.3760000000000001,-0.10643062695513263
1.3765,-0.058847817558622374
1.377,9.563028249920304e-05
1.3775,0.030350479347983524
1.3780000000000001,0.033364130961191604
1.3785,0.041399050510855795
1.379,0.07030948745087234
1.3795,0.09638095198488707
1.3800000000000001,0.08510823684387614
1.3805,0.03656493656031355
1.381,-0.00644010032239672
1.3815,0.0012877301575255394
1.3820000000000001,0.060434480745791136
1.3825,0.12364478432354171
1.383,0.13963754854238317
1.3835,0.09819914629903163
1.3840000000000001,0.03167944290068531
1.3845,-0.01971965184384363
1.385,-0.038219727506560885
1.3855,-0.03278867931869851
1.3860000000000001,-0.026446864089545163
1.3865,-0.03830228126686863
1.387,-0.06590071422549303
1.3875,-0.08217573586052956
1.3880000000000001,-0.06032688217866071
1.3885,-0.007431356255405391
1.389,0.034956721348815424
1.3895,0.03192296143429664
1.3900000000000001,-0.0071126945266060055
1.3905,-0.03997034459428949
1.391,-0.03974887763611413
1.3915,-0.023127697180986305
1.3920000000000001,-0.028637027761095227
1.3925,-0.07257995883311942
1.393,-0.13017703461714353
1.3935,-0.15797121888888052
1.3940000000000001,-0.1338254323660792
1.3945,-0.07943762002543218
1.395,-0.045329266239187704
1.3955,-0.06641541099201537
1.3960000000000001,-0.1264544141225564
1.3965,-0.16972018330122635
1.397,-0.1503009586497133
1.3975,-0.06864600272871253
1.3980000000000001,0.03325602905826148
1.3985,0.10220799554772483
1.399,0.10660646694147191
1.3995,0.05951944330109835
1.4000000000000001,0.01326139494553349
1.4005,0.014052262723994574
1.401,0.054076055706435616
1.4015,0.0819901916623773
1.4020000000000001,0.06731283753700734
1.4025,0.037111164909778754
1.403,0.03639509657282323
1.4035,0.06700193509103576
1.4040000000000001,0.08491213619957719
1.4045,0.05412949002897381
1.405,-0.012826461053384827
1.4055,-0.07013325233464955
1.4060000000000001,-0.08365340042522243
1.4065,-0.0583040766739011
1.407,-0.029288740376267018
1.4075,-0.0293602693511905
1.408,-0.05911240727776688
1.4085,-0.08789923835972636
1.409,-0.08679935917437556
1.4095,-0.05902613126886249
1.41,-0.03623026809944457
1.4105,-0.04764773283708461
1.411,-0.0920517176623263
1.4115,-0.13665793514013735
1.412,-0.147385486390619
1.4125,-0.12515866765877642
1.413,-0.10691568229641929
1.4135,-0.1213132018067887
1.414,-0.14476849002035172
1.4145,-0.11460012294461205
1.415,0.002507061632013619
1.4155,0.15651901389667824
1.416,0.2404462260776283
1.4165,0.18220125299603135
1.417,0.015371817043103118
1.4175,-0.14029967745423222
1.418,-0.17250275692808076
1.4185,-0.06405184112981846
1.419,0.09524351980041307
1.4195,0.1803726536095715
1.42,0.13000685139067547
1.4205,-0.007221589753699097
1.421,-0.11657771918127047
1.4215,-0.11073444653446898
1.422,0.005777738764800649
1.4225,0.14633596929879136
1.423,0.21129048461088273
1.4235,0.1610571255921766
1.424,0.036423792129352796
1.4245,-0.08339481429226102
1.425,-0.13755468395873505
1.4255,-0.10877851777714437
1.426,-0.01802917666774249
1.4265,0.08776559845738267
1.427,0.15064202658990727
1.4275,0.13008103619023767
1.428,0.03650436727436935
1.4285,-0.06690350466789716
1.429,-0.11332378370731953
1.4295,-0.09028700690072548
1.43,-0.04313885780879015
1.4305,-0.023511866828383104
1.431,-0.04616778015000558
1.4315,-0.094253294709416
1.432,-0.14542564563620924
1.4325,-0.1790705177387087
1.433,-0.17296849781296017
1.4335,-0.12002043683867168
1.434,-0.05210226466741119
1.4345,-0.022034164383302628
1.435,-0.04347276294285973
1.4355,-0.06519387877968211
1.436,-0.030159774272440404
1.4365,0.04746258267804727
1.437,0.09043871605405589
1.4375,0.04522348846624317
1.438,-0.058395963979084725
1.4385000000000001,-0.13816645149140988
1.439,-0.13545458891091078
1.4395,-0.05495706897548907
1.44,0.056032704972908444
1.4405000000000001,0.14666043904187778
1.441,0.1784205775922374
1.4415,0.12783569984839674
1.442,0.004391654339195144
1.4425000000000001,-0.13221968620760158
1.443,-0.1997761039357499
1.4435,-0.1593700618457401
1.444,-0.05186430081370635
1.4445000000000001,0.03771709619294835
1.445,0.051331967881743046
1.4455,-0.002792212263929089
1.446,-0.06930391589880178
1.4465000000000001,-0.09714273437919141
1.447,-0.07726700588600909
1.4475,-0.03864912218565607
1.448,-0.01470522292297757
1.4485000000000001,-0.016460353783889416
1.449,-0.031279592082640154
1.4495,-0.0370656653017524
1.45,-0.018046940951860272
1.4505000000000001,0.023371117838663438
1.451,0.06554747085630161
1.4515,0.08263149659070773
1.452,0.06498892247336392
1.4525000000000001,0.02467233453325273
1.453,-0.018670358213409476
1.4535,-0.05351152119622318
1.454,-0.07771134996254456
1.4545000000000001,-0.09060492472201236
1.455,-0.08955652424201796
1.4555,-0.0733886008944659
1.456,-0.04668754230292016
1.4565000000000001,-0.02005816483987021
1.457,-0.003557206310441623
1.4575,0.002516328904497729
1.458,0.007251889129393614
1.4585000000000001,0.016135715079407583
1.459,0.02193576531818588
1.4595,0.015398075970681014
1.46,0.005350351110227499
1.4605000000000001,0.0182889515657519
1.461,0.06782932799438782
1.4615,0.12734147825139588
1.462,0.1445955059517263
1.4625000000000001,0.0895228658219458
1.463,-0.013026196695191788
1.4635,-0.09791563548556091
1.464,-0.1103640683583652
1.4645000000000001,-0.051061111363925736
1.465,0.024960724354516888
1.4655,0.05741790562619951
1.466,0.029286095665076412
1.4665000000000001,-0.032854080478881977
1.467,-0.0948143015673515
1.4675,-0.1372988638320097
1.468,-0.14875940655351888
1.4685000000000001,-0.11964678356923142
1.469,-0.057153434655514354
1.4695,0.00531706357718658
1.47,0.03045247496442677
1.4705000000000001,0.01196739093145093
1.471,-0.01887400894204244
1.4715,-0.025546298503982504
1.472,-0.005528707579968288
1.4725,0.006188965426537874
1.473,-0.021540210917540825
1.4735,-0.07382853242732332
1.474,-0.09932220270965936
1.4745,-0.06468674330065938
1.475,0.007432618414549911
1.4755,0.0578345151894991
1.476,0.043751741355721664
1.4765,-0.029359136888763234
1.477,-0.12248311487798531
1.4775,-0.1994812181733174
1.478,-0.2451372144595846
1.4785,-0.2546232728977418
1.479,-0.21864312895573804
1.4795,-0.12822458732972306
1.48,0.004317173436208898
1.4805,0.13360196141787017
1.481,0.20055005890524744
1.4815,0.17485549150932586
1.482,0.08119229816420345
1.4825,-0.020312585922667978
1.483,-0.0802712299745917
1.4835,-0.08731019509364027
1.484,-0.05895889156206386
1.4845,-0.019042569538489578
1.485,0.013779959433510933
1.4855,0.028352311407371177
1.486,0.026330878999277267
1.4865,0.02571120110599079
1.487,0.04785245880912738
1.4875,0.09380825589195074
1.488,0.1390232079707281
1.4885,0.1574719206219507
1.489,0.1445063395389496
1.4895,0.10882588173303388
1.49,0.052120677739776244
1.4905,-0.027413668791489886
1.491,-0.1146149133037406
1.4915,-0.17799004129452728
1.492,-0.1958661822015706
1.4925,-0.17214231653661485
1.493,-0.12445118219442963
1.4935,-0.06782550166022344
1.494,-0.01393592462128328
1.4945,0.023986704908220413
1.495,0.0352576683217886
1.4955,0.019540483065232442
1.496,-0.014462854559234515
1.4965,-0.05670062311228845
1.497,-0.09719814726704795
1.4975,-0.1220424606167653
1.498,-0.11710642046543893
1.4985,-0.08072198838378311
1.499,-0.02852716835841961
1.4995,0.020572806876403175
1.5,0.06215928362016091
1.5005,0.10251815793454158
1.5010000000000001,0.1364530709875803
1.5015,0.14065233769930913
1.502,0.09884903052220755
1.5025,0.02710157520903904
1.5030000000000001,-0.03855519662256384
1.5035,-0.07736697732256602
1.504,-0.09355824552593883
1.5045,-0.09279967558378226
1.5050000000000001,-0.06835866337573418
1.5055,-0.01975835684949664
1.506,0.02612599366770959
1.5065,0.0265072968078816
1.5070000000000001,-0.03894126563373709
1.5075,-0.14007697574398387
1.508,-0.2110210690588652
1.5085,-0.2025125703639659
1.5090000000000001,-0.12546481138585086
1.5095,-0.04076896229286376
1.51,-0.003572982805371441
1.5105,-0.01814748411125361
1.5110000000000001,-0.04606976665848503
1.5115,-0.05096181503017613
1.512,-0.027058610458730877
1.5125,0.010877889422499306
1.5130000000000001,0.046715961642069204
1.5135,0.06340304507380008
1.514,0.042239584878715694
1.5145,-0.01566414177135425
1.5150000000000001,-0.07010710787787168
1.5155,-0.06689704308515246
1.516,0.005022648273531691
1.5165,0.09140809259860112
1.5170000000000001,0.12201018584135223
1.5175,0.0801265686918215
1.518,0.012471801480891838
1.5185,-0.02638805054827681
1.5190000000000001,-0.023486067751778108
1.5195,-0.00011964236286293901
1.52,0.023814924838704198
1.5205,0.040327614577143706
1.5210000000000001,0.03815390691822231
1.5215,0.004019686727032174
1.522,-0.05120643696211064
1.5225,-0.08641520563864603
1.5230000000000001,-0.07009814787062425
1.5235,-0.02161714374025965
1.524,0.005371168157259002
1.5245,-0.014838423980358634
1.5250000000000001,-0.04810947470448551
1.5255,-0.04186729455973006
1.526,0.008511844599270239
1.5265,0.04822495282375175
1.5270000000000001,0.020414656819280976
1.5275,-0.07138895032014562
1.528,-0.16113536417365326
1.5285,-0.17785631267815502
1.5290000000000001,-0.1052711123167139
1.5295,0.007265373545881533
1.53,0.08385597365550115
1.5305,0.07743820223428306
1.5310000000000001,0.0014855555681972084
1.5315,-0.08605046446926831
1.532,-0.13116211368935735
1.5325,-0.11907296471870045
1.5330000000000001,-0.07166855634237064
1.5335,-0.024517287971804462
1.534,-0.007884503110918463
1.5345,-0.03380594073633746
1.5350000000000001,-0.08433564745129153
1.5355,-0.11280010525306745
1.536,-0.07399530468349046
1.5365,0.0311724086894625
1.537,0.1426461201785836
1.5375,0.1866164472301208
1.538,0.1415968097471027
1.5385,0.05475687279766291
1.539,-0.009439013102127199
1.5395,-0.029205171828376682
1.54,-0.031722933359617914
1.5405,-0.05069621012437862
1.541,-0.08906843743789238
1.5415,-0.1228123275438043
1.542,-0.1317305536140317
1.5425,-0.11962277724111153
1.543,-0.1057984980070967
1.5435,-0.10147527474313721
1.544,-0.09605841859179325
1.5445,-0.06758753121587997
1.545,-0.008275524872360942
1.5455,0.0630923361324884
1.546,0.11696652549069016
1.5465,0.13523829906706072
1.547,0.11339674181304615
1.5475,0.053685331003479095
1.548,-0.02696973397657817
1.5485,-0.08851486375235271
1.549,-0.09126436928946942
1.5495,-0.03772508668057589
1.55,0.022582904309030205
1.5505,0.041870869490982766
1.551,0.019613127175402843
1.5515,-0.009968285025171424
1.552,-0.02407360955570701
1.5525,-0.027666903469327424
1.553,-0.030029678415391815
1.5535,-0.02756514328688226
1.554,-0.016598680696843213
1.5545,-0.006930049711695729
1.555,-0.008937452506280672
1.5555,-0.01430532170929322
1.556,-0.0031306777953383404
1.5565,0.030625483169082278
1.557,0.06947945690952724
1.5575,0.08665996785143262
1.558,0.06408289931128489
1.5585,0.002540339251241708
1.559,-0.07430182756082092
1.5595,-0.1276254368640202
1.56,-0.12842623762715366
1.5605,-0.08375376748359906
1.561,-0.034964686060162495
1.5615,-0.02080069862339147
1.562,-0.039761735438474624
1.5625,-0.055827252670623335
1.563,-0.04399275287372441
1.5635000000000001,-0.02115543589324864
1.564,-0.023744800263195837
1.5645,-0.05983833650184532
1.565,-0.09557292221241863
1.5655000000000001,-0.092636643295116
1.566,-0.050902626262529845
1.5665,-0.005885349632339073
1.567,0.01354819440482159
1.5675000000000001,0.014811309318902748
1.568,0.023000430831257974
1.5685,0.040259519419128136
1.569,0.039100339339652714
1.5695000000000001,0.0005696519035540259
1.57,-0.05424542880549334
1.5705,-0.08426569678576645
1.571,-0.07593324996848272
1.5715000000000001,-0.05699630792286979
1.572,-0.06076830732871333
1.5725,-0.08788850648576177
1.573,-0.10945214850663817
1.5735000000000001,-0.09950134348883387
1.574,-0.05364508426523678
1.5745,0.019643515492573323
1.575,0.10639897031596235
1.5755000000000001,0.17765383305313906
1.576,0.1919854725401259
1.5765,0.13038797353279719
1.577,0.02670288865404362
1.5775000000000001,-0.053905836237746765
1.578,-0.07287936176057908
1.5785,-0.047132771383203674
1.579,-0.018908948046844384
1.5795000000000001,-0.009384988495452768
1.58,-0.010817168171886915
1.5805,-0.015125607332119708
1.581,-0.03292428100019866
1.5815000000000001,-0.07672265778288027
1.582,-0.13118649363939364
1.5825,-0.1529059815997066
1.583,-0.11100568046335617
1.5835000000000001,-0.02807114209800141
1.584,0.03149561160549283
1.5845,0.02283592344653473
1.585,-0.03485907724165513
1.5855000000000001,-0.08137720195692312
1.586,-0.07697238336145883
1.5865,-0.03434588776829388
1.587,0.004165033985138072
1.5875000000000001,0.010576032618173295
1.588,-0.008704593479668512
1.5885,-0.028640057702241838
1.589,-0.03198178892204241
1.5895000000000001,-0.018169116507719914
1.59,0.004454357931526181
1.5905,0.024642536578694856
1.591,0.029954379528500667
1.5915000000000001,0.01503215389267221
1.592,-0.010425363386871535
1.5925,-0.031549220190476415
1.593,-0.0444259030320051
1.5935000000000001,-0.04985427776226226
1.594,-0.03572852737591024
1.5945,0.012292814400042177
1.595,0.07652099170593882
1.5955000000000001,0.10189662684738451
1.596,0.04297772854329379
1.5965,-0.07950216182686361
1.597,-0.17639082760917113
1.5975000000000001,-0.1599855502680254
1.598,-0.028855245143159187
1.5985,0.12004540143958048
1.599,0.17607191533162042
1.5995000000000001,0.11599749344301974
1.6,0.01704780218978929
1.6005,-0.027718527123501917
1.601,0.0035372175840203365
1.6015,0.059178979525748764
1.602,0.08157702352748863
1.6025,0.05866150427433524
1.603,0.011452158678216811
1.6035,-0.043703016441153764
1.604,-0.10001216100173826
1.6045,-0.13790321632727895
1.605,-0.12594590327536226
1.6055,-0.058678555408460675
1.606,0.01665447673087349
1.6065,0.032517700537608905
1.607,-0.03087708869549503
1.6075,-0.12111583206203372
1.608,-0.16685457886084284
1.6085,-0.14799692974332884
1.609,-0.10506398334143074
1.6095,-0.08754221974463465
1.61,-0.10512099074779212
1.6105,-0.12758606048416782
1.611,-0.12200042960742792
1.6115,-0.08626717736351802
1.612,-0.047817143994779696
1.6125,-0.030166904073112406
1.613,-0.026570640575996098
1.6135,-0.01340121836627528
1.614,0.01845734802715214
1.6145,0.05886900173042872
1.615,0.09869072945675866
1.6155,0.13693820869908863
1.616,0.16574337466329855
1.6165,0.16158575801751968
1.617,0.10230532384218066
1.6175,-0.004692096290786973
1.618,-0.11412283936369629
1.6185,-0.16887339466765836
1.619,-0.14216009031968277
1.6195,-0.060189577883853596
1.62,0.01661279058093728
1.6205,0.04043908666350418
1.621,0.010449362828095088
1.6215,-0.03484020247081352
1.622,-0.055549259362958736
1.6225,-0.04092741129520021
1.623,-0.009072908629334069
1.6235,0.01479840407820861
1.624,0.018592756657903182
1.6245,0.008688397542426462
1.625,-0.0002872637641644846
1.6255,-0.0021338464391874312
1.6260000000000001,-0.00525203362947718
1.6265,-0.019999601747842016
1.627,-0.043196922818481254
1.6275,-0.06086810925132179
1.6280000000000001,-0.06454619043542731
1.6285,-0.05774341095520975
1.629,-0.04426484796915432
1.6295,-0.017321707107810818
1.6300000000000001,0.02941956985127587
1.6305,0.07907368629604328
1.631,0.0925089148194836
1.6315,0.04379103319135083
1.6320000000000001,-0.04677251293728792
1.6325,-0.12154182715757107
1.633,-0.13074306372939568
1.6335,-0.0727200726169587
1.6340000000000001,0.006429762586278708
1.6345,0.05319182218257858
1.635,0.04822566195793943
1.6355,0.010746726939396552
1.6360000000000001,-0.028229003503101903
1.6365,-0.047096525609310956
1.637,-0.036627474968657904
1.6375,-0.0024744993396164216
1.6380000000000001,0.030261949638727817
1.6385,0.031229517659520957
1.639,-0.003188695614566686
1.6395,-0.03597700013511807
1.6400000000000001,-0.01830859912881383
1.6405,0.06037874583338393
1.641,0.1490679411789471
1.6415,0.16816572658600393
1.6420000000000001,0.07752567706668836
1.6425,-0.08352791889992366
1.643,-0.22812096835973925
1.6435,-0.2945861139298584
1.6440000000000001,-0.2828461470857635
1.6445,-0.22434150266913724
1.645,-0.1386019103154198
1.6455,-0.034917360488009364
1.6460000000000001,0.05954213881842624
1.6465,0.10388652060219429
1.647,0.08309210238719181
1.6475,0.02698233730308964
1.6480000000000001,-0.020136845771056754
1.6485,-0.04004307815012982
1.649,-0.04276672044565635
1.6495,-0.03802738508313827
1.6500000000000001,-0.021507930663266027
1.6505,0.00853831315836199
1.651,0.03618971704213697
1.6515,0.04131497270454556
1.6520000000000001,0.023866177083872186
1.6525,0.005465012848428159
1.653,0.0080863148135162
1.6535,0.03761239945701003
1.6540000000000001,0.0842355425748856
1.6545,0.12663553533470326
1.655,0.13471846108327415
1.6555,0.0853655690850995
1.6560000000000001,-0.00967088121536587
1.6565,-0.09939170319995097
1.657,-0.13500843178496244
1.6575,-0.1166585570897334
1.6580000000000001,-0.0860170327921985
1.6585,-0.0740873089802062
1.659,-0.07403792748296434
1.6595,-0.06787671989815704
1.6600000000000001,-0.05733218305569461
1.6605,-0.05544954031137993
1.661,-0.06349231384099224
1.6615,-0.0704118280195289
1.6620000000000001,-0.06550406938785981
1.6625,-0.0416224398677037
1.663,0.0036923811075268587
1.6635,0.05628297615941964
1.6640000000000001,0.0782965850646539
1.6645,0.030995691606803856
1.665,-0.0817590348901811
1.6655,-0.19714362370078123
1.666,-0.23589131450971043
1.6665,-0.1695061856079689
1.667,-0.04435645127964427
1.6675,0.05899320474196359
1.668,0.08659719686436225
1.6685,0.03883898574612739
1.669,-0.044563380970143986
1.6695,-0.11606418324182537
1.67,-0.1437725247233118
1.6705,-0.11998211570820623
1.671,-0.05683321469818514
1.6715,0.025410400512664542
1.672,0.10724691722869074
1.6725,0.16945284850319192
1.673,0.1918844732991387
1.6735,0.16397871436396072
1.674,0.09929777320722452
1.6745,0.03322405885133299
1.675,0.001059920437778794
1.6755,0.015590624687562542
1.676,0.06046263099678174
1.6765,0.10185393778883106
1.677,0.11019721471536437
1.6775,0.07693067388650497
1.678,0.01687139155894498
1.6785,-0.03978112306305283
1.679,-0.06146653343125504
1.6795,-0.03613157533667082
1.68,0.013173859161245327
1.6805,0.041620931816539496
1.681,0.022109633188223236
1.6815,-0.02966388562533494
1.682,-0.07403333401689309
1.6825,-0.08798955942029782
1.683,-0.08285699197630202
1.6835,-0.08576690986711341
1.684,-0.1105952266739234
1.6845,-0.14567766384625158
1.685,-0.163285621910977
1.6855,-0.1429865985725988
1.686,-0.09470581347953591
1.6865,-0.05760142119433478
1.687,-0.06338864784797334
1.6875,-0.09684260556611238
1.688,-0.10556799948385462
1.6885000000000001,-0.058762989673956136
1.689,0.01318966833395724
1.6895,0.05127989794630235
1.69,0.03511912751375625
1.6905000000000001,0.0014992255321382257
1.691,-0.005193706237053416
1.6915,0.016344930645179927
1.692,0.032435439860320915
1.6925000000000001,0.020685747729865964
1.693,-0.0060506532712850366
1.6935,-0.019603721154415957
1.694,-0.009822259512482938
1.6945000000000001,0.005639711627437564
1.695,-0.00029878261139009744
1.6955,-0.040555811430130234
1.696,-0.10155342507557726
1.6965000000000001,-0.14175181379642016
1.697,-0.10916858028735775
1.6975,0.01224740489630535
1.698,0.1629535358931944
1.6985000000000001,0.23713697880497156
1.699,0.17479940285724208
1.6995,0.022421169128839274
1.7,-0.10842049086775146
1.7005000000000001,-0.14075945817165655
1.701,-0.08573259255201293
1.7015,-0.006880418235995836
1.702,0.0481429603359778
1.7025000000000001,0.07296835411960534
1.703,0.07746704622344139
1.7035,0.06185244529717354
1.704,0.023125856599257637
1.7045000000000001,-0.02382123119815849
1.705,-0.04692537892718465
1.7055,-0.027250767289100204
1.706,0.014375562542928055
1.7065000000000001,0.031703456935656175
1.707,-0.0008079751349694938
1.7075,-0.0620058772543535
1.708,-0.10841145700417297
1.7085000000000001,-0.11876832043095648
1.709,-0.10852367588455816
1.7095,-0.10371880576694353
1.71,-0.10855085948663372
1.7105000000000001,-0.1029201424913825
1.711,-0.07146917599135968
1.7115,-0.030141588268297864
1.712,-0.014344402598027923
1.7125000000000001,-0.03515384581208707
1.713,-0.05628315490281836
1.7135,-0.028793533402535466
1.714,0.05017799444746806
1.7145000000000001,0.12234161891114374
1.715,0.11664667357427197
1.7155,0.014654660177147057
1.716,-0.1264682723863897
1.7165000000000001,-0.21246512870497
1.717,-0.18097160468554668
1.7175,-0.04757706103805796
1.718,0.10538870987333698
1.7185000000000001,0.18758537922337074
1.719,0.16245703107972614
1.7195,0.06678979112733899
1.72,-0.025053168358778737
1.7205000000000001,-0.06083793191083674
1.721,-0.04163279901339002
1.7215,-0.0020926221351973157
1.722,0.028265897821780607
1.7225000000000001,0.03942913921956784
1.723,0.030360544641472642
1.7235,0.0039150976671981814
1.724,-0.025442634155867772
1.7245000000000001,-0.03488989400941864
1.725,-0.015378688217850881
1.7255,0.015496781412764638
1.726,0.031334316657681896
1.7265000000000001,0.024283316787645556
1.727,0.007551340978356115
1.7275,-0.0061340114469768114
1.728,-0.019369259497717548
1.7285,-0.04187369774991284
1.729,-0.07250897719009719
1.7295,-0.09266615627407318
1.73,-0.08164438612234952
1.7305,-0.0432225624510752
1.731,-0.010501113287878873
1.7315,-0.012780049833524362
1.732,-0.041930424036225454
1.7325,-0.06457133478523759
1.733,-0.06334950981267232
1.7335,-0.051721137469839
1.734,-0.050397134936722765
1.7345,-0.06384944588063236
1.735,-0.08103273600623133
1.7355,-0.08658785733359237
1.736,-0.06728173890160395
1.7365,-0.018698310738093693
1.737,0.044070900035577086
1.7375,0.08731335081041965
1.738,0.08437589794006232
1.7385,0.04591882655831667
1.739,0.015982791769169377
1.7395,0.02980135574943689
1.74,0.07820873607111568
1.7405,0.11729893842036494
1.741,0.10872703707927421
1.7415,0.04880021077875601
1.742,-0.03183929426634687
1.7425,-0.08814792270059532
1.743,-0.08787766016981324
1.7435,-0.03446499474851317
1.744,0.031981911181279785
1.7445,0.06234250307541993
1.745,0.03507770990776768
1.7455,-0.027650823025288717
1.746,-0.07824654852424365
1.7465,-0.0852876842227394
1.747,-0.06481220931960145
1.7475,-0.06677690101232862
1.748,-0.1215367639470697
1.7485,-0.20063812267057285
1.749,-0.23988178938524596
1.7495,-0.20236334007561355
1.75,-0.11116998379661636
1.7505,-0.02221566974051266
1.7510000000000001,0.02209458226030555
1.7515,0.01338813505828098
1.752,-0.02676516061639965
1.7525,-0.058059479043946136
1.7530000000000001,-0.040416192576425945
1.7535,0.03903509295891957
1.754,0.14923688169579968
1.7545,0.22661504086074175
1.7550000000000001,0.2143457316245633
1.7555,0.10933365388011838
1.756,-0.021457773749384096
1.7565,-0.0847554907220667
1.7570000000000001,-0.03907556428469694
1.7575,0.06725507875810409
1.758,0.14237024196466289
1.7585,0.13630433281184579
1.7590000000000001,0.07700851221146046
1.7595,0.02644594696657765
1.76,0.013286294948821078
1.7605,0.012295327607166645
1.7610000000000001,-0.01936693723218246
1.7615,-0.09265046872677006
1.762,-0.1689799092484907
1.7625,-0.18814296443487438
1.7630000000000001,-0.12236007742317077
1.7635,-0.01275444266597839
1.764,0.05345014741352524
1.7645,0.01757380145296452
1.7650000000000001,-0.09233889218071714
1.7655,-0.18501734510707538
1.766,-0.19316185334288033
1.7665,-0.13080331090531164
1.7670000000000001,-0.05953021664085143
1.7675,-0.012791659900265448
1.768,0.027289393669470186
1.7685,0.0835033481637188
1.7690000000000001,0.1380854798048333
1.7695,0.14528028750511582
1.77,0.08053341676835163
1.7705,-0.03151876755237248
1.7710000000000001,-0.13273237577006614
1.7715,-0.16909524000910386
1.772,-0.12296638757765153
1.7725,-0.024170197940642315
1.7730000000000001,0.06912910147734941
1.7735,0.11163867048975222
1.774,0.10128377830206732
1.7745,0.06996984594153402
1.7750000000000001,0.04560365204536988
1.7755,0.026946021123740053
1.776,-0.002727186344028257
1.7765,-0.043512471778878535
1.7770000000000001,-0.07193688151388321
1.7775,-0.07043889748072438
1.778,-0.05337479466038364
1.7785,-0.050308909620041795
1.7790000000000001,-0.06528307659720878
1.7795,-0.06690182911211799
1.78,-0.025447730713978545
1.7805,0.04722692988449943
1.7810000000000001,0.10126380111389448
1.7815,0.0915396296304416
1.782,0.019472463271459066
1.7825,-0.061883862071164565
1.7830000000000001,-0.09020658203267667
1.7835,-0.05427700623710304
1.784,-0.00926786930384072
1.7845,-0.017817123720391292
1.7850000000000001,-0.0777577027573689
1.7855,-0.1239934918383149
1.786,-0.10392246128830565
1.7865,-0.03586278184652446
1.7870000000000001,0.016125581567991838
1.7875,0.018024110517056092
1.788,0.005935683762301209
1.7885,0.04633281347424102
1.7890000000000001,0.15585645069729598
1.7895,0.26500826714070236
1.79,0.2725212294019728
1.7905,0.14280151726012802
1.7910000000000001,-0.05345937297425526
1.7915,-0.19643837775091894
1.792,-0.2120857655033519
1.7925,-0.11931318959233159
1.793,-0.002035392629751283
1.7935,0.057124440006619065
1.794,0.02723244173275454
1.7945,-0.06311889606766385
1.795,-0.15212512632889108
1.7955,-0.18455414744871737
1.796,-0.14474241173097133
1.7965,-0.06246514580177508
1.797,0.01349097778551779
1.7975,0.05027983636624869
1.798,0.04448558013929989
1.7985,0.010034396421255438
1.799,-0.03973663076073857
1.7995,-0.09632391837002598
1.8,-0.1450994719836659
1.8005,-0.15765918296991402
1.801,-0.10551321146760496
1.8015,0.012297769757301926
1.802,0.15333239157982417
1.8025,0.24476700120306408
1.803,0.22602475879010114
1.8035,0.10173825936383524
1.804,-0.0428345249364368
1.8045,-0.10235644597440108
1.805,-0.04791486657537473
1.8055,0.041666594896915474
1.806,0.05786214185681296
1.8065,-0.02964622739257515
1.807,-0.15119571176097482
1.8075,-0.2164813713281223
1.808,-0.19765039461543207
1.8085,-0.1318434393743146
1.809,-0.06458224987970186
1.8095,-0.011878983274347107
1.81,0.02808498909019408
1.8105,0.050158171154488534
1.811,0.0424379359621124
1.8115,0.005239897210800275
1.812,-0.03885429511932865
1.8125,-0.055454034081520685
1.813,-0.021096814874740865
1.8135000000000001,0.056974903605252224
1.814,0.13914063981523647
1.8145,0.17607094800878895
1.815,0.14219410499913998
1.8155000000000001,0.05389421976326042
1.816,-0.04156744629446407
1.8165,-0.0967926823035461
1.817,-0.09207195721120325
1.8175000000000001,-0.04141020735386363
1.818,0.02393926790187709
1.8185,0.07609234202216263
1.819,0.09898282430038395
1.8195000000000001,0.08702290141482621
1.82,0.04445202803554055
1.8205,-0.013396226145879
1.821,-0.06380620610247356
1.8215000000000001,-0.08684025556405668
1.822,-0.07391076428633668
1.8225,-0.02994721826290063
1.823,0.026109396814571584
1.8235000000000001,0.06350924197871755
1.824,0.055376984433606516
1.8245,0.003133543714017672
1.825,-0.05736435976850695
1.8255000000000001,-0.08144260540508831
1.826,-0.05036770752957798
1.8265,0.015523122892542773
1.827,0.07162087647277646
1.8275000000000001,0.07837700314268434
1.828,0.02837266772466617
1.8285,-0.046316559260439816
1.829,-0.09618517311850547
1.8295000000000001,-0.09148215893942546
1.83,-0.0438542323741958
1.8305,0.003888412332942461
1.831,0.009481331417976763
1.8315000000000001,-0.03791678886107952
1.832,-0.10843160904637665
1.8325,-0.15378860774281616
1.833,-0.14518167806661067
1.8335000000000001,-0.0905018724959598
1.834,-0.0163001416058515
1.8345,0.05767226118735323
1.835,0.12055810919623203
1.8355000000000001,0.1562819698301027
1.836,0.14114169533620802
1.8365,0.062268324484396294
1.837,-0.060382182821755066
1.8375000000000001,-0.1732862737319316
1.838,-0.21986381657895826
1.8385,-0.18282081754158602
1.839,-0.09818748830922602
1.8395000000000001,-0.021260142264155554
1.84,0.020908070440476753
1.8405,0.036606237303702265
1.841,0.03761758202104955
1.8415000000000001,0.021954643024392283
1.842,-0.008192924102128253
1.8425,-0.032741336584113025
1.843,-0.03296629018828723
1.8435000000000001,-0.016318624530332816
1.844,-0.009147898558082092
1.8445,-0.024747508303345066
1.845,-0.04630247693483838
1.8455000000000001,-0.045148344730486595
1.846,-0.01324071023691352
1.8465,0.02725107323864434
1.847,0.048075158170149575
1.8475000000000001,0.0447624757939489
1.848,0.0389252219475103
1.8485,0.0521323047793312
1.849,0.07974446112695012
1.8495000000000001,0.09229614874923327
1.85,0.06652688992830065
1.8505,0.015358784412717999
1.851,-0.020092680708845113
1.8515000000000001,-0.011942887553216874
1.852,0.02660632488455088
1.8525,0.0567683917309981
1.853,0.050455357351991054
1.8535000000000001,0.007614189665977818
1.854,-0.055026874610207395
1.8545,-0.1203327606752855
1.855,-0.17095106746244582
1.8555000000000001,-0.18408800540999765
1.856,-0.14364185501966048
1.8565,-0.060186352289904654
1.857,0.03294284073888067
1.8575,0.10781499902535467
1.858,0.15815455165935122
1.8585,0.18441177437023212
1.859,0.17461433826463166
1.8595,0.11576635417180427
1.86,0.022707288446473683
1.8605,-0.06389011886385988
1.861,-0.11683716897465726
1.8615,-0.14501961554239218
1.862,-0.16806766760224012
1.8625,-0.1827577043530858
1.863,-0.16711278108354138
1.8635,-0.11164667011474819
1.864,-0.036337585254578295
1.8645,0.024803481369796484
1.865,0.05329071399190017
1.8655,0.05914622009021992
1.866,0.0641207343387206
1.8665,0.07298920020289835
1.867,0.06616456927972138
1.8675,0.025476022076360523
1.868,-0.03443318348843055
1.8685,-0.06709317235783634
1.869,-0.03326910289578533
1.8695,0.05679563249805805
1.87,0.14304936342877678
1.8705,0.16681101081949834
1.871,0.12567300681349647
1.8715,0.07089866871129763
1.872,0.04950256463619165
1.8725,0.059975068888506886
1.873,0.0677339365048754
1.8735,0.04802439227028789
1.874,0.0030012817955611306
1.8745,-0.050265607801261034
1.875,-0.09234445856347503
1.8755,-0.10723021355715258
1.8760000000000001,-0.09228051450416458
1.8765,-0.06663203033326566
1.877,-0.06147277203649462
1.8775,-0.09761418660434563
1.8780000000000001,-0.17187250397476928
1.8785,-0.2568731752695888
1.879,-0.3072704289224377
1.8795,-0.27873057349046737
1.8800000000000001,-0.16273817665759402
1.8805,-0.00821010600364604
1.881,0.10506979410025408
1.8815,0.1270925365000361
1.8820000000000001,0.07313673295252977
1.8825,0.0010221292143975818
1.883,-0.03867062155924488
1.8835,-0.03182684192983967
1.8840000000000001,0.0010621196836562226
1.8845,0.024594032142338906
1.885,0.018735121666831153
1.8855,0.0042711117997052414
1.8860000000000001,0.02836561368852698
1.8865,0.10561325869696737
1.887,0.18081909539288332
1.8875,0.1772955659159658
1.8880000000000001,0.08591000094159762
1.8885,-0.017076364748311687
1.889,-0.049913436956502875
1.8895,-0.007052759823590735
1.8900000000000001,0.04641795349806693
1.8905,0.047646841961136326
1.891,-0.005787693585931989
1.8915,-0.05890713368955323
1.8920000000000001,-0.04963341495563152
1.8925,0.03579934670794593
1.893,0.14531220742314369
1.8935,0.20010498776098853
1.8940000000000001,0.15926213533088826
1.8945,0.04993903210937082
1.895,-0.060693937062098274
1.8955,-0.11699510788511948
1.8960000000000001,-0.10562318192609807
1.8965,-0.054769062140190894
1.897,-0.01255035610877753
1.8975,-0.015503373340760272
1.8980000000000001,-0.06275101512364464
1.8985,-0.11480599846473498
1.899,-0.11998340749827172
1.8995,-0.05238147742683732
1.9000000000000001,0.06009878859101081
1.9005,0.14287413194495388
1.901,0.1317542818066958
1.9015,0.04099356522394515
1.9020000000000001,-0.040019636485809744
1.9025,-0.039753081888436084
1.903,0.014484736414154119
1.9035,0.030491191986421008
1.9040000000000001,-0.038421045159634834
1.9045,-0.1414375688134734
1.905,-0.19412726929628277
1.9055,-0.17146780604290407
1.9060000000000001,-0.11985321037388638
1.9065,-0.0912718361240547
1.907,-0.09042662353685456
1.9075,-0.0862892330340317
1.9080000000000001,-0.05642298263611972
1.9085,-0.012415249124470337
1.909,0.012000959925244897
1.9095,-0.0037682865719793476
1.9100000000000001,-0.04066767775198066
1.9105,-0.05310955972211562
1.911,-0.015591066820556568
1.9115,0.047597034710661935
1.9120000000000001,0.08727300850146065
1.9125,0.08020685054148541
1.913,0.04602107662444667
1.9135,0.017877779942361168
1.9140000000000001,0.010215337757537331
1.9145,0.017180828223980184
1.915,0.02927108392195036
1.9155,0.04147568010768386
1.9160000000000001,0.05016995718018467
1.9165,0.052182035176849745
1.917,0.04849656013753952
1.9175,0.04476334642932387
1.9180000000000001,0.04769431197463727
1.9185,0.061350175913650294
1.919,0.08259329981243123
1.9195,0.09751278668445995
1.92,0.08899057051482961
1.9205,0.05551873875681468
1.921,0.01762511567290486
1.9215,-0.004661164045071747
1.922,-0.017765168435978224
1.9225,-0.046935537944705744
1.923,-0.10184720429850991
1.9235,-0.15635232687478584
1.924,-0.16515841359699615
1.9245,-0.10276548330238418
1.925,0.00950852465218903
1.9255,0.11386874013931493
1.926,0.15647616648944981
1.9265,0.1226972129790445
1.927,0.040018086542874934
1.9275,-0.04576216106638193
1.928,-0.09711611633961219
1.9285,-0.10026392556591537
1.929,-0.07018324360802758
1.9295,-0.04275924093817898
1.93,-0.04925202353717393
1.9305,-0.08926426856580891
1.931,-0.13178711639077922
1.9315,-0.14451474309549023
1.932,-0.11777663872333623
1.9325,-0.06283035746989916
1.933,0.0006275750409866817
1.9335,0.05105426453965622
1.934,0.07191878529028327
1.9345,0.06378084292947836
1.935,0.045900116468132135
1.9355,0.03922712456227065
1.936,0.05054471601236628
1.9365,0.07450041933960717
1.937,0.10220145610260022
1.9375,0.12130268023385121
1.938,0.1149637743929255
1.9385000000000001,0.07321805542030754
1.939,0.008057617678696602
1.9395,-0.049613365053624486
1.94,-0.07223913616620789
1.9405000000000001,-0.05412553023309731
1.941,-0.010504950012276387
1.9415,0.03549351743896417
1.942,0.06321952271790547
1.9425000000000001,0.05732069642917707
1.943,0.009094062311900065
1.9435,-0.07622761039926228
1.944,-0.1704463149088982
1.9445000000000001,-0.22912924057191045
1.945,-0.22095263495175782
1.9455,-0.15412866455651564
1.946,-0.06877340460657554
1.9465000000000001,-0.0025589670555521797
1.947,0.034284315947690304
1.9475,0.054201532849401435
1.948,0.06836969360145598
1.9485000000000001,0.07109905702528974
1.949,0.051812599936713444
1.9495,0.02002242960924621
1.95,0.007329330177103866
1.9505000000000001,0.03719356876367212
1.951,0.09440153428215094
1.9515,0.12870608348812274
1.952,0.09431591964334878
1.9525000000000001,-0.005761797595458607
1.953,-0.11126074434571137
1.9535,-0.14866647053609663
1.954,-0.09466963605657366
1.9545000000000001,0.0022320012397362005
1.955,0.06678373475966083
1.9555,0.06499077762732466
1.956,0.029241759429768213
1.9565000000000001,0.01850585314758827
1.957,0.05380920444962347
1.9575,0.09623518759046709
1.958,0.09390994818294825
1.9585000000000001,0.04465553623610787
1.959,-0.0014288527132051386
1.9595,-0.001923599722937931
1.96,0.02938239680629242
1.9605000000000001,0.041615184359861994
1.961,0.004856704730613049
1.9615,-0.06345743936658507
1.962,-0.1245686843116357
1.9625000000000001,-0.15392851702005303
1.963,-0.14830461572690465
1.9635,-0.11193869800052209
1.964,-0.0483598193429508
1.9645000000000001,0.032234422526646093
1.965,0.10415195984039992
1.9655,0.13452183084205965
1.966,0.10656426766034886
1.9665000000000001,0.035411597108134796
1.967,-0.0401516460604687
1.9675,-0.08439050207848155
1.968,-0.08872200604305405
1.9685000000000001,-0.07318512927014796
1.969,-0.0642623550122488
1.9695,-0.07231933012107034
1.97,-0.09034200318324288
1.9705000000000001,-0.1064780003457518
1.971,-0.11047258413082914
1.9715,-0.09421083499339081
1.972,-0.056868410267930665
1.9725000000000001,-0.008429897653130044
1.973,0.03862577829345048
1.9735,0.07867035797045764
1.974,0.10889205542798952
1.9745000000000001,0.12169213233184213
1.975,0.11030884191817428
1.9755,0.08079466041978148
1.976,0.05140238293940309
1.9765000000000001,0.038235127003736546
1.977,0.042845174074233966
1.9775,0.05255015993799453
1.978,0.05014865413707341
1.9785000000000001,0.023573364666850765
1.979,-0.027802833310752402
1.9795,-0.08662039155643347
1.98,-0.1158755165611469
1.9805000000000001,-0.07805188320168265
1.981,0.028501110839270052
1.9815,0.15280537846815262
1.982,0.22259637619866007
1.9825000000000002,0.2006185215435277
1.983,0.11148332445573153
1.9835,0.014636255262656014
1.984,-0.04374894969045798
1.9845,-0.05123683997442229
1.985,-0.016375593656578022
1.9855,0.04367942673847994
1.986,0.10015420918088397
1.9865,0.11696551874449214
1.987,0.07581600797159462
1.9875,-0.004907648980227832
1.988,-0.08564405313171149
1.9885,-0.13859235140606563
1.989,-0.15931903552877855
1.9895,-0.15289082092361794
1.99,-0.1248784294626259
1.9905,-0.08963690476275599
1.991,-0.0727046977868564
1.9915,-0.09136239509295342
1.992,-0.13383769573645196
1.9925,-0.16448463628713966
1.993,-0.15232819295226796
1.9935,-0.09618231411234848
1.994,-0.023511375277909814
1.9945,0.035967578706276024
1.995,0.07489914791111237
1.9955,0.10341652684635247
1.996,0.12206658219947628
1.9965,0.11044268306528489
1.997,0.051525577238094936
1.9975,-0.03525686292809287
1.998,-0.09461359801246667
1.9985,-0.07650323762953204
1.999,0.01762601916276703
1.9995,0.12583707578622103
2.0,0.950232092871056
2.0005,0.6509584185117183
2.001,0.09873474010365837
2.0015,-0.23872792355967093
2.0020000000000002,-0.16777649743076825
2.0025,0.06774786061281515
2.003,0.11137026169567363
2.0035,-0.08632754612519783
2.004,-0.2546538357154058
2.0045,-0.18239350063756313
2.005,0.0060743971738273506
2.0055,0.02142670999570096
2.0060000000000002,-0.20562254305450994
2.0065,-0.4128479528808927
2.007,-0.30086878100968534
2.0075,0.10949800800454988
2.008,0.45970036228541483
2.0085,0.4189530166952908
2.009,0.05505069356615941
2.0095,-0.21844880123540095
2.0100000000000002,-0.08945454356175289
2.0105,0.31446038083477557
2.011,0.5730086267650434
2.0115,0.41154522203485433
2.012,-0.04993036714978909
2.0125,-0.45303821127976474
2.013,-0.5587094763402369
2.0135,-0.4383344096955164
2.0140000000000002,-0.31851508207260326
2.0145,-0.28267776252733556
2.015,-0.20494461770266562
2.0155,0.01399672946119783
2.016,0.24474576851046556
2.0165,0.24304293180236886
2.017,-0.05901253260032227
2.0175,-0.4454939692939706
2.0180000000000002,-0.6219897646495983
2.0185,-0.49386214950639645
2.019,-0.21750554957807988
2.0195,-0.0012258603126865195
2.02,0.10728188030840881
2.0205,0.2255842240112637
2.021,0.45519937426344076
2.0215,0.7521313443505275
2.0220000000000002,1.0100560515821402
2.0225,1.2053010393302555
2.023,1.3534363124189797
2.0235,1.3413692663924064
2.024,0.9533184524464853
2.0245,0.15646120718866116
2.025,-0.70857157062053
2.0255,-1.141948311406086
2.0260000000000002,-0.928293139259728
2.0265,-0.34046169694126
2.027,0.11485412087035211
2.0275,0.15553346565110443
2.028,-0.04975028251648391
2.0285,-0.08523565992126603
2.029,0.27567363939652073
2.0295,0.8114074322482524
2.0300000000000002,1.028811495624054
2.0305,0.6209059887075185
2.031,-0.23550218914904977
2.0315,-1.0231896610898605
2.032,-1.3101579392311757
2.0325,-1.0600833074809215
2.033,-0.5925666256241542
2.0335,-0.2893700123816087
2.0340000000000003,-0.3247194158477144
2.0345,-0.6120168944660774
2.035,-0.9348128098567925
2.0355,-1.1025884411933944
2.036,-1.025402138047234
2.0365,-0.7120453132865312
2.037,-0.24606341063167106
2.0375,0.2292107106956093
2.0380000000000003,0.541835440405836
2.0385,0.5749332178944749
2.039,0.36409859628777136
2.0395,0.10635387436980157
2.04,0.03750652886289134
2.0405,0.2605756883671382
2.041,0.6612406510056026
2.0415,0.9843442225734962
2.0420000000000003,1.0264357033981566
2.0425,0.7972052300917787
2.043,0.497987106800295
2.0435,0.32066842422909353
2.044,0.2686176818348781
2.0445,0.18092642083368143
2.045,-0.08882560896781096
2.0455,-0.5165643561080746
2.0460000000000003,-0.8923462926830329
2.0465,-0.9678404166369536
2.047,-0.6667271998129989
2.0475,-0.1596089252919665
2.048,0.2744909613319179
2.0485,0.44398243579780855
2.049,0.3254489631582549
2.0495,0.03141250137455746
2.05,-0.2580269530788336
2.0505,-0.3767490985399406
2.051,-0.25348855469066534
2.0515,0.057737484552565346
2.052,0.4196085493173102
2.0525,0.6868452453105068
2.053,0.7689156152498002
2.0535,0.6611241864122226
2.054,0.4337153776627744
2.0545,0.17811850565019133
2.055,-0.0528520550191217
2.0555,-0.25506842272303204
2.056,-0.4291318999377159
2.0565,-0.5429195243659551
2.057,-0.5472986494919215
2.0575,-0.42743436371128213
2.058,-0.24171546560447127
2.0585,-0.10440212815698063
2.059,-0.09597856397774779
2.0595,-0.16755540648941775
2.06,-0.16356461528926508
2.0605,0.021547837481324054
2.061,0.31115864379978897
2.0615,0.4863118543809152
2.062,0.3690184192060146
2.0625,-0.005511909505904954
2.063,-0.3835863387784718
2.0635,-0.49079790928599426
2.064,-0.2671700127962775
2.0645000000000002,0.09501075523014232
2.065,0.3354460284410641
2.0655,0.3184011816231928
2.066,0.0758871702162315
2.0665,-0.23954786044502144
2.067,-0.414709160620089
2.0675,-0.28979153150854614
2.068,0.09575230355299416
2.0685000000000002,0.49608691493941964
2.069,0.6543257332004704
2.0695,0.5146214017835642
2.07,0.2476148701757377
2.0705,0.09505837795034336
2.071,0.1896987519667428
2.0715,0.4760294351815748
2.072,0.7463395426424921
2.0725000000000002,0.7561129982465455
2.073,0.38665591292731577
2.0735,-0.2319579124557615
2.074,-0.7689304352828975
2.0745,-0.9171164407549962
2.075,-0.6181937107014199
2.0755,-0.10535297528244071
2.076,0.27066392230548997
2.0765000000000002,0.30431780018172583
2.077,0.07709774533441163
2.0775,-0.1468339803538447
2.078,-0.17131241036396536
2.0785,-0.030941916068042967
2.079,0.06265650129645146
2.0795,-0.08181140523711185
2.08,-0.46657768727476095
2.0805000000000002,-0.8897683682585545
2.081,-1.0791589012833414
2.0815,-0.8728604942313282
2.082,-0.34384286807621006
2.0825,0.2088186824128023
2.083,0.44799806260725306
2.0835,0.2781845001939092
2.084,-0.037703091938159385
2.0845000000000002,-0.09888486040045372
2.085,0.2516162193916631
2.0855,0.7738564475630678
2.086,1.065683782328128
2.0865,0.9256833677875744
2.087,0.47902625075069627
2.0875,0.002810645778835187
2.088,-0.3069362243446293
2.0885000000000002,-0.4072560375213914
2.089,-0.3340049398413979
2.0895,-0.13667889059529972
2.09,0.09939565343710445
2.0905,0.23080802607430612
2.091,0.14299400858473155
2.0915,-0.1178130521900307
2.092,-0.3542782513833537
2.0925000000000002,-0.41199763622627694
2.093,-0.3515823096807914
2.0935,-0.3772876320930249
2.094,-0.5773208162961654
2.0945,-0.7840491183239627
2.095,-0.750060674234268
2.0955,-0.4419064122716015
2.096,-0.08791952630217045
2.0965000000000003,0.06897594776558043
2.097,0.003412792406514393
2.0975,-0.1175226528699069
2.098,-0.13295788426841088
2.0985,-0.02547387167606297
2.099,0.11705523494155542
2.0995,0.22728964611700697
2.1,0.3129329247480928
2.1005000000000003,0.4007285633518519
2.101,0.4754677587226003
2.1015,0.5010539746332037
2.102,0.4826507740005896
2.1025,0.4808078231497659
2.103,0.5607610120486651
2.1035,0.7291661967816583
2.104,0.9083269699367297
2.1045000000000003,0.9710207555673296
2.105,0.8292464956076956
2.1055,0.5222130872017835
2.106,0.21921540743612683
2.1065,0.10190945077351954
2.107,0.2075346384356292
2.1075,0.38513113815895766
2.108,0.43001954372027656
2.1085000000000003,0.27713033742203685
2.109,0.0518946811964005
2.1095,-0.08186734105685527
2.11,-0.10718122265829276
2.1105,-0.16184038944399035
2.111,-0.3700422008861823
2.1115,-0.6913174092377316
2.112,-0.9364862146454618
2.1125,-0.927071852088325
2.113,-0.6646875641490995
2.1135,-0.36661449873935614
2.114,-0.3000625710779708
2.1145,-0.5259210175054201
2.115,-0.8093827415206245
2.1155,-0.827794647647045
2.116,-0.4775561509526026
2.1165,0.03450838804658059
2.117,0.38365488290931776
2.1175,0.39323572836560755
2.118,0.1415853319482954
2.1185,-0.1480327123140538
2.119,-0.30643884884568273
2.1195,-0.32194009877078883
2.12,-0.2807496499122961
2.1205,-0.24414369713311435
2.121,-0.198474326149712
2.1215,-0.10694209425839084
2.122,0.01814548500701074
2.1225,0.1103416364037614
2.123,0.11542940753226097
2.1235,0.05704673543496888
2.124,0.029306842743259547
2.1245,0.10601293348667684
2.125,0.24880782238613472
2.1255,0.3340569076810861
2.126,0.2905484784172574
2.1265,0.18049449616159838
2.1270000000000002,0.11708229250281678
2.1275,0.12351655219226583
2.128,0.11393073372122794
2.1285,0.023604003426090814
2.129,-0.08146659610145611
2.1295,-0.06708214607824395
2.13,0.11327717960411539
2.1305,0.3615254358103443
2.1310000000000002,0.5206373746961832
2.1315,0.4915693962369717
2.132,0.2900618227872499
2.1325,0.03145121736427913
2.133,-0.13598945187829237
2.1335,-0.1159995614052983
2.134,0.081981738524732
2.1345,0.35878860518957384
2.1350000000000002,0.5901892331277238
2.1355,0.6775501292048285
2.136,0.5708367072528273
2.1365,0.3012225200625588
2.137,0.0006879775975959044
2.1375,-0.16975344126375713
2.138,-0.16092990060531787
2.1385,-0.08777269040223322
2.1390000000000002,-0.10087327942333035
2.1395,-0.2152184622391461
2.14,-0.30792179358532545
2.1405,-0.2786042154168837
2.141,-0.16522379794888856
2.1415,-0.10145630510332235
2.142,-0.19724373594903752
2.1425,-0.4472128516712985
2.1430000000000002,-0.7032211720454795
2.1435,-0.7457897967682993
2.144,-0.4636595865184011
2.1445,-0.009593897780031481
2.145,0.2776102971471346
2.1455,0.1920364447528459
2.146,-0.1097586650932109
2.1465,-0.2839814116761214
2.1470000000000002,-0.1931328876237401
2.1475,-0.00786271073264639
2.148,0.08665287112174533
2.1485,0.1281344205934331
2.149,0.2467947354815593
2.1495,0.41509623564006254
2.15,0.4448682476295579
2.1505,0.21500310938871584
2.1510000000000002,-0.15852122526038123
2.1515,-0.3920862033233407
2.152,-0.27823951001897174
2.1525,0.11307611511461724
2.153,0.46740181431894917
2.1535,0.48542158963084653
2.154,0.141420270724243
2.1545,-0.29936337719137096
2.1550000000000002,-0.5097685785173763
2.1555,-0.34871982681088465
2.156,0.07584728199124922
2.1565,0.5175796169207929
2.157,0.7411636465290129
2.1575,0.6373773317189411
2.158,0.28580515512153903
2.1585,-0.08707430791954243
2.1590000000000003,-0.26646943194634176
2.1595,-0.19487662566858463
2.16,0.03555393808736128
2.1605,0.2943517630940776
2.161,0.46249009881586517
2.1615,0.4104483252119025
2.162,0.06491725339641108
2.1625,-0.4334771953869429
2.1630000000000003,-0.740017756549703
2.1635,-0.5975709666070537
2.164,-0.1115982920392724
2.1645,0.33294407326733855
2.165,0.4317370789439187
2.1655,0.20724641166092106
2.166,-0.08224382255513259
2.1665,-0.22234030415533032
2.1670000000000003,-0.21762230642214414
2.1675,-0.22757102357301814
2.168,-0.3618643045809968
2.1685,-0.5339218216121343
2.169,-0.5198928609078736
2.1695,-0.20557489752284408
2.17,0.2194674069110209
2.1705,0.392058893630906
2.1710000000000003,0.14645202734072785
2.1715,-0.3053054550037731
2.172,-0.6031623044825055
2.1725,-0.5737369688513037
2.173,-0.2889527896312457
2.1735,0.10124970517647182
2.174,0.4708781931900782
2.1745,0.6944997270133001
2.1750000000000003,0.6725235597750692
2.1755,0.45893777298696337
2.176,0.30451505178009897
2.1765,0.45855854481197034
2.177,0.8810535182455794
2.1775,1.2023690883903015
2.178,1.0362680282518244
2.1785,0.34800154159562324
2.179,-0.5009103061308031
2.1795,-1.058241750376816
2.18,-1.1119551396018068
2.1805,-0.769139657504747
2.181,-0.3079810716724772
2.1815,0.016044197690380266
2.182,0.0974616569876757
2.1825,0.008596247889179988
2.183,-0.09392660435586628
2.1835,-0.13387496681948316
2.184,-0.1827988977416744
2.1845,-0.3270914516669695
2.185,-0.4904724140725535
2.1855,-0.465239828636455
2.186,-0.1525298404412485
2.1865,0.276378371926907
2.187,0.5170549244968617
2.1875,0.43431114241743585
2.188,0.19214498621941592
2.1885,0.06359887665864969
2.189,0.13827934598305147
2.1895000000000002,0.25374657313895244
2.19,0.20705575103646454
2.1905,-0.006925734026408824
2.191,-0.18430440505053297
2.1915,-0.11555110773877314
2.192,0.21986994860115955
2.1925,0.6300096668355345
2.193,0.8265903697928899
2.1935000000000002,0.5872163108875147
2.194,-0.08243436765039903
2.1945,-0.8676844902388143
2.195,-1.2882177237732007
2.1955,-1.0586008544716703
2.196,-0.3563665664856965
2.1965,0.3245906441093451
2.197,0.613055337228748
2.1975000000000002,0.5156963448520302
2.198,0.26495591566585286
2.1985,0.03415535205587435
2.199,-0.14555932099840152
2.1995,-0.2821797290026511
2.2,-0.3499972366884363
2.2005,-0.32181427184487466
2.201,-0.20806672620823732
2.2015000000000002,-0.030005114985845044
2.202,0.22192324043270456
2.2025,0.5535627483798349
2.203,0.8703570480377123
2.2035,0.9702115303664701
2.204,0.7201426988055123
2.2045,0.23575172898009175
2.205,-0.21093245224943996
2.2055000000000002,-0.47599578088487626
2.206,-0.6216867393672747
2.2065,-0.6795365874587782
2.207,-0.5063312811256574
2.2075,-0.031246483407188847
2.208,0.45328300277608113
2.2085,0.4839459817128445
2.209,-0.028877493751586575
2.2095000000000002,-0.60687112062099
2.21,-0.6739106526008452
2.2105,-0.162189045813956
2.211,0.4375076985845356
2.2115,0.599345842694117
2.212,0.260412632250579
2.2125,-0.191714978410003
2.213,-0.3426502220038283
2.2135000000000002,-0.11841416084246617
2.214,0.22445449465994838
2.2145,0.3960996951464895
2.215,0.3200095366754965
2.2155,0.11864272353823983
2.216,-0.053046363321303636
2.2165,-0.10909098855235724
2.217,-0.04066042227030182
2.2175000000000002,0.07454884170768425
2.218,0.09201364438503891
2.2185,-0.06374779174394779
2.219,-0.2691663640270411
2.2195,-0.30485874808929003
2.22,-0.1208866800120358
2.2205,0.08437700909137438
2.221,0.09086382980680843
2.2215000000000003,-0.09556212229289693
2.222,-0.26328854813846697
2.2225,-0.24458481551115116
2.223,-0.10822220937327345
2.2235,-0.06725217053421247
2.224,-0.20542028528840992
2.2245,-0.36197451649337087
2.225,-0.30990586050597835
2.2255000000000003,0.005865768445685263
2.226,0.4267155688918925
2.2265,0.7269336543366042
2.227,0.7820917690148089
2.2275,0.6337213149890351
2.228,0.4281834543122243
2.2285,0.29029857288741334
2.229,0.22289377092966872
2.2295000000000003,0.10856890169770407
2.23,-0.15816537759671737
2.2305,-0.5039037750594105
2.231,-0.680234897106014
2.2315,-0.5004720876507605
2.232,-0.053626024277908996
2.2325,0.3805689287916632
2.233,0.6006671286832428
2.2335000000000003,0.5812809395885072
2.234,0.34326897970115766
2.2345,-0.1028201210715051
2.235,-0.6198039386612046
2.2355,-0.8923806905902757
2.236,-0.6571356455697266
2.2365,0.02888815863853951
2.237,0.8110832734809567
2.2375000000000003,1.3087327073282757
2.238,1.331738575803824
2.2385,0.8990645351836714
2.239,0.17373877204711255
2.2395,-0.5782322609249231
2.24,-1.0615470381660488
2.2405,-1.1069182953976549
2.241,-0.7910095795941621
2.2415,-0.38465804260584413
2.242,-0.16630601507074194
2.2425,-0.24400667639223053
2.243,-0.48801340930974646
2.2435,-0.6176679246850039
2.244,-0.4157906906052024
2.2445,0.07641647683776992
2.245,0.5633206344976192
2.2455,0.7162153901994263
2.246,0.42984078218342237
2.2465,-0.09205829499267554
2.247,-0.4795160478495779
2.2475,-0.46637953130252036
2.248,-0.10499037679288158
2.2485,0.2531706232464926
2.249,0.2509019489029184
2.2495,-0.1264084392400455
2.25,-0.501606085946689
2.2505,-0.46258210107415293
2.251,0.014438567134233176
2.2515,0.5262701045115014
2.2520000000000002,0.637477992116057
2.2525,0.2963657153783099
2.253,-0.14193075501704283
2.2535,-0.26654953814152743
2.254,0.04807270949804255
2.2545,0.61187481986253
2.255,1.133652432350192
2.2555,1.4069920258536592
2.2560000000000002,1.3320600170101975
2.2565,0.8948410825389611
2.257,0.2346595063899215
2.2575,-0.3215747477079147
2.258,-0.4519818293186133
2.2585,-0.13693234128120124
2.259,0.29599990668858833
2.2595,0.46883705379494045
2.2600000000000002,0.26775545108195614
2.2605,-0.1315950254119063
2.261,-0.47096629760663766
2.2615,-0.5966052196149171
2.262,-0.5055962973294927
2.2625,-0.30400086577121566
2.263,-0.1392871771355711
2.2635,-0.11611021377541893
2.2640000000000002,-0.23083794720654738
2.2645,-0.39607064756319493
2.265,-0.5416825785711584
2.2655,-0.6668812520029
2.266,-0.7770432069081223
2.2665,-0.8154265131404436
2.267,-0.7200933414398306
2.2675,-0.5434914103011717
2.2680000000000002,-0.4444229101579765
2.2685,-0.5016562887243685
2.269,-0.5531814443576343
2.2695,-0.3096725658551796
2.27,0.30856001680588585
2.2705,0.9899358181085538
2.271,1.2683697022179796
2.2715,0.9538151099538364
2.2720000000000002,0.29669636353981643
2.2725,-0.24946178022270388
2.273,-0.37005274177253294
2.2735,-0.03565921330507385
2.274,0.5452367437478356
2.2745,1.0333063080325686
2.275,1.0983835155040684
2.2755,0.6113309883303047
2.2760000000000002,-0.21060876367576498
2.2765,-0.8823141746369126
2.277,-0.9856378013024846
2.2775,-0.5085997713070322
2.278,0.15229003479277944
2.2785,0.5578057474280489
2.279,0.5867469829402272
2.2795,0.4358877766415823
2.2800000000000002,0.33727055332798017
2.2805,0.3513363321134154
2.281,0.40515775318733244
2.2815,0.42796349064098377
2.282,0.4016127838587401
2.2825,0.3300320569002189
2.283,0.22818748186087817
2.2835,0.13943133415152556
2.2840000000000003,0.10630101843618797
2.2845,0.10648775981298213
2.285,0.06628040514916025
2.2855,-0.043033725445955
2.286,-0.1757182656065351
2.2865,-0.2989535718033389
2.287,-0.4401856895513551
2.2875,-0.6063001320175079
2.2880000000000003,-0.723033628763515
2.2885,-0.7197447412822827
2.289,-0.6355299818403075
2.2895,-0.5700450320755884
2.29,-0.526970032065796
2.2905,-0.3661394235520979
2.291,0.036386306730201004
2.2915,0.5893739210529263
2.2920000000000003,1.0043494014430645
2.2925,1.0499267160818624
2.293,0.7781003815153847
2.2935,0.4714193678161666
2.294,0.34798949331213946
2.2945,0.32240430423883837
2.295,0.09555118189495919
2.2955,-0.483312686233669
2.2960000000000003,-1.1654991936531809
2.2965,-1.4736745491319434
2.297,-1.151750877781563
2.2975,-0.4258970869967201
2.298,0.19439341099012253
2.2985,0.35900676535686615
2.299,0.1296734426327354
2.2995,-0.14834884205777488
2.3000000000000003,-0.1762191369397538
2.3005,0.07792180555484436
2.301,0.4294830096634606
2.3015,0.6888525754217423
2.302,0.7794824683038286
2.3025,0.67819364451918
2.303,0.36057178495506914
2.3035,-0.11391683148746098
2.3040000000000003,-0.5356631618126189
2.3045,-0.6898081997699006
2.305,-0.5712351077748654
2.3055,-0.36659505349720223
2.306,-0.22166090361463134
2.3065,-0.1172687951205862
2.307,0.01689863891734466
2.3075,0.1688802511068603
2.308,0.2778984770643387
2.3085,0.33530082027521874
2.309,0.37584963119647946
2.3095,0.38392466142092785
2.31,0.2816607710367066
2.3105,0.044954405038880714
2.311,-0.20245935094310138
2.3115,-0.26442613044623686
2.312,-0.062353975401621894
2.3125,0.27045112453769715
2.313,0.5063865381270807
2.3135,0.5286075572047818
2.314,0.41039972477820763
2.3145000000000002,0.3123001458345865
2.315,0.32122540468586347
2.3155,0.37798336090781504
2.316,0.3513364687301862
2.3165,0.19835875267242492
2.317,0.04613357311559091
2.3175,0.0667264150216789
2.318,0.2496592813076366
2.3185000000000002,0.3544296945955914
2.319,0.1580513626488902
2.3195,-0.2581699833466985
2.32,-0.5370949479076247
2.3205,-0.40308380694415485
2.321,0.02994665554188742
2.3215,0.3523988207850266
2.322,0.2703370137490694
2.3225000000000002,-0.10338670391624091
2.323,-0.3773115292498258
2.3235,-0.28252723371449406
2.324,0.05463269872716914
2.3245,0.2275785511314561
2.325,-0.05450042958422522
2.3255,-0.6698065480948322
2.326,-1.1826572612039232
2.3265000000000002,-1.2360507478275422
2.327,-0.8413725517379087
2.3275,-0.3011748468681008
2.328,0.11075585640174752
2.3285,0.3653220848402011
2.329,0.5878959735263908
2.3295,0.8033316026949742
2.33,0.8404174856990743
2.3305000000000002,0.5299166142004266
2.331,-0.037766453018236265
2.3315,-0.5267803022872636
2.332,-0.6555444132638287
2.3325,-0.4617717347346958
2.333,-0.2563581670807264
2.3335,-0.30929040045356515
2.334,-0.5723190248906491
2.3345000000000002,-0.7247297357684573
2.335,-0.5087624859664475
2.3355,-0.0011851543464117134
2.336,0.46199630032697425
2.3365,0.6021607790015734
2.337,0.4200710976886226
2.3375,0.1455979388159549
2.338,0.024195010177880553
2.3385000000000002,0.14449491227691166
2.339,0.4165519995796019
2.3395,0.6807935612332925
2.34,0.8329253036176825
2.3405,0.8497053383455315
2.341,0.7302435488398044
2.3415,0.4726646876838167
2.342,0.12514825939661384
2.3425000000000002,-0.1898149601079633
2.343,-0.3543511387755377
2.3435,-0.35912372141739685
2.344,-0.2988290413038496
2.3445,-0.2578410750658038
2.345,-0.22516162892824446
2.3455,-0.13287773578696005
2.346,0.04432099840551829
2.3465000000000003,0.24702646897340708
2.347,0.38157491979672015
2.3475,0.39981771092571144
2.348,0.32343765300689964
2.3485,0.1919543530902418
2.349,0.005184643158071264
2.3495,-0.25685921010434465
2.35,-0.5591456705867548
2.3505000000000003,-0.7927505037627955
2.351,-0.8542754764018209
2.3515,-0.7308621635295395
2.352,-0.4907675177177659
2.3525,-0.20710903360877775
2.353,0.07545628744708083
2.3535,0.304430084168058
2.354,0.41452432834757125
2.3545000000000003,0.40927724687777495
2.355,0.4074718776617658
2.3555,0.5277104016977213
2.356,0.7191557219507465
2.3565,0.7685889727736517
2.357,0.5101674314321033
2.3575,0.019518492632716492
2.358,-0.4042177795600653
2.3585000000000003,-0.4580687790183148
2.359,-0.08038194463311983
2.3595,0.4813662944864313
2.36,0.8596137875365244
2.3605,0.8655671030447619
2.361,0.6039960137150833
2.3615,0.2787716321703104
2.362,-0.05306699226642224
2.3625000000000003,-0.4408574193967136
2.363,-0.7946435779889799
2.3635,-0.8475445294378269
2.364,-0.45740337480212456
2.3645,0.12783154076386377
2.365,0.422398418025223
2.3655,0.15106498365427157
2.366,-0.48122302100118686
2.3665000000000003,-0.9679221179759628
2.367,-0.9312510903392625
2.3675,-0.405030650629307
2.368,0.2380929173959515
2.3685,0.6003649475442161
2.369,0.5334971153027259
2.3695,0.18403542252239619
2.37,-0.1644352847853162
2.3705,-0.3012852179118786
2.371,-0.21419401734475424
2.3715,-0.056330170470243995
2.372,0.01423759824178288
2.3725,-0.02862318095462251
2.373,-0.10281448858612241
2.3735,-0.150385384194976
2.374,-0.19087256491736232
2.3745,-0.23265989173500018
2.375,-0.20573549839257294
2.3755,-0.05358277078758518
2.376,0.13409309623650412
2.3765,0.15759981550172375
2.3770000000000002,-0.08258699797451496
2.3775,-0.4202899854183012
2.378,-0.514010295602905
2.3785,-0.16150868758820097
2.379,0.4572161250339953
2.3795,0.8815431891485662
2.38,0.7481597372104429
2.3805,0.10315382907988152
2.3810000000000002,-0.6025267709112898
2.3815,-0.8156534961379012
2.382,-0.2915779914912716
2.3825,0.6636729096296444
2.383,1.3757784380878575
2.3835,1.3476367233973598
2.384,0.6824979088928332
2.3845,-0.05653370144593647
2.3850000000000002,-0.39395147122878876
2.3855,-0.3033662825473641
2.386,-0.06940728341446119
2.3865,0.07344709781684391
2.387,0.09536043392296623
2.3875,0.04889163560058076
2.388,-0.07121255774049162
2.3885,-0.29287511864286736
2.3890000000000002,-0.5411482096494071
2.3895,-0.6241123656587535
2.39,-0.38248556718912236
2.3905,0.14681322127028323
2.391,0.7223204068644614
2.3915,1.0537878361386828
2.392,0.9840407196765734
2.3925,0.5637643169276613
2.3930000000000002,0.004779627792270748
2.3935,-0.4149215825214245
2.394,-0.45841017075869905
2.3945,-0.06602328159786704
2.395,0.5490777319837906
2.3955,0.9922129904226341
2.396,0.9480598570679618
2.3965,0.3871643003952141
2.3970000000000002,-0.4325822444409951
2.3975,-1.1134471173510632
2.398,-1.313265241206155
2.3985,-0.9253450988766696
2.399,-0.15804545823897706
2.3995,0.5540839659498392
2.4,0.7831886504686582
2.4005,0.37690150301405584
2.4010000000000002,-0.40319276151440725
2.4015,-1.0147139603164392
2.402,-1.0020316280442678
2.4025,-0.3551898599512916
2.403,0.43415677463266483
2.4035,0.7375496166654006
2.404,0.32812373155001406
2.4045,-0.4033078351263114
2.4050000000000002,-0.81011590659592
2.4055,-0.606856643941275
2.406,-0.11854989870405105
2.4065,0.11220010064533713
2.407,-0.06057558792941984
2.4075,-0.25238057391960467
2.408,-0.05050566771231197
2.4085,0.46115159218893587
2.4090000000000003,0.788183782003287
2.4095,0.6004628534654447
2.41,0.09828555126104017
2.4105,-0.2447240812058719
2.411,-0.22659034681788903
2.4115,-0.1042117931606517
2.412,-0.23458797726523428
2.4125,-0.621631500577295
2.4130000000000003,-0.8971885230638131
2.4135,-0.7307769402659833
2.414,-0.17341062292011444
2.4145,0.42962164695848826
2.415,0.7881461717732683
2.4155,0.8692059813517681
2.416,0.8128205628956244
2.4165,0.7478175279454049
2.4170000000000003,0.7040902840228125
2.4175,0.6405862680381789
2.418,0.5127326363744251
2.4185,0.3281851006736308
2.419,0.1599332669414211
2.4195,0.0812260115180863
2.42,0.06359943059307958
2.4205,-0.02058328553523705
2.4210000000000003,-0.23847078305103572
2.4215,-0.45444016315613445
2.422,-0.4167608471702165
2.4225,-0.029512177736144347
2.423,0.4801682228427055
2.4235,0.7135018359672443
2.424,0.45195303612312276
2.4245,-0.12416045341632702
2.4250000000000003,-0.5614608837918368
2.4255,-0.5155499847490178
2.426,-0.07707346867825107
2.4265,0.27985709765861216
2.427,0.14351293033611967
2.4275,-0.42288404346048014
2.428,-0.9590516059772469
2.4285,-1.0806912514755602
2.4290000000000003,-0.8013637525140463
2.4295,-0.4048186986337117
2.43,-0.12760529874285667
2.4305,-0.02704791087292189
2.431,-0.051457552705092766
2.4315,-0.09991420287391743
2.432,-0.027694956026209513
2.4325,0.26701427618423995
2.433,0.6837099504011864
2.4335,0.9085858874026831
2.434,0.6634202379726545
2.4345,0.0020061550167668474
2.435,-0.661289842512856
2.4355,-0.8492179394069351
2.436,-0.3890497255841438
2.4365,0.4596074130991589
2.437,1.2076903706879363
2.4375,1.4872890342076746
2.438,1.2642705440252717
2.4385,0.7736340998495109
2.439,0.28249047484004103
2.4395000000000002,-0.09706396918301194
2.44,-0.40545083635328555
2.4405,-0.6905650699648098
2.441,-0.890436599504252
2.4415,-0.8737062951577044
2.442,-0.6147743257549113
2.4425,-0.31824226247783344
2.443,-0.2829776687801021
2.4435000000000002,-0.5595893605376572
2.444,-0.7926973875173364
2.4445,-0.5338827408185638
2.445,0.24709577180630218
2.4455,1.0375684113254142
2.446,1.2436345174695684
2.4465,0.7860042663834826
2.447,0.19512667497985564
2.4475000000000002,0.07188627465220276
2.448,0.4694369140878994
2.4485,0.8685318880768248
2.449,0.7652901888388751
2.4495,0.20816815776227712
2.45,-0.2807966584233919
2.4505,-0.25806671298672684
2.451,0.22057578156270746
2.4515000000000002,0.6876070926731753
2.452,0.6929953085676739
2.4525,0.15481209361373877
2.453,-0.6155882467194784
2.4535,-1.1664333182230233
2.454,-1.2226381076533237
2.4545,-0.8404792180010091
2.455,-0.2991503238759718
2.4555000000000002,0.14826063209944093
2.456,0.4144037621838057
2.4565,0.505700174586678
2.457,0.4017754829865496
2.4575,0.07588307373690656
2.458,-0.39186543522231176
2.4585,-0.7981307722989224
2.459,-0.9469357060842939
2.4595000000000002,-0.7889457537278409
2.46,-0.4359806973907432
2.4605,-0.06795460438241985
2.461,0.15564310052656516
2.4615,0.13636926722406922
2.462,-0.1148235261464505
2.4625,-0.429571503175417
2.463,-0.5549907813913731
2.4635000000000002,-0.3603857682626922
2.464,0.03165348303073631
2.4645,0.358251603851907
2.465,0.4449124353462048
2.4655,0.29917651097579895
2.466,0.03096022536308561
2.4665,-0.23458474832065807
2.467,-0.36094077006891995
2.4675000000000002,-0.21199998179229346
2.468,0.23859199575998483
2.4685,0.7969426321111502
2.469,1.1309678400809164
2.4695,1.049908717445242
2.47,0.7038479899704699
2.4705,0.44864762402250785
2.471,0.4897212810415978
2.4715000000000003,0.6883825262697197
2.472,0.7359556209165267
2.4725,0.4870647526259225
2.473,0.09487664513670233
2.4735,-0.15274183221981535
2.474,-0.0923293066481045
2.4745,0.19399996845350864
2.475,0.4584493690032822
2.4755000000000003,0.486256508761834
2.476,0.2694270834711734
2.4765,0.010606645791644925
2.477,-0.0755338104759896
2.4775,0.016181302321463836
2.478,0.08604758365269025
2.4785,-0.03235003050698659
2.479,-0.2731550262855951
2.4795000000000003,-0.3999628234193336
2.48,-0.2550297974478572
2.4805,0.05845873857220125
2.481,0.24400026213692294
2.4815,0.08094129281538444
2.482,-0.36235639141185494
2.4825,-0.7943517394257764
2.483,-0.9689610964399152
2.4835000000000003,-0.8617241281050987
2.484,-0.6154711991319871
2.4845,-0.40284715308924013
2.485,-0.34543894717130913
2.4855,-0.4576815077500553
2.486,-0.6145046925558978
2.4865,-0.6360198553531066
2.487,-0.455962241158936
2.4875000000000003,-0.18853042832573383
2.488,-0.005258891093697546
2.4885,0.047513904799309066
2.489,0.08596396497553656
2.4895,0.23019730547077882
2.49,0.4299044463075408
2.4905,0.49044153764048054
2.491,0.28889880839747956
2.4915000000000003,-0.053784798756383354
2.492,-0.24274524673081344
2.4925,-0.07738126821066862
2.493,0.32614222815487676
2.4935,0.5891997889453211
2.494,0.40565106973053194
2.4945,-0.13251405783671694
2.495,-0.5725017467216643
2.4955000000000003,-0.5132840326872548
2.496,0.013677710942670836
2.4965,0.5848356033084448
2.497,0.7914246544415745
2.4975,0.601231015995337
2.498,0.34471672509793805
2.4985,0.36939030210467394
2.499,0.6936761316114329
2.4995,0.9737482273960594
2.5,0.8300487506673937
2.5005,0.25547651835704094
2.501,-0.3085743788841186
2.5015,-0.37384638829740174
2.5020000000000002,0.08998677647452871
2.5025,0.6014590426205951
2.503,0.6444355311175884
2.5035,0.16315221328992252
2.504,-0.4291583707401801
2.5045,-0.679748109861144
2.505,-0.49225639145136046
2.5055,-0.1356233220389431
2.5060000000000002,0.05378599740586734
2.5065,-0.05005326026687326
2.507,-0.3049541110679226
2.5075,-0.4337806143894147
2.508,-0.23943605067346804
2.5085,0.2222285458851655
2.509,0.6542939680353682
2.5095,0.7420482082713878
2.5100000000000002,0.38968571084567016
2.5105,-0.24865951510754636
2.511,-0.9083137316421972
2.5115,-1.3318614789432095
2.512,-1.318949598016767
2.5125,-0.8083777839246665
2.513,0.01459619336849517
2.5135,0.7527056546980639
2.5140000000000002,1.049167148719229
2.5145,0.8553647178933438
2.515,0.42864810080434773
2.5155,0.0644136869802551
2.516,-0.13326274647692934
2.5165,-0.22730047527705452
2.517,-0.2789775954045306
2.5175,-0.2665558943365337
2.5180000000000002,-0.15226970937463238
2.5185,0.023378578762743428
2.519,0.14036238377917926
2.5195,0.09770313319796717
2.52,-0.0850346108145345
2.5205,-0.2784884560100592
2.521,-0.3625751664603189
2.5215,-0.3093933249601394
2.5220000000000002,-0.14568565404077144
2.5225,0.10579258149261536
2.523,0.4067738137810957
2.5235,0.6717673262379499
2.524,0.8175405333812236
2.5245,0.8360068835181317
2.525,0.7653102210571505
2.5255,0.5856666236953509
2.5260000000000002,0.21609724723483
2.5265,-0.34035503535875034
2.527,-0.896660658747858
2.5275,-1.1801501930915355
2.528,-1.0293685318109775
2.5285,-0.5091436658411628
2.529,0.1209777353766236
2.5295,0.559852139834764
2.5300000000000002,0.6596421663693727
2.5305,0.5144067894612222
2.531,0.3408455815540393
2.5315,0.2574845907132228
2.532,0.19791161630644
2.5325,0.04068050545127595
2.533,-0.21778546873561952
2.5335,-0.4479162089937631
2.5340000000000003,-0.5186651586938288
2.5345,-0.4148005422676601
2.535,-0.24161210428199875
2.5355,-0.13935933382530835
2.536,-0.16838667122452075
2.5365,-0.246967642035073
2.537,-0.22685992269795577
2.5375,-0.053247534035178685
2.5380000000000003,0.18496650947186238
2.5385,0.36804074759723554
2.539,0.43160179088690453
2.5395,0.31439663102668763
2.54,-0.07000958791351121
2.5405,-0.6928695183729264
2.541,-1.2574564339918148
2.5415,-1.3041511632533855
2.5420000000000003,-0.5858827495615999
2.5425,0.6132261007594704
2.543,1.58932180204406
2.5435,1.7614352086811078
2.544,1.1650865984317371
2.5445,0.39436602288259925
2.545,0.048803597539231344
2.5455,0.24384074341103582
2.5460000000000003,0.608774700862885
2.5465,0.680254104953876
2.547,0.30623308287697476
2.5475,-0.24615935499496655
2.548,-0.5379013982905348
2.5485,-0.3595568262772423
2.549,0.05657141266089928
2.5495,0.23437391610212108
2.5500000000000003,-0.08165746256812458
2.5505,-0.6404685253032374
2.551,-0.8990023192849604
2.5515,-0.5502073373382866
2.552,0.17427227407936055
2.5525,0.7302699957009565
2.553,0.7619496316912394
2.5535,0.37059969535536685
2.5540000000000003,-0.06253893990399859
2.5545,-0.24565720456709464
2.555,-0.1595287805493674
2.5555,0.044878639988873224
2.556,0.24027326290490986
2.5565,0.3903772346217806
2.557,0.46330980155672774
2.5575,0.3628234026769803
2.5580000000000003,0.029448872321379993
2.5585,-0.4042363948024953
2.559,-0.667128855527393
2.5595,-0.6058056486654103
2.56,-0.3235795478256278
2.5605,-0.039604775706662605
2.561,0.1166483484028881
2.5615,0.150776314695516
2.562,0.13612315735274977
2.5625,0.15308200428754795
2.563,0.23588259788705773
2.5635,0.3278827815245138
2.564,0.31777901628422367
2.5645000000000002,0.1488969410239213
2.565,-0.13196366847291732
2.5655,-0.439800050427186
2.566,-0.7048979522619282
2.5665,-0.8351572057490927
2.567,-0.7236308147049575
2.5675,-0.401446857946201
2.568,-0.12801276388030203
2.5685000000000002,-0.18002068873426855
2.569,-0.5220312336280182
2.5695,-0.7870520653683527
2.57,-0.6419887973627376
2.5705,-0.1369328302304413
2.571,0.3443702623425484
2.5715,0.46897339277426486
2.572,0.2622376373691355
2.5725000000000002,0.03358690023505831
2.573,0.04305478102114854
2.5735,0.29291714035337313
2.574,0.6229883772223144
2.5745,0.8990742985043823
2.575,1.0368214702464147
2.5755,0.9287949763902631
2.576,0.5132965562719923
2.5765000000000002,-0.04682689629947725
2.577,-0.38343445170868756
2.5775,-0.24406130011453595
2.578,0.2160979579919322
2.5785,0.5436601454885799
2.579,0.4271972737282985
2.5795,0.0051164055785104
2.58,-0.2906935018271679
2.5805000000000002,-0.1774927171468073
2.581,0.22221702786040248
2.5815,0.5353660718034376
2.582,0.4825261122417212
2.5825,0.0779342149365985
2.583,-0.41081670360816036
2.5835,-0.6387058249897576
2.584,-0.39381397567823895
2.5845000000000002,0.23106329623709013
2.585,0.8327391898379533
2.5855,0.955085994856178
2.586,0.47040871344748275
2.5865,-0.2746775014905505
2.587,-0.7514450327867579
2.5875,-0.7133186943921627
2.588,-0.35136775057225383
2.5885000000000002,-0.017340113382520242
2.589,0.12181430490729367
2.5895,0.12750510754396885
2.59,0.08437755615527812
2.5905,-0.026378658353538073
2.591,-0.23044286195163738
2.5915,-0.4287700951450427
2.592,-0.448374755969068
2.5925000000000002,-0.21945359175280152
2.593,0.1420229844224092
2.5935,0.42547422213848374
2.594,0.4739246777288803
2.5945,0.26507254270533714
2.595,-0.09992785616742936
2.5955,-0.46814731055156383
2.596,-0.7154500177537617
2.5965000000000003,-0.7900111122105168
2.597,-0.7213506710976251
2.5975,-0.6096859074519067
2.598,-0.562435226274718
2.5985,-0.5783315002009715
2.599,-0.501452307717902
2.5995,-0.15481494345153496
2.6,0.4412053767189038
2.6005000000000003,1.000570460175483
2.601,1.1684190392201137
2.6015,0.8307287196791465
2.602,0.23872262967106708
2.6025,-0.19337107275750745
2.603,-0.22258997837805886
2.6035,0.07933489915450838
2.604,0.4580329607470109
2.6045000000000003,0.6899232084235294
2.605,0.6911571665773303
2.6055,0.5171383281510071
2.606,0.31164957183388503
2.6065,0.20918789310977756
2.607,0.22309818959299152
2.6075,0.23821050823260123
2.608,0.14710955864675748
2.6085000000000003,-0.02104886265833869
2.609,-0.13291756158927492
2.6095,-0.09156789598750752
2.61,0.08614085306799082
2.6105,0.3130558273565778
2.611,0.503088281998205
2.6115,0.5919887661828775
2.612,0.5316620764928519
2.6125000000000003,0.3031915870348963
2.613,-0.05873712253111157
2.6135,-0.4623573690995166
2.614,-0.7861520698828194
2.6145,-0.9242821660356793
2.615,-0.8424725191428165
2.6155,-0.6245476540612479
2.616,-0.43653075094303273
2.6165000000000003,-0.3738728360278218
2.617,-0.3409421935613353
2.6175,-0.15578081556630652
2.618,0.19565346055202562
2.6185,0.46201084444685875
2.619,0.33761153590090653
2.6195,-0.21454760997738168
2.62,-0.8588755642392272
2.6205000000000003,-1.1299306192177412
2.621,-0.8170856705223628
2.6215,-0.13503004203918553
2.622,0.4833991777526832
2.6225,0.7595405504268047
2.623,0.7409895717979982
2.6235,0.6597460567032966
2.624,0.6827380317340839
2.6245,0.7816549399446361
2.625,0.7775496174367633
2.6255,0.5075066058160205
2.626,0.004455929699996461
2.6265,-0.4698896360578104
2.6270000000000002,-0.6135358180117825
2.6275,-0.33662709024420484
2.628,0.17450681030762233
2.6285,0.6245301323915639
2.629,0.8104372533403522
2.6295,0.6982663536650997
2.63,0.39653342782744017
2.6305,0.08099502590516072
2.6310000000000002,-0.12670270325738614
2.6315,-0.2594135861708959
2.632,-0.4495110937335792
2.6325,-0.738186830182672
2.633,-0.986714613744003
2.6335,-1.0365614912114791
2.634,-0.9185212328660847
2.6345,-0.8125117901786024
2.6350000000000002,-0.7973293428369639
2.6355,-0.7308028497542175
2.636,-0.43344013416817684
2.6365,0.04852392980204403
2.637,0.43055450821431285
2.6375,0.46340098638208543
2.638,0.19858360744803577
2.6385,-0.04070033348077866
2.6390000000000002,0.0475298381997538
2.6395,0.47428311491389064
2.64,0.9499108927174611
2.6405,1.1311094704557156
2.641,0.9127045719106333
2.6415,0.5063384691813964
2.642,0.22830072719890449
2.6425,0.21130615892081778
2.6430000000000002,0.33921517935411355
2.6435,0.4395960687663153
2.644,0.4748211867718014
2.6445,0.5226833934329939
2.645,0.6285556042177336
2.6455,0.734181603629253
2.646,0.730836393612776
2.6465,0.5352728472487264
2.6470000000000002,0.13758504936319796
2.6475,-0.35316037215090257
2.648,-0.7011772872371209
2.6485,-0.6608141572416952
2.649,-0.1881270185256341
2.6495,0.4398759011489973
2.65,0.7678857507184449
2.6505,0.5127982972777199
2.6510000000000002,-0.1747862182126034
2.6515,-0.8229101587209284
2.652,-1.0635980707043666
2.6525,-0.9539423708418501
2.653,-0.8462552092280529
2.6535,-0.9502808968341165
2.654,-1.0976141228279706
2.6545,-0.9851436281550088
2.6550000000000002,-0.5814267217174122
2.6555,-0.1838485545266832
2.656,-0.07550458953554855
2.6565,-0.22338332852150838
2.657,-0.35934100055414486
2.6575,-0.2965467407931841
2.658,-0.1029441183855159
2.6585,0.01936597889473418
2.6590000000000003,-0.0239121475231944
2.6595,-0.11348181252502637
2.66,-0.045967191394287565
2.6605,0.24021908099940173
2.661,0.5951053299553914
2.6615,0.8338293224072937
2.662,0.9483104817822609
2.6625,1.0834747620356429
2.6630000000000003,1.304995470076821
2.6635,1.4541022155507468
2.664,1.2755635527907803
2.6645,0.6853047439270864
2.665,-0.09982847324527512
2.6655,-0.7044611884658024
2.666,-0.8815962736539332
2.6665,-0.6742535029234633
2.6670000000000003,-0.3148698090284653
2.6675,-0.007725539881355902
2.668,0.16777558790017286
2.6685,0.1911788876104703
2.669,0.03728676449667116
2.6695,-0.2581378173617687
2.67,-0.5023253682242798
2.6705,-0.43868063007561886
2.6710000000000003,-0.03256581148378375
2.6715,0.38505651753458514
2.672,0.3885779143683761
2.6725,-0.09247670068017633
2.673,-0.6691725090017551
2.6735,-0.8748871644412011
2.674,-0.6002685394874091
2.6745,-0.1305066916102405
2.6750000000000003,0.17517644316140477
2.6755,0.19053063740917117
2.676,0.06709458030533974
2.6765,0.04182795876644273
2.677,0.19515857222560198
2.6775,0.3876770257943693
2.678,0.4530591041140801
2.6785,0.4098026109840782
2.6790000000000003,0.3855249040123882
2.6795,0.3568367619517512
2.68,0.14200601064997687
2.6805,-0.2605942534773767
2.681,-0.47931999680350595
2.6815,-0.11439548296137143
2.682,0.717498428268648
2.6825,1.34429680038342
2.6830000000000003,1.1581597554800722
2.6835,0.23127180210588447
2.684,-0.7578944777452924
2.6845,-1.164961984468076
2.685,-0.8783868311966723
2.6855,-0.25751292980946366
2.686,0.2695301799221488
2.6865,0.4937234928902877
2.6870000000000003,0.4125729174117682
2.6875,0.09296375700080194
2.688,-0.3599354876164217
2.6885,-0.7525387228571385
2.689,-0.8603895265062484
2.6895000000000002,-0.6093810639211985
2.69,-0.1701998969085323
2.6905,0.17140338274724976
2.691,0.24092636011815727
2.6915,0.0729294332376767
2.692,-0.17317967859583105
2.6925,-0.34274422675322924
2.693,-0.34661856383165146
2.6935000000000002,-0.1751436716284152
2.694,0.09069312689628659
2.6945,0.30429584700656775
2.695,0.34464482705115745
2.6955,0.21351090826925276
2.696,0.04693774743128729
2.6965,0.010798218057592032
2.697,0.14644878555709434
2.6975000000000002,0.3144200696727339
2.698,0.3350087938506368
2.6985,0.20036679850897904
2.699,0.10298122757611092
2.6995,0.2289694369174264
2.7,0.548878224071125
2.7005,0.823162462743303
2.701,0.7946132136494981
2.7015000000000002,0.3896255463991661
2.702,-0.2124996184577463
2.7025,-0.6795296996261198
2.703,-0.7430455396529771
2.7035,-0.39986779155420443
2.704,0.06875690906633153
2.7045,0.3139533609581552
2.705,0.1974457773573166
2.7055000000000002,-0.1204934673335671
2.706,-0.33772740848932664
2.7065,-0.2536886703743698
2.707,0.0719468541097808
2.7075,0.3491243568683356
2.708,0.2977120219820396
2.7085,-0.07625046272794367
2.709,-0.47527096485414094
2.7095000000000002,-0.6238928843911844
2.71,-0.5353838763434713
2.7105,-0.40944300056553107
2.711,-0.32914387928418837
2.7115,-0.17355570545260504
2.712,0.16279196661146417
2.7125,0.5582591907062352
2.713,0.7267715852903788
2.7135000000000002,0.4752139980068057
2.714,-0.1063109406872654
2.7145,-0.6885777068603098
2.715,-0.9400768127024424
2.7155,-0.7490392495064482
2.716,-0.24685499823982884
2.7165,0.33643035070104765
2.717,0.8080099672223351
2.7175000000000002,1.0498665759533037
2.718,1.0066285124793832
2.7185,0.683655163974795
2.719,0.16933209875042096
2.7195,-0.33712390775548007
2.72,-0.5590856688348678
2.7205,-0.3016767144993899
2.721,0.34191451866016104
2.7215000000000003,0.9647737142615718
2.722,1.1270721862721707
2.7225,0.732283556383401
2.723,0.1096179935893425
2.7235,-0.3079931550504513
2.724,-0.3678561182328904
2.7245,-0.24393574361595116
2.725,-0.16470819453779306
2.7255000000000003,-0.18614840841326633
2.726,-0.2312073587923602
2.7265,-0.258967675659261
2.727,-0.3314743821034465
2.7275,-0.5253738811030396
2.728,-0.8009094885034512
2.7285,-0.9707462425213502
2.729,-0.8275158638767275
2.7295000000000003,-0.3430907683960087
2.73,0.24011239353247452
2.7305,0.5512737396080704
2.731,0.3961219919882722
2.7315,-0.04945623501785737
2.732,-0.3829203086015721
2.7325,-0.33641897049583824
2.733,0.008935450242060777
2.7335000000000003,0.34654440381075235
2.734,0.4389677219814124
2.7345,0.30027467584328543
2.735,0.14998102010528871
2.7355,0.2080975582965452
2.736,0.4805836231154409
2.7365,0.7160369624518027
2.737,0.6234836288098344
2.7375000000000003,0.17400874481934325
2.738,-0.33920671735477104
2.7385,-0.5722762639240153
2.739,-0.44799380603165123
2.7395,-0.17659970973890476
2.74,0.014437571257154433
2.7405,0.09873535666642794
2.741,0.1844592707635944
2.7415000000000003,0.32475901672956436
2.742,0.47500082153241296
2.7425,0.5794506450684305
2.743,0.5958759873161897
2.7435,0.46250834842810873
2.744,0.16183365059555718
2.7445,-0.17218105899526176
2.745,-0.32389443727868183
2.7455000000000003,-0.2204926905504573
2.746,-0.02995412909212721
2.7465,-0.013125906832194608
2.747,-0.3001034402044536
2.7475,-0.7733559913756326
2.748,-1.1131636976899002
2.7485,-1.0036111687455822
2.749,-0.401720346396105
2.7495000000000003,0.35951422306947906
2.75,0.78850573872568
2.7505,0.6365331245651785
2.751,0.13492900762855836
2.7515,-0.19006167032240212
2.7520000000000002,-0.004407067956186265
2.7525,0.5204724196551295
2.753,0.9167317451309447
2.7535,0.9142829100260583
2.754,0.6480551090383366
2.7545,0.39227312628305483
2.755,0.2284017815019062
2.7555,0.056511517223707466
2.7560000000000002,-0.15791379833548422
2.7565,-0.28608704293188436
2.757,-0.20459161112205013
2.7575,0.00857978013846177
2.758,0.1099789936829714
2.7585,-0.05637418219353511
2.759,-0.3729464346641635
2.7595,-0.5668592309177684
2.7600000000000002,-0.5045486944499218
2.7605,-0.30727023251675006
2.761,-0.17333650881697255
2.7615,-0.16181194245446265
2.762,-0.18486213243971164
2.7625,-0.16347903925053647
2.763,-0.14881525867664858
2.7635,-0.28582334695843253
2.7640000000000002,-0.640231410171408
2.7645,-1.0585949090559392
2.765,-1.2534400069582137
2.7655,-1.0706110514888947
2.766,-0.6481441606949765
2.7665,-0.27061615509875725
2.767,-0.07436448329464201
2.7675,0.05627705532102195
2.7680000000000002,0.2860113264183596
2.7685,0.5879449979872146
2.769,0.7718626318343532
2.7695,0.7133719290090378
2.77,0.48210375565718355
2.7705,0.27329562909300215
2.771,0.2780726836015407
2.7715,0.5715667528529891
2.7720000000000002,1.021057716197948
2.7725,1.2991022189418289
2.773,1.0960344028654119
2.7735,0.4178461728200187
2.774,-0.33926881155672006
2.7745,-0.6949695724273169
2.775,-0.4888759755290169
2.7755,0.055333918321289116
2.7760000000000002,0.6135470969559926
2.7765,0.9885088650074463
2.777,1.086279637651804
2.7775,0.8611124373813445
2.778,0.39387336744179985
2.7785,-0.06373926165458152
2.779,-0.2539029036803269
2.7795,-0.1369662320311503
2.7800000000000002,0.09625438439620673
2.7805,0.22238573491295463
2.781,0.15348738740017812
2.7815,-0.05339012796681479
2.782,-0.2753617323542302
2.7825,-0.40827737953605864
2.783,-0.4210472003622692
2.7835,-0.3445560050122253
2.7840000000000003,-0.213204901617976
2.7845,-0.05093794610449292
2.785,0.07190643465017452
2.7855,0.019129241313448196
2.786,-0.3038292382144798
2.7865,-0.7978949853385412
2.787,-1.162757786001601
2.7875,-1.1134457312758257
2.7880000000000003,-0.6551335996963654
2.7885,-0.1269496031065637
2.789,0.08524174248512634
2.7895,-0.08464639301601477
2.79,-0.318987337026251
2.7905,-0.25312985591900244
2.791,0.13251267289300614
2.7915,0.5008103648443788
2.7920000000000003,0.5284163570624564
2.7925,0.2243453540522282
2.793,-0.12128717913761419
2.7935,-0.23650526494853433
2.794,-0.10043747738551531
2.7945,0.07121404253253105
2.795,0.05654730709756767
2.7955,-0.13349160418708142
2.7960000000000003,-0.24994187696100606
2.7965,-0.06799621271295932
2.797,0.334315958638861
2.7975,0.580592970738923
2.798,0.331414193640402
2.7985,-0.33720694416856506
2.799,-0.9043031926200099
2.7995,-0.819114082895456
2.8000000000000003,-0.004775530547151643
2.8005,1.0274340661503052
2.801,1.5743336550723928
2.8015,1.297503867445247
2.802,0.4611925966177322
2.8025,-0.32083136517594385
2.803,-0.5762943586686089
2.8035,-0.2890212714155485
2.8040000000000003,0.17750003858349758
2.8045,0.42053014498761226
2.805,0.2958082320311106
2.8055,-0.03737096259169876
2.806,-0.3070633986652947
2.8065,-0.37080083591249285
2.807,-0.2987532888386895
2.8075,-0.23556956298054735
2.8080000000000003,-0.2059990165752724
2.8085,-0.09101651286990166
2.809,0.19937009598690356
2.8095,0.5628092551981735
2.81,0.7501922395161429
2.8105,0.5875804391386203
2.811,0.14659268112592141
2.8115,-0.3100211424774451
2.8120000000000003,-0.5443350481035213
2.8125,-0.5066006983363464
2.813,-0.3136493159050807
2.8135,-0.10335508085861986
2.814,0.07196401829143949
2.8145000000000002,0.22153239929296983
2.815,0.32842147418313544
2.8155,0.32905849622634464
2.816,0.1887152880547314
2.8165,-0.021213552352862316
2.817,-0.14065343618642842
2.8175,-0.04257740390973951
2.818,0.2335612913799441
2.8185000000000002,0.4799872280982094
2.819,0.49104368195401327
2.8195,0.24672195079843906
2.82,-0.08521544934623264
2.8205,-0.3167545981505339
2.821,-0.38469530041610867
2.8215,-0.3472034019007869
2.822,-0.2922101453082497
2.8225000000000002,-0.2689962700375356
2.823,-0.2613435303612235
2.8235,-0.18819052351231066
2.824,0.029598007267902755
2.8245,0.3454654746655166
2.825,0.5447812266598929
2.8255,0.38892328747819965
2.826,-0.158871336798953
2.8265000000000002,-0.8435022408082272
2.827,-1.260847087167179
2.8275,-1.1257088309676966
2.828,-0.461751654219897
2.8285,0.4168475540989337
2.829,1.1024793675711289
2.8295,1.3259693171005973
2.83,1.0712389722013096
2.8305000000000002,0.5153138664240065
2.831,-0.1112958493542037
2.8315,-0.6027052818705435
2.832,-0.8023046194420276
2.8325,-0.6705275182646395
2.833,-0.336087876322349
2.8335,0.0033933906370897634
2.834,0.2361716131066827
2.8345000000000002,0.33802121361301973
2.835,0.2869628721523526
2.8355,0.11762333401272905
2.836,0.029044176599697148
2.8365,0.24358936832756492
2.837,0.6939049239642605
2.8375,0.9898268356819411
2.838,0.7874538109413809
2.8385000000000002,0.12969797701972516
2.839,-0.6116655106066091
2.8395,-1.0596301530953873
2.84,-1.0686814929372757
2.8405,-0.7341067470524177
2.841,-0.2811556594503108
2.8415,0.04553496915545537
2.842,0.08565103562625173
2.8425000000000002,-0.13882546897434042
2.843,-0.4215230299257021
2.8435,-0.5282580811459886
2.844,-0.39642075546559463
2.8445,-0.1709546408897326
2.845,-0.029533975134477797
2.8455,0.00478274512370188
2.846,0.04847262031309587
2.8465000000000003,0.1822687855414951
2.847,0.3506052033363356
2.8475,0.45122723929632486
2.848,0.4782259582345131
2.8485,0.5162866660750036
2.849,0.5853174119406953
2.8495,0.5590984689762657
2.85,0.30992102394755155
2.8505000000000003,-0.07708926289653335
2.851,-0.30509300251561766
2.8515,-0.13196483639884227
2.852,0.3667304968207413
2.8525,0.8273581890439348
2.853,0.8913620696996077
2.8535,0.4618343149419684
2.854,-0.27858813845975633
2.8545000000000003,-1.0157175582001678
2.855,-1.453393863026793
2.8555,-1.4021261107815666
2.856,-0.8305309262517615
2.8565,0.10303801402013019
2.857,1.0625899790362243
2.8575,1.6399193423472838
2.858,1.5669024676738839
2.8585000000000003,0.9204654938489994
2.859,0.11519036957811378
2.8595,-0.3803199237555506
2.86,-0.3832537447029351
2.8605,-0.08520592492787077
2.861,0.1740468862282937
2.8615,0.20072287017259252
2.862,0.03994015565554202
2.8625000000000003,-0.13725698202895195
2.863,-0.17528304174686415
2.8635,-0.018337721758625185
2.864,0.2359029902870022
2.8645,0.3553556908843742
2.865,0.14293221931720757
2.8655,-0.3511764095726797
2.866,-0.8273554707593969
2.8665000000000003,-0.9945866557236603
2.867,-0.8143296909182043
2.8675,-0.4829721037338997
2.868,-0.2266721072346021
2.8685,-0.129445541032216
2.869,-0.10285238411014443
2.8695,0.001064363426237282
2.87,0.21150480836972654
2.8705000000000003,0.384012179861809
2.871,0.37484308590017484
2.8715,0.24124791856775782
2.872,0.18542889076279706
2.8725,0.296242691765885
2.873,0.4123930631037575
2.8735,0.27912273172443886
2.874,-0.16133319964991918
2.8745000000000003,-0.6598158001018385
2.875,-0.8848585311012446
2.8755,-0.7665313468513321
2.876,-0.5633198777130136
2.8765,-0.5578030799878843
2.8770000000000002,-0.7334921613978529
2.8775,-0.7975117513541519
2.878,-0.5015641125748013
2.8785000000000003,0.09418324548984507
2.879,0.6666688268693584
2.8795,0.9078213062809463
2.88,0.7547347990015509
2.8805,0.3864813042132909
2.8810000000000002,0.04825700499853059
2.8815,-0.11552138757835058
2.882,-0.11319025614661414
2.8825,-0.054032855823887886
2.883,-0.049814827398024564
2.8835,-0.12380248950849917
2.884,-0.17765842816980162
2.8845,-0.06064188248619564
2.8850000000000002,0.277763267628875
2.8855,0.6890093861092286
2.886,0.9256963512629375
2.8865,0.8782698046760278
2.887,0.6884158446747274
2.8875,0.5881872585213187
2.888,0.63531783680713
2.8885,0.6558568551712403
2.8890000000000002,0.47271786027488827
2.8895,0.14831364955979248
2.89,-0.06791859138302558
2.8905,-0.035562359207909136
2.891,0.1047730318184929
2.8915,0.09328746072116723
2.892,-0.16035843303938935
2.8925,-0.4894156380422824
2.8930000000000002,-0.6464421525377037
2.8935,-0.5396935721856817
2.894,-0.30436957162736117
2.8945,-0.15455773901728068
2.895,-0.17159263300509342
2.8955,-0.24804212424514607
2.896,-0.2268285428942712
2.8965,-0.051390717667412975
2.8970000000000002,0.22462677452759303
2.8975,0.5032603438234413
2.898,0.672708680419955
2.8985,0.6390049373422997
2.899,0.4036801813780458
2.8995,0.08063743490487159
2.9,-0.2144395792580169
2.9005,-0.4523204527509588
2.9010000000000002,-0.6267469106232612
2.9015,-0.6642720371301518
2.902,-0.48258083160844656
2.9025,-0.14080711109050817
2.903,0.12777390292742918
2.9035,0.08978554938868846
2.904,-0.2558732716163508
2.9045,-0.630993740902141
2.9050000000000002,-0.6989369369973022
2.9055,-0.37076137923721053
2.906,0.0873478409406814
2.9065,0.2644666923535361
2.907,-0.035783484894019946
2.9075,-0.6070361647791259
2.908,-1.006991987067302
2.9085,-0.9490396256086353
2.9090000000000003,-0.5636084826527836
2.9095,-0.2586744203629203
2.91,-0.28877446766295706
2.9105,-0.47433810039079904
2.911,-0.3936845524413385
2.9115,0.1470146052363212
2.912,0.8878867480226557
2.9125,1.3669475761647347
2.9130000000000003,1.3376298856435378
2.9135,0.9238544956965896
2.914,0.44624276240793664
2.9145,0.15665255245348012
2.915,0.09666898381029518
2.9155,0.1419743746723714
2.916,0.16139303944165573
2.9165,0.1380807547909731
2.9170000000000003,0.15679494603061198
2.9175,0.30687949464271
2.918,0.5943450420043966
2.9185,0.9072198904414817
2.919,1.061419297816281
2.9195,0.9209315679430684
2.92,0.5017515906317424
2.9205,-0.03181962898438691
2.9210000000000003,-0.46546211246960806
2.9215,-0.6541120261614262
2.922,-0.60009623232762
2.9225,-0.43352285297318977
2.923,-0.2830310192823496
2.9235,-0.1497987394200874
2.924,0.0637601079156556
2.9245,0.39177548079482744
2.9250000000000003,0.707248984543581
2.9255,0.8086550487233131
2.926,0.5881129720419941
2.9265,0.11009905119734278
2.927,-0.4500382624815963
2.9275,-0.9296868641087793
2.928,-1.2471844290741936
2.9285,-1.3619571230969527
2.9290000000000003,-1.2128665440042719
2.9295,-0.768546938970436
2.93,-0.15766134332177267
2.9305,0.32688707537949596
2.931,0.44263294494968336
2.9315,0.22464628418870664
2.932,-0.05355656339986759
2.9325,-0.16729989302033746
2.9330000000000003,-0.15496801756832965
2.9335,-0.2160939101909186
2.934,-0.4181220036818974
2.9345,-0.5647535161754779
2.935,-0.40118261230087077
2.9355,0.0670813163634392
2.936,0.5187481088526812
2.9365,0.6108506723396389
2.9370000000000003,0.3138750134326694
2.9375,-0.068864954501101
2.938,-0.21268150143072917
2.9385,-0.07466142161647887
2.939,0.12173154403811276
2.9395000000000002,0.16310528149401976
2.94,0.06334892378014706
2.9405,0.011526328237846054
2.9410000000000003,0.13896651979954447
2.9415,0.36120267803928857
2.942,0.453277525914886
2.9425,0.27085742388562
2.943,-0.1128619277046101
2.9435000000000002,-0.4784697702775048
2.944,-0.6369675690912664
2.9445,-0.5300239553574541
2.945,-0.21315181550238274
2.9455,0.1944166331642203
2.946,0.5577666889507603
2.9465,0.7890941009405559
2.947,0.8842514039206332
2.9475000000000002,0.8825690716629314
2.948,0.8012013938081289
2.9485,0.6296880905427513
2.949,0.36670292481990246
2.9495,0.025105004822964714
2.95,-0.36870006944468614
2.9505,-0.713155448697599
2.951,-0.8038960654685701
2.9515000000000002,-0.49463233974898774
2.952,0.08023299796954178
2.9525,0.5395975321326524
2.953,0.568652013314393
2.9535,0.17006340620851151
2.954,-0.37865562916236384
2.9545,-0.7436145068177996
2.955,-0.7232703717399728
2.9555000000000002,-0.34475212579867176
2.956,0.1442820835367134
2.9565,0.43278274807083206
2.957,0.38905364052985353
2.9575,0.1657721556529042
2.958,0.03355248570305948
2.9585,0.1025539178057086
2.959,0.2212603927315195
2.9595000000000002,0.15360821838264296
2.96,-0.15633472640288312
2.9605,-0.5103986478006093
2.961,-0.6399133522315857
2.9615,-0.4493879470749518
2.962,-0.09678944282503102
2.9625,0.13842958869255514
2.963,0.08676527661346105
2.9635000000000002,-0.16362095713471314
2.964,-0.3441300132499007
2.9645,-0.26197035868187013
2.965,0.007366480549321523
2.9655,0.19849018267529228
2.966,0.13230091786693643
2.9665,-0.10663113807965789
2.967,-0.27448748592211675
2.9675000000000002,-0.21344392907336693
2.968,0.02640004897151074
2.9685,0.2631318476578005
2.969,0.33228542544584905
2.9695,0.17992764302732756
2.97,-0.1272533044862001
2.9705,-0.4303690937981519
2.971,-0.5215286795037675
2.9715000000000003,-0.24111286551733893
2.972,0.36904269642387255
2.9725,0.9978387531927713
2.973,1.2361484930763305
2.9735,0.8994787987247894
2.974,0.19839485865228842
2.9745,-0.4232879072591363
2.975,-0.6302673418521879
2.9755000000000003,-0.40732493743468323
2.976,0.009717091246649167
2.9765,0.35478911509148964
2.977,0.47987040745933596
2.9775,0.36760080567482145
2.978,0.09538312111662943
2.9785,-0.21179231405079352
2.979,-0.4613627314431248
2.9795000000000003,-0.6443180190073983
2.98,-0.7785607154005647
2.9805,-0.8258963043758172
2.981,-0.7205326153255204
2.9815,-0.45943959696038533
2.982,-0.10299574320056136
2.9825,0.29172392027841165
2.983,0.6685916039589264
2.9835000000000003,0.9231244969521484
2.984,0.9440694172599808
2.9845,0.7320740890193199
2.985,0.4250254707609888
2.9855,0.16957088844566864
2.986,0.005364900055920187
2.9865,-0.08185628011941803
2.987,-0.05013546993325635
2.9875000000000003,0.15236559286577311
2.988,0.43474868559683166
2.9885,0.5594106580658942
2.989,0.34599319150431695
2.9895,-0.14085246097757492
2.99,-0.6229911438901001
2.9905,-0.8282181766340228
2.991,-0.6968217124874639
2.9915000000000003,-0.3898176845421288
2.992,-0.10475700712246266
2.9925,0.08480200098157893
2.993,0.19033115435462608
2.9935,0.18089100557808624
2.994,0.0017789610782748596
2.9945,-0.2860757596576557
2.995,-0.5079400381651303
2.9955000000000003,-0.5726635828663725
2.996,-0.5773825098979011
2.9965,-0.6337183965459879
2.997,-0.6584412765496588
2.9975,-0.45804423645690096
2.998,-0.01760336281924585
2.9985,0.4015816811589982
2.999,0.4962284029445674
2.9995000000000003,0.20831288822632468
3.0,-0.22795789430850208
3.0005,-0.4783401894571975
3.001,-0.3587230762640518
3.0015,0.034210334767178364
3.0020000000000002,0.41630709444273734
3.0025,0.5692486209613715
3.003,0.5101464183611012
3.0035000000000003,0.40111236221403895
3.004,0.3234842756928152
3.0045,0.20509391928468398
3.005,-0.011541382384558563
3.0055,-0.1978383191928919
3.0060000000000002,-0.1291831865011603
3.0065,0.23788376184267246
3.007,0.6512278474754967
3.0075000000000003,0.7877222375208242
3.008,0.5733764331656017
3.0085,0.23150976290089764
3.009,0.022801620296002238
3.0095,0.0011924527656368934
3.0100000000000002,0.05275865020704459
3.0105,0.11015775735022698
3.011,0.22863433475907147
3.0115,0.4246997270715139
3.012,0.5313670842615577
3.0125,0.33112057358588404
3.013,-0.15416507539348479
3.0135,-0.5934114057264532
3.0140000000000002,-0.63205898726302
3.0145,-0.23572128927046443
3.015,0.2784311753104142
3.0155,0.5323344238072256
3.016,0.38222552497150886
3.0165,-0.022060812528688616
3.017,-0.38017467328134297
3.0175,-0.4559187534091544
3.0180000000000002,-0.2551620755611938
3.0185,-0.025098552223370763
3.019,-0.012898386611547744
3.0195,-0.20140000256139115
3.02,-0.34248557014348185
3.0205,-0.2780060073036213
3.021,-0.15395845923608492
3.0215,-0.2337260639280043
3.0220000000000002,-0.5295194582006834
3.0225,-0.7385131005968458
3.023,-0.5938996596301923
3.0235,-0.19429359420064773
3.024,0.09639362542421318
3.0245,0.03532667982728793
3.025,-0.2808818912260205
3.0255,-0.5486219571659012
3.0260000000000002,-0.5350144788136353
3.0265,-0.24201891233396955
3.027,0.13051946269090747
3.0275,0.3619903437268068
3.028,0.3768615048007734
3.0285,0.2562671741223734
3.029,0.1173537066408619
3.0295,0.01901758121343981
3.0300000000000002,-0.03265981788829788
3.0305,-0.04678289496883625
3.031,-0.030493212897598605
3.0315,0.01578627084377947
3.032,0.08779967502144122
3.0325,0.15678526025197254
3.033,0.17651751352138553
3.0335,0.11832731253749519
3.0340000000000003,-0.005024967528019696
3.0345,-0.12856404690732368
3.035,-0.13789687512060403
3.0355,0.05927929902320887
3.036,0.4080785128643177
3.0365,0.6932865798340092
3.037,0.7210511094759922
3.0375,0.4962936345153651
3.0380000000000003,0.1722194368617238
3.0385,-0.12969650051151854
3.039,-0.36679656618369894
3.0395,-0.47524403558524375
3.04,-0.34790359551504413
3.0405,0.030682291158689957
3.041,0.4858353046297314
3.0415,0.7577057883256959
3.0420000000000003,0.7083114451620576
3.0425,0.4103697058242505
3.043,0.06005025089856948
3.0435,-0.15694828982288841
3.044,-0.13827053578545628
3.0445,0.09813256879384658
3.045,0.3819344910267731
3.0455,0.4462673994686442
3.0460000000000003,0.135967942251477
3.0465,-0.39146492588940496
3.047,-0.7412854075134799
3.0475,-0.6283010963467297
3.048,-0.13901164934070606
3.0485,0.3652558689496029
3.049,0.5638571171467388
3.0495,0.3829120551234256
3.0500000000000003,-0.02863322886749869
3.0505,-0.42947743506580366
3.051,-0.6055202725768638
3.0515,-0.4832718905556218
3.052,-0.20824286383142104
3.0525,-0.052973351233985645
3.053,-0.15766045007562077
3.0535,-0.3771426719552821
3.0540000000000003,-0.44365324243946547
3.0545,-0.27020698142988997
3.055,-0.04594417845183449
3.0555,-0.02903854027288786
3.056,-0.27794719184179495
3.0565,-0.5989809253229407
3.057,-0.7344547360646726
3.0575,-0.5815823004216498
3.0580000000000003,-0.2486508311206706
3.0585,0.06332335833938439
3.059,0.22820310592342846
3.0595,0.26806140895070707
3.06,0.2763734627361123
3.0605,0.2921795302700623
3.061,0.28765138071312063
3.0615,0.264540404895165
3.0620000000000003,0.28409808358444644
3.0625,0.3763167926563939
3.063,0.48840157686508534
3.0635,0.5567654605271304
3.064,0.5696882619229497
3.0645000000000002,0.5253543291691092
3.065,0.3920892023571647
3.0655,0.1710797833637325
3.0660000000000003,-0.03822353069246627
3.0665,-0.11736050383696532
3.067,-0.08971234739402925
3.0675,-0.13290971167610668
3.068,-0.3690569041931572
3.0685000000000002,-0.670431763077892
3.069,-0.7536558553876396
3.0695,-0.49785511278359973
3.0700000000000003,-0.11912792850785582
3.0705,0.036205268540325394
3.071,-0.12498609616153551
3.0715,-0.319541537724796
3.072,-0.1847636982691315
3.0725000000000002,0.32374254117993617
3.073,0.869331960989722
3.0735,1.058397004361244
3.074,0.7736488461579529
3.0745,0.18677467782524507
3.075,-0.4503688807550964
3.0755,-0.9395406903989839
3.076,-1.1433454921916084
3.0765000000000002,-1.0173973089491701
3.077,-0.6726787653580768
3.0775,-0.31954399592731186
3.078,-0.09461353986178217
3.0785,0.02612467769998429
3.079,0.12772891442111453
3.0795,0.22948187964002778
3.08,0.2968967459017714
3.0805000000000002,0.3317680106422631
3.081,0.39062013680419644
3.0815,0.5121865605456253
3.082,0.6488529376436012
3.0825,0.6846551884494041
3.083,0.5446322458743079
3.0835,0.30568171078595247
3.084,0.17117781138579855
3.0845000000000002,0.27244941483470647
3.085,0.47451574134149516
3.0855,0.44783671111962725
3.086,0.020193706161916028
3.0865,-0.5622834377783064
3.087,-0.8283425252091159
3.0875,-0.563366197583341
3.088,-0.029795234595713125
3.0885000000000002,0.3111747489514857
3.089,0.2307834529041177
3.0895,-0.13025192451900794
3.09,-0.4572882294599829
3.0905,-0.5096913107145303
3.091,-0.23710073799615755
3.0915,0.20771955548811205
3.092,0.5256535031847731
3.0925000000000002,0.4405687650367196
3.093,-0.06252320987986773
3.0935,-0.6493766084741708
3.094,-0.8672778577461306
3.0945,-0.5311630625543284
3.095,0.11015611147667428
3.0955,0.5951577817796725
3.096,0.6481101536910404
3.0965000000000003,0.39279313822095524
3.097,0.19473192204181752
3.0975,0.28557865240275626
3.098,0.5311310745782887
3.0985,0.5690274351813674
3.099,0.18003566755284833
3.0995,-0.479052245986025
3.1,-1.0104522280760184
3.1005000000000003,-1.121367144387303
3.101,-0.8314633026352648
3.1015,-0.3930061445938773
3.102,-0.06783127057220774
3.1025,0.03409007549568434
3.103,-0.021370846560587298
3.1035,-0.07181293952287589
3.104,0.005299155014641506
3.1045000000000003,0.156691214858833
3.105,0.15155442023384252
3.1055,-0.1918069605250242
3.106,-0.7357634183543488
3.1065,-1.057959264289345
3.107,-0.828496416752707
3.1075,-0.13881479436394403
3.108,0.5611454223603357
3.1085000000000003,0.8327262916909487
3.109,0.5749566486196346
3.1095,0.05081232283033089
3.11,-0.3639817733496487
3.1105,-0.45145509644962545
3.111,-0.21335555502620246
3.1115,0.22393561964283734
3.112,0.6660711482400146
3.1125000000000003,0.8643957377338978
3.113,0.6417901274216857
3.1135,0.09508373509244655
3.114,-0.39444568109141703
3.1145,-0.45469740486794863
3.115,-0.06081275532694511
3.1155,0.42882991641566726
3.116,0.5906943843099457
3.1165000000000003,0.3218348004590456
3.117,-0.06616996796858524
3.1175,-0.15019827097128896
3.118,0.1895442116360614
3.1185,0.6657778017380982
3.119,0.8843310382236559
3.1195,0.7015889628188842
3.12,0.2902087287234367
3.1205000000000003,-0.06114085496584726
3.121,-0.1654104086473224
3.1215,-0.02683519042636172
3.122,0.19426036309888256
3.1225,0.29853707569442794
3.123,0.17411169589750117
3.1235,-0.15649497404777366
3.124,-0.5784088851095212
3.1245000000000003,-0.9432522229410676
3.125,-1.1018672018732376
3.1255,-0.9346660302893026
3.126,-0.41462307501701967
3.1265,0.3126214615731157
3.1270000000000002,0.9270217177948689
3.1275,1.0943833356450614
3.128,0.7006604226487468
3.1285000000000003,-0.0511723006732915
3.129,-0.7729694490064487
3.1295,-1.138943202033485
3.13,-1.0706153025844791
3.1305,-0.7376169261160518
3.1310000000000002,-0.3741837683222042
3.1315,-0.0786092836678699
3.132,0.1942910429812366
3.1325000000000003,0.45929645891556103
3.133,0.6014061840286176
3.1335,0.5092576831488476
3.134,0.25787231216288836
3.1345,0.06216324500687068
3.1350000000000002,0.0341932693178936
3.1355,0.05335292735704299
3.136,-0.08697831555655788
3.1365,-0.43244881188573064
3.137,-0.7877775994337854
3.1375,-0.8726546353183338
3.138,-0.5654001649731437
3.1385,-0.0259572496293117
3.1390000000000002,0.4109480126732164
3.1395,0.4953151556699353
3.14,0.25773902625812783
3.1405,-0.03586957493495357
3.141,-0.13710162152356992
3.1415,-0.032582626331110816
3.142,0.09963630748373739
3.1425,0.13504042656244142
3.1430000000000002,0.13527632430804848
3.1435,0.19987867823294095
3.144,0.27069592948507576
3.1445,0.1959091562646849
3.145,-0.03163776591645996
3.1455,-0.21017083736338305
3.146,-0.13814924992208827
3.1465,0.16635350402134305
3.1470000000000002,0.4846229184404916
3.1475,0.5974519690999543
3.148,0.43450046465258585
3.1485,0.07691626194766683
3.149,-0.2939238900472606
3.1495,-0.44883711725631925
3.15,-0.2292038783880328
3.1505,0.29259346126577684
3.1510000000000002,0.7962040077218975
3.1515,0.9387422486221154
3.152,0.6405246327595127
3.1525,0.13796721496941544
3.153,-0.2540859775085036
3.1535,-0.4042818034134321
3.154,-0.385212385381423
3.1545,-0.3113948101007659
3.1550000000000002,-0.23819285639551796
3.1555,-0.19261717965629271
3.156,-0.21513389316192305
3.1565,-0.3421089310698604
3.157,-0.5653297806186443
3.1575,-0.7954129706700769
3.158,-0.8540239811701417
3.1585,-0.5711047829391419
3.1590000000000003,0.023446289786313145
3.1595,0.6234037131007515
3.16,0.852441962885192
3.1605,0.5836063389568287
3.161,0.03490016502293447
3.1615,-0.4445138891796123
3.162,-0.6606266175933274
3.1625,-0.6659664990327566
3.1630000000000003,-0.607510573658355
3.1635,-0.5264214384839494
3.164,-0.3428388650824767
3.1645,-0.013468687267456241
3.165,0.37191247906893515
3.1655,0.6663831454960064
3.166,0.7790418693652343
3.1665,0.6977908385338256
3.1670000000000003,0.4545168931754811
3.1675,0.09693658045652248
3.168,-0.31748868606146363
3.1685,-0.6948053149975097
3.169,-0.8786336643111713
3.1695,-0.7201759379954916
3.17,-0.23255233635537223
3.1705,0.3531979966730629
3.1710000000000003,0.7427816395653143
3.1715,0.8013854945185502
3.172,0.6165633297603913
3.1725,0.364908606701844
3.173,0.1565284976813133
3.1735,0.0024616806932817384
3.174,-0.13178500571169738
3.1745,-0.27001362363459036
3.1750000000000003,-0.3669893770971219
3.1755,-0.28402236281784
3.176,0.09763520357333783
3.1765,0.6882422501662602
3.177,1.1781245845280817
3.1775,1.280292767311295
3.178,0.9685014790819743
3.1785,0.4539338602972669
3.1790000000000003,-0.0370691964184322
3.1795,-0.422959364627551
3.18,-0.7232044152409318
3.1805,-0.9151402164477024
3.181,-0.8930979560222527
3.1815,-0.5899616666121456
3.182,-0.1084312014974475
3.1825,0.31466106234762276
3.1830000000000003,0.48388640455304976
3.1835,0.36742280514749076
3.184,0.06412147818295293
3.1845,-0.2904446563117003
3.185,-0.5686130186387172
3.1855,-0.665773441305306
3.186,-0.5422564970478321
3.1865,-0.2688446256995873
3.1870000000000003,-0.011399636911081286
3.1875,0.0722165753699851
3.188,-0.035661072640208576
3.1885,-0.19159567429655566
3.189,-0.24388033623018182
3.1895000000000002,-0.1871638823249735
3.19,-0.11157677764794449
3.1905,-0.03836998126909206
3.1910000000000003,0.08910615020695581
3.1915,0.24680844586553713
3.192,0.270507737770012
3.1925,0.024937142373947813
3.193,-0.3901571269770508
3.1935000000000002,-0.6512487121441968
3.194,-0.47056209294743917
3.1945,0.11730504059162183
3.1950000000000003,0.722355756116248
3.1955,0.8903034773034926
3.196,0.4758290843488295
3.1965,-0.23883369038751828
3.197,-0.7804302547458689
3.1975000000000002,-0.8555219903709325
3.198,-0.5386494256763691
3.1985,-0.13810410843485244
3.1990000000000003,0.11615311697511367
3.1995,0.24300495054454724
3.2,0.36193064929783486
3.2005,0.44724389726478064
3.201,0.3573880026417776
3.2015000000000002,0.1127277306837993
3.202,-0.016366402193919678
3.2025,0.1839031368616638
3.203,0.5437903799095716
3.2035,0.6281545627577337
3.204,0.22136989486309333
3.2045,-0.3820144149565705
3.205,-0.6518705837734198
3.2055000000000002,-0.3768557156858322
3.206,0.12429012296748686
3.2065,0.35506544284801295
3.207,0.13063022945996636
3.2075,-0.3219253431157351
3.208,-0.6690226206359136
3.2085,-0.7698659772520808
3.209,-0.6786812465035419
3.2095000000000002,-0.45767853910445067
3.21,-0.08895960248667045
3.2105,0.4093339693886645
3.211,0.8600229400127861
3.2115,1.03076241047158
3.212,0.874177090768631
3.2125,0.5731914663410421
3.213,0.31353690000543194
3.2135000000000002,0.10449298071179446
3.214,-0.11736848344922843
3.2145,-0.3016093589288122
3.215,-0.31220877232829414
3.2155,-0.1232985102386985
3.216,0.10020888153908213
3.2165,0.1497571126107067
3.217,-0.03062468053224676
3.2175000000000002,-0.3165133537707999
3.218,-0.5365728168023292
3.2185,-0.5901120887042174
3.219,-0.45834184413093276
3.2195,-0.1799620320955938
3.22,0.14271144421857548
3.2205,0.3481731480496968
3.221,0.2935320720445912
3.2215000000000003,-0.01709384988185966
3.222,-0.3666051957517922
3.2225,-0.435592780509888
3.223,-0.06009910445124993
3.2235,0.5941614178539005
3.224,1.1522143036930126
3.2245,1.3268669447965902
3.225,1.0530159074124936
3.2255000000000003,0.380069887519058
3.226,-0.5852743281220597
3.2265,-1.5330185036853239
3.227,-1.9166710478645599
3.2275,-1.3424163488490237
3.228,-0.06878817914589294
3.2285,1.0433058486550193
3.229,1.2414970652075268
3.2295000000000003,0.5598785256160352
3.23,-0.2555576314672534
3.2305,-0.49582006117599314
3.231,-0.13151220150370674
3.2315,0.2814558409216871
3.232,0.25300996415625787
3.2325,-0.1710619920795034
3.233,-0.5620922406393716
3.2335000000000003,-0.6062555145027039
3.234,-0.38272976104698286
3.2345,-0.2052550368177921
3.235,-0.2759341430503591
3.2355,-0.515290533378812
3.236,-0.6881461277579043
3.2365,-0.6444069905614942
3.237,-0.428838483419449
3.2375000000000003,-0.19464508343294923
3.238,-0.040748377958767804
3.2385,0.07875702614831497
3.239,0.29673810608610157
3.2395,0.6582987510010148
3.24,0.9900552773789901
3.2405,0.9993985607907991
3.241,0.5693530099289928
3.2415000000000003,-0.06314985509854532
3.242,-0.4822839293085782
3.2425,-0.44626705046106374
3.243,-0.04473389581741406
3.2435,0.4344948526281927
3.244,0.7058899843392769
3.2445,0.5906691769947844
3.245,0.08385273843568397
3.2455000000000003,-0.5774361859860341
3.246,-0.9803188052017558
3.2465,-0.8175192639917077
3.247,-0.1746857472733813
3.2475,0.4970430452122282
3.248,0.7599136144185491
3.2485,0.5661040157010836
3.249,0.24705626987194965
3.2495000000000003,0.14515636281114436
3.25,0.30613792743927526
3.2505,0.5308507372838257
3.251,0.6336637590489209
3.2515,0.5769868090616161
3.2520000000000002,0.4115117187827962
3.2525,0.20012391920576747
3.253,0.01878627156955436
3.2535000000000003,-0.05742114724188566
3.254,-0.0411819730588195
3.2545,-0.07427733084640623
3.255,-0.29393905655040137
3.2555,-0.6336266247348763
3.2560000000000002,-0.8332778978364263
3.2565,-0.7118840721396711
3.257,-0.3939298768620646
3.2575000000000003,-0.2011447919284481
3.258,-0.3219451045838512
3.2585,-0.6352418201303508
3.259,-0.8686390125998116
3.2595,-0.8679356297019182
3.2600000000000002,-0.667557750393446
3.2605,-0.37512015155570455
3.261,-0.09802637154531324
3.2615000000000003,0.05743276062472545
3.262,0.05137990532929496
3.2625,-0.014397557362005072
3.263,0.011259831540867377
3.2635,0.14691157801055713
3.2640000000000002,0.26471557169243737
3.2645,0.25568968317799146
3.265,0.13179468497829774
3.2655,-0.02327570810092459
3.266,-0.10203105796398593
3.2665,0.03115268013239097
3.267,0.4531583369852149
3.2675,1.0089214083573905
3.2680000000000002,1.3184167555709776
3.2685,1.0860051831279764
3.269,0.4104720336287082
3.2695,-0.2789589384437812
3.27,-0.6033913437212223
3.2705,-0.515649212161565
3.271,-0.23305051853423905
3.2715,0.019905076968171106
3.2720000000000002,0.16612905552061896
3.2725,0.2388839379879613
3.273,0.2805732596288011
3.2735,0.2946335114338277
3.274,0.24192153017861964
3.2745,0.05510156635728487
3.275,-0.29785261745959024
3.2755,-0.7143322899979655
3.2760000000000002,-0.9466284888511951
3.2765,-0.772378429434839
3.277,-0.2259666968647223
3.2775,0.3671086473661841
3.278,0.6438834777519657
3.2785,0.5062003715205139
3.279,0.15123977159541113
3.2795,-0.1718444540215921
3.2800000000000002,-0.36239056680354176
3.2805,-0.42650747730405497
3.281,-0.3573158070332097
3.2815,-0.1617313097696157
3.282,0.04103912366013471
3.2825,0.0796370426349261
3.283,-0.06586863864188883
3.2835,-0.19907940252722325
3.2840000000000003,-0.12455864700175909
3.2845,0.0970759478370783
3.285,0.20119342635307744
3.2855,0.04269755354678757
3.286,-0.2215965167321606
3.2865,-0.3233546508241337
3.287,-0.17790026111772275
3.2875,0.07491016855785831
3.2880000000000003,0.2562021776752782
3.2885,0.2934888095550733
3.289,0.22150332371835035
3.2895,0.12393810259654564
3.29,0.08664917662964851
3.2905,0.16621925891101746
3.291,0.3622217234926015
3.2915,0.5886458094882046
3.2920000000000003,0.6870833216963514
3.2925,0.5402179391982483
3.293,0.20591493866767355
3.2935,-0.12140419242552065
3.294,-0.32657857859397704
3.2945,-0.492122255685346
3.295,-0.7388274702255854
3.2955,-0.9908153663907096
3.2960000000000003,-0.9898107662178347
3.2965,-0.5752773759361741
3.297,0.0839248159414148
3.2975,0.5814649544810773
3.298,0.6151942320713698
3.2985,0.23821301688761426
3.299,-0.21856981131478748
3.2995,-0.4453725577964417
3.3000000000000003,-0.3665494656142687
3.3005,-0.10633260223899609
3.301,0.17101335920606647
3.3015,0.3487236631644106
3.302,0.3501599754638231
3.3025,0.1589783490641768
3.303,-0.11097698447932924
3.3035,-0.2455982209402243
3.3040000000000003,-0.11830976348569334
3.3045,0.17443349182395956
3.305,0.4218262283300073
3.3055,0.5041141894613224
3.306,0.43004328853542795
3.3065,0.23256445343555407
3.307,-0.061771494933511584
3.3075,-0.3698312830995351
3.3080000000000003,-0.554889514351013
3.3085,-0.5285082604643871
3.309,-0.3303348777434407
3.3095,-0.11336176258916958
3.31,-0.05024550785443696
3.3105,-0.2024550946004674
3.311,-0.44846732232590114
3.3115,-0.572948474051063
3.3120000000000003,-0.457249051573532
3.3125,-0.17732785642131255
3.313,0.07954152522356425
3.3135,0.17562039522935058
3.314,0.11272276703935351
3.3145000000000002,-0.005428741250320058
3.315,-0.08290136263004458
3.3155,-0.10063912642733541
3.3160000000000003,-0.0939165506992492
3.3165,-0.10436627717449325
3.317,-0.1645812670653912
3.3175,-0.2762437757603383
3.318,-0.37330720616578533
3.3185000000000002,-0.3541623874325673
3.319,-0.18622955233041588
3.3195,0.05935999863164164
3.3200000000000003,0.31133767930579537
3.3205,0.591031174082454
3.321,0.9355397263938103
3.3215,1.2478767823242098
3.322,1.3131909322705881
3.3225000000000002,1.003295550348894
3.323,0.4254775325878331
3.3235,-0.14775853761329447
3.3240000000000003,-0.4574474342726142
3.3245,-0.3803151506890689
3.325,0.02051602410354716
3.3255,0.4973259603138104
3.326,0.7377711637893399
3.3265000000000002,0.5900210033706358
3.327,0.18096560823668342
3.3275,-0.2276959247201213
3.3280000000000003,-0.48056930356134414
3.3285,-0.5908444071075524
3.329,-0.6110948690556609
3.3295,-0.5301695614966848
3.33,-0.31729240530173175
3.3305000000000002,-0.01355772658664384
3.331,0.2714433278131672
3.3315,0.4469298995049115
3.332,0.4781312564848251
3.3325,0.32909829192307116
3.333,-0.049803782531372805
3.3335,-0.5893796129374324
3.334,-1.0023577198986189
3.3345000000000002,-0.9709643419369349
3.335,-0.49876630307230335
3.3355,0.024975777584586273
3.336,0.20497761776987033
3.3365,0.03628243233246718
3.337,-0.15340232879221224
3.3375,-0.1192272003418627
3.338,0.039447381756408176
3.3385000000000002,0.04787426992737211
3.339,-0.20154534112207775
3.3395,-0.5457026485330326
3.34,-0.7543243222277869
3.3405,-0.7604364122183384
3.341,-0.6716589159054878
3.3415,-0.602988968635088
3.342,-0.5582475934096224
3.3425000000000002,-0.4764903203121855
3.343,-0.32310269817428194
3.3435,-0.096661541337636
3.344,0.19354581229155537
3.3445,0.5029983728080439
3.345,0.7311617594429377
3.3455,0.7598164215934887
3.346,0.5314999963568783
3.3465000000000003,0.12914100382094135
3.347,-0.2152994749810712
3.3475,-0.26196152613217727
3.348,0.02023908604395517
3.3485,0.39609539874746363
3.349,0.5823332676020057
3.3495,0.5297332558032419
3.35,0.4426665595138628
3.3505000000000003,0.5113345462187083
3.351,0.6782637208708763
3.3515,0.6979223133973089
3.352,0.39193452778658155
3.3525,-0.1760936188163321
3.353,-0.7408227126471464
3.3535,-1.0222724357580741
3.354,-0.9146556587880186
3.3545000000000003,-0.549914844008978
3.355,-0.18062974698656759
3.3555,0.04261403083609911
3.356,0.19359755307668744
3.3565,0.42493760431077193
3.357,0.6865187531398659
3.3575,0.6939755895714463
3.358,0.2818976927467833
3.3585000000000003,-0.2772511824324018
3.359,-0.46088318823880947
3.3595,-0.03789550764206891
3.36,0.6597924809515492
3.3605,1.0491438419037185
3.361,0.8508718360843612
3.3615,0.32459275634236273
3.362,-0.023942876228705473
3.3625000000000003,0.04266965544796795
3.363,0.2756779019869901
3.3635,0.2389814958914959
3.364,-0.20570943101618153
3.3645,-0.7597105513746394
3.365,-1.0200552567449237
3.3655,-0.8771563321772577
3.366,-0.5537989419140583
3.3665000000000003,-0.32078590792694983
3.367,-0.24737804604194438
3.3675,-0.21417277134083698
3.368,-0.10372737312233325
3.3685,0.058196280357815384
3.369,0.14194468249024908
3.3695,0.06869616717557978
3.37,-0.09249215255855596
3.3705000000000003,-0.1844062780626763
3.371,-0.1181527868945342
3.3715,0.02078389642634447
3.372,0.033119925902742625
3.3725,-0.19296262137621203
3.373,-0.5436299712762145
3.3735,-0.7806798364983524
3.374,-0.770421847069265
3.3745000000000003,-0.5645512803934509
3.375,-0.27203800232279346
3.3755,0.06649521235360689
3.376,0.4451662570216134
3.3765,0.7994861372526518
3.3770000000000002,1.0141954171773
3.3775,1.0099163395595823
3.378,0.7808181509815106
3.3785000000000003,0.3642432712477025
3.379,-0.16855200921380495
3.3795,-0.6687541259422607
3.38,-0.9097315759786272
3.3805,-0.7257968351189209
3.3810000000000002,-0.201232321328924
3.3815,0.3199539481796529
3.382,0.4837555337621285
3.3825000000000003,0.21689539645403091
3.383,-0.22722344793513574
3.3835,-0.503125346736403
3.384,-0.4565923866832669
3.3845,-0.20887268862330371
3.3850000000000002,-0.004918079197520821
3.3855,0.001053298904915261
3.386,-0.1588184953032695
3.3865000000000003,-0.31980356935683557
3.387,-0.31357674257179874
3.3875,-0.09186482269409012
3.388,0.23049079280484447
3.3885,0.45435018814382694
3.3890000000000002,0.44043420621160867
3.3895,0.2085122053993736
3.39,-0.06354941963125732
3.3905000000000003,-0.1397549098845827
3.391,0.09638590675971412
3.3915,0.4986960086365261
3.392,0.7407054211832776
3.3925,0.6263765777859519
3.3930000000000002,0.3026049916705893
3.3935,0.08559949679005292
3.394,0.08606224765749067
3.3945,0.09765788466290157
3.395,-0.11632430984436179
3.3955,-0.5046531070600333
3.396,-0.7597057038357424
3.3965,-0.637827182220141
3.3970000000000002,-0.19711510865735593
3.3975,0.2717374105380582
3.398,0.4975153357530775
3.3985,0.4026740599622482
3.399,0.0964762687869145
3.3995,-0.2326142119690192
3.4,-0.4335448149205869
3.4005,-0.47176028190098823
3.4010000000000002,-0.41502798376730704
3.4015,-0.32315064510474256
3.402,-0.16956239485138744
3.4025,0.09298513498987139
3.403,0.4060900620241327
3.4035,0.5945831519517446
3.404,0.512302710076681
3.4045,0.21196695184011743
3.4050000000000002,-0.04466973153074605
3.4055,-0.003199562333249986
3.406,0.31675504066084326
3.4065,0.602437255168155
3.407,0.540523215266563
3.4075,0.11796284989040245
3.408,-0.39338095102956744
3.4085,-0.7133517134150306
3.4090000000000003,-0.7563514796388623
3.4095,-0.601933281457942
3.41,-0.3872750882525632
3.4105,-0.25794217826536675
3.411,-0.3138148074212224
3.4115,-0.5104219181421732
3.412,-0.6404363107094659
3.4125,-0.49216096058967024
3.4130000000000003,-0.07078614300607426
3.4135,0.3486510855398209
3.414,0.432156413870432
3.4145,0.08340485587555678
3.415,-0.4621351093876356
3.4155,-0.821728501412837
3.416,-0.7284542815545092
3.4165,-0.17204508277352112
3.4170000000000003,0.6045181990217926
3.4175,1.218897104611317
3.418,1.365627051286845
3.4185,1.0288744818210285
3.419,0.4898193312234101
3.4195,0.08488459179728171
3.42,-0.04640832875434416
3.4205,0.023128593202322176
3.4210000000000003,0.15617968648707406
3.4215,0.21018655691897195
3.422,0.011706854807279113
3.4225,-0.5211080645730888
3.423,-1.1519752016404077
3.4235,-1.3900734585624495
3.424,-0.9590017941246091
3.4245,-0.16402866662002405
3.4250000000000003,0.35699360126416085
3.4255,0.2693304546466517
3.426,-0.16063714185080435
3.4265,-0.3936526920141862
3.427,-0.14085630686955608
3.4275,0.434380304798902
3.428,0.9130296135713736
3.4285,0.9749463515071125
3.4290000000000003,0.6444165384666948
3.4295,0.254281085656389
3.43,0.14181043196559165
3.4305,0.3310783915859148
3.431,0.5168422837365508
3.4315,0.3889683374558445
3.432,-0.031129084722612103
3.4325,-0.40853718584544857
3.4330000000000003,-0.4614851778835152
3.4335,-0.27274128529918434
3.434,-0.17724246871070992
3.4345,-0.3456438357013311
3.435,-0.5710804815521242
3.4355,-0.5272351622345035
3.436,-0.16576664777156608
3.4365,0.23874194279248578
3.4370000000000003,0.39577719364855907
3.4375,0.23236914503104894
3.438,-0.15043807423682135
3.4385,-0.5810495125791038
3.439,-0.8324384212363721
3.4395000000000002,-0.7055303601946137
3.44,-0.23008562161717144
3.4405,0.2818629460761505
3.4410000000000003,0.4834346892902522
3.4415,0.29412314750348234
3.442,-0.06475825618342713
3.4425,-0.2960039520383398
3.443,-0.25194993262391957
3.4435000000000002,0.01668389748124492
3.444,0.3393501481630491
3.4445,0.530285145100851
3.4450000000000003,0.49487721595041934
3.4455,0.29494533837381903
3.446,0.0869556418443022
3.4465,-0.02939790453243354
3.447,-0.0784986023283022
3.4475000000000002,-0.1293916004832212
3.448,-0.21120486530547244
3.4485,-0.32638128808526057
3.4490000000000003,-0.47408621801907425
3.4495,-0.605765868649013
3.45,-0.6066582788632151
3.4505,-0.39367431935987535
3.451,-0.032435442728600064
3.4515000000000002,0.2846170743368383
3.452,0.3915540780571002
3.4525,0.26985666871146374
3.4530000000000003,0.031763726649043145
3.4535,-0.1709078602660574
3.454,-0.21416245675922804
3.4545,-0.04638235530046101
3.455,0.2599993278921152
3.4555000000000002,0.5025633294733615
3.456,0.46169466691933003
3.4565,0.07918390669780513
3.457,-0.46468960451099156
3.4575,-0.8682949227609998
3.458,-0.9163189678862349
3.4585,-0.5939185564030208
3.459,-0.05058472017573181
3.4595000000000002,0.4943249039220507
3.46,0.8372865570200161
3.4605,0.8894044940772066
3.461,0.7505606442775166
3.4615,0.6286218736697738
3.462,0.6169059762485801
3.4625,0.5872224458323152
3.463,0.37204815103366695
3.4635000000000002,0.016277009513788174
3.464,-0.24941102600109427
3.4645,-0.28048092875505976
3.465,-0.16665918429397764
3.4655,-0.09624925814561182
3.466,-0.16847180468977904
3.4665,-0.3654561325685651
3.467,-0.6057613554766441
3.4675000000000002,-0.7610769414173617
3.468,-0.69159786224313
3.4685,-0.3543474677935071
3.469,0.114608987911596
3.4695,0.4589487470634628
3.47,0.4719573846570328
3.4705,0.1310676568913119
3.471,-0.40443772398625877
3.4715000000000003,-0.8843347721788154
3.472,-1.0548337302286572
3.4725,-0.7533803549555712
3.473,-0.041441309368750075
3.4735,0.7384939343502165
3.474,1.139990582923858
3.4745,0.9493018353456342
3.475,0.3643556676638691
3.4755000000000003,-0.18031781201650984
3.476,-0.3627783021131891
3.4765,-0.16871558324407035
3.477,0.16806304180051518
3.4775,0.3493279225430067
3.478,0.2014166730734175
3.4785,-0.19807725854713454
3.479,-0.5552158020962638
3.4795000000000003,-0.5867797219439499
3.48,-0.2708367633307169
3.4805,0.12773852665974664
3.481,0.30957773021257634
3.4815,0.2236979453240432
3.482,0.08455670132883822
3.4825,0.12059434637705742
3.483,0.3371853554410559
3.4835000000000003,0.5320885293814582
3.484,0.5181096633059256
3.4845,0.29619181099467484
3.485,-0.0006592957102114008
3.4855,-0.2848900441753378
3.486,-0.5679025199697265
3.4865,-0.8418958194199628
3.487,-0.9873217025680457
3.4875000000000003,-0.8584646651334312
3.488,-0.4544818995051715
3.4885,0.02675574543765776
3.489,0.32038660794056983
3.4895,0.29471751308613237
3.49,0.04386841534295844
3.4905,-0.21240474430883052
3.491,-0.32292718142170657
3.4915000000000003,-0.28955433596551444
3.492,-0.17975498676990045
3.4925,-0.025999876969516927
3.493,0.15913770835020166
3.4935,0.33477004745835265
3.494,0.4578174743371511
3.4945,0.5158476222188204
3.495,0.4802744777551644
3.4955000000000003,0.28131995637356216
3.496,-0.07764908495365613
3.4965,-0.40404419193249763
3.497,-0.4291632048256668
3.4975,-0.0838539778672906
3.498,0.3932403280246774
3.4985,0.660817893170888
3.499,0.5638233843521085
3.4995000000000003,0.2163269102598114
3.5,-0.14138919775683
3.5005,-0.32746001702433913
3.501,-0.30678471688292763
3.5015,-0.1671010344052977
3.5020000000000002,-0.026824382504574282
3.5025,0.04502654266224146
3.503,0.029613497520694466
3.5035000000000003,-0.07650142566263035
3.504,-0.24187218080564593
3.5045,-0.3645031734228933
3.505,-0.3274172607399316
3.5055,-0.1177811283589404
3.5060000000000002,0.12315416887197
3.5065,0.1804396053346591
3.507,-0.06974661068147674
3.5075000000000003,-0.5228916751801717
3.508,-0.8702329160410202
3.5085,-0.8105236573757028
3.509,-0.29332670172243985
3.5095,0.4081812395543138
3.5100000000000002,0.8659383997093132
3.5105,0.8031263893857985
3.511,0.3135838345422153
3.5115000000000003,-0.1959971656065827
3.512,-0.3136906551869502
3.5125,0.055195359422217975
3.513,0.5971340883443091
3.5135,0.8282327874514417
3.5140000000000002,0.5157461637854329
3.5145,-0.08923260099245037
3.515,-0.48717366544244084
3.5155000000000003,-0.4238403526023633
3.516,-0.0982985324419345
3.5165,0.1253378478943319
3.517,0.10584530270286002
3.5175,-0.035540332363828454
3.5180000000000002,-0.1494500853718588
3.5185,-0.19662302591278139
3.519,-0.1939466968376163
3.5195000000000003,-0.15984616185284037
3.52,-0.1327857592136144
3.5205,-0.15512511190076095
3.521,-0.21150834276708771
3.5215,-0.2302622571045981
3.5220000000000002,-0.1470214582156303
3.5225,0.06893205406370116
3.523,0.4201975493313205
3.5235,0.8381042065711012
3.524,1.1342122834230863
3.5245,1.0775129334987386
3.525,0.5816903849724464
3.5255,-0.18259740242319802
3.5260000000000002,-0.8675954117254256
3.5265,-1.1498123520392192
3.527,-0.9210952275577332
3.5275,-0.375937298375404
3.528,0.07956118841406234
3.5285,0.09245728942604918
3.529,-0.3785860666619501
3.5295,-1.0416307475054742
3.5300000000000002,-1.5049420193677225
3.5305,-1.539422298630524
3.531,-1.1602016032768605
3.5315,-0.5364091484363858
3.532,0.13744304252355824
3.5325,0.7274772121162485
3.533,1.1757592232975234
3.5335,1.436191389921547
3.5340000000000003,1.4193826621956342
3.5345,1.0742125970120697
3.535,0.5360119406978917
3.5355,0.1045423923597724
3.536,0.0058835789864285296
3.5365,0.1887076333951581
3.537,0.3742166635869844
3.5375,0.2991661264871166
3.5380000000000003,-0.06791920877456448
3.5385,-0.49413767894621624
3.539,-0.6504163899336104
3.5395,-0.3777139798056575
3.54,0.1397347542504002
3.5405,0.4744881298028263
3.541,0.30818102633902716
3.5415,-0.2625718333861386
3.5420000000000003,-0.785582771612235
3.5425,-0.8500849840077866
3.543,-0.44678959546364516
3.5435,0.0422020442185511
3.544,0.197019492157136
3.5445,-0.07916596185913037
3.545,-0.5162364728722652
3.5455,-0.7561132134280115
3.5460000000000003,-0.6486251406820603
3.5465,-0.29828298727888464
3.547,0.08254598141349988
3.5475,0.3026297991889861
3.548,0.2511965528338957
3.5485,-0.038925387305915216
3.549,-0.35579761642412167
3.5495,-0.41455792570768685
3.5500000000000003,-0.0817570961666258
3.5505,0.48886505663637586
3.551,0.9699241054617648
3.5515,1.1184655860064165
3.552,0.9233290630955363
3.5525,0.555493090906567
3.553,0.24535417368479098
3.5535,0.1672073812523912
3.5540000000000003,0.3191268836498932
3.5545,0.4872772494324791
3.555,0.420961773512181
3.5555,0.09310743425129378
3.556,-0.26602229938457417
3.5565,-0.43361151589670915
3.557,-0.4461285060468673
3.5575,-0.5289630672471439
3.5580000000000003,-0.7907215503232441
3.5585,-1.0532608099327627
3.559,-1.0188689251948129
3.5595,-0.5811239146566132
3.56,0.06351013571335291
3.5605,0.6010982599572378
3.561,0.8537161583094718
3.5615,0.8476637272476193
3.5620000000000003,0.7015521606648246
3.5625,0.5121004610019669
3.563,0.3157862187037069
3.5635,0.07116305467917183
3.564,-0.32056160275397366
3.5645000000000002,-0.8688641389520149
3.565,-1.3407962485322433
3.5655,-1.3840756537528511
3.5660000000000003,-0.8913090851145382
3.5665,-0.17114964917948344
3.567,0.31644696802511346
3.5675,0.36812906222045705
3.568,0.16264739229621247
3.5685000000000002,0.031244859525075747
3.569,0.13807525669009146
3.5695,0.36011992759694206
3.5700000000000003,0.44367725829151355
3.5705,0.26684840238589663
3.571,-0.04733425167110031
3.5715,-0.26433053923140004
3.572,-0.2657380997730456
3.5725000000000002,-0.13008012077174302
3.573,0.005069868997355594
3.5735,0.11775256391410414
3.5740000000000003,0.2923983709754002
3.5745,0.539391800727616
3.575,0.674514523592497
3.5755,0.44116859114729745
3.576,-0.19987314090792513
3.5765000000000002,-0.9047697353942686
3.577,-1.1411727573448758
3.5775,-0.6443658845460262
3.5780000000000003,0.28253443767067354
3.5785,0.9708542362145862
3.579,0.9555854094464785
3.5795,0.36331493731038733
3.58,-0.27360786791916125
3.5805000000000002,-0.5639356061641184
3.581,-0.5731960289921649
3.5815,-0.6051717443418114
3.5820000000000003,-0.7570571593380422
3.5825,-0.7790703260709069
3.583,-0.38980448723817673
3.5835,0.3215081730197238
3.584,0.8751366548610319
3.5845000000000002,0.827562726135607
3.585,0.22640934270491156
3.5855,-0.38905530436142594
3.586,-0.48343084293926597
3.5865,-0.03272351161582713
3.587,0.4835962851194991
3.5875,0.5917212881565812
3.588,0.27510561293017927
3.5885000000000002,-0.0946832544221762
3.589,-0.19693096064822924
3.5895,-0.04583573101464252
3.59,0.13823082239081028
3.5905,0.23246206211987386
3.591,0.3086232815562406
3.5915,0.4444684518056861
3.592,0.5427510786215338
3.5925000000000002,0.4328827146157894
3.593,0.1206653319504431
3.5935,-0.179035387288501
3.594,-0.2835982078109272
3.5945,-0.225151285023664
3.595,-0.15269895260637623
3.5955,-0.13691482114182535
3.596,-0.14859602883293993
3.5965000000000003,-0.18530979116911916
3.597,-0.3083682547169353
3.5975,-0.5136150430751409
3.598,-0.6445933673850174
3.5985,-0.531007420897876
3.599,-0.20892374421758997
3.5995,0.07390450402235112
3.6,0.10039846778098031
3.6005000000000003,-0.1131671608433251
3.601,-0.3704955937029774
3.6015,-0.48568601398052236
3.602,-0.39050992194251866
3.6025,-0.13788770671987224
3.603,0.12384798789400159
3.6035,0.23182176720503883
3.604,0.1476617875133491
3.6045000000000003,0.00659057074542577
3.605,-0.015502080940744975
3.6055,0.1221025553113139
3.606,0.28929609708117926
3.6065,0.3084342563514019
3.607,0.13515574784598175
3.6075,-0.0511849710490365
3.608,0.0137386516806151
3.6085000000000003,0.3827815791468656
3.609,0.7766475795967676
3.6095,0.8331925887001237
3.61,0.4602586973301569
3.6105,-0.09509095452122983
3.611,-0.469317014836088
3.6115,-0.4295141829858484
3.612,-0.005227679184197165
3.6125000000000003,0.4947461269707222
3.613,0.632120520148872
3.6135,0.15164364405232625
3.614,-0.7670639247886087
3.6145,-1.5741705231106258
3.615,-1.727157813023049
3.6155,-1.1010603170091466
3.616,-0.09346145372857757
3.6165000000000003,0.6901295607250699
3.617,0.9048780739919885
3.6175,0.6579643215536798
3.618,0.2888878345787981
3.6185,0.037845807148379075
3.619,-0.06589696274131332
3.6195,-0.10095519220916341
3.62,-0.14031569407309147
3.6205000000000003,-0.20658862488350485
3.621,-0.24597821279191087
3.6215,-0.13976057539666356
3.622,0.1756965256231189
3.6225,0.559225386677913
3.623,0.6994391074715877
3.6235,0.3840332247959783
3.624,-0.24752668064531239
3.6245000000000003,-0.7554849161087606
3.625,-0.7550452908578241
3.6255,-0.2650507381344007
3.626,0.29683329575465967
3.6265,0.4956092292210401
3.6270000000000002,0.2566956778145312
3.6275,-0.1368821192962954
3.628,-0.3648597637896318
3.6285000000000003,-0.3288415520727049
3.629,-0.13348283759501867
3.6295,0.08480616833731547
3.63,0.2608846901565917
3.6305,0.379382538469003
3.6310000000000002,0.4200784740902214
3.6315,0.3464715290743864
3.632,0.13871838216185828
3.6325000000000003,-0.16032412500533175
3.633,-0.42795478224420286
3.6335,-0.5089068902506019
3.634,-0.31644487537592736
3.6345,0.07767021075121294
3.6350000000000002,0.45388361586599213
3.6355,0.5961716986821881
3.636,0.47781889545476164
3.6365000000000003,0.2826222923225121
3.637,0.20748489790160404
3.6375,0.24887697650294446
3.638,0.21455086798807843
3.6385,-0.041242481043841185
3.6390000000000002,-0.40823457061116325
3.6395,-0.5840994574008938
3.64,-0.39445263174396716
3.6405000000000003,-0.03527152170719773
3.641,0.08497259110787188
3.6415,-0.23089339046901133
3.642,-0.7729552828610654
3.6425,-1.1615703887488602
3.6430000000000002,-1.180390931289184
3.6435,-0.8555815118136921
3.644,-0.34775153653057356
3.6445000000000003,0.13703332271553567
3.645,0.4093070578145804
3.6455,0.39235854471011117
3.646,0.19441076841053379
3.6465,0.05346282955441283
3.6470000000000002,0.14545806835687503
3.6475,0.40488407276054655
3.648,0.5675381537851846
3.6485,0.43433552523779906
3.649,0.07682337745583412
3.6495,-0.2367459698859034
3.65,-0.2905762731714994
3.6505,-0.08439203458192843
3.6510000000000002,0.20378442144772763
3.6515,0.3704942591862355
3.652,0.32905006189938896
3.6525,0.16404829153197045
3.653,0.05195202530003831
3.6535,0.08937411809988478
3.654,0.20647635742926213
3.6545,0.2777196094479163
3.6550000000000002,0.28260608546100807
3.6555,0.30704860961254243
3.656,0.40780335473221013
3.6565,0.5204398157381684
3.657,0.4957313068044477
3.6575,0.2097305260704453
3.658,-0.3290150947835904
3.6585,-0.9281055381472174
3.6590000000000003,-1.2739932275738786
3.6595,-1.1249221466801642
3.66,-0.5170390755213736
3.6605,0.2067105260040648
3.661,0.6119535425854106
3.6615,0.4823590567076082
3.662,-0.026493431768586796
3.6625,-0.5260751567242976
3.6630000000000003,-0.7154676207227015
3.6635,-0.5909050623170107
3.664,-0.35248012959960273
3.6645,-0.15367975942868012
3.665,-0.009100699720981015
3.6655,0.08205057989270761
3.666,0.06377723026037468
3.6665,-0.04368279309962073
3.6670000000000003,-0.04363949399646473
3.6675,0.23892190516100384
3.668,0.6595375106201207
3.6685,0.8204478382777525
3.669,0.5270417585188873
3.6695,0.07395046039045616
3.67,-0.060212813762020576
3.6705,0.21710259968995255
3.6710000000000003,0.47106695764663387
3.6715,0.21638828399542637
3.672,-0.527652951213533
3.6725,-1.2106824128215437
3.673,-1.2615000770649576
3.6735,-0.6210396094040487
3.674,0.18957548247295541
3.6745,0.5227735747318563
3.6750000000000003,0.17641564504126686
3.6755,-0.4445758624071711
3.676,-0.7257793751881705
3.6765,-0.40111828494741053
3.677,0.25192462576577945
3.6775,0.6985291637650144
3.678,0.6014147340616443
3.6785,0.06974879342712993
3.6790000000000003,-0.45555507640020143
3.6795,-0.5686453774929626
3.68,-0.21566028706942209
3.6805,0.30872231542295564
3.681,0.6671640109844816
3.6815,0.7746564588484204
3.682,0.7848176477619935
3.6825,0.8177290084512516
3.6830000000000003,0.7852609316064737
3.6835,0.5347156225997203
3.684,0.10558338125997305
3.6845,-0.2478213111207859
3.685,-0.2992085140948015
3.6855,-0.0685158947690598
3.686,0.21231759179747242
3.6865,0.30863754230832824
3.6870000000000003,0.1403290206354476
3.6875,-0.20222345293317662
3.688,-0.519622173184617
3.6885,-0.6155081895381344
3.689,-0.45795854517337536
3.6895000000000002,-0.2528063282032189
3.69,-0.27188812268371576
3.6905,-0.5586810935579052
3.6910000000000003,-0.8520778504331931
3.6915,-0.851281842516045
3.692,-0.5260147689187105
3.6925,-0.11710216343285741
3.693,0.13008171862148457
3.6935000000000002,0.15055672392137706
3.694,0.00933759681198485
3.6945,-0.19772069078074478
3.6950000000000003,-0.3461041348990691
3.6955,-0.30259566624110823
3.696,-0.05643955829112162
3.6965,0.20679684845002008
3.697,0.27509681547949444
3.6975000000000002,0.17322359592391612
3.698,0.16002732969758002
3.6985,0.40591310417337273
3.6990000000000003,0.7507507213219968
3.6995,0.8643470606969064
3.7,0.6004056479924537
3.7005,0.12465682846513187
3.701,-0.25998284116226605
3.7015000000000002,-0.3523042315975451
3.702,-0.17328868485994486
3.7025,0.05941872826855056
3.7030000000000003,0.09068723606122064
3.7035,-0.15027947403777672
3.704,-0.45440046747858653
3.7045,-0.5140979424581361
3.705,-0.25156273677999963
3.7055000000000002,0.06335645027259518
3.706,0.08081499045263822
3.7065,-0.24787813272107698
3.7070000000000003,-0.5917109670484642
3.7075,-0.5400144520407302
3.708,0.012836053867766088
3.7085,0.7352814268654968
3.709,1.1088816468707892
3.7095000000000002,0.8755069309185654
3.71,0.2689976364249513
3.7105,-0.21078113815106753
3.7110000000000003,-0.24408723972424134
3.7115,0.08916645465051823
3.712,0.4534463513578726
3.7125,0.5384084150860592
3.713,0.2523755073322523
3.7135000000000002,-0.2308282854630208
3.714,-0.5905182025763024
3.7145,-0.6132970478880245
3.715,-0.3889937596262943
3.7155,-0.23144300964085507
3.716,-0.37505581755199957
3.7165,-0.7578596085116139
3.717,-1.1039205776228107
3.7175000000000002,-1.1757922347797374
3.718,-0.9166389580002859
3.7185,-0.4010671311610296
3.719,0.2480256942866221
3.7195,0.8563937067538223
3.72,1.1938267855700537
3.7205,1.0929103453039755
3.721,0.6208688463322264
3.7215000000000003,0.08636086839078945
3.722,-0.1917477004405003
3.7225,-0.13856939348355796
3.723,0.06397603551208067
3.7235,0.19597058917509555
3.724,0.19218423902278678
3.7245,0.12923027685336472
3.725,0.09263414817250604
3.7255000000000003,0.10425410913438371
3.726,0.14262078022909236
3.7265,0.17193678950257743
3.727,0.15402562926194333
3.7275,0.07238389845307668
3.728,-0.0462600685796965
3.7285,-0.14239720491777752
3.729,-0.15888067429010239
3.7295000000000003,-0.08397944552975481
3.73,0.023239709299448782
3.7305,0.06754572825756126
3.731,0.003241432401469427
3.7315,-0.11791989254855433
3.732,-0.19450319849273537
3.7325,-0.15755564571121405
3.733,-0.0043535828079222585
3.7335000000000003,0.20220041538506325
3.734,0.3364532798652073
3.7345,0.26612393408563534
3.735,-0.020703687570122285
3.7355,-0.35354554439495234
3.736,-0.5109006859823416
3.7365,-0.4343757127913708
3.737,-0.2628526493067509
3.7375000000000003,-0.1251134269029251
3.738,0.03241845196159779
3.7385,0.3237338362406433
3.739,0.6687043870728286
3.7395,0.7889368649454592
3.74,0.4966269511465981
3.7405,-0.08443209111961089
3.741,-0.6233088106119983
3.7415000000000003,-0.8676184576624935
3.742,-0.8123512856205134
3.7425,-0.637743180246552
3.743,-0.5188854211355516
3.7435,-0.47882840412984945
3.744,-0.4011957258981856
3.7445,-0.1755438928181284
3.745,0.17256249118298553
3.7455000000000003,0.47553177580319533
3.746,0.5278388895779059
3.7465,0.23247421602582197
3.747,-0.29574437449969426
3.7475,-0.7656109331018245
3.748,-0.8928200831729404
3.7485,-0.5931052046010165
3.749,-0.020106158740902085
3.7495000000000003,0.5660959606385955
3.75,0.9532123417971448
3.7505,1.0341590069645132
3.751,0.8109188398563372
3.7515,0.42232193587556216
3.7520000000000002,0.11805530164757257
3.7525,0.07285417114782339
3.753,0.19632473878241094
3.7535000000000003,0.22908793484885942
3.754,0.0707917626010369
3.7545,-0.08710835605574407
3.755,-0.028526762257512224
3.7555,0.16847976749168797
3.7560000000000002,0.20500054313206081
3.7565,-0.0378024730606288
3.757,-0.2835515896921292
3.7575000000000003,-0.1547842347154909
3.758,0.33136391716100433
3.7585,0.6831128219824525
3.759,0.4325033831342451
3.7595,-0.3370361254209728
3.7600000000000002,-1.0446600181638033
3.7605,-1.167358828359437
3.761,-0.6675086907277555
3.7615000000000003,0.08438121000844945
3.762,0.6633766605511832
3.7625,0.8282137943812159
3.763,0.5561667638885964
3.7635,0.0014241092694331162
3.7640000000000002,-0.5746231289706457
3.7645,-0.9238267539569832
3.765,-0.92423250081061
3.7655000000000003,-0.608060992528332
3.766,-0.13545310952769982
3.7665,0.2426009712299877
3.767,0.29478272045564563
3.7675,0.00825979325263081
3.7680000000000002,-0.3296902789357742
3.7685,-0.36662756523959095
3.769,-0.05055339841239711
3.7695000000000003,0.30638317893274397
3.77,0.35958626464579674
3.7705,0.06576401779621659
3.771,-0.32839095149354636
3.7715,-0.5509518032161859
3.7720000000000002,-0.5083350923734344
3.7725,-0.2617053418199828
3.773,0.11979879522672728
3.7735000000000003,0.5958452042179198
3.774,1.0295027620934345
3.7745,1.1502801142442014
3.775,0.7919861667703093
3.7755,0.16220759749235497
3.7760000000000002,-0.24890567445791634
3.7765,-0.10265451692431038
3.777,0.4558525396797889
3.7775,0.916429291996506
3.778,0.8532575454807146
3.7785,0.2683821773035647
3.779,-0.4714421982846433
3.7795,-0.992185535210327
3.7800000000000002,-1.1923539209515803
3.7805,-1.2056364897722225
3.781,-1.1539267757084783
3.7815,-0.9937551124664911
3.782,-0.6200147586986475
3.7825,-0.07723478023233422
3.783,0.40243358934329126
3.7835,0.5972140749493784
3.7840000000000003,0.4947395161088913
3.7845,0.2676371001122679
3.785,0.08961321218362894
3.7855,0.021879970402374785
3.786,0.05528909017810309
3.7865,0.18478176612770042
3.787,0.39147983573396056
3.7875,0.5715426471701773
3.7880000000000003,0.5481232486533097
3.7885,0.20959207141176006
3.789,-0.3462924609943346
3.7895,-0.8139140840162041
3.79,-0.8557169740036731
3.7905,-0.34229879787834944
3.791,0.5120543414884318
3.7915,1.2401674258348792
3.7920000000000003,1.411440349192141
3.7925,0.924058056512153
3.793,0.07000408761865431
3.7935,-0.686380066695274
3.794,-1.0319564377038992
3.7945,-0.9657484411518691
3.795,-0.6998836256118013
3.7955,-0.44015770270313453
3.7960000000000003,-0.251152070283229
3.7965,-0.07896091365178368
3.797,0.14478645889085884
3.7975,0.42746755391067687
3.798,0.7121539691844528
3.7985,0.9126675947797427
3.799,0.9474143778062528
3.7995,0.7754075540799986
3.8000000000000003,0.4275909038882971
3.8005,-0.005658139433633609
3.801,-0.4167437817246277
3.8015,-0.6972051710800096
3.802,-0.7551482765989999
3.8025,-0.589050597258291
3.803,-0.34297504009843705
3.8035,-0.22644439202252079
3.8040000000000003,-0.34120440834788995
3.8045,-0.5802892398846127
3.805,-0.708825093692134
3.8055,-0.5788925261360404
3.806,-0.283945671982071
3.8065,-0.07473219817183985
3.807,-0.10006685275431385
3.8075,-0.2546531033318528
3.8080000000000003,-0.315708004245585
3.8085,-0.21099661695079033
3.809,-0.08728882849740738
3.8095,-0.09276896021609955
3.81,-0.1685521055406662
3.8105,-0.12610680612529143
3.811,0.11938249103556395
3.8115,0.46582877390896565
3.8120000000000003,0.7314971548553376
3.8125,0.7810052618950748
3.813,0.5890244469007201
3.8135,0.25833999523445617
3.814,-0.018096853264323438
3.8145000000000002,-0.05991191446179238
3.815,0.17644160680206922
3.8155,0.5271846944039948
3.8160000000000003,0.6875357970031939
3.8165,0.43738765913044597
3.817,-0.11948062193915863
3.8175,-0.5654930211749468
3.818,-0.5179308644610489
3.8185000000000002,-0.01778574960234741
3.819,0.47685251665029493
3.8195,0.5332715841792407
3.8200000000000003,0.15271666037764242
3.8205,-0.2867519934981196
3.821,-0.4357148873714184
3.8215,-0.2632055737854511
3.822,0.00905698713736803
3.8225000000000002,0.16583042305351345
3.823,0.16705746062883256
3.8235,0.10664255700421277
3.8240000000000003,0.06313861090242258
3.8245,0.024329982783855137
3.825,-0.05473730849049312
3.8255,-0.16119975387868893
3.826,-0.20782371734135408
3.8265000000000002,-0.10485849835676661
3.827,0.12766185867957303
3.8275,0.3077200501820483
3.8280000000000003,0.20649949263752562
3.8285,-0.21638702673799742
3.829,-0.6958069709547339
3.8295,-0.8422382461525324
3.83,-0.49378340290002726
3.8305000000000002,0.1030891039616071
3.831,0.4837526985535993
3.8315,0.36376708171912886
3.8320000000000003,-0.12658599039229906
3.8325,-0.5916829617725111
3.833,-0.7435221770883159
3.8335,-0.6031927911899664
3.834,-0.3422764025137845
3.8345000000000002,-0.021127807338894137
3.835,0.4109619428982295
3.8355,0.8857582395643907
3.8360000000000003,1.1421357792951103
3.8365,0.9886732530830474
3.837,0.5793467533835346
3.8375,0.296923579234477
3.838,0.34933944120062277
3.8385000000000002,0.5816339812959693
3.839,0.7037834298912201
3.8395,0.5856189750838584
3.84,0.2682661575407678
3.8405,-0.19693803808633803
3.841,-0.77651028256857
3.8415,-1.335114888779474
3.842,-1.6204866891937018
3.8425000000000002,-1.45750476022581
3.843,-0.9402113505603351
3.8435,-0.3813101328637619
3.844,-0.061743491446305136
3.8445,-0.03521960325641176
3.845,-0.15171891260269274
3.8455,-0.2408767652196255
3.846,-0.268171969892375
3.8465000000000003,-0.3092795460508109
3.847,-0.38531342079692266
3.8475,-0.3913027130046385
3.848,-0.23562841812786686
3.8485,0.007372079670027075
3.849,0.1700746191401001
3.8495,0.20316651029541657
3.85,0.23278093366373812
3.8505000000000003,0.39134921530008737
3.851,0.6544082782063636
3.8515,0.8629212647918675
3.852,0.85569173718469
3.8525,0.580537553275564
3.853,0.15007657077996547
3.8535,-0.1938771017939029
3.854,-0.24166978044898269
3.8545000000000003,0.010735966483093592
3.855,0.35357067270873704
3.8555,0.5275315843340603
3.856,0.40996231366350516
3.8565,0.097781149923621
3.857,-0.15857578797067273
3.8575,-0.15551071553849566
3.858,0.0633610682765799
3.8585000000000003,0.2268231559789322
3.859,0.11412735484724242
3.8595,-0.19517516875617905
3.86,-0.4013010649701438
3.8605,-0.3120538238337346
3.861,-0.02783367709684092
3.8615,0.2233816150637036
3.862,0.3483158070636164
3.8625000000000003,0.39489670698161505
3.863,0.3660681377784359
3.8635,0.1880756406907781
3.864,-0.1142813269513143
3.8645,-0.35054529979006344
3.865,-0.36142069512858577
3.8655,-0.22305446570427095
3.866,-0.16536678775492492
3.8665000000000003,-0.2814651882816728
3.867,-0.3896636558962204
3.8675,-0.2497981556583372
3.868,0.11154053762212343
3.8685,0.39122000503386356
3.869,0.35430413967576035
3.8695,0.10093652725738418
3.87,-0.07536334413323584
3.8705000000000003,-0.03401820134621315
3.871,0.09175660386156027
3.8715,0.09571715294682386
3.872,-0.05909824655257802
3.8725,-0.21399398659541496
3.873,-0.19254269943541802
3.8735,0.017823801235654704
3.874,0.2664751010595266
3.8745000000000003,0.41016710255222694
3.875,0.4397144488068904
3.8755,0.41416186386503634
3.876,0.3246312984184322
3.8765,0.09053062205443599
3.8770000000000002,-0.31409678966797044
3.8775,-0.7712177652648718
3.878,-1.0764994511315096
3.8785000000000003,-1.0929503504602511
3.879,-0.8512357358457326
3.8795,-0.5133668897723904
3.88,-0.2622361356974833
3.8805,-0.20415142765771238
3.8810000000000002,-0.30702328587022254
3.8815,-0.4142127955581121
3.882,-0.3794544488357199
3.8825000000000003,-0.21652198607315917
3.883,-0.07068845593716122
3.8835,-0.02869804243172209
3.884,-0.0169124402003589
3.8845,0.08285543526012135
3.8850000000000002,0.2731337468047164
3.8855,0.44789424258478133
3.886,0.532148900662607
3.8865000000000003,0.5641303831097022
3.887,0.6328991334750872
3.8875,0.7506958313378661
3.888,0.8028642370863697
3.8885,0.6560254910046925
3.8890000000000002,0.32568785663317634
3.8895,-0.010928291425868776
3.89,-0.1951803719788228
3.8905000000000003,-0.23397830431115652
3.891,-0.23862131051235408
3.8915,-0.26557916651553853
3.892,-0.26611518132904677
3.8925,-0.17850113254033576
3.8930000000000002,-0.028293500552329293
3.8935,0.08183007108908927
3.894,0.07002552338512047
3.8945000000000003,-0.05853940702577181
3.895,-0.23281922629957252
3.8955,-0.35692407807932774
3.896,-0.3278155422874446
3.8965,-0.0923806739575216
3.8970000000000002,0.25906600427255594
3.8975,0.5149880125238442
3.898,0.5313374594614518
3.8985000000000003,0.37543747874992317
3.899,0.22672928638474404
3.8995,0.15493606805960586
3.9,0.07141513574884291
3.9005,-0.08297536544415371
3.9010000000000002,-0.1931204109356081
3.9015,-0.10909597591819883
3.902,0.10069875910734524
3.9025000000000003,0.15792101546471643
3.903,-0.10985270060115417
3.9035,-0.5252025582253735
3.904,-0.7075132979067881
3.9045,-0.45636496382560693
3.9050000000000002,0.06371180981203352
3.9055,0.5196658249770213
3.906,0.7173339236257624
3.9065,0.6782633571600103
3.907,0.5064965108264433
3.9075,0.3017026150998064
3.908,0.1715863364142942
3.9085,0.17760704359204993
3.9090000000000003,0.2148542358403614
3.9095,0.054173958574770774
3.91,-0.39537658201882714
3.9105,-0.896640158489809
3.911,-1.05041939643734
3.9115,-0.692062954531719
3.912,-0.09158890183184079
3.9125,0.27825783320084796
3.9130000000000003,0.17039018640656906
3.9135,-0.24637794392831894
3.914,-0.5821132275375824
3.9145,-0.5517239911762712
3.915,-0.13576307607420907
3.9155,0.44817994139667017
3.916,0.8487542609624584
3.9165,0.7550341276332404
3.9170000000000003,0.13531083875690017
3.9175,-0.6638670035021194
3.918,-1.1387480947900968
3.9185,-1.0070582104877617
3.919,-0.399312395882295
3.9195,0.2685184821496457
3.92,0.5949110011135419
3.9205,0.44716115605126083
3.9210000000000003,0.010923186952784776
3.9215,-0.39218158335955644
3.922,-0.5535411128660883
3.9225,-0.47201445740367765
3.923,-0.26275155433990527
3.9235,-0.030443162065855955
3.924,0.18348841251793352
3.9245,0.380535132569633
3.9250000000000003,0.5437144404597367
3.9255,0.596047299309565
3.926,0.45695997348352596
3.9265,0.16512080076165622
3.927,-0.09220875579650471
3.9275,-0.12585150851811633
3.928,0.07347615617118405
3.9285,0.3266201492634241
3.9290000000000003,0.4424115598032049
3.9295,0.3788053885057419
3.93,0.22356348423953423
3.9305,0.04964641070599528
3.931,-0.16313374305157832
3.9315,-0.44556392508294324
3.932,-0.7161028562831673
3.9325,-0.8055986940946953
3.9330000000000003,-0.626420198737355
3.9335,-0.2739905678491592
3.934,0.0777010779372154
3.9345,0.35564952751772316
3.935,0.6071249246843103
3.9355,0.8327901386868851
3.936,0.8797255193161394
3.9365,0.5955372996603583
3.9370000000000003,0.08046835608644287
3.9375,-0.3163405855937434
3.938,-0.3154795532438211
3.9385,0.006154450283872431
3.939,0.2977916082567249
3.9395000000000002,0.30661533491640025
3.94,0.11781404739840173
3.9405,-0.007879906686135661
3.9410000000000003,0.02251270718131949
3.9415,0.0404725941184771
3.942,-0.14438983911314324
3.9425,-0.4925918286715767
3.943,-0.7465380301143454
3.9435000000000002,-0.6567288601357886
3.944,-0.20229077523338032
3.9445,0.360141287387815
3.9450000000000003,0.6655234820822492
3.9455,0.5304202173033425
3.946,0.12399612230587612
3.9465,-0.18025341703664338
3.947,-0.17319394667380594
3.9475000000000002,-0.029985284550443716
3.948,-0.1155046563746473
3.9485,-0.5385505695509021
3.9490000000000003,-0.9413985545962155
3.9495,-0.825989034817944
3.95,-0.12384252660859674
3.9505,0.6364573883980594
3.951,0.8166479934193972
3.9515000000000002,0.30423475357671703
3.952,-0.40490731929858265
3.9525,-0.7331906145133641
3.9530000000000003,-0.5380481678181239
3.9535,-0.10705977744647671
3.954,0.22788848218844923
3.9545,0.3675090143320816
3.955,0.3860346142647483
3.9555000000000002,0.33338570721805927
3.956,0.18562538103440301
3.9565,-0.030787635797565712
3.9570000000000003,-0.1623222111175539
3.9575,-0.04500791300874685
3.958,0.31190794234630037
3.9585,0.6910227804029516
3.959,0.8180802503231962
3.9595000000000002,0.5577241181050623
3.96,0.00922088834668639
3.9605,-0.5457700836917364
3.9610000000000003,-0.8082753149214148
3.9615,-0.6513276485263243
3.962,-0.2134877932277889
3.9625,0.19404982756267672
3.963,0.3271424183008849
3.9635000000000002,0.19551975594683016
3.964,0.0034990850221462786
3.9645,-0.09518692591261768
3.9650000000000003,-0.1407021642756954
3.9655,-0.24692083738542212
3.966,-0.39110196953963167
3.9665,-0.38974324683485406
3.967,-0.1017149676374541
3.9675000000000002,0.36784344242890005
3.968,0.698420817018434
3.9685,0.6145786204451392
3.969,0.13571808613202702
3.9695,-0.42009780086629667
3.97,-0.6808486749534258
3.9705,-0.49525389675024745
3.971,-0.02720034771401346
3.9715000000000003,0.3630420441220747
3.972,0.36243404717660316
3.9725,-0.053775843580511996
3.973,-0.5645919877395624
3.9735,-0.746577860382614
3.974,-0.4434564369526749
3.9745,0.10430375676139315
3.975,0.5049169645408746
3.9755000000000003,0.573332101442551
3.976,0.4454529728099092
3.9765,0.3644306332647522
3.977,0.38648781259383036
3.9775,0.3304393771030361
3.978,0.03315391591459596
3.9785,-0.3873154915876673
3.979,-0.6028083039195818
3.9795000000000003,-0.42627549801950615
3.98,-0.022089992403316213
3.9805,0.2694683383320019
3.981,0.25553254785209056
3.9815,0.001958634554465477
3.982,-0.3002498254165035
3.9825,-0.49334753744744564
3.983,-0.5043598364367327
3.9835000000000003,-0.3353451083495884
3.984,-0.06271004088216096
3.9845,0.16670328899264994
3.985,0.20193996116415439
3.9855,0.00899588871393554
3.986,-0.2634574447671508
3.9865,-0.35916943273823937
3.987,-0.08860110677114479
3.9875000000000003,0.5121201536584135
3.988,1.1475106914301492
3.9885,1.4109136650210172
3.989,1.0561110768498618
3.9895,0.2144875656491149
3.99,-0.6425729323400484
3.9905,-1.0401977645653442
3.991,-0.8769556393149831
3.9915000000000003,-0.45906987012231437
3.992,-0.14575805116318863
3.9925,-0.013800384960950537
3.993,0.09193643102192949
3.9935,0.2569573921900032
3.994,0.3748397370157614
3.9945,0.3430541805008206
3.995,0.25757575602642596
3.9955000000000003,0.3064335218168098
3.996,0.5083632583344958
3.9965,0.6552036561766056
3.997,0.5308823489390976
3.9975,0.1428847901185704
3.998,-0.27886489302649053
3.9985,-0.4941133932172746
3.999,-0.4542660769694626
3.9995000000000003,-0.30481151922898464
4.0,-0.2062395516409082
4.0005,-0.17424140859305043
4.001,-0.11660081244195784
4.0015,-0.01711145170998578
4.002,-0.011300855699097737
4.0025,-0.19914670271512958
4.003,-0.41625093849191863
4.0035,-0.340143805953316
4.0040000000000004,0.10134238998045338
4.0045,0.5327269992882622
4.005,0.4690218485023634
4.0055000000000005,-0.15444166851734992
4.006,-0.8609740430094175
4.0065,-1.0584861348936956
4.007,-0.5697586789116598
4.0075,0.24020349852900114
4.008,0.8107319099600474
4.0085,0.8432126026688994
4.009,0.4758312811942106
4.0095,0.08808559319292587
4.01,-0.0522435206455528
4.0105,-0.010329812152861332
4.011,-0.10281555746766194
4.0115,-0.5640552673693477
4.0120000000000005,-1.243282848402477
4.0125,-1.6557209410931308
4.013,-1.3965883611402727
4.0135000000000005,-0.5236043556159707
4.014,0.47592022340359685
4.0145,1.0764326547071223
4.015,1.07568119112609
4.0155,0.6477027360438795
4.016,0.13132843325862814
4.0165,-0.2133661716025126
4.017,-0.29846424467186183
4.0175,-0.14911633622620707
4.018,0.1842271913508125
4.0185,0.6365259836777911
4.019,1.0627656713469886
4.0195,1.214861227140494
4.0200000000000005,0.8954938413533698
4.0205,0.20828650928413708
4.021,-0.4167982144979132
4.0215000000000005,-0.5648386008373503
4.022,-0.21071234668918498
4.0225,0.29536649135050363
4.023,0.5946560039066932
4.0235,0.6146074139815282
4.024,0.5119868724756503
4.0245,0.4111375960009195
4.025,0.2736365341091622
4.0255,0.019236499102324865
4.026,-0.303935084021009
4.0265,-0.5371311552859204
4.027,-0.5868853964975629
4.0275,-0.5264820586397758
4.0280000000000005,-0.5009899555994375
4.0285,-0.5638895556540607
4.029,-0.6418302644672855
4.0295000000000005,-0.6471454789821095
4.03,-0.5725294130337214
4.0305,-0.4464765235095897
4.031,-0.24005151452846002
4.0315,0.10369532509588865
4.032,0.5227714588990984
4.0325,0.7710575762686648
4.033,0.5823224372680877
4.0335,-0.04695068482490781
4.034,-0.7537518377716739
4.0345,-1.0504130071005937
4.035,-0.7212757943062525
4.0355,-0.005380117899408189
4.0360000000000005,0.6043048724371752
4.0365,0.7677292395260861
4.037,0.5504346758282399
4.0375,0.2918669563329092
4.038,0.22869259902867534
4.0385,0.2831495474208963
4.039,0.2495223074178937
4.0395,0.11824114248742415
4.04,0.09300003236996161
4.0405,0.28336234023207013
4.041,0.5068918192082867
4.0415,0.46782339215976076
4.042,0.08121722265732677
4.0425,-0.42426866988606576
4.043,-0.6963930201750348
4.0435,-0.5423404779940239
4.0440000000000005,-0.0887299619275625
4.0445,0.3034944741317093
4.045,0.35575424324481647
4.0455,0.15648336404651045
4.046,0.048843747744002027
4.0465,0.17499778324653648
4.047,0.24730698774961404
4.0475,-0.10149758180862281
4.048,-0.8062534969660999
4.0485,-1.3487032221615756
4.049,-1.2550805786859742
4.0495,-0.5378111623340415
4.05,0.338016514097044
4.0505,0.8413032795362972
4.051,0.7510118598698979
4.0515,0.2753007656592961
4.0520000000000005,-0.13933243280783228
4.0525,-0.16746797161357677
4.053,0.15975300490447397
4.0535,0.5422286863200306
4.054,0.7005173354686102
4.0545,0.5754255630918695
4.055,0.31073939458720584
4.0555,0.10938783595166016
4.056,0.08244806364332474
4.0565,0.1730626938719885
4.057,0.21790500443859087
4.0575,0.10394954087740821
4.058,-0.1364848540807841
4.0585,-0.3826882980425126
4.059,-0.5546161567946106
4.0595,-0.6673357148639832
4.0600000000000005,-0.7489789768000856
4.0605,-0.7318596383650854
4.061,-0.5046795271070529
4.0615,-0.11389884880088996
4.062,0.171388889000946
4.0625,0.11229152144575953
4.063,-0.19037058943742005
4.0635,-0.35337003235208103
4.064,-0.13118279823660575
4.0645,0.2947893539620762
4.065,0.5218837180681849
4.0655,0.37487517376406543
4.066,0.05909914993307133
4.0665000000000004,-0.11025180172004294
4.067,-0.024169564158574255
4.0675,0.1902482765375267
4.0680000000000005,0.35971195984974724
4.0685,0.42011958577217645
4.069,0.4051340498513603
4.0695,0.32971220150375186
4.07,0.12958540808904898
4.0705,-0.2412459827750567
4.071,-0.6444290140613516
4.0715,-0.7603950159759042
4.072,-0.3776656666828675
4.0725,0.2845577171984466
4.073,0.6599233006859343
4.0735,0.3758288272563326
4.074,-0.30721647337268054
4.0745000000000005,-0.7155039456913013
4.075,-0.45280806473231877
4.0755,0.21044701855248096
4.0760000000000005,0.6761357979580556
4.0765,0.6630888983518592
4.077,0.433169027042096
4.0775,0.4233206599997543
4.078,0.7580667119072543
4.0785,1.1372840614073454
4.079,1.1334424394149973
4.0795,0.5810754274800343
4.08,-0.2625091265285133
4.0805,-0.9013718637421987
4.081,-0.9920403779067759
4.0815,-0.6201699441351689
4.082,-0.1959179625134017
4.0825000000000005,-0.05305508470792994
4.083,-0.16481123707602938
4.0835,-0.2555512397272072
4.0840000000000005,-0.12599526042904668
4.0845,0.17277912897026124
4.085,0.4154181692974566
4.0855,0.3655929907750405
4.086,-0.08839088408357204
4.0865,-0.8139580622632501
4.087,-1.397803623116803
4.0875,-1.361352903182621
4.088,-0.5778708794537067
4.0885,0.49736285064835856
4.089,1.0965947637161368
4.0895,0.7413611125562312
4.09,-0.33315242623475344
4.0905000000000005,-1.3160229864704611
4.091,-1.4460679295934304
4.0915,-0.6180487907686432
4.0920000000000005,0.5639216463438619
4.0925,1.3305673105972622
4.093,1.3529506838388086
4.0935,0.8542459828367889
4.094,0.26049804367972473
4.0945,-0.1323001533113728
4.095,-0.21059063513667073
4.0955,0.01125836461791255
4.096,0.3627543711267736
4.0965,0.5297073295867369
4.097,0.27536838614852355
4.0975,-0.30617638286869125
4.098,-0.8399390347661715
4.0985000000000005,-1.0093745859938243
4.099,-0.8093034610319757
4.0995,-0.47224908547080224
4.1,-0.22095620276174763
4.1005,-0.1292570321440891
4.101,-0.1637960205738428
4.1015,-0.2564955931452268
4.102,-0.2916157552152346
4.1025,-0.10277835585840377
4.103,0.3808702824120196
4.1035,0.9571238793471262
4.104,1.2318513286215658
4.1045,0.9738254862769528
4.105,0.3695289829026931
4.1055,-0.12069199014377935
4.106,-0.15768588329833852
4.1065000000000005,0.21583735225174316
4.107,0.6543601353152488
4.1075,0.8150573177913165
4.108,0.6110593012691484
4.1085,0.21227959829118873
4.109,-0.15264081815833763
4.1095,-0.3516121977078663
4.11,-0.33271342291101813
4.1105,-0.06973711742789222
4.111,0.3832101363838977
4.1115,0.8179158147472515
4.112,0.9518368046626408
4.1125,0.6382597195050975
4.113,0.005645279666833938
4.1135,-0.6214124579599963
4.114,-0.9625023004197427
4.1145000000000005,-0.9729690737449919
4.115,-0.8215232581413547
4.1155,-0.6930122953747078
4.116,-0.6223677519307221
4.1165,-0.5195666903693582
4.117,-0.3197569716446045
4.1175,-0.061828471630851575
4.118,0.16621413896843285
4.1185,0.3000882565632624
4.119,0.3073679402920109
4.1195,0.17151467237890244
4.12,-0.09596582498266956
4.1205,-0.4275526043717218
4.121,-0.6936263093464279
4.1215,-0.7437747680397543
4.122,-0.5018085190689148
4.1225000000000005,-0.06355990152003907
4.123,0.32318761828368675
4.1235,0.45426128231238383
4.124,0.38068412680125335
4.1245,0.3787356511026492
4.125,0.6528311849517566
4.1255,1.0704773094447855
4.126,1.2397668730639175
4.1265,0.8851333269865131
4.127,0.12901188611271153
4.1275,-0.6293615841187459
4.128,-1.0790594941690976
4.1285,-1.1867957840165562
4.1290000000000004,-1.0744802353611995
4.1295,-0.8273390369146973
4.13,-0.45845782798927154
4.1305000000000005,-0.008785984926262954
4.131,0.37415979916093023
4.1315,0.5043125882338179
4.132,0.33782918868279443
4.1325,0.0638862991072603
4.133,-0.036473344500083306
4.1335,0.16607602739699187
4.134,0.554469103870576
4.1345,0.8805249605062244
4.135,0.9338774339056592
4.1355,0.6350252675791896
4.136,0.06582784671137343
4.1365,-0.53783622196623
4.1370000000000005,-0.8806133720407197
4.1375,-0.789219814846544
4.138,-0.34056782139265207
4.1385000000000005,0.19295485047024796
4.139,0.5265933289173436
4.1395,0.5163747353183424
4.14,0.20745324556780145
4.1405,-0.19370323825079397
4.141,-0.4031020217466041
4.1415,-0.2165897248727182
4.142,0.3121414015911245
4.1425,0.8452427735450688
4.143,0.9987984092360367
4.1435,0.6834473978079235
4.144,0.20299619782970418
4.1445,-0.040570352988751134
4.1450000000000005,0.03651240032607815
4.1455,0.11685822876793651
4.146,-0.14244445102651473
4.1465000000000005,-0.6819935418534188
4.147,-1.0613469844647199
4.1475,-0.9101574626124473
4.148,-0.29336852227612853
4.1485,0.3707045573115602
4.149,0.678161286259142
4.1495,0.5150739845057385
4.15,0.05673498740966412
4.1505,-0.4226147066370476
4.151,-0.7261381360272141
4.1515,-0.7809633937908778
4.152,-0.6087090755633483
4.1525,-0.30477534298433173
4.1530000000000005,-0.005618419446387621
4.1535,0.19322544840782044
4.154,0.29550399420814577
4.1545000000000005,0.3467632732701559
4.155,0.3233305592133594
4.1555,0.1413606342920825
4.156,-0.18012313929871315
4.1565,-0.4188739902602816
4.157,-0.32237133944829116
4.1575,0.08349056420654509
4.158,0.4458872344106695
4.1585,0.43687059916385435
4.159,0.12772358414052729
4.1595,-0.08573331780857348
4.16,0.043631942652348196
4.1605,0.30356594630923484
4.1610000000000005,0.26152544223543983
4.1615,-0.22550335284628117
4.162,-0.8248440425556214
4.1625,-1.0528085348269154
4.163,-0.7214888838753164
4.1635,-0.059301848044891435
4.164,0.522593736191347
4.1645,0.7259663587967566
4.165,0.5086943720316992
4.1655,0.07086109769371991
4.166,-0.26451328554974063
4.1665,-0.24687239592040405
4.167,0.12402265163836096
4.1675,0.5999936018086075
4.168,0.8996281480794392
4.1685,0.9271335742457231
4.1690000000000005,0.7714370372838797
4.1695,0.5367802437382195
4.17,0.24741767169499415
4.1705,-0.07248823026677613
4.171,-0.3031905145879218
4.1715,-0.29932918582600604
4.172,-0.059927267905764095
4.1725,0.23388563984207425
4.173,0.3795210437702247
4.1735,0.3190609890773394
4.174,0.1410779997219023
4.1745,-0.0245944965572822
4.175,-0.08506381801433599
4.1755,-0.011911162219623584
4.176,0.1478372727298798
4.1765,0.2869835476576213
4.1770000000000005,0.29603100780181363
4.1775,0.13434166117515284
4.178,-0.13432911317962717
4.1785,-0.3790135765000112
4.179,-0.5045585160836387
4.1795,-0.5290584628034043
4.18,-0.538319358428243
4.1805,-0.5747786634097233
4.181,-0.6195458041855103
4.1815,-0.6779785186852552
4.182,-0.8036655251508005
4.1825,-0.9850240263202031
4.183,-1.0505523922484092
4.1835,-0.7804239111905852
4.184,-0.16385766453400388
4.1845,0.48426618804401167
4.1850000000000005,0.7314872513998112
4.1855,0.4095171998796191
4.186,-0.18918314566808117
4.1865,-0.5267020135860369
4.187,-0.2910081949072528
4.1875,0.3153152497017604
4.188,0.7541549153117071
4.1885,0.6236832812024931
4.189,-0.005761545183764524
4.1895,-0.6483577919627813
4.19,-0.7839452075478494
4.1905,-0.27608296208256333
4.191,0.5102051916463122
4.1915000000000004,1.0192379920723023
4.192,0.9770953887084416
4.1925,0.5850715261020751
4.1930000000000005,0.2739512265805312
4.1935,0.27938426297912017
4.194,0.4405896910782628
4.1945,0.4095941860995399
4.195,0.06979510198838902
4.1955,-0.2812344163033896
4.196,-0.22633759657629468
4.1965,0.28697472359539605
4.197,0.8219300064758036
4.1975,0.8701999282452155
4.198,0.3885478818748714
4.1985,-0.1303963180150104
4.199,-0.15826001645641147
4.1995000000000005,0.31979140084786334
4.2,0.8061090973496912
4.2005,0.8323422571729858
4.2010000000000005,0.4142018352306823
4.2015,-0.07798129205844828
4.202,-0.39216650869035125
4.2025,-0.5795724323548398
4.203,-0.7327842280871768
4.2035,-0.7521087465438954
4.204,-0.501582353090811
4.2045,-0.0958183042519423
4.205,0.13424530792156786
4.2055,-0.0009640074116620979
4.206,-0.304587909349997
4.2065,-0.38047664953040816
4.207,-0.06532743253149458
4.2075000000000005,0.3767400651519991
4.208,0.5182401195666241
4.2085,0.2068811926719068
4.2090000000000005,-0.27780388895506974
4.2095,-0.4985941766304226
4.21,-0.2861722093128975
4.2105,0.10180714062431406
4.211,0.24178412539850666
4.2115,-0.03669934814706104
4.212,-0.4884466189183366
4.2125,-0.6936632886954528
4.213,-0.45729413479280456
4.2135,0.0068251439855591175
4.214,0.2740610617781574
4.2145,0.11767463769106894
4.215,-0.2585169888993203
4.2155000000000005,-0.4193401231523879
4.216,-0.14276138770950264
4.2165,0.3663054767062095
4.2170000000000005,0.704164711979244
4.2175,0.6439743366822146
4.218,0.2687520300173068
4.2185,-0.17218343072279654
4.219,-0.45319729084484855
4.2195,-0.46764970744534534
4.22,-0.2503084553232118
4.2205,0.05150688357110227
4.221,0.2665386823583777
4.2215,0.2912272239552255
4.222,0.1143252714863283
4.2225,-0.19331999534741104
4.223,-0.4824050416892542
4.2235000000000005,-0.5897780434820373
4.224,-0.47900409536510186
4.2245,-0.2842393784117018
4.225,-0.15081778746187308
4.2255,-0.06579634763566139
4.226,0.07961881945899915
4.2265,0.27386014097907246
4.227,0.3272430650657646
4.2275,0.09191102929582325
4.228,-0.3015656538693373
4.2285,-0.5106639161664129
4.229,-0.30347025826337004
4.2295,0.22568488109088836
4.23,0.7669591967712358
4.2305,1.0727632257366406
4.231,1.1123694072656816
4.2315000000000005,1.0063081197001067
4.232,0.8677453191316349
4.2325,0.7185790965614561
4.233,0.5245125067323897
4.2335,0.26803859692523824
4.234,-0.016847783868279523
4.2345,-0.25622630131290336
4.235,-0.3883733441566033
4.2355,-0.4279815581723505
4.236,-0.45615245008910627
4.2365,-0.5140097475365876
4.237,-0.5316695362429195
4.2375,-0.4054438415523121
4.238,-0.1399055593764298
4.2385,0.11962573675384151
4.239,0.20998242915133108
4.2395000000000005,0.1046815461180978
4.24,-0.044739474267078264
4.2405,-0.015990011772320612
4.241,0.30075289813730244
4.2415,0.7695424112472772
4.242,1.051359637517176
4.2425,0.8539971159415298
4.243,0.22131365043989587
4.2435,-0.44238290677391234
4.244,-0.7306730637197201
4.2445,-0.6468533188856298
4.245,-0.582660530528871
4.2455,-0.8452187148732307
4.246,-1.2712670344598562
4.2465,-1.3722318601171668
4.247,-0.8386237082449497
4.2475000000000005,0.1264001075629079
4.248,0.9461505503830819
4.2485,1.1283668016337087
4.249,0.6420692909844796
4.2495,-0.08258310023250302
4.25,-0.5031027899276466
4.2505,-0.3641932541493497
4.251,0.1616867408811544
4.2515,0.6705519389651987
4.252,0.8589384687125898
4.2525,0.7035420303019378
4.253,0.37609545745140804
4.2535,0.043698013785444634
4.2540000000000004,-0.21431917926282634
4.2545,-0.34312889467226054
4.255,-0.2926822847972544
4.2555000000000005,-0.12316162517024218
4.256,-0.04042535815757975
4.2565,-0.2043476333766257
4.257,-0.5007721724421901
4.2575,-0.600353244458241
4.258,-0.2999658874329182
4.2585,0.23482494639140303
4.259,0.6184157043789367
4.2595,0.6183764737861069
4.26,0.3444931418274241
4.2605,0.08844764899692274
4.261,0.0364343881040068
4.2615,0.15945575140746282
4.2620000000000005,0.31938795206610004
4.2625,0.39477207556783694
4.263,0.32128637600783244
4.2635000000000005,0.11584156239755128
4.264,-0.11036486029309328
4.2645,-0.23669962456416985
4.265,-0.25368578130727726
4.2655,-0.24437545409421144
4.266,-0.2556436612445908
4.2665,-0.27089428979923624
4.267,-0.30426346398979515
4.2675,-0.4124868543278881
4.268,-0.5812596126787105
4.2685,-0.6847850082120671
4.269,-0.6011156963126708
4.2695,-0.32648083411232265
4.2700000000000005,0.03078516210993272
4.2705,0.3245582733395133
4.271,0.44519557724130043
4.2715000000000005,0.3845458938642888
4.272,0.25966932618850785
4.2725,0.24000976546729652
4.273,0.40456738273658244
4.2735,0.6653878461553651
4.274,0.8594032439091271
4.2745,0.9056947942866048
4.275,0.82482699791155
4.2755,0.6302730181582398
4.276,0.30914045177247923
4.2765,-0.06368537651161474
4.277,-0.3006939633062647
4.2775,-0.27382046482170763
4.2780000000000005,-0.07635485697660321
4.2785,0.04140660595782238
4.279,-0.10518510298766542
4.2795000000000005,-0.48458845173092885
4.28,-0.8921737375997546
4.2805,-1.1180045104340224
4.281,-1.0833188703211583
4.2815,-0.8493285551220555
4.282,-0.5297121910488485
4.2825,-0.2106362619088988
4.283,0.052494867046964315
4.2835,0.1957149426014857
4.284,0.16261200508738058
4.2845,-0.008259214667754037
4.285,-0.14764107813790675
4.2855,-0.06447604780056497
4.2860000000000005,0.29102492029014015
4.2865,0.7726829660869103
4.287,1.131780180626342
4.2875000000000005,1.1695579519151318
4.288,0.8523035529038286
4.2885,0.3443123709736961
4.289,-0.06356477386465291
4.2895,-0.1378274653937781
4.29,0.0933244130673356
4.2905,0.32999010787913785
4.291,0.2815161761053459
4.2915,-0.021083449932730706
4.292,-0.25564437269132323
4.2925,-0.1746843868891339
4.293,0.10988762726817569
4.2935,0.24438981410419222
4.2940000000000005,0.01819220590641822
4.2945,-0.39825429084699737
4.295,-0.60713148858047
4.2955,-0.37012996497489103
4.296,0.15239750829447937
4.2965,0.53671399130665
4.297,0.47167497961394633
4.2975,0.017808012668383645
4.298,-0.4798875186802135
4.2985,-0.7036912788321251
4.299,-0.5819787848894428
4.2995,-0.2574273683552394
4.3,0.07009330248255868
4.3005,0.2455669123929972
4.301,0.1935835349018193
4.3015,-0.042044681291526255
4.3020000000000005,-0.29033216029416625
4.3025,-0.36671341186503864
4.303,-0.2413149069101929
4.3035,-0.0685790585417086
4.304,-0.024350839856483425
4.3045,-0.12291855174427074
4.305,-0.20202493083705397
4.3055,-0.08212168069594555
4.306,0.25617543129995807
4.3065,0.6383303192069432
4.307,0.8312854772227013
4.3075,0.7264491233239987
4.308,0.4185346723716021
4.3085,0.11846339164994385
4.309,-0.028283716973107734
4.3095,-0.06088571988150878
4.3100000000000005,-0.14474470836144904
4.3105,-0.3773304270445499
4.311,-0.6427355828576794
4.3115,-0.6833262956643015
4.312,-0.35735315090927317
4.3125,0.16543897649790662
4.313,0.5006888207298708
4.3135,0.37989016195929376
4.314,-0.10184978822252591
4.3145,-0.5611592841160865
4.315,-0.6421865415975438
4.3155,-0.2754907310252882
4.316,0.3139613076721945
4.3165000000000004,0.7834521697638055
4.317,0.8711220014677782
4.3175,0.5443473081230619
4.3180000000000005,0.04945540060180515
4.3185,-0.23045597068874332
4.319,-0.07885230529987902
4.3195,0.34024547239014363
4.32,0.5950443452279244
4.3205,0.36465014496267273
4.321,-0.25837091678130797
4.3215,-0.8333342064083783
4.322,-0.9400746421980914
4.3225,-0.5116370235837224
4.323,0.13315324620716043
4.3235,0.554829922559617
4.324,0.5420547026652753
4.3245000000000005,0.2625701209483687
4.325,0.07141520068909751
4.3255,0.13903265666414183
4.3260000000000005,0.2743768530680267
4.3265,0.15655827604757327
4.327,-0.2600570197685779
4.3275,-0.6422950121105254
4.328,-0.6285726252847228
4.3285,-0.24472919292029632
4.329,0.09936732243192897
4.3295,0.044724306460540306
4.33,-0.3292143382616798
4.3305,-0.5858714702999861
4.331,-0.3812104165162816
4.3315,0.18623929340206444
4.332,0.6587047221386401
4.3325000000000005,0.6559169193548053
4.333,0.25849271136131474
4.3335,-0.049274029853089256
4.3340000000000005,0.1471718093345735
4.3345,0.7724916306163291
4.335,1.333232841115568
4.3355,1.388961544507784
4.336,0.9087100503328719
4.3365,0.2026902697521497
4.337,-0.37081350346483055
4.3375,-0.6016005612696614
4.338,-0.4789409828731932
4.3385,-0.17850237403903801
4.339,0.037827887218315454
4.3395,0.008650921236732181
4.34,-0.20976761688717488
4.3405000000000005,-0.42495879899509736
4.341,-0.4972008636805089
4.3415,-0.4354450689364584
4.3420000000000005,-0.33080908508382695
4.3425,-0.24447884731640074
4.343,-0.19080609064001733
4.3435,-0.2001703310913729
4.344,-0.31755547011646357
4.3445,-0.502139380809046
4.345,-0.5904326260858347
4.3455,-0.4266308747951214
4.346,-0.0235888123578643
4.3465,0.4217276195508433
4.347,0.657194448801809
4.3475,0.5366279215108433
4.348,0.11468715477629315
4.3485000000000005,-0.3878616832916377
4.349,-0.7391540843641137
4.3495,-0.8440036654282012
4.3500000000000005,-0.7480512610603521
4.3505,-0.5287203740083466
4.351,-0.22780687399623445
4.3515,0.11500944728283906
4.352,0.42103330632958835
4.3525,0.605168752250336
4.353,0.6425844883707911
4.3535,0.5886256704740426
4.354,0.5374365575109108
4.3545,0.5574434586176424
4.355,0.6395300550449452
4.3555,0.6924411468102785
4.356,0.6078750718499325
4.3565000000000005,0.35866860584730015
4.357,0.04845202733702021
4.3575,-0.1426219991227778
4.358,-0.09966831753526587
4.3585,0.10318969091347675
4.359,0.24198291424344118
4.3595,0.15062800995238765
4.36,-0.1213459049490877
4.3605,-0.3836575314983673
4.361,-0.4917343115188488
4.3615,-0.41325513131441827
4.362,-0.1709272918845292
4.3625,0.18711118710756608
4.363,0.5614397292190085
4.3635,0.8167135471314808
4.364,0.8649887074739377
4.3645000000000005,0.7255689528686757
4.365,0.4819974365789077
4.3655,0.1854929408016676
4.366,-0.1631533730336845
4.3665,-0.5177071541446155
4.367,-0.7187537342322988
4.3675,-0.5999313115256024
4.368,-0.19382722203686245
4.3685,0.2107103642058286
4.369,0.28736413730039995
4.3695,-0.018597426331284393
4.37,-0.42636382413097734
4.3705,-0.6061260705137599
4.371,-0.5209189312467548
4.3715,-0.4289219128469559
4.372,-0.531601303645013
4.3725000000000005,-0.6909668966546166
4.373,-0.5789170003757302
4.3735,-0.0958365110522975
4.374,0.45651400661765196
4.3745,0.6721119327456204
4.375,0.4492492992996208
4.3755,0.04211587386392229
4.376,-0.2377164268831658
4.3765,-0.2889584006553877
4.377,-0.22231808652129478
4.3775,-0.1821993664257661
4.378,-0.18858718476843275
4.3785,-0.12934596096086245
4.3790000000000004,0.10357431769298218
4.3795,0.4640457979183459
4.38,0.7343889054648423
4.3805000000000005,0.686031829187391
4.381,0.302599512823407
4.3815,-0.16553220076599115
4.382,-0.4271226245391708
4.3825,-0.43507752189248317
4.383,-0.3851132991114085
4.3835,-0.42593165292629015
4.384,-0.46285046171429195
4.3845,-0.30582143836477027
4.385,0.058119433068959975
4.3855,0.43581193348505565
4.386,0.6565720063316023
4.3865,0.7306398448772753
4.3870000000000005,0.7460320333802671
4.3875,0.7102156011873709
4.388,0.5849849076753344
4.3885000000000005,0.39812930150576314
4.389,0.1998090040296654
4.3895,-0.037223446037928334
4.39,-0.3386989477825199
4.3905,-0.5672004537632678
4.391,-0.478301259915544
4.3915,-0.0007164782791362277
4.392,0.5971710688654205
4.3925,0.8849591288502936
4.393,0.6283787832785953
4.3935,-0.01543068757184908
4.394,-0.6259569587985797
4.3945,-0.8439697795013306
4.3950000000000005,-0.6192832716239314
4.3955,-0.1863137373106029
4.396,0.16944192808497013
4.3965000000000005,0.3020694943577617
4.397,0.21292014957006264
4.3975,-0.023955220287684504
4.398,-0.29188990239681695
4.3985,-0.4498157237940042
4.399,-0.4085070008057399
4.3995,-0.20604622861610625
4.4,0.019973704800651165
4.4005,0.14758678749740142
4.401,0.16566166736807614
4.4015,0.17454413414385553
4.402,0.292528496564307
4.4025,0.529568317203217
4.4030000000000005,0.7321458982797353
4.4035,0.6830913627859774
4.404,0.30897240872261905
4.4045000000000005,-0.2047742811630714
4.405,-0.5461761924956718
4.4055,-0.5429345747783358
4.406,-0.27617839379186804
4.4065,0.06328192342546651
4.407,0.3585378695897013
4.4075,0.5551394547401846
4.408,0.5512653762598464
4.4085,0.2533117600212586
4.409,-0.2347989748155607
4.4095,-0.6047145889332861
4.41,-0.621052280877294
4.4105,-0.3784652424190982
4.4110000000000005,-0.20855300379513975
4.4115,-0.29910485907903844
4.412,-0.4526746292163806
4.4125000000000005,-0.30534731651247987
4.413,0.21051952841550214
4.4135,0.7104543638800401
4.414,0.7199985656585783
4.4145,0.16393933159653196
4.415,-0.5334983315385502
4.4155,-0.8197691675064194
4.416,-0.48204913612439726
4.4165,0.20216831065253116
4.417,0.7132639776067304
4.4175,0.6863940211692191
4.418,0.15315015680573382
4.4185,-0.5173879819811457
4.4190000000000005,-0.9174521710326086
4.4195,-0.8919570194469731
4.42,-0.5644338011708989
4.4205,-0.1270663341068092
4.421,0.30639966406601865
4.4215,0.6418124700797316
4.422,0.7479977656337725
4.4225,0.5830440998400016
4.423,0.3156551010325497
4.4235,0.1806910493521528
4.424,0.21359686987505686
4.4245,0.2503934203571202
4.425,0.2067760378096857
4.4255,0.2069585185066589
4.426,0.34671736531444736
4.4265,0.44725519074745734
4.4270000000000005,0.19895123078558097
4.4275,-0.45334989736021897
4.428,-1.155360672621513
4.4285,-1.4022339962968056
4.429,-0.957939252410294
4.4295,-0.060664948399214685
4.43,0.7607986704617984
4.4305,1.0976604099726401
4.431,0.9290407605741358
4.4315,0.5352926021672336
4.432,0.20795513055450743
4.4325,0.0597377864540329
4.433,0.05983806876781289
4.4335,0.16275413400256591
4.434,0.3387822310705567
4.4345,0.4979568563699205
4.4350000000000005,0.485905368479521
4.4355,0.23949805327875112
4.436,-0.0835747817177985
4.4365,-0.22749493388113368
4.437,-0.12011007271218026
4.4375,0.03143917504128244
4.438,-0.02674242624744557
4.4385,-0.30568860126463804
4.439,-0.5677366836894722
4.4395,-0.5916384884738424
4.44,-0.3933937903954174
4.4405,-0.18261119109696666
4.441,-0.1457919454855107
4.4415000000000004,-0.3017336369432063
4.442,-0.5380322496704627
4.4425,-0.7094489067124321
4.4430000000000005,-0.6713413505651212
4.4435,-0.32388599960098047
4.444,0.2482465601880651
4.4445,0.7195325456006715
4.445,0.7536966899569174
4.4455,0.34514007398276214
4.446,-0.11903231180446555
4.4465,-0.1880183150744728
4.447,0.22799058501318445
4.4475,0.7406145028689488
4.448,0.8150183016477257
4.4485,0.2698268288956323
4.449,-0.5281200731825112
4.4495000000000005,-0.9683325769362499
4.45,-0.7135556045327285
4.4505,0.035856295784701356
4.4510000000000005,0.7346121350927349
4.4515,0.951770795037828
4.452,0.6986809030178658
4.4525,0.3398609224403741
4.453,0.1885405721596604
4.4535,0.21811156535863904
4.454,0.1821030852750619
4.4545,-0.042739326157483104
4.455,-0.29702867810689654
4.4555,-0.3058513592821897
4.456,0.04485470291427732
4.4565,0.599263341358112
4.457,1.0543140908243553
4.4575000000000005,1.1688292234887225
4.458,0.885111145951899
4.4585,0.31216495530388105
4.4590000000000005,-0.35500714339038003
4.4595,-0.9079948670223036
4.46,-1.2050453642030365
4.4605,-1.2565383709690108
4.461,-1.1985462676074459
4.4615,-1.1113926792509412
4.462,-0.900940670591979
4.4625,-0.451195022993628
4.463,0.12627884211925858
4.4635,0.5084422487861041
4.464,0.46685973594431474
4.4645,0.10524029341874683
4.465,-0.2329734280667298
4.4655000000000005,-0.2631638018153776
4.466,0.031256820572631
4.4665,0.42267694310234505
4.4670000000000005,0.6204762137240284
4.4675,0.45925280751541575
4.468,-0.0022916678267543705
4.4685,-0.5098547719810927
4.469,-0.7713682490647497
4.4695,-0.6617164412847858
4.47,-0.30377765714479765
4.4705,0.0596719488927311
4.471,0.26344534269122416
4.4715,0.29255164116878063
4.472,0.22597398153363968
4.4725,0.17037648982185064
4.473,0.22068367668463004
4.4735000000000005,0.41689209069557615
4.474,0.7136692389501543
4.4745,0.9907326158388969
4.4750000000000005,1.0846915114093256
4.4755,0.8524825628930515
4.476,0.3049143142065552
4.4765,-0.29405622041725316
4.477,-0.5674723322908154
4.4775,-0.3562059719139308
4.478,0.12879598463701394
4.4785,0.5331102706569517
4.479,0.674156045486152
4.4795,0.5766042328587987
4.48,0.2979693758580883
4.4805,-0.13105033240388803
4.481,-0.6026322034061333
4.4815000000000005,-0.9067782734949079
4.482,-0.8851333235262843
4.4825,-0.5816253726064626
4.483,-0.212095645677906
4.4835,0.021270074390963543
4.484,0.10937914541726577
4.4845,0.23643502871241853
4.485,0.5562120499501183
4.4855,0.947592154303781
4.486,1.0465461304588486
4.4865,0.5825933425126628
4.487,-0.3073849811712569
4.4875,-1.1247851477511432
4.488,-1.3981126587854222
4.4885,-1.0554563287084082
4.489,-0.4373052952556153
4.4895000000000005,0.027066502490864938
4.49,0.13885987020164578
4.4905,-0.01485966963340331
4.491,-0.21481920941194643
4.4915,-0.2850380580064134
4.492,-0.19350119517849132
4.4925,-0.04698896068634926
4.493,0.023520125108032752
4.4935,-0.011045056606672547
4.494,-0.07262708122231278
4.4945,-0.07405256827685872
4.495,0.012226525499330166
4.4955,0.1613620897655903
4.496,0.31902014308829474
4.4965,0.41580752371894786
4.497,0.4120256051069246
4.4975000000000005,0.35882040894654277
4.498,0.3832452276129719
4.4985,0.5594397145023842
4.499,0.7744345650741792
4.4995,0.7607716598152815
4.5,0.34518577732949474
4.5005,-0.2949763987867963
4.501,-0.6959679813414048
4.5015,-0.5312923791642841
4.502,0.024151001397400534
4.5025,0.4207479468143491
4.503,0.2541401900114069
4.5035,-0.3500361296531394
4.5040000000000004,-0.8473680260825976
4.5045,-0.735540415810297
4.505,0.04924561696504973
4.5055000000000005,1.0760446799234427
4.506,1.7043271346092235
4.5065,1.5171123664208648
4.507,0.6122681431601947
4.5075,-0.47603556801643665
4.508,-1.171025062423292
4.5085,-1.2231926381426779
4.509,-0.7759616523845972
4.5095,-0.179892225751763
4.51,0.22739361634152036
4.5105,0.278216116745289
4.511,0.04920448920125148
4.5115,-0.21051755168868563
4.5120000000000005,-0.2792670143207201
4.5125,-0.11714525014581913
4.513,0.14977291862651892
4.5135000000000005,0.35569181331333233
4.514,0.41008416040651074
4.5145,0.32799934290822363
4.515,0.16193151641017653
4.5155,-0.07462653389521737
4.516,-0.36321932727428996
4.5165,-0.5832817645964006
4.517,-0.5861294322117652
4.5175,-0.412185632616327
4.518,-0.3061545257986653
4.5185,-0.4083632149460824
4.519,-0.5186250376744976
4.5195,-0.32118969914564216
4.5200000000000005,0.16225099938039703
4.5205,0.501685835326221
4.521,0.3308500005606475
4.5215000000000005,-0.19612540514573062
4.522,-0.5409652844203464
4.5225,-0.3608155267548263
4.523,0.1463842646867691
4.5235,0.5007031382454676
4.524,0.46944807867960076
4.5245,0.26808494886151263
4.525,0.250826254508895
4.5255,0.4809568587711589
4.526,0.6638312448520861
4.5265,0.4995389997021339
4.527,0.05824799349407825
4.5275,-0.25033930776056923
4.5280000000000005,-0.1107768312172075
4.5285,0.33501560396089664
4.529,0.6278066596258688
4.5295000000000005,0.49566107452825303
4.53,0.1492350059763562
4.5305,0.030648049090545547
4.531,0.30322967082217067
4.5315,0.6581530067367005
4.532,0.6492773163080644
4.5325,0.16645591590335365
4.533,-0.47386528654999577
4.5335,-0.8587789901309931
4.534,-0.8151263632176462
4.5345,-0.4547527391673635
4.535,-0.026702523234934935
4.5355,0.21851671869119568
4.5360000000000005,0.1284546721024912
4.5365,-0.24315734855130866
4.537,-0.615556325060707
4.5375000000000005,-0.67612988288783
4.538,-0.3723258479062096
4.5385,0.028285790031877207
4.539,0.22590187789709518
4.5395,0.20937095862269248
4.54,0.2380994724785995
4.5405,0.5191432129253997
4.541,0.9395008255243563
4.5415,1.121170171594903
4.542,0.7563838495090189
4.5425,-0.06818176837184313
4.543,-0.8810387415433052
4.5435,-1.2094334407016967
4.5440000000000005,-0.9731924530699411
4.5445,-0.4873934375192606
4.545,-0.11406112208835441
4.5455,0.029371238745187073
4.546,0.05093879010307814
4.5465,0.08894977954963934
4.547,0.18902377595419104
4.5475,0.31491228839381324
4.548,0.40013348386610553
4.5485,0.38134063678276575
4.549,0.2311621988840726
4.5495,-0.0054045011583772045
4.55,-0.21456534600710173
4.5505,-0.2920671244331461
4.551,-0.2566682771056484
4.5515,-0.2726147975711263
4.5520000000000005,-0.4851349854456014
4.5525,-0.7885358555077623
4.553,-0.8236125572133348
4.5535,-0.3164721888928517
4.554,0.564239295203572
4.5545,1.2783087294165603
4.555,1.398886690520491
4.5555,0.9825053407147755
4.556,0.43040629668604974
4.5565,0.06748568778277339
4.557,-0.06630214362216856
4.5575,-0.08073995444047244
4.558,-0.038732772072584874
4.5585,0.055961211142187106
4.559,0.15711450480917688
4.5595,0.16909184570307834
4.5600000000000005,0.04989378173717738
4.5605,-0.15724885355511176
4.561,-0.4040794583218385
4.5615,-0.6447038278112005
4.562,-0.7351280260829746
4.5625,-0.46655502426208206
4.563,0.18870069247379234
4.5635,0.9211101765505864
4.564,1.2683315581489418
4.5645,0.9786451362765385
4.565,0.21034196569547853
4.5655,-0.5807875690004849
4.566,-0.9532318557827747
4.5665000000000004,-0.7648750061588299
4.567,-0.2394954136512136
4.5675,0.22787124453420066
4.5680000000000005,0.36650947147517193
4.5685,0.18419389169585246
4.569,-0.10901240946603219
4.5695,-0.2796650131858226
4.57,-0.20158865441937818
4.5705,0.0868668028891652
4.571,0.3862117920595866
4.5715,0.4428380543051911
4.572,0.1508309767271042
4.5725,-0.3164082606885585
4.573,-0.6207047944510727
4.5735,-0.5572856238613204
4.574,-0.23713681765690048
4.5745000000000005,0.047870470294740265
4.575,0.11414516411647628
4.5755,0.009151951588907125
4.5760000000000005,-0.10922393192575093
4.5765,-0.14664668373432685
4.577,-0.12419075097960666
4.5775,-0.09332737822411298
4.578,-0.03240817971394952
4.5785,0.12569271744788976
4.579,0.35024163185911666
4.5795,0.47597899249336717
4.58,0.38822571787037674
4.5805,0.20914187171402954
4.581,0.20421554090784919
4.5815,0.46896263197458343
4.582,0.7586327343414816
4.5825000000000005,0.6981061863223917
4.583,0.17722362840889452
4.5835,-0.5045880285965879
4.5840000000000005,-0.9172181301180932
4.5845,-0.8880167581945195
4.585,-0.5747002920724554
4.5855,-0.21640095079350213
4.586,0.07205482951236117
4.5865,0.2668881849837331
4.587,0.3381957269204049
4.5875,0.2604650401782598
4.588,0.05492826048016772
4.5885,-0.22084217147567728
4.589,-0.4647070847616984
4.5895,-0.5034007317700163
4.59,-0.19881498726577965
4.5905000000000005,0.34535440671657963
4.591,0.7824800291534482
4.5915,0.835360081999069
4.5920000000000005,0.569192746286548
4.5925,0.2732909205451496
4.593,0.10906887886874987
4.5935,-0.018461938628445022
4.594,-0.23016986210163745
4.5945,-0.43249449892108477
4.595,-0.4005060682201776
4.5955,-0.05665792938584999
4.596,0.4210085034539507
4.5965,0.7576949226688908
4.597,0.783974451374259
4.5975,0.5026024715365234
4.598,0.05183516154637976
4.5985000000000005,-0.36530635536564643
4.599,-0.589699082821809
4.5995,-0.6172843534520339
4.6000000000000005,-0.5888450122733473
4.6005,-0.6237460366251024
4.601,-0.664474232758703
4.6015,-0.5169614327892316
4.602,-0.06483525965615171
4.6025,0.5539402432522214
4.603,1.0050938558973324
4.6035,1.0253860617671637
4.604,0.6435349695449246
4.6045,0.13753913831302764
4.605,-0.21204573407433014
4.6055,-0.33162453692829924
4.606,-0.3536889259043583
4.6065000000000005,-0.42821242297486733
4.607,-0.5441327653885084
4.6075,-0.5563798161008748
4.6080000000000005,-0.3743967700831405
4.6085,-0.07146146583306996
4.609,0.19574112240873123
4.6095,0.3218250745528279
4.61,0.2963888007670412
4.6105,0.16874509066699667
4.611,0.011102589547238445
4.6115,-0.09817082366690402
4.612,-0.10013831057152958
4.6125,0.002754274299992124
4.613,0.13316286718995818
4.6135,0.1939018395870732
4.614,0.15167419108353464
4.6145000000000005,0.05507458744113298
4.615,-0.03573321071211742
4.6155,-0.10488056301353219
4.616,-0.1384588977078407
4.6165,-0.06860011096096127
4.617,0.1669459723400328
4.6175,0.505438677760432
4.618,0.7563780958976949
4.6185,0.7464259094637077
4.619,0.45397489606126223
4.6195,0.0031739047638036644
4.62,-0.4349337867099992
4.6205,-0.7089746758502609
4.621,-0.7037957555051251
4.6215,-0.3878113336491353
4.622,0.10790728113725341
4.6225000000000005,0.5074248504623361
4.623,0.5809124043491043
4.6235,0.35694750531711866
4.624,0.09557560802787182
4.6245,0.004721474752823139
4.625,0.022719537131738545
4.6255,-0.06059296508567361
4.626,-0.293531683409602
4.6265,-0.4572293582838123
4.627,-0.3118322671309561
4.6275,0.09276290644327155
4.628,0.42555863125104515
4.6285,0.4131379098818256
4.6290000000000004,0.11204188666836415
4.6295,-0.19676726092270372
4.63,-0.32270849732777523
4.6305000000000005,-0.2951172912110583
4.631,-0.22053539674416386
4.6315,-0.125690382794852
4.632,0.036221307725181714
4.6325,0.29047954643742147
4.633,0.56690915577552
4.6335,0.6972393539131906
4.634,0.5354802404428207
4.6345,0.13960714543365996
4.635,-0.2160715264249717
4.6355,-0.28856395255958134
4.636,-0.11146954223758486
4.6365,0.06263066940388858
4.6370000000000005,0.058632890227564585
4.6375,-0.03395596151313251
4.638,0.0034588861509180103
4.6385000000000005,0.22218498686412053
4.639,0.4002839274686127
4.6395,0.2645073571501945
4.64,-0.19784974949411174
4.6405,-0.6825005971462789
4.641,-0.8476337480886119
4.6415,-0.660351567528228
4.642,-0.4488161874326052
4.6425,-0.5729981796998016
4.643,-1.02941418166432
4.6435,-1.411433397033348
4.644,-1.2876708649059843
4.6445,-0.606416807643648
4.6450000000000005,0.27499146469089286
4.6455,0.9096267050928603
4.646,1.0899819919182105
4.6465000000000005,0.9338820048800389
4.647,0.7234861914830444
4.6475,0.6579425538512417
4.648,0.718407241934675
4.6485,0.7529120165946184
4.649,0.6922954234445705
4.6495,0.6512942572162801
4.65,0.7644101441478163
4.6505,0.9409176976212448
4.651,0.8888807991608013
4.6515,0.4462794446173813
4.652,-0.17449626913753402
4.6525,-0.5615224899390727
4.6530000000000005,-0.5104847280638781
4.6535,-0.18620270455312024
4.654,0.1110487199079134
4.6545000000000005,0.23366861005712622
4.655,0.19835707422753537
4.6555,0.026734736045189576
4.656,-0.2854999567476368
4.6565,-0.6521322609121543
4.657,-0.8731377100904015
4.6575,-0.8022748416448312
4.658,-0.5124454446469097
4.6585,-0.24065103911874489
4.659,-0.1593178584495155
4.6595,-0.22933732626550685
4.66,-0.27592708376811287
4.6605,-0.17151429673228633
4.6610000000000005,0.05305793619543106
4.6615,0.23334837793455507
4.662,0.20762339215352107
4.6625000000000005,-0.018246362036452142
4.663,-0.2232559963498683
4.6635,-0.1389813820249307
4.664,0.2762526699910471
4.6645,0.7325435214712351
4.665,0.8298803495185857
4.6655,0.4219757864888971
4.666,-0.23269434736703784
4.6665,-0.6718667789131478
4.667,-0.5890044206749058
4.6675,-0.056838745083450264
4.668,0.5399693578387452
4.6685,0.8014564622577339
4.6690000000000005,0.6050204161762793
4.6695,0.16064043507717984
4.67,-0.19395388877021721
4.6705000000000005,-0.2590334713479043
4.671,-0.0897167969069479
4.6715,0.0896998176092166
4.672,0.08184570957360848
4.6725,-0.13351624471122212
4.673,-0.4193196612163563
4.6735,-0.641097618413701
4.674,-0.775783158150753
4.6745,-0.8454749768118294
4.675,-0.8052100994104463
4.6755,-0.5692460520320771
4.676,-0.12692605994376288
4.6765,0.41903921485173823
4.6770000000000005,0.8965687626668483
4.6775,1.1010404337033537
4.678,0.8621880173133735
4.6785,0.2070435029587581
4.679,-0.52337560732088
4.6795,-0.836321407355743
4.68,-0.4794644479358494
4.6805,0.31142930232112626
4.681,0.9892072964404238
4.6815,1.1401666005875666
4.682,0.7772057526942828
4.6825,0.25273899891324636
4.683,-0.05638902700220491
4.6835,0.0021252690884759466
4.684,0.30712721229750933
4.6845,0.5714151410741095
4.6850000000000005,0.5391243393311369
4.6855,0.1941506601773456
4.686,-0.19643730387955402
4.6865,-0.32171397053408834
4.687,-0.1487840386781684
4.6875,0.03740126374527629
4.688,-0.05461842259772313
4.6885,-0.39502890019436926
4.689,-0.6452370196937053
4.6895,-0.5057409895421325
4.69,-0.033113827750805507
4.6905,0.41886088063506033
4.691,0.5572850369899802
4.6915000000000004,0.39744366068107123
4.692,0.1691945324769919
4.6925,0.06117434813111835
4.6930000000000005,0.08113103636651399
4.6935,0.10713219921376142
4.694,0.029000709993909236
4.6945,-0.15956560559277327
4.695,-0.38881639625811765
4.6955,-0.5938147978704713
4.696,-0.7354320173550305
4.6965,-0.7662186931481881
4.697,-0.6287928109886288
4.6975,-0.306168515798361
4.698,0.13030158880986348
4.6985,0.5253970535687815
4.699,0.7115548638367032
4.6995000000000005,0.5983444103377931
4.7,0.19907674338255493
4.7005,-0.3951476934098878
4.7010000000000005,-1.0123889540487474
4.7015,-1.3972875350500653
4.702,-1.3260008085491415
4.7025,-0.7958481087137547
4.703,-0.07937826548538468
4.7035,0.4474707950858338
4.704,0.559407737739643
4.7045,0.3205099727189179
4.705,0.016360624724644217
4.7055,-0.07595767751284961
4.706,0.09093844984554077
4.7065,0.32445633750494035
4.707,0.41862671820061104
4.7075000000000005,0.3825043963729914
4.708,0.4116737757327202
4.7085,0.6384623567517134
4.7090000000000005,0.961223652150877
4.7095,1.147924146242283
4.71,1.0664986248827235
4.7105,0.7655360009412928
4.711,0.37037881065532646
4.7115,-0.005978714621391322
4.712,-0.2466878682897528
4.7125,-0.24240105788983968
4.713,-0.012143033691777305
4.7135,0.22419920420744083
4.714,0.20182535723499348
4.7145,-0.1125051183593552
4.715,-0.44083785079593224
4.7155000000000005,-0.43886598591337866
4.716,-0.031776758245531486
4.7165,0.4854866986588448
4.7170000000000005,0.6781212812518254
4.7175,0.34011749243610034
4.718,-0.30839124949965047
4.7185,-0.7797088620547059
4.719,-0.7174887667739516
4.7195,-0.1953670172419525
4.72,0.3441579843663774
4.7205,0.45185353808830153
4.721,0.021533667565980418
4.7215,-0.6537892947320195
4.722,-1.1261697526455727
4.7225,-1.1064702767329215
4.723,-0.6287070442339135
4.7235000000000005,0.003722993553768654
4.724,0.4455847798846973
4.7245,0.5599008559109985
4.7250000000000005,0.47931938675877583
4.7255,0.4221149001376861
4.726,0.45739825391191247
4.7265,0.45476111569984945
4.727,0.2552981278041182
4.7275,-0.1222322278634054
4.728,-0.47098211360301206
4.7285,-0.6003513831060336
4.729,-0.5109130658974617
4.7295,-0.3319748906896148
4.73,-0.12936539536284744
4.7305,0.14742077898792447
4.731,0.5191569967284155
4.7315000000000005,0.8474310309233548
4.732,0.9118505531987123
4.7325,0.6161885323077637
4.7330000000000005,0.08880571863105202
4.7335,-0.4274961350917301
4.734,-0.7633862523408277
4.7345,-0.8898738142287956
4.735,-0.8380581550223051
4.7355,-0.6300223402601755
4.736,-0.3194368673256357
4.7365,-0.035644024085586326
4.737,0.09587045193566572
4.7375,0.08616040199304696
4.738,0.08514433099654793
4.7385,0.2148167120685639
4.739,0.4169827367947568
4.7395000000000005,0.5036879328669881
4.74,0.3596599857565971
4.7405,0.07135103439742861
4.741,-0.15004618984738086
4.7415,-0.17776873385616546
4.742,-0.10967762326463724
4.7425,-0.1655049719763227
4.743,-0.40676105546624786
4.7435,-0.606093495975097
4.744,-0.4684486960482108
4.7445,0.03344269382779607
4.745,0.5986915979866007
4.7455,0.8631905663190205
4.746,0.6951546927397116
4.7465,0.26139466245590004
4.747,-0.1357188905542133
4.7475000000000005,-0.27810955640492513
4.748,-0.14965837036866944
4.7485,0.09970076134285814
4.749,0.29416191900171373
4.7495,0.36194408505461406
4.75,0.34617517971070355
4.7505,0.3064512119867468
4.751,0.2462835273233429
4.7515,0.15436199383106908
4.752,0.0745745086054523
4.7525,0.07233106195735324
4.753,0.12479506510706272
4.7535,0.11012403114653756
4.7540000000000004,-0.030565254366049115
4.7545,-0.15028839397519964
4.755,-0.015825963161365315
4.7555000000000005,0.3920138860122918
4.756,0.774458754383067
4.7565,0.7820441309387718
4.757,0.35147798510781786
4.7575,-0.27794051635058736
4.758,-0.8304963093377796
4.7585,-1.177480388583214
4.759,-1.2805979883862921
4.7595,-1.0949924285448214
4.76,-0.6059299394419733
4.7605,0.08438826881536692
4.761,0.7596928970243604
4.7615,1.1855951048634725
4.7620000000000005,1.2238205591016662
4.7625,0.9052286969042048
4.763,0.42128105355843054
4.7635000000000005,0.016407325177777772
4.764,-0.16670733467165372
4.7645,-0.1665647004548673
4.765,-0.13264397365180347
4.7655,-0.18482279602049675
4.766,-0.34251360416442583
4.7665,-0.5465920496605075
4.767,-0.6915978749129447
4.7675,-0.6431617627890348
4.768,-0.3049177487947677
4.7685,0.25887681281213787
4.769,0.7789980781248023
4.7695,0.9412140706799503
4.7700000000000005,0.6497419026010567
4.7705,0.11549413823964763
4.771,-0.3422275129347191
4.7715000000000005,-0.5575437911319455
4.772,-0.5834048772895696
4.7725,-0.5696286826960439
4.773,-0.6127449540986157
4.7735,-0.6702505667717419
4.774,-0.5918041433901526
4.7745,-0.28565109516404646
4.775,0.1285458624661251
4.7755,0.3969295944881568
4.776,0.3933333465398003
4.7765,0.2490339755494185
4.777,0.17600252632389046
4.7775,0.20411686534879905
4.7780000000000005,0.17451818797769486
4.7785,-0.0020204552685641804
4.779,-0.18280952646104168
4.7795000000000005,-0.17074481536068248
4.78,0.004733464215971211
4.7805,0.10065205198623686
4.781,-0.031226606596686628
4.7815,-0.23424807881904072
4.782,-0.2087372894657754
4.7825,0.13349471179249148
4.783,0.5436869316421812
4.7835,0.702350691053338
4.784,0.5602370116628024
4.7845,0.33940471576069026
4.785,0.21846066654729857
4.7855,0.12307587693700968
4.7860000000000005,-0.12423448319169825
4.7865,-0.5199689870868747
4.787,-0.8316642414557188
4.7875000000000005,-0.8173668443166856
4.788,-0.4344455185340926
4.7885,0.1369148953339596
4.789,0.5977753054528164
4.7895,0.6888524292763619
4.79,0.3711278161598557
4.7905,-0.09636526488744727
4.791,-0.3184566694690356
4.7915,-0.07496334967713117
4.792,0.5007657420452539
4.7925,1.0389500986988665
4.793,1.2238749727965994
4.7935,0.9985394772433257
4.7940000000000005,0.5431774422748987
4.7945,0.10446479924177093
4.795,-0.1625256884845227
4.7955000000000005,-0.25659967128390815
4.796,-0.29982441035469637
4.7965,-0.44197095100327033
4.797,-0.7449340173589013
4.7975,-1.103877884065529
4.798,-1.2617309700314696
4.7985,-0.9691638157128314
4.799,-0.24083468729299073
4.7995,0.5366950773185383
4.8,0.8607739230791944
4.8005,0.549757772986032
4.801,-0.09606211373787003
4.8015,-0.5738728900200283
4.8020000000000005,-0.5817032512110687
4.8025,-0.18682598909781195
4.803,0.28092460900186134
4.8035,0.4691029473095528
4.804,0.2620417821925968
4.8045,-0.09031458422799649
4.805,-0.15968401803474136
4.8055,0.23761901960600298
4.806,0.8177266758024269
4.8065,1.1000374102234525
4.807,0.8857321686405824
4.8075,0.41377794976784105
4.808,0.07482660103823166
4.8085,0.041784364697302734
4.809,0.17092384183572795
4.8095,0.19089582134888386
4.8100000000000005,-0.04825444365539982
4.8105,-0.47345663705858093
4.811,-0.8602853844313634
4.8115,-0.9791194359390024
4.812,-0.7371704558836973
4.8125,-0.26356532574357633
4.813,0.1491803525675342
4.8135,0.25972511384139335
4.814,0.07086247556980908
4.8145,-0.1953159943419991
4.815,-0.3038496772761391
4.8155,-0.17857362024279227
4.816,0.09160828932098106
4.8165000000000004,0.35118348443896297
4.817,0.47283876271304864
4.8175,0.41252046605651804
4.8180000000000005,0.21404484049465733
4.8185,-0.044449701070559594
4.819,-0.3110836774426503
4.8195,-0.5603154092900343
4.82,-0.746600801040872
4.8205,-0.7907045823680345
4.821,-0.6400205296223143
4.8215,-0.34160920695895697
4.822,-0.028562082753898623
4.8225,0.17619802586458236
4.823,0.23543275533836552
4.8235,0.20431279538636274
4.824,0.19831801367064858
4.8245000000000005,0.31613278930641736
4.825,0.5176333088553257
4.8255,0.5955403824231187
4.8260000000000005,0.3655390939300712
4.8265,-0.09280137064020218
4.827,-0.45248744469181673
4.8275,-0.42619967319940905
4.828,-0.02092629449693674
4.8285,0.46757849252458683
4.829,0.6797856199750819
4.8295,0.4596765215561046
4.83,-0.020636813232870484
4.8305,-0.3943342813280095
4.831,-0.40377044558743735
4.8315,-0.09286844349869805
4.832,0.2919047953577705
4.8325000000000005,0.5494861130263861
4.833,0.6521044942387775
4.8335,0.6749814688865303
4.8340000000000005,0.6533796740843697
4.8345,0.5135850408181372
4.835,0.1482069910692795
4.8355,-0.41577455094805177
4.836,-0.9399472080828672
4.8365,-1.1235277460862434
4.837,-0.8567193767889559
4.8375,-0.3177047441849713
4.838,0.1778821791207731
4.8385,0.42224045133691324
4.839,0.4435195538430422
4.8395,0.42331400210967
4.84,0.48473752499568973
4.8405000000000005,0.551927521893767
4.841,0.4387845955632127
4.8415,0.09704427005050041
4.8420000000000005,-0.26555091467537856
4.8425,-0.3857257694513582
4.843,-0.24823582472784872
4.8435,-0.09530046937738611
4.844,-0.11843254336315304
4.8445,-0.2450475327367198
4.845,-0.28517361358172966
4.8455,-0.19138048570383953
4.846,-0.06560609689223576
4.8465,0.03763529544227566
4.847,0.17108656001005676
4.8475,0.3392642694621652
4.848,0.41351253351169714
4.8485000000000005,0.2831062313421763
4.849,0.021754862450971933
4.8495,-0.17846148187375452
4.8500000000000005,-0.21286117833920862
4.8505,-0.14634026561752891
4.851,-0.1061351045298201
4.8515,-0.14715322859505256
4.852,-0.2356830159858375
4.8525,-0.33513781001784304
4.853,-0.4708673392268933
4.8535,-0.679539227174326
4.854,-0.8904612701656346
4.8545,-0.9066523961578091
4.855,-0.5739458853621506
4.8555,0.01582820220947271
4.856,0.5471769816328016
4.8565000000000005,0.7585805853367256
4.857,0.6823294938028787
4.8575,0.5730496329831278
4.8580000000000005,0.6140476789241526
4.8585,0.7346378011858679
4.859,0.7216548442050414
4.8595,0.47206012348440957
4.86,0.09277011277482891
4.8605,-0.2348853147748747
4.861,-0.419946605918581
4.8615,-0.47462933523367745
4.862,-0.4440184386305221
4.8625,-0.38109610514829106
4.863,-0.3409562974304167
4.8635,-0.33851728487387156
4.864,-0.33576629638623173
4.8645000000000005,-0.3004552426398022
4.865,-0.23095165270445395
4.8655,-0.09531358632238085
4.866,0.18138337628677015
4.8665,0.6086885353654208
4.867,1.0536911939496152
4.8675,1.323079891673432
4.868,1.3106152733141612
4.8685,1.0620867573947008
4.869,0.7246403516721537
4.8695,0.4251303935941519
4.87,0.1644589033619121
4.8705,-0.16076640831259584
4.871,-0.5998834609509233
4.8715,-1.0190578992248889
4.872,-1.1734357321325053
4.8725000000000005,-0.9299130493663801
4.873,-0.40233876684272374
4.8735,0.13777842246593874
4.874,0.4516347373771422
4.8745,0.43864710982287414
4.875,0.14273114045588534
4.8755,-0.26816967559698557
4.876,-0.5636235159757743
4.8765,-0.5782340265076049
4.877,-0.3144332309607245
4.8775,0.07680588421911268
4.878,0.39842003229186757
4.8785,0.49688014769266425
4.8790000000000004,0.31621221695657686
4.8795,-0.06872839516586626
4.88,-0.46926015313393143
4.8805000000000005,-0.6847458207091158
4.881,-0.6348404252341558
4.8815,-0.3967269071960292
4.882,-0.10669470728633763
4.8825,0.14361617446228134
4.883,0.280006555252501
4.8835,0.1685404697183402
4.884,-0.30276392641511185
4.8845,-0.9966564945951019
4.885,-1.466418773007786
4.8855,-1.2637983097383323
4.886,-0.3666877240933039
4.8865,0.7232066870234483
4.8870000000000005,1.3537391486411103
4.8875,1.2470329948204326
4.888,0.7064744044581376
4.8885000000000005,0.31499782171057
4.889,0.3936790880983719
4.8895,0.7284458125982667
4.89,0.8300381418163387
4.8905,0.45837302428875426
4.891,-0.1261279817934975
4.8915,-0.42277219275871686
4.892,-0.1795637908864061
4.8925,0.3696158778733617
4.893,0.7361317513145745
4.8935,0.6415457710570305
4.894,0.2450699024538781
4.8945,-0.08780736785890339
4.8950000000000005,-0.17850143576063385
4.8955,-0.1378291389689324
4.896,-0.1272081362044301
4.8965000000000005,-0.1277012359145941
4.897,0.012111711859995102
4.8975,0.34337837969844864
4.898,0.6886020269806372
4.8985,0.7707840047910002
4.899,0.483510037789423
4.8995,0.032157164619188966
4.9,-0.2380328757070861
4.9005,-0.1979056712229675
4.901,-0.08721301048580941
4.9015,-0.25446597343679
4.902,-0.7549852692994999
4.9025,-1.2679589508900948
4.9030000000000005,-1.4338880304587176
4.9035,-1.2192325317860924
4.904,-0.8869129701216236
4.9045000000000005,-0.6508634955852357
4.905,-0.47321450112867997
4.9055,-0.22339234557819257
4.906,0.06920230259975783
4.9065,0.22546732804576627
4.907,0.17657525110153416
4.9075,0.11762936277133897
4.908,0.3229005933208444
4.9085,0.8311768654580903
4.909,1.3607187302445451
4.9095,1.5098131939519859
4.91,1.0393222162637688
4.9105,0.07185789467710495
4.9110000000000005,-0.9022099144339246
4.9115,-1.308911623469818
4.912,-0.9390593270098107
4.9125000000000005,-0.15714085414785472
4.913,0.3969139737712097
4.9135,0.3691791476699106
4.914,-0.035312164447319154
4.9145,-0.3399110466200684
4.915,-0.30946164920927766
4.9155,-0.10952007909547166
4.916,0.009956789466536064
4.9165,0.03570398243666133
4.917,0.11645939156130344
4.9175,0.2807262663383134
4.918,0.38115592164778955
4.9185,0.31612817643646846
4.9190000000000005,0.18217656789786463
4.9195,0.1409473005061889
4.92,0.19530893575315622
4.9205000000000005,0.18614020219050373
4.921,0.019664196298367992
4.9215,-0.17721203140735697
4.922,-0.18747734017088227
4.9225,0.0480387358888617
4.923,0.3783893549441283
4.9235,0.6103239931582729
4.924,0.6546241801746817
4.9245,0.5233720666812096
4.925,0.2726315895398675
4.9255,-0.02052396194959255
4.926,-0.27141789823398654
4.9265,-0.42272867463225583
4.9270000000000005,-0.476861082477122
4.9275,-0.48526132599344773
4.928,-0.4843654114714615
4.9285,-0.4386784160032798
4.929,-0.28255725968674195
4.9295,-0.035493371661413614
4.93,0.16818854324140364
4.9305,0.20241409594332307
4.931,0.07745450482618985
4.9315,-0.07864415092762211
4.932,-0.13885449587578141
4.9325,-0.06092091210082515
4.933,0.11184441773013926
4.9335,0.3028255054739704
4.934,0.4578650781878726
4.9345,0.5445057047465022
4.9350000000000005,0.5033643712992545
4.9355,0.2766756200031053
4.936,-0.054333513700785395
4.9365,-0.24633099162312788
4.937,-0.13526266022595546
4.9375,0.12970529756580396
4.938,0.21223673077467597
4.9385,-0.04592857403247524
4.939,-0.4590267156700089
4.9395,-0.6908231673508043
4.94,-0.5560891217561872
4.9405,-0.14268467334102744
4.941,0.2923443243715308
4.9415000000000004,0.5164802338195733
4.942,0.4564573669207939
4.9425,0.20628444794555367
4.9430000000000005,-0.0693922974528785
4.9435,-0.2563621695356417
4.944,-0.3482250822607237
4.9445,-0.4042695758148564
4.945,-0.4593820773134385
4.9455,-0.48372342846581384
4.946,-0.43205335704635944
4.9465,-0.3128847930509442
4.947,-0.18913258304892266
4.9475,-0.12426386508830503
4.948,-0.14828687880841257
4.9485,-0.24993151960257973
4.949,-0.3590634976038061
4.9495000000000005,-0.35153095942913465
4.95,-0.12797822234053793
4.9505,0.2773752386278418
4.9510000000000005,0.6627427342880577
4.9515,0.761791335540472
4.952,0.45003365773835025
4.9525,-0.09930259936681833
4.953,-0.49940691002202287
4.9535,-0.4647723131340727
4.954,-0.06076778254168284
4.9545,0.3864520214170421
4.955,0.6115090126298653
4.9555,0.5925039197618162
4.956,0.43077909306251944
4.9565,0.15198882720776397
4.957,-0.28114860429325783
4.9575000000000005,-0.7744517634178203
4.958,-1.0309512537745489
4.9585,-0.765678042941794
4.9590000000000005,0.0032893638466894334
4.9595,0.9109604429389736
4.96,1.5000090991826849
4.9605,1.5292270527353846
4.961,1.090898927324972
4.9615,0.5004145379137908
4.962,0.08335111718431892
4.9625,0.005609215187553605
4.963,0.22056896284395802
4.9635,0.5253649545358683
4.964,0.6836278921754992
4.9645,0.5576113676173129
4.965,0.17470411515193224
4.9655000000000005,-0.3054057705599351
4.966,-0.6794235043647333
4.9665,-0.8019510149229558
4.9670000000000005,-0.6780284570122418
4.9675,-0.47027964284964696
4.968,-0.36379338946634165
4.9685,-0.40385969959138257
4.969,-0.47689399104532487
4.9695,-0.42903756180627434
4.97,-0.19194289917195897
4.9705,0.1596584990480513
4.971,0.4321163057237878
4.9715,0.42659871030928675
4.972,0.10593820491032734
4.9725,-0.3214870863049544
4.973,-0.5427283694504254
4.9735000000000005,-0.42388062057776743
4.974,-0.12734970518737881
4.9745,0.080548300330895
4.9750000000000005,0.07675949981949942
4.9755,-0.10582421653519115
4.976,-0.41171320166587355
4.9765,-0.7716979989030557
4.977,-0.9988346009956266
4.9775,-0.8477785839645708
4.978,-0.2954789866110752
4.9785,0.3098118568684548
4.979,0.5182419972747181
4.9795,0.21387266070343536
4.98,-0.27363863218882817
4.9805,-0.4648048909757617
4.981,-0.09632369114307276
4.9815000000000005,0.7081695601303358
4.982,1.4892244754325608
4.9825,1.7101940717488138
4.9830000000000005,1.161361403683623
4.9835,0.219617647356276
4.984,-0.38294448598887526
4.9845,-0.20304887053317036
4.985,0.4583937937976335
4.9855,0.8164464528650871
4.986,0.3785240830218264
4.9865,-0.5581305310094982
4.987,-1.222553214772196
4.9875,-1.1515294893760677
4.988,-0.5817136063405812
4.9885,-0.08274947950034071
4.989,0.0517747283795661
4.9895000000000005,-0.040563554421283454
4.99,-0.12076046975738461
4.9905,-0.14516883467451802
4.9910000000000005,-0.20943276940475708
4.9915,-0.3298427672201357
4.992,-0.39183073625493503
4.9925,-0.30204897571666384
4.993,-0.10948941135683159
4.9935,0.057621427268124
4.994,0.1278890171400337
4.9945,0.11748692124965575
4.995,0.06112424125198822
4.9955,-0.020879533360486244
4.996,-0.0840223608779228
4.9965,-0.05003326526194455
4.997,0.12232589562159298
4.9975000000000005,0.37047568830222444
4.998,0.5607594268536175
4.9985,0.5979102206164439
4.999,0.4923686520637701
4.9995,0.3177971843222357
5.0,0.025182647177490518
5.0005,0.006824958866153766
5.001,0.01406989147967259
5.0015,0.049467688788805905
5.002,0.08926251140744276
5.0025,0.10003766000370308
5.003,0.0773499566629306
5.0035,0.056445747166770886
5.0040000000000004,0.07102772864356015
5.0045,0.10447375565203089
5.005,0.09967500484351571
5.0055000000000005,0.025229736666534316
5.006,-0.08344549432955431
5.0065,-0.1619458619599446
5.007,-0.18165913426031186
5.0075,-0.16009577312652506
5.008,-0.11961961937432955
5.0085,-0.06117980775121164
5.009,0.017669406897227274
5.0095,0.09558261424868171
5.01,0.132723785652737
5.0105,0.10621366758583402
5.011,0.03506196571119436
5.0115,-0.03692038658125429
5.0120000000000005,-0.08214825098708212
5.0125,-0.10515124306429272
5.013,-0.11747363841395782
5.0135000000000005,-0.11310513692362296
5.014,-0.08388927036934911
5.0145,-0.04961721547587195
5.015,-0.047856421908533606
5.0155,-0.08629828030189077
5.016,-0.12029107167680649
5.0165,-0.09107123708177643
5.017,0.012091614602399575
5.0175,0.12993778382126928
5.018,0.17759795566772899
5.0185,0.11714242359073612
5.019,-0.010888798924822108
5.0195,-0.12466653791604856
5.0200000000000005,-0.16422465497714836
5.0205,-0.12357127465313059
5.021,-0.039611432470934536
5.0215000000000005,0.040396775850138594
5.022,0.09039265957704805
5.0225,0.11608182756279772
5.023,0.13445412522152958
5.0235,0.14459322329461569
5.024,0.12786293347802982
5.0245,0.07923497880060976
5.025,0.025849589993926975
5.0255,0.0009489558108456253
5.026,0.0032847842473437833
5.0265,-0.0008283834713086217
5.027,-0.03119696391326752
5.0275,-0.06511529098192276
5.0280000000000005,-0.06386599200451734
5.0285,-0.017177669834169983
5.029,0.045746259507393694
5.0295000000000005,0.08004480911542795
5.03,0.05606049493774799
5.0305,-0.018885315849540778
5.031,-0.09779793685699231
5.0315,-0.12297880757619899
5.032,-0.07505731717245255
5.0325,0.005057334244994263
5.033,0.053936920736846125
5.0335,0.04688130337641866
5.034,0.01182786806129004
5.0345,-0.014953345973365995
5.035,-0.026953288654812824
5.0355,-0.034214271048400385
5.0360000000000005,-0.03292119366518352
5.0365,-0.009796930073942174
5.037,0.026789507941752326
5.0375000000000005,0.039891081799847516
5.038,0.002026244516208831
5.0385,-0.061265948403240796
5.039,-0.08062577158243488
5.0395,-0.010987659144198506
5.04,0.1097322396490393
5.0405,0.18370862118864364
5.041,0.14388764501057794
5.0415,0.01803206050626078
5.042,-0.10350754405572532
5.0425,-0.1582902571676005
5.043,-0.15751960065691736
5.0435,-0.14452051379223066
5.0440000000000005,-0.13173405121638163
5.0445,-0.0965788108069442
5.045,-0.02964674124710042
5.0455000000000005,0.035767555576799163
5.046,0.05181412105807253
5.0465,0.008615543427600788
5.047,-0.04768623870159576
5.0475,-0.05343734171983054
5.048,0.011348868270904717
5.0485,0.09958610316667353
5.049,0.14069137247143237
5.0495,0.11181482883022964
5.05,0.062479745427842855
5.0505,0.06300730593162214
5.051,0.12878987755804533
5.0515,0.20118076148559602
5.0520000000000005,0.2051049644594672
5.0525,0.12098636892844622
5.053,-0.0012472499112796444
5.0535000000000005,-0.0927616259824055
5.054,-0.1257929694819767
5.0545,-0.12577597961300918
5.055,-0.12925068390793987
5.0555,-0.1359603804333488
5.056,-0.1076453697674025
5.0565,-0.01588057419348434
5.057,0.11000394251730597
5.0575,0.1895943168837228
5.058,0.15908935872575525
5.0585,0.03752645413264756
5.059,-0.08547187943461078
5.0595,-0.1365101799350845
5.0600000000000005,-0.12335740380468473
5.0605,-0.10465975380943152
5.061,-0.1108374037425812
5.0615,-0.11858790920672817
5.062,-0.10026305353314383
5.0625,-0.07013346744964886
5.063,-0.06557824398568449
5.0635,-0.09608250401307644
5.064,-0.13037888215598178
5.0645,-0.1330173775286138
5.065,-0.09929655055287372
5.0655,-0.04974783884940634
5.066,-0.00037350319306301725
5.0665000000000004,0.051860620710903166
5.067,0.11507910134895395
5.0675,0.1811823821348348
5.0680000000000005,0.2234941601499783
5.0685,0.21717382665400492
5.069,0.16141681126099172
5.0695,0.08028837093379851
5.07,0.0016027040749014027
5.0705,-0.06204881421085094
5.071,-0.10693199498226581
5.0715,-0.1166954215233817
5.072,-0.06458783833106349
5.0725,0.04742085825990715
5.073,0.1589832439053518
5.0735,0.1860323012552862
5.074,0.10033203489587156
5.0745000000000005,-0.0342184424233088
5.075,-0.11805513169820046
5.0755,-0.10682660407717216
5.0760000000000005,-0.03941880068026822
5.0765,0.017841481584121414
5.077,0.04008729523336788
5.0775,0.05218579086960462
5.078,0.07915590556284804
5.0785,0.10508158791767327
5.079,0.08967588667583347
5.0795,0.018690104213595952
5.08,-0.0762027087790049
5.0805,-0.15002408644564688
5.081,-0.18351637081925504
5.0815,-0.1832127859853373
5.082,-0.1577004098006402
5.0825000000000005,-0.10991039223147647
5.083,-0.04919633603851528
5.0835,0.0019062917333563354
5.0840000000000005,0.01931178541673203
5.0845,-0.0027236860834285066
5.085,-0.04417693686409338
5.0855,-0.07482172002720264
5.086,-0.07613838283434934
5.0865,-0.045413883385544786
5.087,0.012689666046140722
5.0875,0.08470858012210228
5.088,0.14119560566362255
5.0885,0.14825589509869178
5.089,0.09622097026275327
5.0895,0.012952779050206477
5.09,-0.05557306366043962
5.0905000000000005,-0.07550190982679995
5.091,-0.03873064038615657
5.0915,0.03727100622727657
5.0920000000000005,0.11061893482047921
5.0925,0.12912735693472474
5.093,0.06988089264224145
5.0935,-0.02904424759191044
5.094,-0.09409085350078347
5.0945,-0.08457677165817648
5.095,-0.027922874544223847
5.0955,0.017722194690567135
5.096,0.02627981628820645
5.0965,0.023167724457137245
5.097,0.04736942260120329
5.0975,0.09834947906153547
5.098,0.12278051467697099
5.0985000000000005,0.06336552661692862
5.099,-0.07027127867992426
5.0995,-0.18705253868845567
5.1000000000000005,-0.18938179608959585
5.1005,-0.07070253465628043
5.101,0.06914859590345507
5.1015,0.11346490643828014
5.102,0.034438978413683964
5.1025,-0.08769784157657078
5.103,-0.14534609363614495
5.1035,-0.10244272026270361
5.104,-0.018941629332400546
5.1045,0.014223962391228277
5.105,-0.040712779587742304
5.1055,-0.14112094261173977
5.106,-0.20359285317431444
5.1065000000000005,-0.1679467058860685
5.107,-0.04210303710470612
5.1075,0.09952313597584245
5.1080000000000005,0.16906924488760364
5.1085,0.13248846884295773
5.109,0.03291132802712639
5.1095,-0.04731974049023439
5.11,-0.05026008587420492
5.1105,0.015047520352379756
5.111,0.08134637740871219
5.1115,0.08123923025672833
5.112,0.006271672724674264
5.1125,-0.0886765021532088
5.113,-0.13498794559966332
5.1135,-0.10229928031918971
5.114,-0.011990118355496278
5.1145000000000005,0.08699045718201442
5.115,0.15254326231747514
5.1155,0.16719698974184058
5.1160000000000005,0.13407053271386984
5.1165,0.06772923905803233
5.117,-0.006918741951835959
5.1175,-0.056289568252048304
5.118,-0.0537876275000446
5.1185,-0.0011970291789534255
5.119,0.06831341771208051
5.1195,0.11321777262880162
5.12,0.11190534239369787
5.1205,0.07237970183971812
5.121,0.021255868918802608
5.1215,-0.014658901954359923
5.122,-0.024136248971235164
5.1225000000000005,-0.02039468405767344
5.123,-0.0344846303281353
5.1235,-0.08618923724610164
5.124,-0.1526413095656736
5.1245,-0.17683032319665662
5.125,-0.1228669139191834
5.1255,-0.020784024526328434
5.126,0.05623099289791936
5.1265,0.06159960196955897
5.127,0.015170930413710986
5.1275,-0.02795046719780348
5.128,-0.039734229980033474
5.1285,-0.0413563491710295
5.1290000000000004,-0.06456715096079381
5.1295,-0.10449529508887948
5.13,-0.12318366293057817
5.1305000000000005,-0.09721862699282491
5.131,-0.049281088903023997
5.1315,-0.02631136794235263
5.132,-0.050566012718673836
5.1325,-0.09789080986943344
5.133,-0.12536410214058094
5.1335,-0.11662161666230823
5.134,-0.09296651455556378
5.1345,-0.07753053264300719
5.135,-0.06000652668336249
5.1355,-0.011187601070691937
5.136,0.07164490613205712
5.1365,0.14993139191234636
5.1370000000000005,0.1779612435631244
5.1375,0.14471352415913466
5.138,0.08327193717693356
5.1385000000000005,0.04597769009424966
5.139,0.06562262525202602
5.1395,0.1275035511497801
5.14,0.17726437859824973
5.1405,0.16705944797331349
5.141,0.09875627489920086
5.1415,0.016095923933574726
5.142,-0.04388893429146714
5.1425,-0.07918659120456158
5.143,-0.10112931778906978
5.1435,-0.10322262870893296
5.144,-0.07023425765675959
5.1445,-0.014441025195346086
5.1450000000000005,0.018362369504522125
5.1455,-0.007062432195794249
5.146,-0.07109721096433261
5.1465000000000005,-0.1131431781321012
5.147,-0.09424409161756002
5.1475,-0.03649540164471611
5.148,0.008626190295693646
5.1485,0.023318000620396503
5.149,0.038425111429524365
5.1495,0.08291032384334292
5.15,0.1329435789387178
5.1505,0.1265112796065567
5.151,0.033448646868760805
5.1515,-0.09491376238708608
5.152,-0.15841314837773773
5.1525,-0.10127920849061137
5.1530000000000005,0.026632037206622338
5.1535,0.10985671989860649
5.154,0.07367982563441067
5.1545000000000005,-0.050201220018113724
5.155,-0.16038161647840776
5.1555,-0.1795611609846154
5.156,-0.11414702281568428
5.1565,-0.03535691948970599
5.157,-0.010343543187597917
5.1575,-0.04664283086891893
5.158,-0.09425177141801173
5.1585,-0.09629934939896012
5.159,-0.03766392387728777
5.1595,0.04847250142725053
5.16,0.1093201808322935
5.1605,0.10538593747203903
5.1610000000000005,0.03349872377536592
5.1615,-0.06269453148137838
5.162,-0.11240864046520302
5.1625000000000005,-0.0735513923223929
5.163,0.02283132674765634
5.1635,0.09618337640389302
5.164,0.09038744688258389
5.1645,0.0206381099105249
5.165,-0.049506553124862476
5.1655,-0.06930191214378492
5.166,-0.03896188485166603
5.1665,0.006151960702154805
5.167,0.040465649011305956
5.1675,0.06937595035927861
5.168,0.10555573066492888
5.1685,0.13457847918460553
5.1690000000000005,0.11645088573049092
5.1695,0.02747426885634914
5.17,-0.10069343999589092
5.1705000000000005,-0.19156844847362722
5.171,-0.18423824628740004
5.1715,-0.08993979450338954
5.172,0.012429172299673214
5.1725,0.04279436536789566
5.173,-0.011188217818602353
5.1735,-0.08648405662874027
5.174,-0.1050204092240753
5.1745,-0.04468999460971998
5.175,0.044353887176399785
5.1755,0.08775630070966431
5.176,0.04996717246579902
5.1765,-0.04020132916676248
5.1770000000000005,-0.11301414588545225
5.1775,-0.10915014391556307
5.178,-0.02615112542870905
5.1785000000000005,0.07583178778424442
5.179,0.12177293374050858
5.1795,0.08407195968273942
5.18,0.00019517695133026286
5.1805,-0.06543998868950114
5.181,-0.07092046450419894
5.1815,-0.017688419862144603
5.182,0.05914654436991286
5.1825,0.11531897715168507
5.183,0.12128701717197414
5.1835,0.07274495765995745
5.184,-0.013995301761705239
5.1845,-0.11166352807889549
5.1850000000000005,-0.18814262035014698
5.1855,-0.21140039286009335
5.186,-0.16332196322739673
5.1865,-0.06202759579354876
5.187,0.032706108517450344
5.1875,0.054967218171197166
5.188,-0.012040476504905839
5.1885,-0.11605340382955928
5.189,-0.17620524052121445
5.1895,-0.14813377603252398
5.19,-0.05529066575174841
5.1905,0.03926383630461055
5.191,0.09209987981260163
5.1915000000000004,0.11058052606960586
5.192,0.12573029801970573
5.1925,0.14481229176793928
5.1930000000000005,0.14372640110274215
5.1935,0.10363921154807267
5.194,0.042938315583147216
5.1945,0.008144181718185947
5.195,0.032461021683492956
5.1955,0.09871733907219682
5.196,0.1438423376108548
5.1965,0.11251272074907319
5.197,0.01530262042866201
5.1975,-0.07581198434677429
5.198,-0.10186434751260606
5.1985,-0.07952195674676384
5.199,-0.07591468181012294
5.1995000000000005,-0.12748579981064112
5.2,-0.19961353713967467
5.2005,-0.2232892587089881
5.2010000000000005,-0.15841126672897196
5.2015,-0.02773050125965779
5.202,0.09250990654989348
5.2025,0.11890129198050663
5.203,0.024957100787217253
5.2035,-0.12583170479181202
5.204,-0.2226463911587574
5.2045,-0.1977082557847943
5.205,-0.07611200571904181
5.2055,0.05988243434001665
5.206,0.14321845697350272
5.2065,0.15971977571339363
5.207,0.13528407992006453
5.2075000000000005,0.10181648034811788
5.208,0.07303674048015651
5.2085,0.04553212504423192
5.2090000000000005,0.017074862762769753
5.2095,-0.0026194400851105694
5.21,-0.0017376165591799844
5.2105,0.015948965180854376
5.211,0.026794997761972944
5.2115,0.003575134052683348
5.212,-0.059977875426137424
5.2125,-0.13716528034464476
5.213,-0.18397897276547487
5.2135,-0.17731784868349124
5.214,-0.1399847742835853
5.2145,-0.11608743182710536
5.215,-0.11854985261867015
5.2155000000000005,-0.11545736414791583
5.216,-0.072328954142084
5.2165,0.009200863112102308
5.2170000000000005,0.10046045113262936
5.2175,0.1747926375029945
5.218,0.21740571775859036
5.2185,0.2206672047505522
5.219,0.1832743292170363
5.2195,0.112357323832167
5.22,0.02300394650783922
5.2205,-0.06338260912108971
5.221,-0.12288461220037218
5.2215,-0.13762933292383636
5.222,-0.10626422957056711
5.2225,-0.049847047117041535
5.223,-0.004431643023068778
5.2235000000000005,0.00406137166667785
5.224,-0.015867362251126834
5.2245,-0.030449584025419214
5.2250000000000005,-0.020423946623304486
5.2255,-0.0035612113038570635
5.226,-0.012071330538756553
5.2265,-0.05621809510488946
5.227,-0.11624703305203828
5.2275,-0.16218500577970643
5.228,-0.17389570425103368
5.2285,-0.1478983607951809
5.229,-0.09594343627169405
5.2295,-0.03893442035870746
5.23,0.003694616438283973
5.2305,0.02197348265813844
5.231,0.013600800706587264
5.2315000000000005,-0.01890920460412034
5.232,-0.05971722448083499
5.2325,-0.07366804723329697
5.2330000000000005,-0.029974058601235816
5.2335,0.05716898099076647
5.234,0.12479112679706815
5.2345,0.11484822441135664
5.235,0.03231290005383001
5.2355,-0.05701161685817303
5.236,-0.08478234926312028
5.2365,-0.03213790719864514
5.237,0.06682884289668325
5.2375,0.15585300525653561
5.238,0.18930576411950645
5.2385,0.15465594209612465
5.239,0.08010692614542045
5.2395000000000005,0.01762750436927473
5.24,0.0065368251014566985
5.2405,0.04529589794255855
5.2410000000000005,0.09306190878630309
5.2415,0.09905530744494832
5.242,0.04404172742462825
5.2425,-0.034052680048465477
5.243,-0.06491131430930305
5.2435,-0.01657684277180791
5.244,0.05892661853020141
5.2445,0.07175797061161525
5.245,-0.006369832777130076
5.2455,-0.10617206284261607
5.246,-0.1363453225162527
5.2465,-0.08264705358565168
5.247,-0.01568565107708812
5.2475000000000005,-0.006997386836313242
5.248,-0.059285728492742336
5.2485,-0.1253681291365357
5.249,-0.17249128618153256
5.2495,-0.2021148312180028
5.25,-0.21332014573723362
5.2505,-0.18124074094812598
5.251,-0.09205076932384051
5.2515,0.01615668009503507
5.252,0.07348085760694319
5.2525,0.045040741668088385
5.253,-0.03190516731929892
5.2535,-0.08300218168096685
5.2540000000000004,-0.06793479440763664
5.2545,-0.015236787081586694
5.255,0.013997782293555519
5.2555000000000005,-0.007472271673037961
5.256,-0.04964931413719977
5.2565,-0.06460598182948014
5.257,-0.036065574618055055
5.2575,0.01341295821166069
5.258,0.05056955462505656
5.2585,0.054240306521519455
5.259,0.018782496902340122
5.2595,-0.04477108940676201
5.26,-0.10495971658536501
5.2605,-0.12065653298781796
5.261,-0.06994013727550343
5.2615,0.027199694741482032
5.2620000000000005,0.11686232281158224
5.2625,0.14788914327817462
5.263,0.10967973586306333
5.2635000000000005,0.040022730997138996
5.264,-0.005419714518911789
5.2645,0.002563936795224639
5.265,0.045049531270999685
5.2655,0.0729550253622347
5.266,0.051169330111746514
5.2665,-0.007906616203519113
5.267,-0.05631266090701258
5.2675,-0.05943334039912059
5.268,-0.027972071565681683
5.2685,0.00087361189824052
5.269,0.004241174636061939
5.2695,-0.010631506707344298
5.2700000000000005,-0.023556475929618438
5.2705,-0.024424260357381475
5.271,-0.018857676424609372
5.2715000000000005,-0.01761709067028947
5.272,-0.02446404785221224
5.2725,-0.03023898920669631
5.273,-0.015467113962621345
5.2735,0.03096607534075693
5.274,0.08488856903267306
5.2745,0.09105634221876789
5.275,0.017378379284853272
5.2755,-0.09538420209874031
5.276,-0.15828900123372375
5.2765,-0.11672945428657797
5.277,-0.00180406840728422
5.2775,0.09876994220944173
5.2780000000000005,0.1120603774982284
5.2785,0.030141386212549484
5.279,-0.08886478785753357
5.2795000000000005,-0.16312749234199025
5.28,-0.14696557820632966
5.2805,-0.06542022735917771
5.281,0.00862986995829304
5.2815,0.017651492060017218
5.282,-0.03451047582955297
5.2825,-0.09430621132345725
5.283,-0.11261368922944967
5.2835,-0.08876643593176356
5.284,-0.06398135107014218
5.2845,-0.07265709790609667
5.285,-0.10343994239462277
5.2855,-0.11225497744528565
5.2860000000000005,-0.07031557006359969
5.2865,0.007211735879895811
5.287,0.07562369293126504
5.2875000000000005,0.09460024458160095
5.288,0.055743129861419015
5.2885,-0.005581373121272135
5.289,-0.028047077136027283
5.2895,0.02373410354102123
5.29,0.11566476792027587
5.2905,0.16569919555848522
5.291,0.11971472269731095
5.2915,0.0017147852810316696
5.292,-0.11326223587693371
5.2925,-0.16670615226353347
5.293,-0.15436556088875836
5.2935,-0.10876310299815901
5.2940000000000005,-0.05599538976013059
5.2945,0.006390274406245561
5.295,0.08876356103934707
5.2955000000000005,0.1732555641694638
5.296,0.21247751904826165
5.2965,0.17386051236459069
5.297,0.07866310532451598
5.2975,-0.01546434595311204
5.298,-0.06857857146699006
5.2985,-0.08282977586776362
5.299,-0.0759741007725295
5.2995,-0.05190740801823952
5.3,-0.008551614004952766
5.3005,0.03992569730578943
5.301,0.0680487320461322
5.3015,0.06358653955186236
5.3020000000000005,0.03187285741009049
5.3025,-0.022571972713372412
5.303,-0.10024500079898156
5.3035000000000005,-0.18916092696390646
5.304,-0.26019996028453357
5.3045,-0.2874682705306407
5.305,-0.2642799591473822
5.3055,-0.19834256861555027
5.306,-0.10512898090286502
5.3065,-0.012215799975194556
5.307,0.043673089861198576
5.3075,0.04273938574300323
5.308,0.008083369283930702
5.3085,-0.007218120169457467
5.309,0.03000956456803874
5.3095,0.09504814465698752
5.3100000000000005,0.12176182953564288
5.3105,0.06539856134768594
5.311,-0.04396235390328411
5.3115000000000006,-0.11560776026077994
5.312,-0.08007580803050107
5.3125,0.03690237256872249
5.313,0.13158213944999123
5.3135,0.12451361033947801
5.314,0.04369975876755732
5.3145,-0.004295787811593223
5.315,0.052072917475324075
5.3155,0.1718338945137066
5.316,0.24001123064420304
5.3165000000000004,0.1773023854960884
5.317,0.008497789815590098
5.3175,-0.16710437705707318
5.3180000000000005,-0.257967981238112
5.3185,-0.23621392254880053
5.319,-0.13688320344304641
5.3195,-0.02486174237624922
5.32,0.03955444947808683
5.3205,0.02763716260265335
5.321,-0.040320098149474175
5.3215,-0.10361753425076517
5.322,-0.10723128287042176
5.3225,-0.05268070719480815
5.323,0.004020443582186362
5.3235,0.0126175633314707
5.324,-0.02056510407087209
5.3245000000000005,-0.04788991229582513
5.325,-0.037826308417480733
5.3255,-0.007997313857016254
5.3260000000000005,-0.002885255014047976
5.3265,-0.044587587364708116
5.327,-0.10778770942417322
5.3275,-0.14054013722575265
5.328,-0.10637556370279305
5.3285,-0.012674346638525702
5.329,0.0880942778482689
5.3295,0.12663684601069017
5.33,0.06878352642321668
5.3305,-0.046717847135997775
5.331,-0.1317951977392046
5.3315,-0.12298827234255266
5.332,-0.03382717511173231
5.3325000000000005,0.06528762386355862
5.333,0.11384318903396856
5.3335,0.10675361986968794
5.3340000000000005,0.08178561101100716
5.3345,0.07234422965361137
5.335,0.07551112839953965
5.3355,0.0620745571600257
5.336,0.0136594692324186
5.3365,-0.051844393228201995
5.337,-0.09226990830052625
5.3375,-0.07769565813182676
5.338,-0.014851858605292912
5.3385,0.06114508483108683
5.339,0.1131847978669689
5.3395,0.11850843561014653
5.34,0.06883831621635444
5.3405000000000005,-0.02793532434658115
5.341,-0.1406787890427365
5.3415,-0.2246121625885858
5.3420000000000005,-0.25109209120185866
5.3425,-0.2239615161061634
5.343,-0.16506858661369786
5.3435,-0.09690022437150228
5.344,-0.0426998583057286
5.3445,-0.022545580688569006
5.345,-0.03225590472698466
5.3455,-0.03742424097618209
5.346,-0.008275108158698235
5.3465,0.03963803429569507
5.347,0.05550499399269395
5.3475,0.011957256776669877
5.348,-0.05570256348325597
5.3485000000000005,-0.08083321558745722
5.349,-0.0346251328264618
5.3495,0.0437441208689737
5.3500000000000005,0.08538147622609395
5.3505,0.05468034507481475
5.351,-0.023818986830035516
5.3515,-0.09313647454260202
5.352,-0.11299533301057248
5.3525,-0.08318030083943126
5.353,-0.027959181531063068
5.3535,0.02895564005945866
5.354,0.07062335767675758
5.3545,0.08211677966084556
5.355,0.056633010095280954
5.3555,0.010863356269350394
5.356,-0.015245206247469736
5.3565000000000005,0.009706350926656322
5.357,0.069547985687527
5.3575,0.10525773607107367
5.3580000000000005,0.07338759421258087
5.3585,-0.0044292073768002795
5.359,-0.06330065470006255
5.3595,-0.06444016106016623
5.36,-0.028569229023089157
5.3605,0.001028817361574873
5.361,0.008692108677991707
5.3615,0.005552800861443776
5.362,-0.00598359563799856
5.3625,-0.04098273698320496
5.363,-0.10173585518154783
5.3635,-0.15694120190649255
5.364,-0.16498354954189412
5.3645000000000005,-0.11504986640628757
5.365,-0.03594747672557383
5.3655,0.035521593514305325
5.3660000000000005,0.0839182676645007
5.3665,0.1085797859354261
5.367,0.10192003752052299
5.3675,0.05172859383642776
5.368,-0.036297579324105336
5.3685,-0.13149239076763822
5.369,-0.19488155598452025
5.3695,-0.19544596808432174
5.37,-0.11909219971611765
5.3705,0.014766103618707177
5.371,0.14164530804958034
5.3715,0.18349800824237553
5.372,0.11554396766805551
5.3725000000000005,-0.0026253827952552756
5.373,-0.07821926428965031
5.3735,-0.06985345109245232
5.3740000000000006,-0.015010258183598194
5.3745,0.023040790380501046
5.375,0.021754137702476417
5.3755,0.006964723486091697
5.376,0.005611461836126985
5.3765,0.006989370154812432
5.377,-0.02280413220384104
5.3775,-0.0926724406822042
5.378,-0.1630908796342417
5.3785,-0.17992688288608344
5.3790000000000004,-0.13171832000149372
5.3795,-0.06496415141951788
5.38,-0.037197502664827485
5.3805000000000005,-0.059760087932095106
5.381,-0.09309044411903884
5.3815,-0.09240011258693104
5.382,-0.04655515147245974
5.3825,0.023391557008230025
5.383,0.08516304277558871
5.3835,0.10996240174586829
5.384,0.08470911968027152
5.3845,0.024552538289115886
5.385,-0.03405235273178842
5.3855,-0.06402857105419976
5.386,-0.06714610510116763
5.3865,-0.05669197533765405
5.3870000000000005,-0.03183604207235258
5.3875,0.015183203061955733
5.388,0.07079316797816214
5.3885000000000005,0.09816025108342934
5.389,0.07224093445358372
5.3895,0.009944918201467812
5.39,-0.04227025762928385
5.3905,-0.05059337640508173
5.391,-0.020069000030207396
5.3915,0.018157259406720753
5.392,0.03645704578121659
5.3925,0.02766338764756201
5.393,0.004052996341929317
5.3935,-0.01605376748966394
5.394,-0.026673227223357004
5.3945,-0.03910678434994832
5.3950000000000005,-0.06254359663609624
5.3955,-0.0847435180803547
5.396,-0.08473857020095474
5.3965000000000005,-0.06314253294704832
5.397,-0.043866614395271925
5.3975,-0.04076004649076522
5.398,-0.03708363254695424
5.3985,-0.009713329484175328
5.399,0.03404138485697782
5.3995,0.0583211183769953
5.4,0.04045914778569825
5.4005,0.0014305025357081132
5.401,-0.01509387920642125
5.4015,0.008033353106862377
5.402,0.043227954347127645
5.4025,0.04965136232274006
5.4030000000000005,0.013520301274952545
5.4035,-0.041983377545094014
5.404,-0.07575107318601472
5.4045000000000005,-0.06001557796397612
5.405,-0.007422832579294748
5.4055,0.03346676219960684
5.406,0.024481724054419767
5.4065,-0.020147209111643492
5.407,-0.05237789557741229
5.4075,-0.05136838463811409
5.408,-0.049895902054562326
5.4085,-0.0921243010068712
5.409,-0.17308268262444482
5.4095,-0.22982065522781878
5.41,-0.19726295922472772
5.4105,-0.07550318307838143
5.4110000000000005,0.06026825185074695
5.4115,0.12344269312095615
5.412,0.09010432793231155
5.4125000000000005,0.005186930699378157
5.413,-0.07644569562648429
5.4135,-0.13636263189901676
5.414,-0.18032683086583426
5.4145,-0.2024988798261643
5.415,-0.1782158373328527
5.4155,-0.09006926129676245
5.416,0.04362504431478469
5.4165,0.1661497359410695
5.417,0.21477450824285227
5.4175,0.16947110041639446
5.418,0.07317815797942966
5.4185,-0.0048416252307131044
5.4190000000000005,-0.03064702030965063
5.4195,-0.027176725563968857
5.42,-0.034060678737500544
5.4205000000000005,-0.05496444910187482
5.421,-0.054563580608247446
5.4215,-0.00636703067206907
5.422,0.06917516210241782
5.4225,0.12300677060942715
5.423,0.12678452967257667
5.4235,0.09277016557647036
5.424,0.04906409273162577
5.4245,0.010449408840186258
5.425,-0.02271918856626948
5.4255,-0.050203896196422515
5.426,-0.06731000933743393
5.4265,-0.06989565482633954
5.4270000000000005,-0.05677732136043737
5.4275,-0.03151304740095582
5.428,-0.006523109410005359
5.4285000000000005,0.0028173428877317063
5.429,-0.004672463859752894
5.4295,-0.013532450567651323
5.43,-0.014842691592773362
5.4305,-0.022095424298166397
5.431,-0.05062191846735973
5.4315,-0.0871151917609986
5.432,-0.09702262268912779
5.4325,-0.06516922932964937
5.433,-0.016666393734372974
5.4335,0.006532096630933806
5.434,-0.018476633332536227
5.4345,-0.08348628376040972
5.4350000000000005,-0.15925223603470634
5.4355,-0.20642555022061856
5.436,-0.18575699700786386
5.4365000000000006,-0.0839295947216686
5.437,0.05679137076069833
5.4375,0.1520879218765773
5.438,0.14326646115077987
5.4385,0.0533537135445773
5.439,-0.035885657646772394
5.4395,-0.06402377990453892
5.44,-0.041402672974559615
5.4405,-0.020122604371725535
5.441,-0.030760457903632688
5.4415000000000004,-0.06038009738652766
5.442,-0.08446831102654265
5.4425,-0.0961957266577533
5.4430000000000005,-0.09448912037861505
5.4435,-0.06276601649325544
5.444,0.015547318021482265
5.4445,0.11848820369008381
5.445,0.18219742919893087
5.4455,0.1550309752711715
5.446,0.05677479492625512
5.4465,-0.02974976648683235
5.447,-0.0378512667334401
5.4475,0.01665700521013554
5.448,0.059378589176432295
5.4485,0.04374301568825734
5.449,-0.0038301395901882466
5.4495000000000005,-0.02814906083904857
5.45,-0.013380197707033062
5.4505,0.008967263533282855
5.4510000000000005,0.00524622508953522
5.4515,-0.030936706454840805
5.452,-0.08928171448066534
5.4525,-0.15497169861597349
5.453,-0.200616045360043
5.4535,-0.1881104939878653
5.454,-0.10399536760182995
5.4545,0.0070755417778763634
5.455,0.06514832626684551
5.4555,0.026768492465033135
5.456,-0.06830062175151011
5.4565,-0.1302076361790881
5.457,-0.10087895521719369
5.4575000000000005,-0.0038383162627977727
5.458,0.08017149963426555
5.4585,0.08101024306224366
5.4590000000000005,-0.008488157786097286
5.4595,-0.1287496377879253
5.46,-0.19604965797926183
5.4605,-0.16434125976488512
5.461,-0.06133087583480124
5.4615,0.03558245493523527
5.462,0.06564342191025463
5.4625,0.03278746849881837
5.463,-0.00502394991034351
5.4635,0.00928454123287684
5.464,0.0794119441804965
5.4645,0.15007232688069494
5.465,0.1591723502294823
5.4655000000000005,0.10047291570729629
5.466,0.025908083235489137
5.4665,-0.017989383293565357
5.4670000000000005,-0.03854992794654134
5.4675,-0.06712910213996327
5.468,-0.0989233342580205
5.4685,-0.09456302387337444
5.469,-0.04087264470241565
5.4695,0.02152393939490547
5.47,0.043329687213017505
5.4705,0.018825850097820902
5.471,-0.01810086631731822
5.4715,-0.03400802842084086
5.472,-0.021710211532453994
5.4725,0.0009970045689866574
5.473,0.008007201613108647
5.4735000000000005,-0.013292316138329834
5.474,-0.05088796219322417
5.4745,-0.08057421490113222
5.4750000000000005,-0.0886118478634227
5.4755,-0.07994821685458406
5.476,-0.06886569387023941
5.4765,-0.06606597333777457
5.477,-0.07060450089897066
5.4775,-0.06901242632346088
5.478,-0.045114126023140806
5.4785,0.0019413529375844982
5.479,0.04828442207936093
5.4795,0.06245273917812552
5.48,0.0379829610422704
5.4805,0.0014167116764167535
5.481,-0.021041998313667275
5.4815000000000005,-0.035997031841688745
5.482,-0.06512867192998159
5.4825,-0.09875839639884668
5.4830000000000005,-0.09160709770841637
5.4835,-0.01739952797928091
5.484,0.08550902915821004
5.4845,0.13872149380334983
5.485,0.09444914318161507
5.4855,-0.02288938825294002
5.486,-0.1417470781815167
5.4865,-0.2009549334054587
5.487,-0.18236318718327849
5.4875,-0.10509267343073056
5.488,-0.010498148285892907
5.4885,0.04976843349965014
5.489,0.04101775684488339
5.4895000000000005,-0.01848041557575281
5.49,-0.060916236982010374
5.4905,-0.029906186996356714
5.4910000000000005,0.0596273190683342
5.4915,0.1321949382303717
5.492,0.1233122100686567
5.4925,0.03508533684128309
5.493,-0.07481306935360667
5.4935,-0.14578833921735382
5.494,-0.15239323876228947
5.4945,-0.10520230385474728
5.495,-0.03308415637912194
5.4955,0.030868016456717093
5.496,0.05834424823715781
5.4965,0.0370950700243627
5.497,-0.01992492380045709
5.4975000000000005,-0.07903534098394469
5.498,-0.1041518403225474
5.4985,-0.07737870231148658
5.4990000000000006,-0.010948295622947803
5.4995,0.056652747121305094
5.5,0.08348819757260406
5.5005,0.054925034153625124
5.501,-0.0032562869332677883
5.5015,-0.044184907073687725
5.502,-0.03585297803966336
5.5025,0.015870323462913484
5.503,0.07245611509936754
5.5035,0.09082397458256378
5.5040000000000004,0.0558847547040967
5.5045,-0.005688074015779648
5.505,-0.045157918901623746
5.5055000000000005,-0.03448042146846829
5.506,0.005258627531615129
5.5065,0.022352177180768464
5.507,-0.01460597375666818
5.5075,-0.08652465786800377
5.508,-0.14396319388062814
5.5085,-0.1513286008180377
5.509,-0.11111671828085143
5.5095,-0.05439213821377213
5.51,-0.015206872637297399
5.5105,-0.010313639435658304
5.511,-0.03199869101851303
5.5115,-0.05341310602376387
5.5120000000000005,-0.04705749422341012
5.5125,-0.011187932212981576
5.513,0.018923235257308317
5.5135000000000005,-0.0021549272208614065
5.514,-0.08022999461551156
5.5145,-0.16076289378805822
5.515,-0.16853210304170682
5.5155,-0.07566400063446754
5.516,0.06623766888354746
5.5165,0.16263167041358914
5.517,0.1544628517077694
5.5175,0.07030153516494476
5.518,-0.002500984205240711
5.5185,-0.004306583823799133
5.519,0.04418363702023636
5.5195,0.07734935599057452
5.5200000000000005,0.05842662080686964
5.5205,0.006410085208657115
5.521,-0.040431694717939295
5.5215000000000005,-0.06630519721616565
5.522,-0.07624090796552722
5.5225,-0.07052663939580464
5.523,-0.043001090321889805
5.5235,-0.004992576992284868
5.524,0.00917254847748276
5.5245,-0.02368592954101788
5.525,-0.08072469707915163
5.5255,-0.10921860390314114
5.526,-0.08447355812387886
5.5265,-0.041210041667475654
5.527,-0.03702130942809316
5.5275,-0.08902900692739145
5.5280000000000005,-0.1546824602394129
5.5285,-0.17182462938632603
5.529,-0.11259719392342667
5.5295000000000005,-0.006492451970297384
5.53,0.0789024821610946
5.5305,0.08726865508326238
5.531,0.02064969026143683
5.5315,-0.05862582593221324
5.532,-0.08140615986988577
5.5325,-0.03348140384520088
5.533,0.03515200910701244
5.5335,0.06311718206991651
5.534,0.03858716375785496
5.5345,0.004708782321883453
5.535,0.004937921323031575
5.5355,0.03095616623661487
5.5360000000000005,0.033080041431597554
5.5365,-0.019617478160063307
5.537,-0.09896661002234913
5.5375000000000005,-0.14163199616541136
5.538,-0.11022437641982881
5.5385,-0.028547529923829973
5.539,0.04277379158954598
5.5395,0.06470180425528506
5.54,0.05151238429476543
5.5405,0.042447421888838356
5.541,0.04957560625749655
5.5415,0.047049451489715934
5.542,0.012711043980826795
5.5425,-0.03416446166064808
5.543,-0.050087926392613
5.5435,-0.02205848904764377
5.5440000000000005,0.010160395953475941
5.5445,0.0011485524525141847
5.545,-0.0402025872960514
5.5455000000000005,-0.06182768698707372
5.546,-0.03834778579439291
5.5465,-0.002347589168542925
5.547,0.0016972051653191874
5.5475,-0.029137995154406356
5.548,-0.06121839710895457
5.5485,-0.06545044994391842
5.549,-0.04034315082055536
5.5495,-0.005038756679605713
5.55,0.019007439257704865
5.5505,0.02360017240077225
5.551,0.016445515715454752
5.5515,0.0067203873090046756
5.5520000000000005,-0.007745289090886035
5.5525,-0.03008984966343842
5.553,-0.04649522345695363
5.5535000000000005,-0.035036490032251934
5.554,0.004826308673267247
5.5545,0.04540868299918839
5.555,0.05908746965860875
5.5555,0.04341372415865242
5.556,0.014708032114629743
5.5565,-0.01072657599951186
5.557,-0.02305241062377749
5.5575,-0.020657670509831593
5.558,-0.017889934578922236
5.5585,-0.04141733382495221
5.559,-0.10039235123943609
5.5595,-0.15826921572887676
5.5600000000000005,-0.1530504800906086
5.5605,-0.06374149352991115
5.561,0.047716180725028416
5.5615000000000006,0.08096417651874258
5.562,-0.006238781067401271
5.5625,-0.15218611073773217
5.563,-0.24750287182279287
5.5635,-0.23332187870905272
5.564,-0.14082723775039904
5.5645,-0.04381122186389414
5.565,0.012170618036604653
5.5655,0.033585690690019904
5.566,0.050213875292803384
5.5665000000000004,0.07551460341742386
5.567,0.09208192826723714
5.5675,0.07116449180475469
5.5680000000000005,0.00792541443564642
5.5685,-0.0631004870463394
5.569,-0.09306957447496726
5.5695,-0.06305524609556344
5.57,-0.001152980617380877
5.5705,0.0482075978943014
5.571,0.0679239707083881
5.5715,0.07178759654609893
5.572,0.0679880202197455
5.5725,0.03846072574443597
5.573,-0.034263443590399345
5.5735,-0.1291749497728742
5.574,-0.18940654994115738
5.5745000000000005,-0.16739210021081857
5.575,-0.06822410936170797
5.5755,0.05030354506343891
5.5760000000000005,0.12066678468937932
5.5765,0.11250697938797428
5.577,0.04554310400140282
5.5775,-0.033920598385993685
5.578,-0.08602208168156182
5.5785,-0.09389488951400775
5.579,-0.059754529728177345
5.5795,0.0022206078006629017
5.58,0.0624060861170169
5.5805,0.07579010298554927
5.581,0.009641518681992747
5.5815,-0.11371879661171208
5.582,-0.21191339032776652
5.5825000000000005,-0.20505754613347243
5.583,-0.09472443269936799
5.5835,0.031898579233375066
5.5840000000000005,0.08810229674224483
5.5845,0.06847832713603796
5.585,0.03511199599656392
5.5855,0.03794138962568981
5.586,0.06745378708609662
5.5865,0.08243114109675431
5.587,0.06541291260006706
5.5875,0.0384721326056068
5.588,0.028399093527114762
5.5885,0.03254778260286807
5.589,0.030118511372812944
5.5895,0.01505840688452268
5.59,-0.004925392688175679
5.5905000000000005,-0.03740168414388987
5.591,-0.10034142793784155
5.5915,-0.17700877717962318
5.5920000000000005,-0.20642074112592732
5.5925,-0.1451887132412828
5.593,-0.025759068506691775
5.5935,0.07024728521977289
5.594,0.0932438476750469
5.5945,0.0624952910752556
5.595,0.02289592802366735
5.5955,-0.01207465715043831
5.596,-0.05760999688090761
5.5965,-0.11012501597431354
5.597,-0.13078158248702568
5.5975,-0.08763936527644166
5.598,-0.00030187945920416136
5.5985000000000005,0.07240272110781173
5.599,0.08764824301091916
5.5995,0.05322280506576542
5.6000000000000005,0.00802555381315353
5.6005,-0.021316447600198865
5.601,-0.03720396377841483
5.6015,-0.05122197583500076
5.602,-0.06227627579992689
5.6025,-0.06097934750963491
5.603,-0.0483776835104162
5.6035,-0.04002895362823389
5.604,-0.049040590230139826
5.6045,-0.06925342009828525
5.605,-0.07974733066948973
5.6055,-0.0671741647994964
5.606,-0.03988886516967595
5.6065000000000005,-0.013779206959839078
5.607,0.01304879425754366
5.6075,0.054714223620056714
5.6080000000000005,0.09947576131676837
5.6085,0.09998521199207132
5.609,0.026231841302696984
5.6095,-0.08311353895445252
5.61,-0.14982801323900954
5.6105,-0.13684204788501253
5.611,-0.08055490534665152
5.6115,-0.04236821271050265
5.612,-0.04543874856510047
5.6125,-0.06199024074202365
5.613,-0.048680424028447175
5.6135,0.010672597947045307
5.614,0.08851727443868285
5.6145000000000005,0.13426453407771108
5.615,0.11544746617240768
5.6155,0.0437623214302215
5.6160000000000005,-0.03681202818479194
5.6165,-0.0881318267163708
5.617,-0.10672584923831563
5.6175,-0.1163655000349457
5.618,-0.13512817251332251
5.6185,-0.1559939939342772
5.619,-0.15962263316248115
5.6195,-0.13556477645993864
5.62,-0.08549257839337027
5.6205,-0.015507524146580888
5.621,0.06358600902813308
5.6215,0.13066399588190014
5.622,0.1591561168191502
5.6225000000000005,0.13350254421195779
5.623,0.060438589598983704
5.6235,-0.03484513849868049
5.6240000000000006,-0.11739569487662609
5.6245,-0.14828531369505424
5.625,-0.09996193636209587
5.6255,0.0148112657871048
5.626,0.13192856060160113
5.6265,0.17499067146511094
5.627,0.12167177664889793
5.6275,0.029123707758209993
5.628,-0.018514619609240456
5.6285,0.006865997291894516
5.6290000000000004,0.05144498576023927
5.6295,0.040549264740479
5.63,-0.03870484519446382
5.6305000000000005,-0.12277405272464524
5.631,-0.1382173690058484
5.6315,-0.07397825160428206
5.632,0.014733051690085701
5.6325,0.06448007911053867
5.633,0.05759765019312058
5.6335,0.02434201646283137
5.634,0.003161755248624134
5.6345,0.004314979619856714
5.635,0.010072927982774066
5.6355,0.0029138890117957937
5.636,-0.01394317966450579
5.6365,-0.022678074333624385
5.6370000000000005,-0.010317424816684335
5.6375,0.01800563670719492
5.638,0.03961584205847193
5.6385000000000005,0.030173623945662698
5.639,-0.01395689327378425
5.6395,-0.06969731142945357
5.64,-0.10766720832299419
5.6405,-0.11628472008776396
5.641,-0.1030083196012347
5.6415,-0.07902816406998854
5.642,-0.053559265713437436
5.6425,-0.041752956892423164
5.643,-0.06214729069063646
5.6435,-0.11318214584542037
5.644,-0.15757312227383444
5.6445,-0.1457646740158243
5.6450000000000005,-0.06311562299982043
5.6455,0.04784278790751605
5.646,0.1151225977020503
5.6465000000000005,0.09180679190762302
5.647,-0.007128402520088936
5.6475,-0.11508241945658618
5.648,-0.16601042866269317
5.6485,-0.14643112359560398
5.649,-0.09767113047152118
5.6495,-0.06746278829774294
5.65,-0.06728170703142045
5.6505,-0.07667794795958985
5.651,-0.0722868073044461
5.6515,-0.043781603861574245
5.652,0.004826170551463393
5.6525,0.05565429642496472
5.6530000000000005,0.0831580447122596
5.6535,0.07192795577535957
5.654,0.0318513605971073
5.6545000000000005,-0.00874439941748458
5.655,-0.026675623560689622
5.6555,-0.018933762201295862
5.656,0.002168557349982795
5.6565,0.02200005924538509
5.657,0.032207223917582385
5.6575,0.03244979022513229
5.658,0.027426932185223567
5.6585,0.02364096634270242
5.659,0.027748898383290817
5.6595,0.04275133823976385
5.66,0.06339539061908496
5.6605,0.07842540178294756
5.6610000000000005,0.07782511100297582
5.6615,0.05533624817965953
5.662,0.007283575440680146
5.6625000000000005,-0.06210861851211882
5.663,-0.13011934471892178
5.6635,-0.15690993085439425
5.664,-0.11098543557721828
5.6645,-0.0033286773070362588
5.665,0.10651687838218364
5.6655,0.15148867018432288
5.666,0.11414889632170436
5.6665,0.04150783106761706
5.667,-0.003600680035522244
5.6675,-0.0061879527380233335
5.668,-0.007684119634040319
5.6685,-0.04885281380481764
5.6690000000000005,-0.11196137630104518
5.6695,-0.1290521649346925
5.67,-0.051584996443617435
5.6705000000000005,0.08889970264182308
5.671,0.194178799443251
5.6715,0.17856083426990307
5.672,0.03824699318570477
5.6725,-0.1489800440598234
5.673,-0.2802749181902903
5.6735,-0.290024046104023
5.674,-0.1841656827056587
5.6745,-0.03232041053619276
5.675,0.0789366989760048
5.6755,0.09884834006804649
5.676,0.03370108453766095
5.6765,-0.0666646743197683
5.6770000000000005,-0.13869523272059173
5.6775,-0.14170215935278635
5.678,-0.0868356519124459
5.6785000000000005,-0.028458349025020743
5.679,-0.01426652152127494
5.6795,-0.04334914043798205
5.68,-0.07792654965074083
5.6805,-0.08756632535614944
5.681,-0.07098828699918938
5.6815,-0.04358731631039323
5.682,-0.020368584783234528
5.6825,-0.008718593366530497
5.683,-0.003443935053001535
5.6835,0.011532505322705748
5.684,0.04444111083623054
5.6845,0.07759170746716429
5.6850000000000005,0.08121460572540379
5.6855,0.0500105013989781
5.686,0.013713686255321869
5.6865000000000006,0.0031558244978137414
5.687,0.014203349840032317
5.6875,0.0141847468722103
5.688,-0.019880172961977645
5.6885,-0.07583193655365765
5.689,-0.11651815014330283
5.6895,-0.1103917287688618
5.69,-0.054321983930155575
5.6905,0.02579509075765754
5.691,0.09084283413679341
5.6915000000000004,0.10789950265397151
5.692,0.06604439857286556
5.6925,-0.016418845953873714
5.6930000000000005,-0.09987876816257585
5.6935,-0.1451068630609513
5.694,-0.13504448104352804
5.694500000000001,-0.08264349725320902
5.695,-0.020483450486786466
5.6955,0.021558692299994367
5.696,0.034236655656573044
5.6965,0.026401054122172557
5.697,0.007496454045388469
5.6975,-0.019558310098501556
5.698,-0.04576230227073403
5.6985,-0.0490030977495357
5.699,-0.015441398232085703
5.6995000000000005,0.034018400832331167
5.7,0.05711203800416736
5.7005,0.0390116526851546
5.7010000000000005,0.013768533343021742
5.7015,0.02287523965537582
5.702,0.06200439119912938
5.7025,0.08593268655772116
5.703,0.06131645216851441
5.7035,-0.002274792548528165
5.704,-0.07031243160292858
5.7045,-0.11296345219125052
5.705,-0.1154332387564556
5.7055,-0.0780268704521342
5.706,-0.01602937876347283
5.7065,0.04771328029840835
5.707,0.0945290563880996
5.7075000000000005,0.11241266169277561
5.708,0.09314488238049565
5.7085,0.037684299078944154
5.7090000000000005,-0.03516635341452116
5.7095,-0.09317796217736551
5.71,-0.109873868160267
5.7105,-0.08295464040582502
5.711,-0.034567061025083445
5.7115,0.008610448901095533
5.712,0.034070672051321006
5.7125,0.04037401398557825
5.713,0.02422381803627762
5.7135,-0.018651405223255507
5.714,-0.0836882519662704
5.7145,-0.15468658255948417
5.715,-0.20421629357240217
5.7155000000000005,-0.19762791842435515
5.716,-0.11844748313122436
5.7165,-0.002707918588470624
5.7170000000000005,0.07019956791283608
5.7175,0.043975271995807294
5.718,-0.05720007315357645
5.7185,-0.1485854233833991
5.719,-0.1634179716614688
5.7195,-0.10685911775676386
5.72,-0.03464045329971368
5.7205,0.009629977616575707
5.721,0.026894617170475678
5.7215,0.03983625795906861
5.722,0.0557577957408348
5.7225,0.06252369566888272
5.723,0.054838913358200556
5.7235000000000005,0.04817296464799167
5.724,0.05756523878468941
5.7245,0.07164644749817571
5.7250000000000005,0.06134400277584959
5.7255,0.01288458764781072
5.726,-0.05716624979719281
5.7265,-0.11732906347442244
5.727,-0.14258969535111332
5.7275,-0.1227553011153087
5.728,-0.06165213770435052
5.7285,0.02442430642628375
5.729,0.10897618991242533
5.7295,0.16334699302249803
5.73,0.17106274289681447
5.7305,0.13653880516358843
5.731,0.07571601256582833
5.7315000000000005,-0.0005365420340965859
5.732,-0.0858444200625052
5.7325,-0.16114895827313958
5.7330000000000005,-0.1900726891976882
5.7335,-0.1434168771903736
5.734,-0.032024698579084084
5.7345,0.08754355110896972
5.735,0.14706301187997006
5.7355,0.11635751007203535
5.736,0.027294904043409257
5.7365,-0.05153954504941044
5.737,-0.0712334004679132
5.7375,-0.03971166181299419
5.738,-0.003951329402318297
5.7385,0.0012914039551399584
5.739,-0.01879640655863269
5.7395000000000005,-0.037731862007982724
5.74,-0.039833176334476916
5.7405,-0.029529282332849873
5.7410000000000005,-0.01862190189307024
5.7415,-0.012630262222916432
5.742,-0.009599793898116368
5.7425,-0.008118022164538455
5.743,-0.011022201687019718
5.7435,-0.019072405295577702
5.744,-0.026019230013871786
5.7445,-0.026166040509008844
5.745,-0.025981715299433834
5.7455,-0.04259600396975053
5.746,-0.08740155914701078
5.7465,-0.149297539233373
5.747,-0.19245867777826708
5.7475000000000005,-0.17652354823874672
5.748,-0.09271821386494192
5.7485,0.015383176820107822
5.7490000000000006,0.08007024698296819
5.7495,0.0707037069010374
5.75,0.02158398768516925
5.7505,-0.008951141774248085
5.751,0.0012972952035762188
5.7515,0.028149488286326893
5.752,0.0385262770850625
5.7525,0.01956355864038786
5.753,-0.025286200373890122
5.7535,-0.08564061867950196
5.7540000000000004,-0.13730580319133184
5.7545,-0.13976087859176178
5.755,-0.06408999431992461
5.7555000000000005,0.06691264413364584
5.756,0.17637888386839626
5.7565,0.18756903616652865
5.757000000000001,0.08866957860716045
5.7575,-0.05677929068052937
5.758,-0.16181466626973837
5.7585,-0.17618255981994838
5.759,-0.10658726693082148
5.7595,0.00288450420228978
5.76,0.1024604359409761
5.7605,0.15774779949247478
5.761,0.155923880079767
5.7615,0.10498640525138986
5.7620000000000005,0.029612572404172234
5.7625,-0.03923116254811128
5.763,-0.07768229093328882
5.7635000000000005,-0.0769994235137267
5.764,-0.04465682561292166
5.7645,-0.0020904094865638037
5.765,0.022526343789521605
5.7655,0.00949680523406455
5.766,-0.038563884562012346
5.7665,-0.09890613230671057
5.767,-0.1420183793959324
5.7675,-0.1407630265073359
5.768,-0.08071100200243488
5.7685,0.020658769193939067
5.769,0.11195864347904108
5.7695,0.1461331106909125
5.7700000000000005,0.12450048762220847
5.7705,0.09142704163755108
5.771,0.0837375199349751
5.7715000000000005,0.09564061304215786
5.772,0.09567160417806327
5.7725,0.06778026132660213
5.773,0.028324218376738014
5.7735,0.0033803379520863973
5.774,-0.007015151778103433
5.7745,-0.03344428389218894
5.775,-0.0968594841437464
5.7755,-0.17062713869399118
5.776,-0.2012489850638574
5.7765,-0.16877708401280042
5.777,-0.1091983765150455
5.7775,-0.07196609670196272
5.7780000000000005,-0.0719792662824036
5.7785,-0.09098074787068992
5.779,-0.10903213189806191
5.7795000000000005,-0.11726389575497216
5.78,-0.10636141654559833
5.7805,-0.06352482261853701
5.781,0.009240302677113704
5.7815,0.08136600624117701
5.782,0.10964052768898616
5.7825,0.07392820247955532
5.783,-0.002750906944404324
5.7835,-0.0748425905089118
5.784,-0.11753260380570038
5.7845,-0.141572688296603
5.785,-0.16003799273297614
5.7855,-0.15607753229945348
5.7860000000000005,-0.104284526278052
5.7865,-0.018260877090726445
5.787,0.04935130336547065
5.7875000000000005,0.06381221313019461
5.788,0.04874626449166158
5.7885,0.05734407104111308
5.789,0.11190523544787538
5.7895,0.18166594266483882
5.79,0.21462694632835486
5.7905,0.18381779027387737
5.791,0.10817900757333439
5.7915,0.03797921164555238
5.792,0.01877373230523222
5.7925,0.058692008498599624
5.793,0.1219782542637067
5.7935,0.15562257676903782
5.7940000000000005,0.1295657264778805
5.7945,0.055242060502246476
5.795,-0.03307934224812416
5.7955000000000005,-0.10956616891615474
5.796,-0.16592801241670088
5.7965,-0.19770284325934517
5.797,-0.1974675175310677
5.7975,-0.16856191604505488
5.798,-0.13559686172437072
5.7985,-0.12670476112130025
5.799,-0.1415875287768343
5.7995,-0.14453395936302213
5.8,-0.09751903956263884
5.8005,-0.003119246676612452
5.801,0.08818037728056131
5.8015,0.11865397314574833
5.8020000000000005,0.07546260498104305
5.8025,0.004153164441666301
5.803,-0.030262815526578977
5.8035000000000005,-0.0002497852666786624
5.804,0.05957675438910504
5.8045,0.08360788375679529
5.805,0.03713485032695492
5.8055,-0.0480845958405017
5.806,-0.10217183598447212
5.8065,-0.08432873480655657
5.807,-0.02064503946873404
5.8075,0.024507563296384864
5.808,0.00899616087118616
5.8085,-0.053673326615025045
5.809,-0.10965841190313239
5.8095,-0.10988315790960011
5.8100000000000005,-0.05001261637710065
5.8105,0.027111552560881186
5.811,0.06932795840223593
5.8115000000000006,0.056260200984260586
5.812,0.0068913105470844865
5.8125,-0.04213604862868698
5.813,-0.05927525232332133
5.8135,-0.03133626828379981
5.814,0.027384199212355954
5.8145,0.08017231961455787
5.815,0.09872191174689153
5.8155,0.09019226781632483
5.816,0.08053642818863938
5.8165000000000004,0.07692570581857323
5.817,0.06691831194145445
5.8175,0.04990681906910743
5.8180000000000005,0.043121495742010414
5.8185,0.051409858675478176
5.819,0.05209447408991462
5.819500000000001,0.02173209474859718
5.82,-0.03300188087684713
5.8205,-0.08287839998999054
5.821,-0.10883174163937587
5.8215,-0.11468740725513636
5.822,-0.11001577373087204
5.8225,-0.09765552882986944
5.823,-0.08478091972380039
5.8235,-0.08996462037126898
5.824,-0.12261954993650956
5.8245000000000005,-0.16030936049367595
5.825,-0.16116806793165667
5.8255,-0.10380984275679209
5.8260000000000005,-0.011765775006567825
5.8265,0.06297898459844956
5.827,0.08011357353869618
5.8275,0.039896023823201135
5.828,-0.017537773974247713
5.8285,-0.04090629987864097
5.829,-0.01012523724079841
5.8295,0.040113804567229225
5.83,0.04874286364080086
5.8305,-0.0060589656046974565
5.831,-0.07563366115001903
5.8315,-0.09271129635337767
5.832,-0.051538562988743666
5.8325000000000005,-0.012546186824260244
5.833,-0.022708221379730872
5.8335,-0.05738353914843647
5.8340000000000005,-0.05705184670997638
5.8345,-0.004532044890477175
5.835,0.055655359806506335
5.8355,0.07355049482994995
5.836,0.053973975190806774
5.8365,0.04984438018727702
5.837,0.09693428876634805
5.8375,0.16457155341830196
5.838,0.1790958335759849
5.8385,0.0994141264044866
5.839,-0.0320712893915248
5.8395,-0.11958099162100767
5.84,-0.0995228624867783
5.8405000000000005,0.004954853702109584
5.841,0.11290750070781207
5.8415,0.15891645769818846
5.8420000000000005,0.1344562573516349
5.8425,0.07364522533485059
5.843,0.019099865144449123
5.8435,-0.0011259558309973973
5.844,0.013684204427885802
5.8445,0.03454170938418504
5.845,0.02274810932469139
5.8455,-0.036651092239933444
5.846,-0.12141542979342443
5.8465,-0.19308080588692061
5.847,-0.22809624807248277
5.8475,-0.2289634630377973
5.848,-0.2109961134255944
5.8485000000000005,-0.1824913780946845
5.849,-0.13915277035328474
5.8495,-0.07779595651280218
5.8500000000000005,-0.010635498470945673
5.8505,0.03976424497865344
5.851,0.05849191368055892
5.8515,0.049177442233630506
5.852,0.030695491307802567
5.8525,0.02392083504509388
5.853,0.03518507127828698
5.8535,0.04860098611797527
5.854,0.03910915262665236
5.8545,-0.00020476911641347482
5.855,-0.04434645798579166
5.8555,-0.0569709602893916
5.856,-0.025889107999626553
5.8565000000000005,0.02923552195758022
5.857,0.08281644899496225
5.8575,0.12076291939139729
5.8580000000000005,0.1284685404211669
5.8585,0.08537921322390872
5.859,-0.00750886768080211
5.8595,-0.10506490563013106
5.86,-0.14505999188073704
5.8605,-0.10170582685025796
5.861,-0.005327863396124828
5.8615,0.08642792028331757
5.862,0.12692493385023013
5.8625,0.09854029477479131
5.863,0.015039186611649423
5.8635,-0.08456634068717014
5.864,-0.15501074073041893
5.8645000000000005,-0.17170804131822803
5.865,-0.14694249763236783
5.8655,-0.11931705693555204
5.8660000000000005,-0.11705752552537389
5.8665,-0.12398229482474697
5.867,-0.0908029967055959
5.8675,0.007240313851692827
5.868,0.12850024707359745
5.8685,0.19476589490934032
5.869,0.16728274938716364
5.8695,0.0853663497764646
5.87,0.02303713445390057
5.8705,0.013061664443083161
5.871,0.02440590257620612
5.8715,0.01145353918327384
5.872,-0.03102653135836591
5.8725000000000005,-0.0682740495392891
5.873,-0.06792713038315956
5.8735,-0.029263306700950613
5.8740000000000006,0.02513943134335881
5.8745,0.07331475831906369
5.875,0.10649877042715503
5.8755,0.12622144368370367
5.876,0.13390449790820225
5.8765,0.1225205310842205
5.877,0.08065093750122171
5.8775,0.008817759594114618
5.878,-0.06968196932006891
5.8785,-0.1200835476710639
5.8790000000000004,-0.12255813637504032
5.8795,-0.08803670919561087
5.88,-0.04710370663896444
5.8805000000000005,-0.02343954859360444
5.881,-0.01806972240950685
5.8815,-0.017319862044160004
5.882000000000001,-0.013545476643213643
5.8825,-0.016943527332892817
5.883,-0.046042945132087516
5.8835,-0.10545168815584209
5.884,-0.1718148510604423
5.8845,-0.20029552120705724
5.885,-0.1503583562809343
5.8855,-0.022190542037315148
5.886,0.12230433158916702
5.8865,0.19071046708056838
5.8870000000000005,0.13608753294761053
5.8875,0.004195893499410746
5.888,-0.10665223922937968
5.8885000000000005,-0.1332593169700331
5.889,-0.08825745651186236
5.8895,-0.022015921794182235
5.89,0.03371151556421859
5.8905,0.07661166406081327
5.891,0.10743540031424602
5.8915,0.11469376280090089
5.892,0.08711897248920177
5.8925,0.030069773074347023
5.893,-0.03474739767139486
5.8935,-0.08122712475321435
5.894,-0.0907769330677826
5.8945,-0.0630949005075585
5.8950000000000005,-0.02276043747762621
5.8955,-0.00600276063692422
5.896,-0.02643731647068988
5.8965000000000005,-0.05704403691451676
5.897,-0.061270552033866825
5.8975,-0.040072104462086436
5.898,-0.029289507207618044
5.8985,-0.04826338809532085
5.899,-0.07148830862206026
5.8995,-0.060842873909411135
5.9,-0.013654310305839109
5.9005,0.030757478175054254
5.901,0.029989821017043727
5.9015,-0.017885960635421454
5.902,-0.07007297534024107
5.9025,-0.07938721919226971
5.9030000000000005,-0.03461426732510112
5.9035,0.04109902551882678
5.904,0.1189183972984601
5.9045000000000005,0.17813948567481713
5.905,0.2008442518218684
5.9055,0.1754971428375209
5.906,0.11366064740775753
5.9065,0.05178188270433736
5.907,0.02653652103220778
5.9075,0.047710591966192296
5.908,0.09096804585919943
5.9085,0.10996004606812311
5.909,0.06383516967905839
5.9095,-0.04604599789223087
5.91,-0.15951493552837792
5.9105,-0.19327180370499955
5.9110000000000005,-0.11253683890553078
5.9115,0.02768167143163377
5.912,0.12125492165431492
5.9125000000000005,0.10036626963675141
5.913,-0.009787257950688341
5.9135,-0.121149773880622
5.914,-0.1611866708663445
5.9145,-0.12401723155133189
5.915,-0.05739473589134071
5.9155,-0.011321316512881076
5.916,-0.0015330419817667085
5.9165,-0.01373309528833955
5.917,-0.028012123846147957
5.9175,-0.033747051005486646
5.918,-0.03123218036956136
5.9185,-0.028988932806301534
5.9190000000000005,-0.038476732388192825
5.9195,-0.0662339080541604
5.92,-0.10623389616021021
5.9205000000000005,-0.13618734762427398
5.921,-0.12537630257947424
5.9215,-0.056884224487528334
5.922,0.051320131466384054
5.9225,0.14845796143779708
5.923,0.17943871734881578
5.9235,0.12110056899051715
5.924,0.0025612315539589765
5.9245,-0.10530212247825979
5.925,-0.13227468793681338
5.9255,-0.06294559992641674
5.926,0.04102089610081984
5.9265,0.085712552427641
5.9270000000000005,0.030342138593771033
5.9275,-0.0700585741313753
5.928,-0.11541430865007571
5.9285000000000005,-0.057199797351658296
5.929,0.05721982780873312
5.9295,0.13560632901287797
5.93,0.12991631469467538
5.9305,0.06836351152079613
5.931,0.006699604275558582
5.9315,-0.028759751407404263
5.932,-0.04030659164136985
5.9325,-0.027892459119751557
5.933,0.009728665109912521
5.9335,0.04803441014441177
5.934,0.041572948608844626
5.9345,-0.025978644898056458
5.9350000000000005,-0.10362341803131991
5.9355,-0.10509364314944383
5.936,0.004717199917570223
5.9365000000000006,0.15645959857063052
5.937,0.22554319462771827
5.9375,0.14722459171351654
5.938,-0.01925374446749656
5.9385,-0.14679826310329022
5.939,-0.15800735526757329
5.9395,-0.08455161841195065
5.94,-0.018684481150037277
5.9405,-0.017850363599879526
5.941,-0.05900753008721552
5.9415000000000004,-0.0799002226459984
5.942,-0.05604383817277722
5.9425,-0.027761712686076852
5.9430000000000005,-0.04742443139600281
5.9435,-0.1090575862770286
5.944,-0.14631349798633853
5.944500000000001,-0.10536789714081629
5.945,-0.006955332057276704
5.9455,0.0773032787320987
5.946,0.10358345454431617
5.9465,0.09381654090231988
5.947,0.09498732993767604
5.9475,0.11944070880311215
5.948,0.13795523209814037
5.9485,0.12254021384698506
5.949,0.07898227964925299
5.9495000000000005,0.035103172543080756
5.95,0.010378378564153662
5.9505,0.00514156034877635
5.9510000000000005,0.011987476162346886
5.9515,0.02646748375428517
5.952,0.043345521238754306
5.9525,0.047777701184771135
5.953,0.022179313552987565
5.9535,-0.02931840988530906
5.954,-0.07122301303116214
5.9545,-0.06745132360822892
5.955,-0.02209340852920369
5.9555,0.023080842302776402
5.956,0.032413510545100443
5.9565,0.005544181136851414
5.957,-0.03616849564338035
5.9575000000000005,-0.07296978529382805
5.958,-0.08773392550621455
5.9585,-0.06288607810306616
5.9590000000000005,0.0015185463849950371
5.9595,0.0705094757635642
5.96,0.09432185899848228
5.9605,0.052312779899812416
5.961,-0.0299843164737554
5.9615,-0.10819988177470789
5.962,-0.15626712480676686
5.9625,-0.17556488079696425
5.963,-0.17545538291703733
5.9635,-0.1540968249870494
5.964,-0.10456534677847484
5.9645,-0.03915220852346629
5.965,0.004331841515794795
5.9655000000000005,-0.004126154631740396
5.966,-0.04604884594026042
5.9665,-0.06339037796068082
5.9670000000000005,-0.020194692019916496
5.9675,0.053604349727297426
5.968,0.09528357220765912
5.9685,0.08350772638140475
5.969,0.060966074932217375
5.9695,0.07403840372417031
5.97,0.10646765980642216
5.9705,0.09857299939476818
5.971,0.03177311384628238
5.9715,-0.0363396248682357
5.972,-0.0389680193587729
5.9725,0.017774541740794222
5.973,0.0649437750570953
5.9735000000000005,0.05706834748796134
5.974,0.024415431417272513
5.9745,0.03124410826692362
5.9750000000000005,0.0946763683499612
5.9755,0.15810951948067778
5.976,0.14790453895537636
5.9765,0.0522393240811819
5.977,-0.061948659202212
5.9775,-0.11071140545101835
5.978,-0.06771196585064157
5.9785,0.017868538827566303
5.979,0.06546576223563477
5.9795,0.02703365168115547
5.98,-0.07499378584101257
5.9805,-0.16531202184110708
5.981,-0.18131803466906316
5.9815000000000005,-0.1293441873566246
5.982,-0.07225320673374393
5.9825,-0.058738702303954546
5.9830000000000005,-0.07229679236245241
5.9835,-0.058448410620333915
5.984,0.0023778384218620906
5.9845,0.0647574169416957
5.985,0.06869990694715047
5.9855,0.011453937976312382
5.986,-0.043502944899270465
5.9865,-0.030972423833214743
5.987,0.04991865638716277
5.9875,0.13795858568537822
5.988,0.17142790789197773
5.9885,0.14038117778841508
5.989,0.08363069856039687
5.9895000000000005,0.04682823784936834
5.99,0.044568390805216705
5.9905,0.05223296837465609
5.9910000000000005,0.03010375730410641
5.9915,-0.03716378873869757
5.992,-0.11935698382500064
5.9925,-0.16112222707882917
5.993,-0.12735033734596432
5.9935,-0.03176242369076352
5.994,0.07475513216564209
5.9945,0.14147289219487197
5.995,0.14784177518384087
5.9955,0.10644622217398393
5.996,0.043894036661265
5.9965,-0.02056254897138489
5.997,-0.08011292386361984
5.9975000000000005,-0.12799357381214072
5.998,-0.1482209267038366
5.9985,-0.12854681756717873
5.9990000000000006,-0.08154657856652364
5.9995,-0.03719525381961644
6.0,-0.08352556660675078
6.0005,0.33831552474447985
6.001,0.9288182134140233
6.0015,1.2440107097100292
6.002,0.7144573351715088
6.0025,-0.5511351299197977
6.003,-1.6857803652029564
6.0035,-1.9031515120215325
6.0040000000000004,-1.2844474868755857
6.0045,-0.6116104327232665
6.005,-0.47394428894049956
6.0055000000000005,-0.6781979746264248
6.006,-0.5849446116762557
6.0065,0.07712112939285172
6.007000000000001,0.861288419635636
6.0075,1.0836790298867223
6.008,0.5698538061716187
6.0085,-0.14683594032704708
6.009,-0.3431324826785628
6.0095,0.2285437594894139
6.01,1.1376228979780196
6.0105,1.6366665420161581
6.011,1.250376903432821
6.0115,0.16643053009508282
6.0120000000000005,-0.8524734436863879
6.0125,-1.034561313042718
6.013,-0.2596697582305199
6.0135000000000005,0.7768644240726534
6.014,1.1317353967883634
6.0145,0.4249605051274133
6.015000000000001,-0.8701042736563531
6.0155,-1.8850408428606116
6.016,-2.0543098138609985
6.0165,-1.4110113816604817
6.017,-0.3488948589168788
6.0175,0.7524759944038982
6.018,1.6423104194557625
6.0185,2.1068848299632017
6.019,2.004336235653202
6.0195,1.466644233804544
6.0200000000000005,0.9098404172507274
6.0205,0.6748228992278948
6.021,0.6721131122125161
6.0215000000000005,0.4920432460319997
6.022,-0.10174821125497964
6.0225,-0.8444832516450375
6.023,-1.1857854644817316
6.0235,-0.8407548383132681
6.024,-0.10871381147978093
6.0245,0.3739569138079477
6.025,0.20589083234381927
6.0255,-0.4400241947024232
6.026,-1.0231613707612406
6.0265,-1.1453085783081138
6.027,-0.8187375404885854
6.0275,-0.2695984689323265
6.0280000000000005,0.37039008046654454
6.0285,1.0862303058552925
6.029,1.7879492868942422
6.0295000000000005,2.216745348527596
6.03,2.074995396791678
6.0305,1.2749981556297518
6.031,0.08409781764684146
6.0315,-1.012583512181004
6.032,-1.6389461971118329
6.0325,-1.7332372417782633
6.033,-1.4717150984063703
6.0335,-1.0553505483251204
6.034,-0.5912768195392981
6.0345,-0.15324311566948998
6.035,0.10428586333770634
6.0355,-0.00939347527507167
6.0360000000000005,-0.491361740765797
6.0365,-1.0028899943395788
6.037,-1.0893676689637564
6.0375000000000005,-0.6299893322276076
6.038,-0.02126077735043136
6.0385,0.18602837543996742
6.039,-0.16289023349346032
6.0395,-0.6887553490803345
6.04,-0.8517000872100565
6.0405,-0.39357122025413727
6.041,0.5169977888922881
6.0415,1.4147001736888747
6.042,1.7992139823613025
6.0425,1.441663750193559
6.043,0.5509512839567058
6.0435,-0.39721931685744793
6.0440000000000005,-0.9993584069727945
6.0445,-1.0531367265300795
6.045,-0.518941135685098
6.0455000000000005,0.3534855251358348
6.046,0.9146305519642606
6.0465,0.5537108078494333
6.047,-0.5431723765151262
6.0475,-1.336519162263108
6.048,-0.9385173248270166
6.0485,0.3774209049603467
6.049,1.4077869412661697
6.0495,1.301432440780264
6.05,0.4205448741001734
6.0505,-0.1993586159994899
6.051,-0.08986863957113937
6.0515,0.20381341936526037
6.0520000000000005,-0.07765987356378716
6.0525,-0.9270685139484116
6.053,-1.586441198606943
6.0535000000000005,-1.4423130358895506
6.054,-0.6816251030903578
6.0545,-0.011953041565399876
6.055,0.11478139766166127
6.0555,-0.10728411086782418
6.056,-0.1419312257270141
6.0565,0.3234653460800006
6.057,1.132703265486554
6.0575,1.8935471171302123
6.058,2.350206256816668
6.0585,2.4847593837016597
6.059,2.3225035451954104
6.0595,1.7718088724387189
6.0600000000000005,0.7480184282885638
6.0605,-0.5495496137117245
6.061,-1.5812557930921232
6.0615000000000006,-1.8267350178406412
6.062,-1.2846116270481345
6.0625,-0.5561173812713455
6.063,-0.2805351626881157
6.0635,-0.43840226047941633
6.064,-0.3616878998948497
6.0645,0.42659047040516934
6.065,1.4806168715613606
6.0655,1.7509757013166654
6.066,0.6807105682040537
6.0665000000000004,-1.150255977030119
6.067,-2.53346963520663
6.0675,-2.6757903445426314
6.0680000000000005,-1.704286937053177
6.0685,-0.3513558014636955
6.069,0.6395359558503589
6.069500000000001,0.9077915900028928
6.07,0.5960252828605742
6.0705,0.19733764896483605
6.071,0.16347534425766344
6.0715,0.558508559632277
6.072,1.0575066937617204
6.0725,1.2484919997917656
6.073,0.9687239524467436
6.0735,0.41569588777375716
6.074,-0.08344257984929512
6.0745000000000005,-0.4126377137536398
6.075,-0.6875204392428543
6.0755,-0.934968241182591
6.0760000000000005,-0.9264628034464661
6.0765,-0.47905143386816285
6.077,0.13468683393834452
6.077500000000001,0.2856934950583033
6.078,-0.3515864534141331
6.0785,-1.2948619624478572
6.079,-1.5938804207274315
6.0795,-0.7856439178950289
6.08,0.5265128098757846
6.0805,1.1509687761357998
6.081,0.43223374045113166
6.0815,-1.0924854182995076
6.082,-2.1546927522557153
6.0825000000000005,-1.8602890274997772
6.083,-0.39679745420575113
6.0835,1.2216930108791715
6.0840000000000005,2.0248811741437165
6.0845,1.7618874277019325
6.085,0.8919545908176996
6.0855,0.07737645594342167
6.086,-0.296780986059541
6.0865,-0.25467269032766154
6.087,-0.07442979396541552
6.0875,-0.06538013570890759
6.088,-0.3731456068428001
6.0885,-0.8239532538075863
6.089,-0.965340808698229
6.0895,-0.45633287909543646
6.09,0.4823026810485815
6.0905000000000005,1.1541991260859985
6.091,1.082635487768858
6.0915,0.5323126321992249
6.0920000000000005,0.16119814128745372
6.0925,0.22043883674023595
6.093,0.33737781904338127
6.0935,0.11736178132715067
6.094,-0.2821607356850455
6.0945,-0.3460188028614078
6.095,0.13977573101286558
6.0955,0.8202272698099664
6.096,1.169405199562209
6.0965,1.004135344477266
6.097,0.5550418856050622
6.0975,0.15767813769714242
6.098,-0.015504965247834738
6.0985000000000005,0.031358367774305715
6.099,0.22685503983328906
6.0995,0.47899895092757583
6.1000000000000005,0.6574481893553565
6.1005,0.6159273769581561
6.101,0.286576688891346
6.1015,-0.2441741955438724
6.102,-0.7772303209275097
6.1025,-1.1145913254527624
6.103,-1.127793300750812
6.1035,-0.8060595791420706
6.104,-0.3344506557965055
6.1045,-0.021002461778510187
6.105,0.04285458172837714
6.1055,0.18620151300140256
6.106,0.745472823457565
6.1065000000000005,1.387128313468907
6.107,1.1653829756359662
6.1075,-0.4347996078635916
6.1080000000000005,-2.6096250907946903
6.1085,-3.715814968949188
6.109,-2.765709016594145
6.1095,-0.3596800734639343
6.11,1.8589064910190565
6.1105,2.547218843013279
6.111,1.549980346435383
6.1115,-0.18881831659513887
6.112,-1.381315691717887
6.1125,-1.2780935571850651
6.113,-0.17570424220136258
6.1135,0.8386953618958767
6.114,0.8365939027925341
6.1145000000000005,-0.07088379611708966
6.115,-0.8061035925632705
6.1155,-0.36045644118470727
6.1160000000000005,1.2028111766475629
6.1165,2.7213280573946714
6.117,2.8547102893060945
6.1175,1.1612682642463124
6.118,-1.4824013035403079
6.1185,-3.4597196761914506
6.119,-3.627822066875519
6.1195,-2.1991715223531987
6.12,-0.47016744851091213
6.1205,0.37455463863873584
6.121,0.21330036395876276
6.1215,-0.18314955016755094
6.122,-0.09867399432731686
6.1225000000000005,0.4750902139548629
6.123,1.0319204487534313
6.1235,1.1579600528874314
6.1240000000000006,0.8586257086946909
6.1245,0.45079773354672675
6.125,0.28471384376570974
6.1255,0.4750685377934879
6.126,0.7635897700128536
6.1265,0.727668569181248
6.127,0.2793923609060375
6.1275,-0.08058627853638595
6.128,0.31474778988022994
6.1285,1.5286195395409805
6.1290000000000004,2.745287938463646
6.1295,2.8896648904395352
6.13,1.5811330075972925
6.1305000000000005,-0.5042504958675897
6.131,-2.1830947231233195
6.1315,-2.6840853035530015
6.132000000000001,-2.1174188450433467
6.1325,-1.1670066110705222
6.133,-0.4355666632853332
6.1335,-0.12033704542339099
6.134,-0.17499199233080237
6.1345,-0.5082925519301964
6.135,-0.9139455968563523
6.1355,-1.0291320037975578
6.136,-0.6294929774998184
6.1365,0.06251412650976819
6.1370000000000005,0.5451459356498727
6.1375,0.5263153606489923
6.138,0.14577480203789464
6.1385000000000005,-0.2532562478783233
6.139,-0.45045053265414536
6.1395,-0.4499714970972929
6.140000000000001,-0.3521038545596455
6.1405,-0.17723486645629025
6.141,0.1379729087425828
6.1415,0.5369043749592171
6.142,0.7271383033161085
6.1425,0.4131575606768239
6.143,-0.3427352543858407
6.1435,-1.075619121614123
6.144,-1.2539307111927753
6.1445,-0.6532176378626072
6.1450000000000005,0.5039071225691307
6.1455,1.6525921989621457
6.146,2.1855997532596043
6.1465000000000005,1.8424195832122565
6.147,0.8957867358917132
6.1475,-0.0688386559690593
6.148,-0.5681285153728952
6.1485,-0.4646771678064612
6.149,0.05535458740636523
6.1495,0.6558766418267252
6.15,1.0547766495922668
6.1505,1.123077026351453
6.151,0.8367093856764923
6.1515,0.2612017015198949
6.152,-0.35385711342771586
6.1525,-0.6488064756297579
6.1530000000000005,-0.5099953578749012
6.1535,-0.2526967088278285
6.154,-0.25689471952089726
6.1545000000000005,-0.46031539398982585
6.155,-0.4060934226475593
6.1555,0.14598152667129802
6.156,0.7817748221075091
6.1565,0.737535500319494
6.157,-0.31874380377124
6.1575,-1.8179383837127399
6.158,-2.6589768655590396
6.1585,-2.165969508637463
6.159,-0.7424694753411644
6.1595,0.460870936800199
6.16,0.5628780467404754
6.1605,-0.3227657288492932
6.1610000000000005,-1.2714439725045188
6.1615,-1.3981655026084872
6.162,-0.6052117492174346
6.1625000000000005,0.40406722040768067
6.163,0.8078573364289288
6.1635,0.3833512315710124
6.164,-0.36617663503895964
6.1645,-0.6947642597799643
6.165,-0.2189276547108643
6.1655,0.8352408514771711
6.166,1.842319284314177
6.1665,2.211451243993557
6.167,1.7463980089450366
6.1675,0.7334480172487847
6.168,-0.27382050026267807
6.1685,-0.794685574571614
6.1690000000000005,-0.6450406332782905
6.1695,0.029264557034880956
6.17,0.8435316019665812
6.1705000000000005,1.3563052613374884
6.171,1.316506589696778
6.1715,0.8386150001487328
6.172,0.32178096257196925
6.1725,0.09249732632300016
6.173,0.06611788296210491
6.1735,-0.14257731699311085
6.174,-0.6686067725458622
6.1745,-1.0794589893034712
6.175,-0.82326018115764
6.1755,0.04404616519659729
6.176,0.8267689361789413
6.1765,0.9632029756576717
6.1770000000000005,0.6443329791504265
6.1775,0.5010507410561202
6.178,0.7622692343529327
6.1785000000000005,0.9379797893302969
6.179,0.4189483929970541
6.1795,-0.7427366439365901
6.18,-1.8159333051335074
6.1805,-2.142686087252995
6.181,-1.7680033811753824
6.1815,-1.2592129434797037
6.182,-1.0005471851313943
6.1825,-0.811152308322076
6.183,-0.29381107940456025
6.1835,0.5531420435760355
6.184,1.215758307576622
6.1845,1.1922791661887753
6.1850000000000005,0.5574802461386399
6.1855,-0.10837327298263612
6.186,-0.3528918892169245
6.1865000000000006,-0.27317802155169707
6.187,-0.22045843407399296
6.1875,-0.2410821927979186
6.188,-0.04866184593570382
6.1885,0.45237234016256755
6.189,0.8643915421910635
6.1895,0.6918188262381785
6.19,-0.03302450251713479
6.1905,-0.6807109936750619
6.191,-0.6392030864225918
6.1915000000000004,0.037010718702339684
6.192,0.6184232714072426
6.1925,0.35543026025522445
6.1930000000000005,-0.8027922188151259
6.1935,-2.076827471050006
6.194,-2.452508268827347
6.194500000000001,-1.5156210328174218
6.195,0.17133977664699895
6.1955,1.478385038301932
6.196,1.5958445517521889
6.1965,0.6586155847262053
6.197,-0.4674530854706762
6.1975,-1.011545816384978
6.198,-0.855639868903041
6.1985,-0.3252550692733258
6.199,0.31495168865270995
6.1995000000000005,0.983506985031489
6.2,1.5702062553714473
6.2005,1.8787273877246944
6.2010000000000005,1.8070734772781551
6.2015,1.4292932640107847
6.202,0.8762642108590442
6.202500000000001,0.26850249400236825
6.203,-0.21298788819465997
6.2035,-0.35693957446529584
6.204,-0.14402272333786453
6.2045,0.16037813599925782
6.205,0.2992565151107874
6.2055,0.34962997633149845
6.206,0.5380021123968128
6.2065,0.7598460108094173
6.207,0.5932666559494049
6.2075000000000005,-0.10253599725998763
6.208,-0.8734294084725612
6.2085,-1.1449941042931382
6.2090000000000005,-0.8516206834893588
6.2095,-0.42728564572367533
6.21,-0.2765247955011616
6.2105,-0.39340857909057514
6.211,-0.43620768473590216
6.2115,-0.07304872858040953
6.212,0.6872663241242685
6.2125,1.402078243340721
6.213,1.4685254792268738
6.2135,0.6265440226531712
6.214,-0.7359921754113788
6.2145,-1.8031905328933187
6.215,-1.9167262155553895
6.2155000000000005,-1.0442960920229036
6.216,0.19138993511930683
6.2165,0.9224669643072995
6.2170000000000005,0.6770225028146356
6.2175,-0.18377585038315672
6.218,-0.7342787258035249
6.2185,-0.37928016375440554
6.219,0.49964419818038885
6.2195,0.9031347338653526
6.22,0.2634145585143468
6.2205,-0.9241560308468705
6.221,-1.5998978426824702
6.2215,-1.2608677060956743
6.222,-0.45164884827267915
6.2225,-0.07150250861820119
6.223,-0.36138507308275436
6.2235000000000005,-0.7667499528868261
6.224,-0.6956159215725681
6.2245,-0.144195198522781
6.2250000000000005,0.4454362944809164
6.2255,0.6871164851332621
6.226,0.46823767819276385
6.2265,-0.13725393988563514
6.227,-0.9082372956537135
6.2275,-1.448203128323047
6.228,-1.3485848810906447
6.2285,-0.5096034143127579
6.229,0.7182596730384871
6.2295,1.7470157632877656
6.23,2.1648511170627396
6.2305,2.013781528700467
6.231,1.656989592534055
6.2315000000000005,1.3543155842943437
6.232,1.0367649271914146
6.2325,0.5483675240898175
6.2330000000000005,0.001194939914167361
6.2335,-0.2835669910413094
6.234,-0.20978267356439959
6.2345,-0.10145877968254291
6.235,-0.3008335425101772
6.2355,-0.659595203066327
6.236,-0.6548113505698759
6.2365,-0.04261470171157612
6.237,0.7849153372784994
6.2375,1.19538092053394
6.238,0.9858098301840831
6.2385,0.5672362182927827
6.239,0.4940198807827583
6.2395000000000005,0.8728555809628353
6.24,1.27321835425977
6.2405,1.1833111575767261
6.2410000000000005,0.4804247045111934
6.2415,-0.5333799619721178
6.242,-1.433400752213016
6.2425,-1.932863070872068
6.243,-1.9354476804309853
6.2435,-1.5086540989001176
6.244,-0.9048562887169629
6.2445,-0.5247647145866963
6.245,-0.6524075460146138
6.2455,-1.1117892722663716
6.246,-1.2899671789643337
6.2465,-0.678491780561256
6.247,0.5455429247964768
6.2475000000000005,1.537619851127072
6.248,1.4854309255963045
6.2485,0.3618157145285245
6.2490000000000006,-1.0296810110291932
6.2495,-1.7934249905502229
6.25,-1.6863352694951914
6.2505,-1.1006835664422108
6.251,-0.45467334125863984
6.2515,0.19293724545258292
6.252,0.9425636642707929
6.2525,1.694631292968725
6.253,2.11250668946878
6.2535,1.8795632084138416
6.2540000000000004,0.9706281762293645
6.2545,-0.23215787234742724
6.255,-1.0927944060300858
6.2555000000000005,-1.16246555190817
6.256,-0.5605294098221058
6.2565,0.1593886216125234
6.257000000000001,0.5515044278057439
6.2575,0.6297609431210675
6.258,0.7116270092096038
6.2585,1.0060729981949965
6.259,1.3645394833419828
6.2595,1.4154377756881324
6.26,0.9774559033080799
6.2605,0.3127784465964102
6.261,-0.1585369158531142
6.2615,-0.399848225308691
6.2620000000000005,-0.8050175476533187
6.2625,-1.5696694142483925
6.263,-2.1929177673681255
6.2635000000000005,-1.9097747207596063
6.264,-0.6691806295782663
6.2645,0.5767456096951139
6.265000000000001,0.7661962609368361
6.2655,-0.17948500889032798
6.266,-1.33604459163242
6.2665,-1.800683354692031
6.267,-1.5063223304516613
6.2675,-0.9602457701642276
6.268,-0.44081605703859184
6.2685,0.26543933571261746
6.269,1.3658690655118741
6.2695,2.5602940696644536
6.2700000000000005,3.2041388711254806
6.2705,2.93635659970171
6.271,2.0155530249802487
6.2715000000000005,0.9787506778585799
6.272,0.08055394494545465
6.2725,-0.7637167526468446
6.273,-1.4978145196648869
6.2735,-1.6458378982349993
6.274,-0.7732663740982428
6.2745,0.7739236113246614
6.275,1.855137470353207
6.2755,1.5126717811088868
6.276,-0.04412765733896866
6.2765,-1.5929504536537362
6.277,-2.064133039997375
6.2775,-1.4619358052629268
6.2780000000000005,-0.6610202216550383
6.2785,-0.4469419019598873
6.279,-0.8183531973118616
6.2795000000000005,-1.148159484122727
6.28,-0.9094385358296224
6.2805,-0.15779828723682834
6.281,0.6835082334762924
6.2815,1.3467148647948501
6.282,1.8539929374195074
6.2825,2.1835354335282133
6.283,2.0611346655746208
6.2835,1.2513803171224596
6.284,-0.037747157911799986
6.2845,-1.1904261090198907
6.285,-1.6112270860399756
6.2855,-1.11204667926271
6.2860000000000005,-0.065086589149788
6.2865,0.7114526197390008
6.287,0.47340550357648326
6.2875000000000005,-0.7508052616805678
6.288,-2.077088942311052
6.2885,-2.586284071018912
6.289,-2.1273746004759846
6.2895,-1.1881726289026835
6.29,-0.22765753539192057
6.2905,0.5842591852614342
6.291,1.1486989263955876
6.2915,1.3470175477951336
6.292,1.2341602721644995
6.2925,1.1025512891305316
6.293,1.2103814366714465
6.2935,1.5007992435378625
6.2940000000000005,1.6902877881920337
6.2945,1.6276247467357716
6.295,1.460244198896181
6.2955000000000005,1.3864967189966604
6.296,1.3240164471033813
6.2965,0.9566121333621206
6.297,0.14268896669932166
6.2975,-0.822451560311047
6.298,-1.4653067669480353
6.2985,-1.6435044624904476
6.299,-1.6781259412701914
6.2995,-1.923523742474895
6.3,-2.2836949984053163
6.3005,-2.2457982717141514
6.301,-1.4083318690042874
6.3015,0.04216354772045461
6.3020000000000005,1.3857557460037102
6.3025,1.9041769008197857
6.303,1.4010267207876268
6.3035000000000005,0.27710465531639844
6.304,-0.821103220426146
6.3045,-1.4253196394813223
6.305,-1.4406107490161548
6.3055,-1.0630998296208891
6.306,-0.5515223745574266
6.3065,-0.05412903267428861
6.307,0.36978753623666416
6.3075,0.6171798172102098
6.308,0.5294814976113884
6.3085,0.07437176517053751
6.309,-0.489548725452486
6.3095,-0.7235730632649429
6.3100000000000005,-0.39052273020017925
6.3105,0.238371253691523
6.311,0.5583320044790212
6.3115000000000006,0.24456795712335228
6.312,-0.3340497516563598
6.3125,-0.44314873334268456
6.313,0.2627639418563186
6.3135,1.3974103148200712
6.314,2.238907730313298
6.3145,2.3695083263558727
6.315,1.9122079270911403
6.3155,1.2320856428095712
6.316,0.5034477568563869
6.3165000000000004,-0.3567579592562432
6.317,-1.3279842766316283
6.3175,-2.030011621871508
6.3180000000000005,-2.0172023720289385
6.3185,-1.270469705146245
6.319,-0.23782047635934037
6.319500000000001,0.5684287917489292
6.32,0.9129143545287968
6.3205,0.8841069391540178
6.321,0.7651613047049942
6.3215,0.8429165991527904
6.322,1.2070322859630573
6.3225,1.6445182504110367
6.323,1.7528765418119223
6.3235,1.2460013569685289
6.324,0.20826489756316788
6.3245000000000005,-0.9489348117707641
6.325,-1.7781646748291167
6.3255,-2.041012369585447
6.3260000000000005,-1.7290822983956884
6.3265,-0.971962286266598
6.327,-0.02261186490085101
6.327500000000001,0.7008504514957309
6.328,0.7446903851303487
6.3285,-0.005158253597686098
6.329,-1.0457988844675707
6.3295,-1.5106592627451185
6.33,-0.8707687189369779
6.3305,0.5490509738652447
6.331,1.7697999741874186
6.3315,1.9300420682652557
6.332,0.9394957739475714
6.3325000000000005,-0.5393777396203384
6.333,-1.6573691383542764
6.3335,-1.909771742343994
6.3340000000000005,-1.2902970475053341
6.3345,-0.16905702457198818
6.335,0.9419666867999065
6.335500000000001,1.6310892449475625
6.336,1.6726193530456324
6.3365,0.9817977269663737
6.337,-0.2848888866180717
6.3375,-1.5545534672402852
6.338,-2.0775769244754656
6.3385,-1.5661404677742772
6.339,-0.47423037828203957
6.3395,0.4689609483566513
6.34,0.894397930912245
6.3405000000000005,0.9196785443182063
6.341,0.8023164271611791
6.3415,0.5961005745425315
6.3420000000000005,0.1462317071480626
6.3425,-0.5982607034100347
6.343,-1.3009371609904814
6.3435,-1.3783589276839159
6.344,-0.5431176936024594
6.3445,0.786000839882086
6.345,1.6955780051025042
6.3455,1.4739563700105272
6.346,0.16434589105557115
6.3465,-1.485583431220724
6.347,-2.5535955388752627
6.3475,-2.469970449284437
6.348,-1.2318257862043154
6.3485000000000005,0.6559777009721575
6.349,2.399575643230223
6.3495,3.2637651191295207
6.3500000000000005,2.943198022337735
6.3505,1.729488035102803
6.351,0.32033691072929865
6.3515,-0.6434607745051042
6.352,-0.9856373133455795
6.3525,-0.9928784458389451
6.353,-0.998553534938154
6.3535,-0.9923782831672284
6.354,-0.6834087394910723
6.3545,0.07928599884519055
6.355,1.017499643161099
6.3555,1.5601131139417292
6.356,1.259778916163481
6.3565000000000005,0.17564559989082382
6.357,-1.0443755322248247
6.3575,-1.5426169305365034
6.3580000000000005,-0.9231685805658202
6.3585,0.3559740290760037
6.359,1.308934009850487
6.3595,1.214003903009876
6.36,0.1660776049363558
6.3605,-1.054873150707223
6.361,-1.6290677772824824
6.3615,-1.293728893748867
6.362,-0.42670463462329494
6.3625,0.3791910435908672
6.363,0.8190455070192666
6.3635,1.0156014518216128
6.364,1.2412846513075282
6.3645000000000005,1.5528839684897222
6.365,1.706952790465412
6.3655,1.4149161600126174
6.3660000000000005,0.6676939814581822
6.3665,-0.16304500339861386
6.367,-0.5326873037561508
6.3675,-0.1436770411075986
6.368,0.7069024280676227
6.3685,1.2519962672315597
6.369,0.8904013575384636
6.3695,-0.2612435887288703
6.37,-1.4914939163633183
6.3705,-2.1215372927132026
6.371,-1.9773882884618466
6.3715,-1.3857950347737016
6.372,-0.8692475954094925
6.3725000000000005,-0.7772556954723735
6.373,-1.0355678826111951
6.3735,-1.2464586884650475
6.3740000000000006,-1.1269263809923158
6.3745,-0.8030836346708192
6.375,-0.5768822991609085
6.3755,-0.4906083289266624
6.376,-0.30551332189123404
6.3765,0.10457161420206185
6.377,0.5535540156908096
6.3775,0.8153691800582792
6.378,0.9150433424351113
6.3785,1.0093198739737215
6.3790000000000004,1.087215339328405
6.3795,0.9410301841752665
6.38,0.4360121975734952
6.3805000000000005,-0.2500435939571434
6.381,-0.6967729582414605
6.3815,-0.5987126221594168
6.382000000000001,-0.06445336551178338
6.3825,0.4834062595167451
6.383,0.717502868456046
6.3835,0.6859261556021709
6.384,0.6875353049342328
6.3845,0.8998684444536912
6.385,1.142927686740456
6.3855,1.0265976374577412
6.386,0.38893371505764324
6.3865,-0.3985785894232456
6.3870000000000005,-0.6899828442533457
6.3875,-0.24355915860394273
6.388,0.46665999079958176
6.3885000000000005,0.7766555240669366
6.389,0.5611267759460016
6.3895,0.2244549895794507
6.390000000000001,0.06111202910273709
6.3905,-0.0807207343036577
6.391,-0.4638692844694359
6.3915,-1.0136721795050816
6.392,-1.3255235387750148
6.3925,-1.0807240591277967
6.393,-0.420199043312437
6.3935,0.12219163287160417
6.394,0.13137214084567386
6.3945,-0.22174859115652648
6.3950000000000005,-0.33517731720809885
6.3955,0.11149659567708034
6.396,0.7115076737890029
6.3965000000000005,0.780522849471992
6.397,0.2233525639901847
6.3975,-0.2689641383570603
6.398000000000001,-0.002201805025327774
6.3985,0.8720352002913249
6.399,1.4629650146250033
6.3995,1.072204394045084
6.4,-0.12712188675498004
6.4005,-1.3459916530843814
6.401,-1.949388568519075
6.4015,-1.8956513679829903
6.402,-1.5497107295982735
6.4025,-1.2379790478628214
6.4030000000000005,-1.0032106771099143
6.4035,-0.6779967373741023
6.404,-0.11165239619217295
6.4045000000000005,0.6484339157666877
6.405,1.3394168047261328
6.4055,1.6543755114236602
6.406,1.4961723200821397
6.4065,1.0995218446089225
6.407,0.8647897712229826
6.4075,1.0033269610113196
6.408,1.3456657002418722
6.4085,1.5486474440739983
6.409,1.4500062614030929
6.4095,1.114957251902791
6.41,0.5957159725964176
6.4105,-0.14160187761187085
6.4110000000000005,-1.0158910027496593
6.4115,-1.765681316964945
6.412,-2.1853814763403134
6.4125000000000005,-2.279513838173701
6.413,-2.102086397210026
6.4135,-1.5992930092714863
6.414,-0.7420990394145673
6.4145,0.2623766142973289
6.415,1.015826375834222
6.4155,1.2055706695320871
6.416,0.8158518575450682
6.4165,0.0929913514479831
6.417,-0.6394932476988712
6.4175,-1.1235303307066287
6.418,-1.207610651106339
6.4185,-0.864563109921848
6.4190000000000005,-0.23704552009644128
6.4195,0.36544371340038617
6.42,0.6349748904169127
6.4205000000000005,0.5420970296112564
6.421,0.42286432025509485
6.4215,0.6668689118241772
6.422,1.281531064938792
6.4225,1.8701686224737342
6.423,2.0845913178806885
6.4235,1.9533660870226168
6.424,1.6641744276020065
6.4245,1.205181488864609
6.425,0.45577681196426284
6.4255,-0.4328941180876365
6.426,-0.9974673152147218
6.4265,-0.8942571544539667
6.4270000000000005,-0.3018602927341931
6.4275,0.1514164433515934
6.428,-0.10257044024591411
6.4285000000000005,-1.037722494989196
6.429,-1.968673488154319
6.4295,-2.110195980979081
6.43,-1.2881725777799833
6.4305,-0.08744492467298219
6.431,0.6998283964259294
6.4315,0.7038692190785147
6.432,0.09652110775701926
6.4325,-0.69048819475644
6.433,-1.2145963024110673
6.4335,-1.1610287768336112
6.434,-0.5277534836548085
6.4345,0.2763216754456607
6.4350000000000005,0.7092903276235264
6.4355,0.6025800380005384
6.436,0.3226517543008892
6.4365000000000006,0.34267330120819117
6.437,0.7249396500099019
6.4375,1.127246919951837
6.438,1.2334326312747315
6.4385,1.0244689898083164
6.439,0.6778036701871323
6.4395,0.37374384784067016
6.44,0.211025791836762
6.4405,0.17862498440159533
6.441,0.1659995042367341
6.4415000000000004,0.06949407998066746
6.442,-0.08855673966465252
6.4425,-0.19635796454342375
6.4430000000000005,-0.2251271493392002
6.4435,-0.31577217559910076
6.444,-0.6411436831978042
6.444500000000001,-1.1887353888553756
6.445,-1.7296302041946252
6.4455,-2.007246385619682
6.446,-1.911099774149323
6.4465,-1.4880298928267433
6.447,-0.8766964340291407
6.4475,-0.24634665698931874
6.448,0.25655188046976535
6.4485,0.5158278251702565
6.449,0.4418813210384097
6.4495000000000005,0.07582342209228551
6.45,-0.2862226845502314
6.4505,-0.20743026992638766
6.4510000000000005,0.5394722304108278
6.4515,1.7157766870083375
6.452,2.7059833856876923
6.452500000000001,2.88829516129243
6.453,2.0493900040837247
6.4535,0.6011811933105463
6.454,-0.5981356041179801
6.4545,-0.8124967655461859
6.455,-0.003247595095637176
6.4555,1.1069745723193916
6.456,1.5930427888154102
6.4565,1.0396627102616487
6.457,-0.1863469903468554
6.4575000000000005,-1.2773769320924657
6.458,-1.6329009150295466
6.4585,-1.3114370616904873
6.4590000000000005,-0.8950753045230301
6.4595,-0.8508675876714389
6.46,-1.0450190124314958
6.460500000000001,-0.9503109805349138
6.461,-0.26026605272659836
6.4615,0.7972778355476418
6.462,1.6817282202477957
6.4625,1.9659549553233586
6.463,1.5754603579259487
6.4635,0.703520905800451
6.464,-0.40098167744942703
6.4645,-1.4412273275298706
6.465,-1.9311934370534933
6.4655000000000005,-1.3869313524224518
6.466,0.09250320625358915
6.4665,1.6075177013402682
6.4670000000000005,2.13023677374073
6.4675,1.42942664565225
6.468,0.2070268229882808
6.4685,-0.6412280828208963
6.469,-0.7662294771283059
6.4695,-0.42809274445749657
6.47,-0.06953907176770269
6.4705,0.036026779280767966
6.471,-0.12534630960203083
6.4715,-0.3186037972668535
6.472,-0.17660888785575013
6.4725,0.45819535293159935
6.473,1.2245312796878427
6.4735000000000005,1.4142750339866215
6.474,0.568942980457039
6.4745,-1.0726513410788814
6.4750000000000005,-2.6743036568762877
6.4755,-3.328069425872415
6.476,-2.642784863667517
6.4765,-1.0621886173276323
6.477,0.36655338815637617
6.4775,0.7733676834642625
6.478,0.18347118997421152
6.4785,-0.6056519981374899
6.479,-0.8843217608523233
6.4795,-0.6064611026259722
6.48,-0.09792979748399586
6.4805,0.47630258299320855
6.481,1.07454110551344
6.4815000000000005,1.398009507442209
6.482,1.0024282539238452
6.4825,-0.05458806147903444
6.4830000000000005,-0.9828104467762283
6.4835,-0.9806799838840029
6.484,-0.09930184795971808
6.4845,0.8466088223266613
6.485,1.2105480600421008
6.4855,1.1666664854122077
6.486,1.3561590275879238
6.4865,1.979248330458597
6.487,2.4259914908270805
6.4875,1.936755780733046
6.488,0.5336171589353329
6.4885,-0.8960775265786916
6.489,-1.4434940816954105
6.4895000000000005,-0.9786963113849517
6.49,-0.12168019191815493
6.4905,0.44293495921666604
6.4910000000000005,0.5351911671065025
6.4915,0.4258693206972897
6.492,0.39401996741740725
6.4925,0.4690561498581543
6.493,0.5310659042049723
6.4935,0.46916828716603215
6.494,0.19020836637962088
6.4945,-0.3580107390696516
6.495,-1.0224715087742848
6.4955,-1.4082980716584146
6.496,-1.2092236642538459
6.4965,-0.5897160535351069
6.497,-0.11494318906310377
6.4975000000000005,-0.23727990914809413
6.498,-0.8435401326463131
6.4985,-1.3029672512117596
6.4990000000000006,-0.997704314305692
6.4995,0.11510676749602186
6.5,1.4049604734605743
6.5005,2.026441300258648
6.501,1.5473498393440448
6.5015,0.23284632429259852
6.502,-1.2056047884535412
6.5025,-2.1061031144246067
6.503,-2.1588185722364237
6.5035,-1.4175980694221364
6.5040000000000004,-0.22567296879712942
6.5045,0.8780696565334761
6.505,1.386973533427176
6.5055000000000005,1.1474567284448793
6.506,0.5111651837164464
6.5065,0.10118025930251673
6.507000000000001,0.2860756399940223
6.5075,0.812578934900549
6.508,1.0281249562515382
6.5085,0.5508048418200456
6.509,-0.3151283348079579
6.5095,-0.9180087521789138
6.51,-0.9851146499212539
6.5105,-0.8554644891213665
6.511,-0.947662162195944
6.5115,-1.2132299382157288
6.5120000000000005,-1.289673896008957
6.5125,-1.0089749176991383
6.513,-0.48717994140497506
6.5135000000000005,0.17619051801684565
6.514,0.9470240462817346
6.5145,1.587494281523151
6.515000000000001,1.6830157719014844
6.5155,1.1213023736633692
6.516,0.3379417217387559
6.5165,-0.11054384209083054
6.517,-0.0900392376934862
6.5175,0.15256778561580905
6.518,0.42256941948965804
6.5185,0.7293690387164241
6.519,1.0563396408459595
6.5195,1.2086645225929395
6.5200000000000005,0.9528997552700467
6.5205,0.23199224645439542
6.521,-0.743946389304314
6.5215000000000005,-1.560157387319071
6.522,-1.7955437033912125
6.5225,-1.271155035726557
6.523000000000001,-0.1954811260719526
6.5235,0.8861118006605706
6.524,1.342375072325364
6.5245,0.8424187161719647
6.525,-0.3347681544242145
6.5255,-1.372886143284856
6.526,-1.4567673441673892
6.5265,-0.4076526031149639
6.527,1.1581827310519741
6.5275,2.3212220646582633
6.5280000000000005,2.5248353953713254
6.5285,1.8245750218823653
6.529,0.6605301224047181
6.5295000000000005,-0.47442354407970594
6.53,-1.2115168115191848
6.5305,-1.3661979912764923
6.531,-0.9906427897893849
6.5315,-0.4111769842636189
6.532,-0.12478762951682824
6.5325,-0.4734807757675388
6.533,-1.2915611194108052
6.5335,-1.9207511404258921
6.534,-1.7239269474219838
6.5345,-0.7019198785643689
6.535,0.39224437177702987
6.5355,0.6738886635140894
6.5360000000000005,-0.009164699696624815
6.5365,-0.8565062024013682
6.537,-0.8624782302108647
6.5375000000000005,0.21946496861921216
6.538,1.6974180923889162
6.5385,2.632832319678823
6.539,2.6021177711866113
6.5395,1.8535622836751262
6.54,0.9327929557000469
6.5405,0.2746079346466673
6.541,0.050475269122884504
6.5415,0.182566520222043
6.542,0.3821594725866811
6.5425,0.2650012409116196
6.543,-0.3745210307507597
6.5435,-1.2990248211453364
6.5440000000000005,-1.9073317935119556
6.5445,-1.7147453724193165
6.545,-0.8093294899879183
6.5455000000000005,0.20090142752814635
6.546,0.7169847938360638
6.5465,0.6126956483500607
6.547,0.19246338105213656
6.5475,-0.20204629281481204
6.548,-0.4338098415713085
6.5485,-0.4849101474666718
6.549,-0.32444692569963873
6.5495,0.06047362141429086
6.55,0.5747126377144502
6.5505,0.98693692359359
6.551,0.9658630336819228
6.5515,0.22091284486994292
6.5520000000000005,-1.216078518968352
6.5525,-2.7521752831331763
6.553,-3.393966498075443
6.5535000000000005,-2.424742396742731
6.554,-0.1320939234258137
6.5545,2.1888505080150438
6.555,3.1942854638498943
6.5555,2.6154256414099213
6.556,1.4025390353255878
6.5565,0.7081598514585606
6.557,0.7998195406059315
6.5575,1.0207023263141501
6.558,0.672769134012857
6.5585,-0.23562691763316615
6.559,-1.054761462642829
6.5595,-1.1396510072075532
6.5600000000000005,-0.46289316738856234
6.5605,0.3055184173104334
6.561,0.38898007211248087
6.5615000000000006,-0.33515389607315893
6.562,-1.2250599095427839
6.5625,-1.5369560436013516
6.563,-1.0591040805694973
6.5635,-0.09815474923816256
6.564,0.8853917172998752
6.5645,1.4734999688278048
6.565,1.3625510022991831
6.5655,0.5654709489046672
6.566,-0.4444689356472234
6.5665000000000004,-1.0338783313693523
6.567,-1.0021323856758595
6.5675,-0.7814493029922791
6.5680000000000005,-0.9104210734865497
6.5685,-1.3610264351146721
6.569,-1.5452747419667816
6.569500000000001,-0.9990008740909005
6.57,0.08205750995599867
6.5705,1.0444098463521951
6.571,1.4079246194575203
6.5715,1.2064375834385634
6.572,0.7792678531774895
6.5725,0.38792821219680373
6.573,0.09447988996436359
6.5735,-0.08674586918690218
6.574,-0.06492501822750418
6.5745000000000005,0.22469985699365455
6.575,0.6219828288637775
6.5755,0.7641806938968206
6.5760000000000005,0.4274411766363562
6.5765,-0.15691110759201682
6.577,-0.442115565039996
6.577500000000001,-0.10284919801907924
6.578,0.6083953590826038
6.5785,1.1274760546351712
6.579,1.17691838403362
6.5795,0.970663024810274
6.58,0.8170899634800664
6.5805,0.7049583182966139
6.581,0.39101329784780103
6.5815,-0.21366631445854814
6.582,-0.8509257136529276
6.5825000000000005,-1.0812833823763792
6.583,-0.647176542655825
6.5835,0.23346680656656676
6.5840000000000005,0.9272405535996119
6.5845,0.8790850202936603
6.585,0.13859317169000296
6.585500000000001,-0.6794584341154092
6.586,-1.0124997754437255
6.5865,-0.8191159784223419
6.587,-0.37943253395295207
6.5875,0.14283260260843522
6.588,0.682501472300564
6.5885,0.9607162282954217
6.589,0.5971638226506831
6.5895,-0.3479983420562985
6.59,-1.2179256466854371
6.5905000000000005,-1.370503945939336
6.591,-0.8748252272462377
6.5915,-0.42240134757222003
6.5920000000000005,-0.515617313514564
6.5925,-0.8943382678734171
6.593,-0.905357350107518
6.5935,-0.35250747144874633
6.594,0.2401862136784985
6.5945,0.24773829854771798
6.595,-0.35095805416121095
6.5955,-0.9846563183008452
6.596,-1.1197143238324132
6.5965,-0.7845787089234862
6.597,-0.446358183899913
6.5975,-0.38774018723199416
6.598,-0.32237530004077486
6.5985000000000005,0.22257843842561006
6.599,1.2149718579854873
6.5995,2.063610829748818
6.6000000000000005,2.2932723887672446
6.6005,2.034874101121829
6.601,1.7320709196493425
6.6015,1.54376816040423
6.602,1.2333908096295527
6.6025,0.6125298269527881
6.603,-0.1025176500827418
6.6035,-0.47596128194787746
6.604,-0.29800161820407106
6.6045,0.23531222904408622
6.605,0.6968214408619315
6.6055,0.7133987457688692
6.606,0.1995443570407367
6.6065000000000005,-0.5615756626983489
6.607,-1.1189044093654654
6.6075,-1.227395091972099
6.6080000000000005,-1.0036895689640248
6.6085,-0.7146356523250782
6.609,-0.5330645002517191
6.6095,-0.5436760918775265
6.61,-0.8335713027971896
6.6105,-1.4025863365868327
6.611,-1.959141830899734
6.6115,-1.9303180178408028
6.612,-0.8883091403340613
6.6125,0.8783577067336049
6.613,2.304097759468199
6.6135,2.325798111970573
6.614,0.8842253764964261
6.6145000000000005,-0.917591133371462
6.615,-1.748236210710669
6.6155,-1.1600393678875585
6.6160000000000005,0.13262948215348216
6.6165,0.9327680061376219
6.617,0.5648242155962069
6.6175,-0.5846852697551586
6.618,-1.4389372901385447
6.6185,-1.2067176261792905
6.619,-0.046360630106008674
6.6195,1.168736515926678
6.62,1.6273600223220948
6.6205,1.137754034592708
6.621,0.1346225195152603
6.6215,-0.6795532793841033
6.622,-0.7804590340688078
6.6225000000000005,-0.14368219710835126
6.623,0.7564447509585381
6.6235,1.3213027677593712
6.6240000000000006,1.3194565560295606
6.6245,1.0695708455134592
6.625,1.0883953444081844
6.6255,1.5108125327982154
6.626,1.9441345218544548
6.6265,1.95711853992886
6.627,1.5670648246358474
6.6275,1.1155699140312187
6.628,0.8118984657469054
6.6285,0.6083296655673485
6.6290000000000004,0.44526692020036795
6.6295,0.33587086981545317
6.63,0.13927002812024106
6.6305000000000005,-0.46851602955740224
6.631,-1.5531511237484004
6.6315,-2.5900495363661062
6.632000000000001,-2.861149879254919
6.6325,-2.210958179694392
6.633,-1.2345338011692697
6.6335,-0.6725401680484754
6.634,-0.7410732370798635
6.6345,-1.0894612823049916
6.635,-1.2616976060779537
6.6355,-1.057921116097431
6.636,-0.5293640945224737
6.6365,0.1421728533616689
6.6370000000000005,0.6679071472078397
6.6375,0.7418185519172337
6.638,0.31470191254471774
6.6385000000000005,-0.2637075397241311
6.639,-0.5339160371458206
6.6395,-0.3442420188628077
6.640000000000001,0.11930876984395054
6.6405,0.6238715062823127
6.641,1.0213137652244537
6.6415,1.1482309135240532
6.642,0.844031723571006
6.6425,0.14048352795300514
6.643,-0.708195098391919
6.6435,-1.4430294902082819
6.644,-1.9476738260542652
6.6445,-2.133156348483924
6.6450000000000005,-1.8033319388362776
6.6455,-0.8093994830855218
6.646,0.6243377697836419
6.6465000000000005,1.8463534931779844
6.647,2.184829316182539
6.6475,1.495011453444992
6.648000000000001,0.35758120452858894
6.6485,-0.3095602859924803
6.649,-0.007787446795743189
6.6495,0.8681760983204665
6.65,1.3994667401556025
6.6505,1.0763357488182426
6.651,0.3034700211750044
6.6515,-0.0849598074920748
6.652,0.2646878287945466
6.6525,0.9028432999623621
6.6530000000000005,1.1355983859248557
6.6535,0.762639673087629
6.654,0.15770676993124133
6.6545000000000005,-0.27214982991709397
6.655,-0.4475371022926816
6.6555,-0.40909819519874113
6.656000000000001,-0.09204765265424593
6.6565,0.45148167679620405
6.657,0.8443676414224719
6.6575,0.7291002599327041
6.658,0.25720366199958616
6.6585,-0.02074793301197379
6.659,0.21286709058960232
6.6595,0.6687805084754109
6.66,0.7684252160332143
6.6605,0.24347738166703486
6.6610000000000005,-0.6697298076945892
6.6615,-1.54990745367619
6.662,-2.105049576862517
6.6625000000000005,-2.143533142850135
6.663,-1.5034451098553754
6.6635,-0.27451773603380875
6.664,0.9915420698771659
6.6645,1.6024169879809487
6.665,1.3758345515985304
6.6655,0.7784688577762144
6.666,0.28747784971250173
6.6665,-0.17454489396299303
6.667,-0.9373187555925213
6.6675,-1.8686914566911592
6.668,-2.298137297765127
6.6685,-1.7401629587935799
6.6690000000000005,-0.5119887055540019
6.6695,0.5275673594529304
6.67,0.8109809462141082
6.6705000000000005,0.49992754010088114
6.671,0.10526234205948172
6.6715,-0.12973641491734736
6.672,-0.31941434196281987
6.6725,-0.5278140370565759
6.673,-0.5389205803982277
6.6735,-0.12687702690566063
6.674,0.6141753459895204
6.6745,1.3488510582651314
6.675,1.8145541676743446
6.6755,1.9278949799435747
6.676,1.6461578118141869
6.6765,0.9215513813834042
6.6770000000000005,-0.10744190405421447
6.6775,-1.0097985856442595
6.678,-1.3602831189214004
6.6785000000000005,-1.1677235691174797
6.679,-0.8613378232955958
6.6795,-0.7989633656945985
6.68,-0.8702117245767087
6.6805,-0.6422226795232594
6.681,0.12253837467019837
6.6815,1.1473584177540848
6.682,1.8693752407989686
6.6825,1.9396505939635806
6.683,1.4397239174744867
6.6835,0.683306018896256
6.684,-0.028894428008737358
6.6845,-0.47092133962474225
6.6850000000000005,-0.550838689552452
6.6855,-0.4311938326535176
6.686,-0.41322565784373555
6.6865000000000006,-0.5559575799724675
6.687,-0.5550301445206068
6.6875,-0.16747066079773798
6.688,0.3472646892652648
6.6885,0.4248638600858594
6.689,-0.144787896596054
6.6895,-0.9066021739314946
6.69,-1.1616862422774619
6.6905,-0.6412400213834138
6.691,0.26646024512822053
6.6915000000000004,0.9040613975148719
6.692,0.9218244659267965
6.6925,0.4992797186397461
6.6930000000000005,0.0755792383751489
6.6935,-0.06162186297229949
6.694,0.047430714837005714
6.694500000000001,0.14081412325600573
6.695,-0.019610720666425347
6.6955,-0.43163553214031497
6.696,-0.8415682639628588
6.6965,-0.9583068745280432
6.697,-0.6705980877437635
6.6975,-0.09010870489547246
6.698,0.5195911868018173
6.6985,0.8438437042389874
6.699,0.670746337220707
6.6995000000000005,0.04453969806589806
6.7,-0.7348350621040284
6.7005,-1.2804350092129608
6.7010000000000005,-1.3219576891474096
6.7015,-0.8642888453800124
6.702,-0.23441185162725425
6.702500000000001,0.12572882906578023
6.703,0.07785200161638062
6.7035,-0.002567910123251308
6.704,0.40744870898543295
6.7045,1.3236967753890876
6.705,2.08130424168733
6.7055,1.9489366308023914
6.706,0.8936506746233955
6.7065,-0.33979663610319183
6.707,-0.8802577599673851
6.7075000000000005,-0.41147061733707724
6.708,0.7018946167595957
6.7085,1.7727046307948866
6.7090000000000005,2.1985814072778496
6.7095,1.6930986959807792
6.71,0.4055650178603688
6.710500000000001,-1.0615200357003616
6.711,-1.874752921542948
6.7115,-1.4552324427052852
6.712,0.04257508874036617
6.7125,1.7003119743346857
6.713,2.446919492101663
6.7135,1.8682656042205679
6.714,0.4548201115791468
6.7145,-0.9155452660812055
6.715,-1.6765979186127298
6.7155000000000005,-1.8325389060425676
6.716,-1.7244048797410954
6.7165,-1.6420995436749717
6.7170000000000005,-1.6027943204004116
6.7175,-1.433863404299093
6.718,-1.0410295706690489
6.718500000000001,-0.5347700439166422
6.719,-0.07047105841406057
6.7195,0.3138141742051237
6.72,0.6092062170110605
6.7205,0.7166836392388743
6.721,0.5558213919612419
6.7215,0.20318687184602668
6.722,-0.20233214811066558
6.7225,-0.6172715208790399
6.723,-1.03678387701379
6.7235000000000005,-1.3401189763252344
6.724,-1.3468808564253723
6.7245,-1.0501089221767694
6.7250000000000005,-0.6659320161765293
6.7255,-0.3746609615027345
6.726,-0.10647443158547296
6.7265,0.2944788755880769
6.727,0.749860391905465
6.7275,0.9737489167190612
6.728,0.8641478418211134
6.7285,0.699821613256656
6.729,0.8192494982270754
6.7295,1.2024045510062218
6.73,1.5111813603449753
6.7305,1.4912904927710906
6.731,1.1917963562480787
6.7315000000000005,0.7927418537838256
6.732,0.3610761644272876
6.7325,-0.12962741497572067
6.7330000000000005,-0.5897038156235976
6.7335,-0.7543209449596225
6.734,-0.42914788220525546
6.7345,0.21712513688965568
6.735,0.7043839954959132
6.7355,0.6716469930611687
6.736,0.2641337799622964
6.7365,0.02417128258966442
6.737,0.3175962381309491
6.7375,0.8872182281616515
6.738,1.1005463363301278
6.7385,0.6883786355609011
6.739,0.09350727268706399
6.7395000000000005,-0.05352727008614694
6.74,0.30225120237353414
6.7405,0.6128616183109585
6.7410000000000005,0.4338647031815771
6.7415,-0.07624716067570304
6.742,-0.4325481030983985
6.7425,-0.4251239255806914
6.743,-0.31076754040021587
6.7435,-0.44832776208876407
6.744,-0.8421676678811942
6.7445,-1.1137263873330898
6.745,-0.9486877271536146
6.7455,-0.5187849085252897
6.746,-0.3487779168615378
6.7465,-0.7212478303947358
6.747,-1.3050338936608648
6.7475000000000005,-1.462960818907182
6.748,-0.8797289214150472
6.7485,0.15453207556575518
6.7490000000000006,0.9677646846726313
6.7495,0.9672809573473743
6.75,0.10330483982627062
6.7505,-0.936229137325633
6.751,-1.163772598445997
6.7515,-0.21840804957176138
6.752,1.1473197069131087
6.7525,1.7205171647749609
6.753,1.0142396509608365
6.7535,-0.32396315063597914
6.7540000000000004,-1.2753767215445704
6.7545,-1.436360915558239
6.755,-1.1781560416694303
6.7555000000000005,-1.0267302083359096
6.756,-1.123862357307488
6.7565,-1.2599833743980742
6.757000000000001,-1.170763582629016
6.7575,-0.7018110206202941
6.758,0.12571216753451298
6.7585,1.0609582077412314
6.759,1.7329212851771878
6.7595,1.9397869128123162
6.76,1.7849754314988193
6.7605,1.4553456820647874
6.761,0.9557960130017669
6.7615,0.2158854538936876
6.7620000000000005,-0.5743049527642712
6.7625,-0.9541585762551081
6.763,-0.6439105712534815
6.7635000000000005,0.1027120777985826
6.764,0.744870372817465
6.7645,1.0191619767712319
6.765000000000001,1.1164410907865592
6.7655,1.28591546641985
6.766,1.429150794516679
6.7665,1.2242513641804187
6.767,0.6010833905194533
6.7675,-0.06596028892528985
6.768,-0.3088884158030038
6.7685,-0.044197955894547815
6.769,0.3600429745811949
6.7695,0.4683892230564734
6.7700000000000005,0.20269047912408475
6.7705,-0.08862274960819456
6.771,0.02151829173528843
6.7715000000000005,0.5669447019194364
6.772,1.037231084364517
6.7725,0.7808360979657366
6.773000000000001,-0.3249313342671896
6.7735,-1.6050048839864894
6.774,-2.1011312069092183
6.7745,-1.4544544746199766
6.775,-0.2857822309871685
6.7755,0.354233189824495
6.776,-0.04474419539610498
6.7765,-1.0312603852266786
6.777,-1.70435554648461
6.7775,-1.543901286824463
6.7780000000000005,-0.7260896101719444
6.7785,0.19503353601096904
6.779,0.7566134986157455
6.7795000000000005,0.8382659928158332
6.78,0.6735248045312685
6.7805,0.6709084644472768
6.781000000000001,1.066276734429165
6.7815,1.600223488252718
6.782,1.6004316458044467
6.7825,0.5944735346741493
6.783,-1.075182614615995
6.7835,-2.387145672951427
6.784,-2.529917990303053
6.7845,-1.640051970995344
6.785,-0.6134267419870817
6.7855,-0.21755833852788306
6.7860000000000005,-0.42762155305451244
6.7865,-0.6117126319150918
6.787,-0.2929184833470727
6.7875000000000005,0.3534255440200883
6.788,0.7626075285881097
6.7885,0.6267399760272684
6.789,0.1603781229480448
6.7895,-0.2419544953509522
6.79,-0.436493852391327
6.7905,-0.5356603102890333
6.791,-0.6343078857104445
6.7915,-0.7008071777201382
6.792,-0.6702648197925803
6.7925,-0.47442048686119276
6.793,-0.014894993317216887
6.7935,0.6958812948179772
6.7940000000000005,1.3325938068724745
6.7945,1.411380188555778
6.795,0.8136742786173344
6.7955000000000005,0.04115841679507104
6.796,-0.24390807720002916
6.7965,0.09277103221593275
6.797,0.5685675008100685
6.7975,0.6807955791317464
6.798,0.4686319168426956
6.7985,0.4127191901397162
6.799,0.8306236306866239
6.7995,1.4872716385824796
6.8,1.848852919018522
6.8005,1.622650205368991
6.801,0.9528579232847147
6.8015,0.18791218996392028
6.8020000000000005,-0.3799726252972017
6.8025,-0.6069167101233842
6.803,-0.5374348995102269
6.8035000000000005,-0.38379523695399853
6.804,-0.34124985396407514
6.8045,-0.3957029063669855
6.805,-0.3663365477153887
6.8055,-0.12266858745235629
6.806,0.25987615066615244
6.8065,0.5139275603907317
6.807,0.36817968804189904
6.8075,-0.15989628494472377
6.808,-0.6444090310531883
6.8085,-0.5795181426183524
6.809,0.08109200201046435
6.8095,0.794354164247434
6.8100000000000005,0.8959905953584067
6.8105,0.17603982647804223
6.811,-0.9521880395573217
6.8115000000000006,-1.7611530495853975
6.812,-1.7566544596817957
6.8125,-1.0776066052904225
6.813,-0.37537631017038187
6.8135,-0.21027351415359116
6.814,-0.5471220628736894
6.8145,-0.8891528731051643
6.815,-0.8745680736698889
6.8155,-0.6163822998198659
6.816,-0.4062157544349283
6.8165000000000004,-0.2337719996692173
6.817,0.1971288856748671
6.8175,0.9762736910064763
6.8180000000000005,1.6998640499774211
6.8185,1.7947289773507333
6.819,1.0806775029514508
6.819500000000001,-0.03518382447650715
6.82,-0.850388600011147
6.8205,-0.8360253450328847
6.821,0.00041536070043154613
6.8215,1.0577191964052104
6.822,1.5456093419944255
6.8225,1.1494096290570095
6.823,0.326547921417185
6.8235,-0.15074713487154776
6.824,0.03824196812373014
6.8245000000000005,0.5063587867660353
6.825,0.6275527738862934
6.8255,0.16939789873107786
6.8260000000000005,-0.5163219235269839
6.8265,-0.8391668258921057
6.827,-0.5247128808822658
6.827500000000001,0.08540643547222623
6.828,0.3125674749058708
6.8285,-0.18258584871807174
6.829,-1.0253153597209275
6.8295,-1.5084699776152986
6.83,-1.3011394717365068
6.8305,-0.704634468623212
6.831,-0.28832435070765833
6.8315,-0.38343094649323567
6.832,-0.8787955331191776
6.8325000000000005,-1.372086881774845
6.833,-1.4865472933347665
6.8335,-1.1242845906035939
6.8340000000000005,-0.49369730414804996
6.8345,0.090694269543831
6.835,0.46509521202499077
6.835500000000001,0.7149131988689392
6.836,1.0292761517649063
6.8365,1.4716409670667558
6.837,1.929711551039961
6.8375,2.2470917375425135
6.838,2.2905232574320418
6.8385,1.9153948643291876
6.839,1.061936204735624
6.8395,-0.0036203097308087837
6.84,-0.6776035794193005
6.8405000000000005,-0.488810968579817
6.841,0.3443677984975538
6.8415,0.9876108846926804
6.8420000000000005,0.7561168266122585
6.8425,-0.2632866618985174
6.843,-1.3973986356058126
6.843500000000001,-2.0386986656159087
6.844,-2.0212626359340065
6.8445,-1.5136575850046663
6.845,-0.754605533364784
6.8455,0.061646679499778013
6.846,0.7557685648714721
6.8465,1.1738322443807703
6.847,1.2748356604788083
6.8475,1.1393218392132713
6.848,0.8645648156308154
6.8485000000000005,0.5069478771728476
6.849,0.13162633518079053
6.8495,-0.14112453413876444
6.8500000000000005,-0.17152535478760084
6.8505,0.08263006939409416
6.851,0.43784633726470185
6.8515,0.5372143337678889
6.852,0.17190444221049156
6.8525,-0.437575500230642
6.853,-0.805537530099059
6.8535,-0.6813849589541804
6.854,-0.31235269452281056
6.8545,-0.15768428263273843
6.855,-0.4116435999480131
6.8555,-0.8840112826190104
6.856,-1.2789010453217318
6.8565000000000005,-1.4346605913367034
6.857,-1.2616926710239684
6.8575,-0.6289929561185659
6.8580000000000005,0.4553257479863546
6.8585,1.5353883761394123
6.859,1.8409815525472855
6.8595,0.9948135952539824
6.86,-0.4385604067278435
6.8605,-1.3386062931809475
6.861,-1.06514249150343
6.8615,-0.02117379708973008
6.862,0.8431850202558405
6.8625,0.9529280345874908
6.863,0.4731729973890212
6.8635,-0.07616050511939049
6.864,-0.3485978539897344
6.8645000000000005,-0.3057945327365709
6.865,-0.0400765373849103
6.8655,0.3436789681886221
6.8660000000000005,0.6995436648771637
6.8665,0.8510024737894861
6.867,0.691153979038918
6.8675,0.24327762096212247
6.868,-0.3615328974556175
6.8685,-0.9261587219960458
6.869,-1.229318438975167
6.8695,-1.0941197272260672
6.87,-0.5010465591379997
6.8705,0.292510385723933
6.871,0.7884767366917999
6.8715,0.5748440062847864
6.872,-0.27417358091715466
6.8725000000000005,-1.1834422309215824
6.873,-1.5515231606786615
6.8735,-1.2421662126163495
6.8740000000000006,-0.5959508417326324
6.8745,-0.016192406411387354
6.875,0.3868388245361585
6.8755,0.7473925293703823
6.876,1.1285788822881857
6.8765,1.35791923243002
6.877,1.2109919088537382
6.8775,0.7148951561311245
6.878,0.21899301846568012
6.8785,0.12415850538164598
6.8790000000000004,0.5078698714965094
6.8795,1.0441730426893276
6.88,1.3410163796047465
6.8805000000000005,1.3063305878978184
6.881,1.1151384382450942
6.8815,0.8994019186348409
6.882000000000001,0.6034255258131205
6.8825,0.12638821037396147
6.883,-0.4970550004110777
6.8835,-1.0772099355250722
6.884,-1.397792936206929
6.8845,-1.373802100585861
6.885,-1.0957687964160592
6.8855,-0.7101372092829732
6.886,-0.27098463590840915
6.8865,0.2542952863411075
6.8870000000000005,0.8098115874103191
6.8875,1.1143446506264054
6.888,0.8236226451644207
6.8885000000000005,-0.055313482717275736
6.889,-0.9717238167899048
6.8895,-1.2390263816640965
6.890000000000001,-0.7101988797125531
6.8905,0.06848533017826659
6.891,0.4685500704933238
6.8915,0.4373734708070928
6.892,0.4146804379034585
6.8925,0.6672499202036625
6.893,0.8918169221201409
6.8935,0.5551183962871885
6.894,-0.430674013175811
6.8945,-1.4863259864286502
6.8950000000000005,-1.90526261399993
6.8955,-1.5667542352575885
6.896,-0.9833701213823067
6.8965000000000005,-0.679156659984463
6.897,-0.7259037249478824
6.8975,-0.9150700773796714
6.898000000000001,-1.1184646360148722
6.8985,-1.2882953910306074
6.899,-1.2536417314788504
6.8995,-0.7841714453454932
6.9,0.09300210702941578
6.9005,0.9702435402255785
6.901,1.3367004802753721
6.9015,0.9938035797265874
6.902,0.2540320538030192
6.9025,-0.2249884709740009
6.9030000000000005,0.08358516754874563
6.9035,1.075835287430704
6.904,1.979991368325795
6.9045000000000005,1.9729341190321437
6.905,0.904145957878692
6.9055,-0.6055895396389904
6.906000000000001,-1.6957355413681392
6.9065,-1.8246633702307047
6.907,-0.9668924556337195
6.9075,0.47659119141374284
6.908,1.864416641581898
6.9085,2.543652034729014
6.909,2.159404389633087
6.9095,0.9455172508800668
6.91,-0.31368322640384555
6.9105,-0.7938010348704614
6.9110000000000005,-0.23871260809253467
6.9115,0.8937753459377812
6.912,1.8486736216667898
6.9125000000000005,2.108321439217047
6.913,1.6084716483395842
6.9135,0.6386152345975639
6.914,-0.3307078669859276
6.9145,-0.8268583748158891
6.915,-0.637068469525886
6.9155,-0.03213060560072685
6.916,0.3526357102391075
6.9165,0.03282047447240109
6.917,-0.8391256179250304
6.9175,-1.556622161734908
6.918,-1.5352756261791232
6.9185,-0.9236082601342822
6.9190000000000005,-0.4514249030640003
6.9195,-0.629906775782338
6.92,-1.187485796646596
6.9205000000000005,-1.3757012239799604
6.921,-0.7831939668099748
6.9215,0.23199299545932678
6.922,0.8885508619737615
6.9225,0.6821174994978348
6.923,-0.23728012140742913
6.9235,-1.2574171521313435
6.924,-1.771468840709309
6.9245,-1.5198783887457161
6.925,-0.6806776410202492
6.9255,0.2385765974191088
6.926,0.7146573018501554
6.9265,0.6416584515236021
6.9270000000000005,0.47089500241068044
6.9275,0.7415692076082169
6.928,1.4203250637297486
6.9285000000000005,1.8552067789635664
6.929,1.4581531522606999
6.9295,0.33425890590307017
6.93,-0.8065385993477492
6.9305,-1.2626213646678175
6.931,-0.858447309631475
6.9315,-0.0147364560106303
6.932,0.6201110862881583
6.9325,0.7140431869142155
6.933,0.4874364727398371
6.9335,0.3623648255226112
6.934,0.43335944888051664
6.9345,0.42737303921789727
6.9350000000000005,0.15432450635724987
6.9355,-0.21292743527477903
6.936,-0.3878253473049656
6.9365000000000006,-0.349122904371413
6.937,-0.3400276098556127
6.9375,-0.5430767706471699
6.938,-0.8626512012821932
6.9385,-1.0397369026979435
6.939,-0.9256442649873778
6.9395,-0.5975917343569467
6.94,-0.19397753372001597
6.9405,0.30749770083080247
6.941,1.024535250220556
6.9415000000000004,1.825214580620409
6.942,2.1742299917788905
6.9425,1.528441000043157
6.9430000000000005,-0.046155002723531534
6.9435,-1.7417426961149856
6.944,-2.5739740147985635
6.944500000000001,-2.102146874755101
6.945,-0.6706325837614655
6.9455,0.8960582736453374
6.946,1.780387738086092
6.9465,1.564222306575885
6.947,0.4441819474769468
6.9475,-0.8565093884858268
6.948,-1.563256333278605
6.9485,-1.4144231258777427
6.949,-0.7975077815450239
6.9495000000000005,-0.31777478349554894
6.95,-0.2259367432996835
6.9505,-0.26125872929966687
6.9510000000000005,-0.04199538152866781
6.9515,0.44937414880218896
6.952,0.853041702807702
6.952500000000001,0.891176302218876
6.953,0.7155301598723325
6.9535,0.7156923065010373
6.954,1.0417849581351528
6.9545,1.4143912270951169
6.955,1.4058832209415935
6.9555,0.8503851820660842
6.956,-0.0091048519659051
6.9565,-0.6978229634103964
6.957,-0.8308152715473387
6.9575000000000005,-0.3800622296728818
6.958,0.27483978137786313
6.9585,0.5963714562865159
6.9590000000000005,0.30199417821476165
6.9595,-0.4061560738330278
6.96,-1.0295018363348687
6.960500000000001,-1.2138904700245639
6.961,-1.0116302677293711
6.9615,-0.7221558845667299
6.962,-0.5300090931709165
6.9625,-0.3604536393713328
6.963,-0.07441110542140743
6.9635,0.2889187686244863
6.964,0.5280925554411803
6.9645,0.5019799047172424
6.965,0.26815725551977654
6.9655000000000005,0.0013950581596158043
6.966,-0.16757720333407478
6.9665,-0.2161333872732258
6.9670000000000005,-0.18932042542259514
6.9675,-0.14685620693719795
6.968,-0.12055051259008266
6.968500000000001,-0.05324161580123832
6.969,0.20985803539447084
6.9695,0.7680924199045109
6.97,1.4662670251541703
6.9705,1.932144324807894
6.971,1.8726479293010598
6.9715,1.3117791016566491
6.972,0.553785498647628
6.9725,-0.028554131703614063
6.973,-0.20145255495296466
6.9735000000000005,0.024953362062174692
6.974,0.4278808887465221
6.9745,0.6889811214086617
6.9750000000000005,0.537399302275276
6.9755,-0.06949350171140796
6.976,-0.8235176232565973
6.9765,-1.257168794996307
6.977,-1.2292182795427034
6.9775,-1.1663556018518935
6.978,-1.6232693794354918
6.9785,-2.557316067281201
6.979,-3.195241486981658
6.9795,-2.7327203807817297
6.98,-1.1379847439777335
6.9805,0.740449933290901
6.981,1.8031335927484
6.9815000000000005,1.5137587754915118
6.982,0.29565955765023727
6.9825,-0.8298413472118092
6.9830000000000005,-1.1376576615246636
6.9835,-0.7861407782995103
6.984,-0.45804533875599346
6.9845,-0.49899104078629586
6.985,-0.5988461194953412
6.9855,-0.2994370943459059
6.986,0.4381488798194131
6.9865,1.250596853708263
6.987,1.7119037005976703
6.9875,1.525835856286491
6.988,0.643116680711392
6.9885,-0.5545566169859315
6.989,-1.321233097482906
6.9895000000000005,-1.079811953726046
6.99,0.03132771609750074
6.9905,1.2078977237249193
6.9910000000000005,1.6349126624096977
6.9915,1.1654644077146958
6.992,0.4088938810841523
6.9925,0.12853425194159482
6.993,0.5234822908325043
6.9935,1.1145385274679724
6.994,1.2941827715217467
6.9945,0.9059383499791849
6.995,0.3199320845046694
6.9955,0.0642844940926987
6.996,0.3818356176223697
6.9965,1.0061035904430629
6.997,1.3169313730877503
6.9975000000000005,0.8588405034413847
6.998,-0.15931677082082887
6.9985,-0.9620021806353702
6.9990000000000006,-0.9614119093182403
6.9995,-0.38638071265337276
7.0,-0.010627517362459961
7.0005,-0.2536654192723401
7.001,-0.713079045469645
7.0015,-0.6819484879158607
7.002,-0.022601340812463948
7.0025,0.6637290928319036
7.003,0.7641195592240457
7.0035,0.3475150024609323
7.0040000000000004,-0.028522095941237564
7.0045,-0.06807888995906353
7.005,-0.03536474130158686
7.0055000000000005,-0.283356232020418
7.006,-0.7276036678254499
7.0065,-0.9809270871504312
7.007000000000001,-0.9193722820709461
7.0075,-0.8456233063597124
7.008,-0.9818839012370401
7.0085,-1.027900637597183
7.009,-0.4981517561558906
7.0095,0.5589205656389667
7.01,1.4389202372150174
7.0105,1.4507237876653982
7.011,0.5861588755508661
7.0115,-0.5327876456277927
7.0120000000000005,-1.3041903879965104
7.0125,-1.660455454847614
7.013,-1.908222755824515
7.0135000000000005,-2.143641831397969
7.014,-2.024087497460304
7.0145,-1.2299335022718816
7.015000000000001,-0.009949093152296959
7.0155,0.9508906357225758
7.016,1.2139647902838195
7.0165,0.9790104444290382
7.017,0.7583414071386253
7.0175,0.7988153646144889
7.018,0.8956960237395032
7.0185,0.6890841567854902
7.019,0.08751569170799227
7.0195,-0.5710574250331479
7.0200000000000005,-0.7974190445578855
7.0205,-0.4179916613760459
7.021,0.30025612602283874
7.0215000000000005,0.988542494554637
7.022,1.4676641961937078
7.0225,1.6374379132253443
7.023000000000001,1.3124776957838156
7.0235,0.4283819080363823
7.024,-0.625382946632423
7.0245,-1.1282008034788038
7.025,-0.6585460296768527
7.0255,0.4089233906195492
7.026,1.1419046493635274
7.0265,0.869933695674221
7.027,-0.22122738392727115
7.0275,-1.3147513322961346
7.0280000000000005,-1.7159607341955412
7.0285,-1.3355722716464387
7.029,-0.5395380888316609
7.0295000000000005,0.28992516587482847
7.03,0.9728748799337984
7.0305,1.4121268507857208
7.031000000000001,1.4545531503084825
7.0315,1.028041719710561
7.032,0.39519201645713475
7.0325,0.11715901190891981
7.033,0.6158407949804255
7.0335,1.6754557554047973
7.034,2.3918625756379073
7.0345,1.801438548957918
7.035,-0.2069216209882134
7.0355,-2.547350884692563
7.0360000000000005,-3.6639237983446815
7.0365,-2.82188948050839
7.037,-0.7673078735976074
7.0375000000000005,0.9567473168890874
7.038,1.3975574247474367
7.0385,0.8581435847031439
7.039000000000001,0.2335338125754876
7.0395,-0.05528792368268223
7.04,-0.26387804150738026
7.0405,-0.6344941619829693
7.041,-0.9030157967500538
7.0415,-0.6631924291968225
7.042,-0.0029246880277534228
7.0425,0.511777485608175
7.043,0.5005217387452343
7.0435,0.19382490347818476
7.0440000000000005,0.06031128858939152
7.0445,0.14729689232020576
7.045,0.03136309384184649
7.0455000000000005,-0.5468103785810886
7.046,-1.2340153590417293
7.0465,-1.4364877582708362
7.047,-1.0161672815397296
7.0475,-0.39617591779184363
7.048,-0.010087835549899244
7.0485,0.16205792652097198
7.049,0.46320702631942584
7.0495,1.0398287891526938
7.05,1.5236235242322052
7.0505,1.3216878344390637
7.051,0.27029724374681474
7.0515,-1.0766969610572086
7.0520000000000005,-1.8825297184610226
7.0525,-1.7264845895475613
7.053,-0.8835466628057199
7.0535000000000005,-0.024928888257370663
7.054,0.30227216983594046
7.0545,0.01931809082141505
7.055,-0.4860465093133267
7.0555,-0.6869743783078862
7.056,-0.3805433333443108
7.0565,0.1045060122621543
7.057,0.26333696542751056
7.0575,0.02852960906700718
7.058,-0.12220650070913457
7.0585,0.23624861574058786
7.059,0.9230357791660372
7.0595,1.3219402390294837
7.0600000000000005,1.0156122038954787
7.0605,0.18778683957834896
7.061,-0.5068611751295057
7.0615000000000006,-0.45899353539269827
7.062,0.3404019573693529
7.0625,1.1769136426598257
7.063,1.197818855620373
7.0635,0.28143507569182064
7.064,-0.7473390209148487
7.0645,-0.9248943366547298
7.065,-0.13544862773047578
7.0655,0.8472209447800425
7.066,1.243190269549487
7.0665000000000004,0.9817255568500555
7.067,0.5268280007245101
7.0675,0.2567215106690693
7.0680000000000005,0.19265499210307643
7.0685,0.1740956234837777
7.069,0.05257290298283483
7.069500000000001,-0.25976170235994656
7.07,-0.7274226976674466
7.0705,-1.1226511322286323
7.071,-1.1391655720615044
7.0715,-0.6508696943797694
7.072,0.16262625733027866
7.0725,0.9385928984564784
7.073,1.3279067044606914
7.0735,1.1228653604853984
7.074,0.37062758392128975
7.0745000000000005,-0.5437487865059683
7.075,-1.0512222540876264
7.0755,-0.8126608312413389
7.0760000000000005,-0.020233918282691755
7.0765,0.755545717331299
7.077,1.0402146713003804
7.077500000000001,0.8125944278294139
7.078,0.4575395595693682
7.0785,0.3752899581354203
7.079,0.5813237927815235
7.0795,0.6869442780961605
7.08,0.3389366526059441
7.0805,-0.33783644022494524
7.081,-0.8522263857730881
7.0815,-0.9106135052867156
7.082,-0.7169212197116983
7.0825000000000005,-0.6453611403606079
7.083,-0.7666128686899604
7.0835,-0.8464798780115036
7.0840000000000005,-0.7470542643923247
7.0845,-0.6411660192199821
7.085,-0.74777534043437
7.085500000000001,-0.9640805683763338
7.086,-0.934645318583068
7.0865,-0.5416291383094554
7.087,-0.209392956127568
7.0875,-0.5302832128102994
7.088,-1.5013420081300823
7.0885,-2.2816676009325665
7.089,-1.954833302126839
7.0895,-0.5583085872251733
7.09,0.8662130016144441
7.0905000000000005,1.3469242934235632
7.091,0.9120639032154743
7.0915,0.3264964341126037
7.0920000000000005,0.15807233718534586
7.0925,0.39735497370268724
7.093,0.8261787963357057
7.093500000000001,1.3041551637829063
7.094,1.6141145254214453
7.0945,1.4414879150879287
7.095,0.7835464004863881
7.0955,0.1410972667644388
7.096,-0.008513937783657825
7.0965,0.16242476043294593
7.097,0.025410729039682774
7.0975,-0.6480361756241071
7.098,-1.273557842912992
7.0985000000000005,-1.075572409238487
7.099,-0.013918663467882644
7.0995,1.1128896048720547
7.1000000000000005,1.5023064317631614
7.1005,1.1187030823425863
7.101,0.5471138149161427
7.101500000000001,0.24101875335822862
7.102,0.1545197023719978
7.1025,0.09790389497105637
7.103,0.13950397358434577
7.1035,0.4546331003177744
7.104,0.9695598809060851
7.1045,1.4094449283986945
7.105,1.6103635946923702
7.1055,1.5655851568032488
7.106,1.2271891554105196
7.1065000000000005,0.4915797065625857
7.107,-0.5820759656908164
7.1075,-1.6669133934363107
7.1080000000000005,-2.3287247446323525
7.1085,-2.280297187990849
7.109,-1.5708885255125535
7.1095,-0.6336994182355775
7.11,-0.062024673154655346
7.1105,-0.14828707183506412
7.111,-0.6054358909897929
7.1115,-0.8451239517009759
7.112,-0.5738814037152411
7.1125,-0.06225920974232272
7.113,0.2114272412051265
7.1135,0.12852664472385314
7.114,0.032109691671703855
7.1145000000000005,0.2379337284226591
7.115,0.5844741020542429
7.1155,0.6187555514671035
7.1160000000000005,0.17709234105025518
7.1165,-0.39115251600204953
7.117,-0.6214845586082446
7.1175,-0.45043793161618
7.118,-0.24636634171781427
7.1185,-0.3261918229912415
7.119,-0.5266237659477163
7.1195,-0.37890044674355133
7.12,0.27413014174102174
7.1205,0.9734801259262461
7.121,1.0643040827265666
7.1215,0.37757554118144476
7.122,-0.5740917549398699
7.1225000000000005,-1.0570051708824304
7.123,-0.7613164195750463
7.1235,-0.064198840098053
7.1240000000000006,0.3223380072099868
7.1245,0.03776888275929396
7.125,-0.5895096865297199
7.1255,-0.941372749551542
7.126,-0.7561651900909409
7.1265,-0.2621566855055569
7.127,0.2045253611898587
7.1275,0.4924955425485946
7.128,0.5864742291261674
7.1285,0.5170466616161827
7.1290000000000004,0.40873725039702163
7.1295,0.4480178208631998
7.13,0.6692256873874298
7.1305000000000005,0.8588768033365911
7.131,0.7789607257716059
7.1315,0.4350142049492197
7.132000000000001,0.060009394994608306
7.1325,-0.11553004385391626
7.133,-0.04146906591069255
7.1335,0.1122352442011082
7.134,0.026962282104196055
7.1345,-0.5182213830191158
7.135,-1.2907454313513875
7.1355,-1.576787257887246
7.136,-0.7819870138038872
7.1365,0.8453132129091451
7.1370000000000005,2.243030231284873
7.1375,2.4185944289029058
7.138,1.303598549799192
7.1385000000000005,-0.26917688232051606
7.139,-1.3673685641619433
7.1395,-1.6802754393433825
7.140000000000001,-1.4848980796571078
7.1405,-1.0639791976142607
7.141,-0.3904984477437814
7.1415,0.5348358949083446
7.142,1.280933345989997
7.1425,1.2623674236992697
7.143,0.4636272034822319
7.1435,-0.3536248713324525
7.144,-0.35093111610305483
7.1445,0.5113704762079538
7.1450000000000005,1.399472645737755
7.1455,1.4289447641773692
7.146,0.5251900628103141
7.1465000000000005,-0.5365276028846627
7.147,-0.8834284492320886
7.1475,-0.3217088662492184
7.148000000000001,0.5205543733862872
7.1485,0.7320082675308185
7.149,-0.09967239686833632
7.1495,-1.4768791197120765
7.15,-2.3593377698577642
7.1505,-2.0640686134754516
7.151,-0.8614991080015898
7.1515,0.31665113533462386
7.152,0.7113341216706285
7.1525,0.2729151494322803
7.1530000000000005,-0.48510040930115633
7.1535,-1.0005707173220788
7.154,-1.0481638506522502
7.1545000000000005,-0.7795688558928819
7.155,-0.4907090726081952
7.1555,-0.3244858433620893
7.156000000000001,-0.16374634476842648
7.1565,0.1603421666567434
7.157,0.5542292426853641
7.1575,0.6535267097471635
7.158,0.23689003091897576
7.1585,-0.3820966860263536
7.159,-0.5292055510322438
7.1595,0.1689490814479761
7.16,1.335882321468275
7.1605,2.1239510625532905
7.1610000000000005,1.9573358664646368
7.1615,1.0085585911949067
7.162,-0.008029362632447475
7.1625000000000005,-0.45359214718341806
7.163,-0.19678854023697054
7.1635,0.4355224476765986
7.164000000000001,1.0025732035042016
7.1645,1.2499930652783375
7.165,1.1828191466163724
7.1655,0.9183784708853276
7.166,0.4889663102661862
7.1665,-0.15455078396264954
7.167,-0.8961921552717759
7.1675,-1.3164909403924847
7.168,-1.013280002929326
7.1685,-0.12240539740326427
7.1690000000000005,0.6633439511034726
7.1695,0.7565261145678993
7.17,0.2819975667710461
7.1705000000000005,-0.13022464449874488
7.171,-0.13693507709154015
7.1715,-0.08370919747130927
7.172,-0.5131765919690753
7.1725,-1.4083760815971313
7.173,-2.134217361315384
7.1735,-2.1273294263081377
7.174,-1.4734903614669894
7.1745,-0.7611286601580696
7.175,-0.4919742046545158
7.1755,-0.689725132798037
7.176,-0.9794517678492932
7.1765,-0.9441881171493378
7.1770000000000005,-0.44166859815461795
7.1775,0.29739222218832784
7.178,0.8307072364884955
7.1785000000000005,0.8492322310009442
7.179,0.44774554183474674
7.1795,0.04713194561415605
7.18,0.018348020970875928
7.1805,0.36702076826794744
7.181,0.7710623039128052
7.1815,0.9220352017303748
7.182,0.8063568353831682
7.1825,0.62134870868226
7.183,0.49295593450553793
7.1835,0.39943867381246395
7.184,0.31833381565064733
7.1845,0.28041837694146854
7.1850000000000005,0.26146758799352554
7.1855,0.14446276495440152
7.186,-0.1419246872418579
7.1865000000000006,-0.4769429405083793
7.187,-0.5937461172623487
7.1875,-0.30792762600940204
7.188,0.2738468368596584
7.1885,0.7705755096563263
7.189,0.8210587545667404
7.1895,0.43905100403578295
7.19,0.033090124831557426
7.1905,-0.020224974300216116
7.191,0.19878976533959672
7.1915000000000004,0.24823407331859432
7.192,-0.15981953310408975
7.1925,-0.838152991556108
7.1930000000000005,-1.309822264770457
7.1935,-1.1809036716234906
7.194,-0.3602555766722019
7.194500000000001,0.8353713447666142
7.195,1.7009601915691135
7.1955,1.5396360982798891
7.196,0.3357727305220614
7.1965,-1.0149855756912907
7.197,-1.4139058456170623
7.1975,-0.6061476779014386
7.198,0.585158608696282
7.1985,1.1252459344869605
7.199,0.7729026717067182
7.1995000000000005,0.17371743599147738
7.2,0.07121918880523852
7.2005,0.547552853385931
7.2010000000000005,0.9997568809569307
7.2015,0.7646201885564508
7.202,-0.1926205639313858
7.202500000000001,-1.1080908428821084
7.203,-1.0135296704932844
7.2035,0.2881267344601552
7.204,1.805663933855091
7.2045,2.1190923444573
7.205,0.7184700600123597
7.2055,-1.4416109603270055
7.206,-2.7967377564282185
7.2065,-2.5734951593731394
7.207,-1.3339778239541389
7.2075000000000005,-0.2639839548348905
7.208,-0.10460440659341784
7.2085,-0.7277458695614012
7.2090000000000005,-1.4655213166396417
7.2095,-1.711228134385628
7.21,-1.3579182987358933
7.210500000000001,-0.8102890533905082
7.211,-0.5472332109585653
7.2115,-0.6318978087531172
7.212,-0.6836859156123634
7.2125,-0.34116578440216494
7.213,0.30599454608117743
7.2135,0.8054235949298622
7.214,0.8505887554797394
7.2145,0.6114616784731645
7.215,0.5036604038242088
7.2155000000000005,0.7164069932720964
7.216,1.0779966072014149
7.2165,1.324934166791288
7.2170000000000005,1.3493799607118735
7.2175,1.1820406874036102
7.218,0.9016446723323066
7.218500000000001,0.650728636744388
7.219,0.6019331627175681
7.2195,0.7364586768959203
7.22,0.7282496542746597
7.2205,0.274557261089542
7.221,-0.437695963849021
7.2215,-0.813294185069447
7.222,-0.502520622231112
7.2225,0.15680374745444417
7.223,0.47224010992334187
7.2235000000000005,0.13498286128969028
7.224,-0.4645213715262804
7.2245,-0.6889876833318652
7.2250000000000005,-0.3751201663161482
7.2255,-0.0206278910636915
7.226,-0.21126423536248168
7.226500000000001,-0.9006632789283895
7.227,-1.3481290897049196
7.2275,-0.8544935801331596
7.228,0.42047946975817924
7.2285,1.4425676422307763
7.229,1.2203237624040355
7.2295,-0.1790517967895831
7.23,-1.5646400916077967
7.2305,-1.6970049723409055
7.231,-0.47501740742077814
7.2315000000000005,1.0135133729969874
7.232,1.5967029798544081
7.2325,1.0412824519503083
7.2330000000000005,0.006957645456847926
7.2335,-0.7714737319359176
7.234,-1.0866467922898582
7.2345,-1.1265285883107294
7.235,-0.9645623753976564
7.2355,-0.38730422236339496
7.236,0.7098522736355176
7.2365,1.9080545669243214
7.237,2.4635709741760543
7.2375,1.9758827554351033
7.238,0.7852486923216997
7.2385,-0.29737354743238453
7.239,-0.6054739337170455
7.2395000000000005,-0.033740897597896974
7.24,0.9763848502013115
7.2405,1.75122393268171
7.2410000000000005,1.7499775244288704
7.2415,0.8280442055319998
7.242,-0.6862819750193859
7.2425,-2.1898736284795794
7.243,-3.1829966229038615
7.2435,-3.488698417830436
7.244,-3.140592089477097
7.2445,-2.198836864540334
7.245,-0.7948837229571755
7.2455,0.7104238386196757
7.246,1.7906397237371734
7.2465,2.0612173402045832
7.247,1.511233486460053
7.2475000000000005,0.4773237921089562
7.248,-0.5280973316183994
7.2485,-1.0477955856825123
7.2490000000000006,-0.9714547113587153
7.2495,-0.6824585263158118
7.25,-0.7364334554046581
7.2505,-1.2118029615431856
7.251,-1.4683055778319731
7.2515,-0.7817849192131846
7.252,0.7591492510002745
7.2525,2.1819419883078504
7.253,2.538562540091588
7.2535,1.7767619607401484
7.2540000000000004,0.6439973173740925
7.2545,-0.1476365465381939
7.255,-0.4878897312926742
7.2555000000000005,-0.632606615556565
7.256,-0.6779425019531264
7.2565,-0.5088660984452054
7.257000000000001,-0.1766790220774179
7.2575,-0.017058335433230102
7.258,-0.27339405809817896
7.2585,-0.7619231331225846
7.259,-1.0308595506256206
7.2595,-0.7882062228340714
7.26,-0.11470068760817753
7.2605,0.6869279444230075
7.261,1.3648887943799448
7.2615,1.8215308365482235
7.2620000000000005,2.027577264375711
7.2625,1.9400462368580982
7.263,1.508513212377099
7.2635000000000005,0.7138879980534611
7.264,-0.35248692982124546
7.2645,-1.3747672297387077
7.265000000000001,-1.8682555132485343
7.2655,-1.5573260707541496
7.266,-0.763649872417735
7.2665,-0.25750283247928984
7.267,-0.5636007672628477
7.2675,-1.4285996140419581
7.268,-2.0286948970575778
7.2685,-1.685877264407937
7.269,-0.4254458225376623
7.2695,1.0550582736953242
7.2700000000000005,1.9627817801680054
7.2705,2.0407454100870397
7.271,1.6740377655725802
7.2715000000000005,1.4338005720436051
7.272,1.5654708293469266
7.2725,1.8204549410969086
7.273000000000001,1.6756985753740132
7.2735,0.8115521543609098
7.274,-0.4868880818168853
7.2745,-1.4480670468500105
7.275,-1.4644793316541185
7.2755,-0.6564094597900813
7.276,0.25414681776936754
7.2765,0.6206883702061741
7.277,0.37163498722553695
7.2775,-0.13601972905818574
7.2780000000000005,-0.6185727950585954
7.2785,-1.0915946762916986
7.279,-1.6080478003459275
7.2795000000000005,-1.932172979506566
7.28,-1.6641087187831385
7.2805,-0.7422644665878863
7.281000000000001,0.29928867661050534
7.2815,0.7231257881234199
7.282,0.293511927520314
7.2825,-0.4278080413208145
7.283,-0.5444650361406794
7.2835,0.33742248760981547
7.284,1.687748545402734
7.2845,2.480414319913381
7.285,2.0705055202098372
7.2855,0.7028093434843116
7.2860000000000005,-0.7356821001013947
7.2865,-1.4153147996716646
7.287,-1.1452200657206206
7.2875000000000005,-0.4536509072011977
7.288,-0.1395317129458959
7.2885,-0.6247386819255473
7.289000000000001,-1.6357839594637684
7.2895,-2.496619362934306
7.29,-2.710133009050236
7.2905,-2.2617005236151364
7.291,-1.489894397318681
7.2915,-0.784480041003224
7.292,-0.3522807708789985
7.2925,-0.1317485235901083
7.293,0.137906188867096
7.2935,0.7327466082076969
7.2940000000000005,1.716201900354949
7.2945,2.7836127327607096
7.295,3.3495134344551385
7.2955000000000005,2.932225993500875
7.296,1.5814446845934118
7.2965,-0.05102996575643361
7.297,-1.1224547368232278
7.2975,-1.180091650839536
7.298,-0.43722710696290845
7.2985,0.46779570721820274
7.299,0.9792978996463719
7.2995,0.9369928489478132
7.3,0.501039092324214
7.3005,-0.08636925984861202
7.301,-0.6127088114230596
7.3015,-0.882705182684323
7.3020000000000005,-0.7635055125408688
7.3025,-0.29835170496444813
7.303,0.2750621846417887
7.3035000000000005,0.6672425396831785
7.304,0.7373372288696775
7.3045,0.6015412829457508
7.305,0.5520671417565162
7.3055,0.816417505578963
7.306,1.3218563863834878
7.3065,1.6650533933395109
7.307,1.3835867120264278
7.3075,0.3857158193760026
7.308,-0.8417521244996353
7.3085,-1.536665107688476
7.309,-1.2865439351232026
7.3095,-0.40644224997664097
7.3100000000000005,0.3117635614154875
7.3105,0.26888104406577995
7.311,-0.46729739742011667
7.3115000000000006,-1.3061312639671958
7.312,-1.7010461194835904
7.3125,-1.5604594768753726
7.313,-1.2028150735048773
7.3135,-1.0519345813675698
7.314,-1.339012844071299
7.3145,-1.909063114470764
7.315,-2.2739433207327937
7.3155,-2.0095055849808032
7.316,-1.167870300228767
7.3165000000000004,-0.2080036150302084
7.317,0.4928840086910687
7.3175,0.9452486779305548
7.3180000000000005,1.3491188486163892
7.3185,1.731023116030581
7.319,1.8865360848710626
7.319500000000001,1.6619913389511343
7.32,1.2253978707576316
7.3205,0.9891123713316013
7.321,1.1896175315703659
7.3215,1.5452035699910556
7.322,1.453374438541624
7.3225,0.6280477529433418
7.323,-0.5297690134563201
7.3235,-1.3136514666676757
7.324,-1.4096147947313509
7.3245000000000005,-1.08255175786541
7.325,-0.7258623930327931
7.3255,-0.41059015992360715
7.3260000000000005,0.08644198466870154
7.3265,0.9101309151222218
7.327,1.8081093344912198
7.327500000000001,2.1727942246167125
7.328,1.512376847585029
7.3285,0.004974771216149908
7.329,-1.4620455351264259
7.3295,-1.9436632821235722
7.33,-1.1994050248738028
7.3305,0.15389631512647806
7.331,1.1826759779512017
7.3315,1.3329231525805365
7.332,0.7223868012586006
7.3325000000000005,-0.08086121732914066
7.333,-0.4992008277065028
7.3335,-0.31046903359818656
7.3340000000000005,0.20052172375330185
7.3345,0.42194375502894516
7.335,-0.09480432872909808
7.335500000000001,-1.1954075435052458
7.336,-2.1644859596271226
7.3365,-2.2909908058856825
7.337,-1.4953363758899305
7.3375,-0.4080025277294357
7.338,0.22246915820825902
7.3385,0.19386003297757753
7.339,-0.08736995878357841
7.3395,-0.1375757107149703
7.34,0.09535925130104139
7.3405000000000005,0.27664231094498076
7.341,0.1760182730439313
7.3415,-0.034609773075700144
7.3420000000000005,-0.07402097441859322
7.3425,-0.015656415188272214
7.343,-0.235206754275996
7.343500000000001,-0.8671932165164344
7.344,-1.496375306237925
7.3445,-1.5338691622752563
7.345,-0.8553441052535696
7.3455,0.05188746621755947
7.346,0.5682012274457466
7.3465,0.46220064813578315
7.347,-0.034064236453372705
7.3475,-0.4696368235599246
7.348,-0.4274921556982188
7.3485000000000005,0.25280078093657055
7.349,1.304587336794828
7.3495,2.1672001739191673
7.3500000000000005,2.454583750542702
7.3505,2.2579734265075553
7.351,1.8941289587431065
7.351500000000001,1.47645876497997
7.352,0.9140789604535641
7.3525,0.248548952107087
7.353,-0.2630387848470349
7.3535,-0.45249157579607985
7.354,-0.42725757029798006
7.3545,-0.3451578978937212
7.355,-0.19563517931039137
7.3555,-0.00300877060150854
7.356,-0.07595220434567877
7.3565000000000005,-0.6990376198849111
7.357,-1.5435362385531088
7.3575,-1.7351744909954523
7.3580000000000005,-0.7818628536532715
7.3585,0.6839048438804242
7.359,1.384983305269935
7.359500000000001,0.7039975701191458
7.36,-0.662768650887152
7.3605,-1.4530706346290436
7.361,-1.0864827727468098
7.3615,-0.045820069789173246
7.362,0.7842626435596134
7.3625,0.9096545731923568
7.363,0.4796273860090932
7.3635,0.04404077231736922
7.364,0.08150896852614083
7.3645000000000005,0.582206350653594
7.365,1.0187789639492477
7.3655,0.7847870702792249
7.3660000000000005,-0.25380975745582834
7.3665,-1.5542861078456283
7.367,-2.242949820870558
7.3675,-1.82630083933005
7.368,-0.7016570820823244
7.3685,0.11313403481932709
7.369,-0.06963838113781873
7.3695,-0.9070494929558418
7.37,-1.3820992535115904
7.3705,-0.8645414963076068
7.371,0.29521629172762615
7.3715,1.2375385522825906
7.372,1.496619672622334
7.3725000000000005,1.3003440542905405
7.373,1.0545334049327206
7.3735,0.7837124397681157
7.3740000000000006,0.23254063888168167
7.3745,-0.6228608905825797
7.375,-1.390928359188835
7.3755,-1.5809230773845444
7.376,-0.9697377607897806
7.3765,0.26672773920447423
7.377,1.576978792071381
7.3775,2.246410206716953
7.378,1.8979016458650853
7.3785,0.8928859181529807
7.3790000000000004,0.04574630351882712
7.3795,-0.1574402546809372
7.38,0.05939524830948496
7.3805000000000005,0.15140639416204543
7.381,-0.16856692707161489
7.3815,-0.7558266736965953
7.382000000000001,-1.2263443596683519
7.3825,-1.2653289273937276
7.383,-0.9300239707804063
7.3835,-0.705961095352657
7.384,-1.052745714234716
7.3845,-1.7714508249184746
7.385,-2.0239389996061874
7.3855,-1.2024781723344569
7.386,0.2969073221116102
7.3865,1.3568848826571067
7.3870000000000005,1.1903425809503165
7.3875,0.021786570439770683
7.388,-1.2021092184551625
7.3885000000000005,-1.6257179460231996
7.389,-1.0583432819333667
7.3895,0.017308477261366882
7.390000000000001,0.8721135957036279
7.3905,1.0806075734272973
7.391,0.8203622597539334
7.3915,0.6645186366504259
7.392,1.0296599243587286
7.3925,1.7876460567401256
7.393,2.3602229384748123
7.3935,2.1565394461487637
7.394,1.0438060412897308
7.3945,-0.41920924010239435
7.3950000000000005,-1.2497964839945415
7.3955,-0.8022565880841223
7.396,0.5810912157008666
7.3965000000000005,1.7664848655137133
7.397,1.8069348602967257
7.3975,0.7526731714827785
7.398000000000001,-0.4790864836062871
7.3985,-0.9443415057978205
7.399,-0.40486923981801937
7.3995,0.5619742390110342
7.4,1.0492385139871485
7.4005,0.5642968064449813
7.401,-0.5206006612744822
7.4015,-1.301201858000978
7.402,-1.2204954492349565
7.4025,-0.5306521853146043
7.4030000000000005,0.16145971465011538
7.4035,0.5614733490341123
7.404,0.6914231423808094
7.4045000000000005,0.4511049377009326
7.405,-0.40971587695482453
7.4055,-1.7975217953599292
7.406000000000001,-3.0248780570775224
7.4065,-3.2605017170456665
7.407,-2.210706344234927
7.4075,-0.36248941565476117
7.408,1.3191682647260763
7.4085,1.9445254027509853
7.409,1.2227376261696141
7.4095,-0.28826777935284825
7.41,-1.4590203787246856
7.4105,-1.3812664853247028
7.4110000000000005,-0.1258025234570898
7.4115,1.2730363067946238
7.412,1.7010464932196094
7.4125000000000005,0.9164223419175028
7.413,-0.3277587813780624
7.4135,-1.0597178041149824
7.414000000000001,-0.9665322131301335
7.4145,-0.5405642711070067
7.415,-0.45162048547606537
7.4155,-0.8645112698927949
7.416,-1.378682015817283
7.4165,-1.5405407714577262
7.417,-1.280588697602117
7.4175,-0.8072271617066225
7.418,-0.22530270900477475
7.4185,0.5316489896412183
7.4190000000000005,1.4056833116074063
7.4195,2.072639255641343
7.42,2.2268601571892757
7.4205000000000005,1.9374724988339396
7.421,1.6130201661256982
7.4215,1.5916106775600767
7.422000000000001,1.7903641638886292
7.4225,1.7669056687972426
7.423,1.149794616994727
7.4235,0.060453381078099666
7.424,-0.8995221286443924
7.4245,-1.1568029529209174
7.425,-0.6947886122097079
7.4255,-0.0635762462528496
7.426,0.1166084774442344
7.4265,-0.3467356199458984
7.4270000000000005,-1.1362932423439354
7.4275,-1.722004838079795
7.428,-1.7280196213452221
7.4285000000000005,-1.1518597957039685
7.429,-0.3603325130755186
7.4295,0.1650057758771135
7.43,0.18724519599510728
7.4305,-0.12801956540993967
7.431,-0.36824063626596426
7.4315,-0.17641886267797793
7.432,0.4626623465210478
7.4325,1.0966447389670047
7.433,1.0666824382648197
7.4335,0.12273140235712897
7.434,-1.1854395242271984
7.4345,-1.898858945675823
7.4350000000000005,-1.5151544029224724
7.4355,-0.3872282579729768
7.436,0.7322499270118056
7.4365000000000006,1.3624118257954576
7.437,1.4461294236094733
7.4375,1.0741263864221258
7.438,0.3597183502873879
7.4385,-0.4179117223824595
7.439,-0.840292166634699
7.4395,-0.7009690187288404
7.44,-0.2143903744685454
7.4405,0.2346284909846836
7.441,0.43039741550207367
7.4415000000000004,0.34065671225441724
7.442,-0.009972452809084351
7.4425,-0.49336840894268735
7.4430000000000005,-0.8092270509305588
7.4435,-0.6570009106814345
7.444,-0.012567498913926983
7.444500000000001,0.8036600183886073
7.445,1.3425965202148036
7.4455,1.3594501899100664
7.446,1.0241456974722387
7.4465,0.8051585639959994
7.447,1.0394865956101578
7.4475,1.5612653022220022
7.448,1.8216447494589985
7.4485,1.4278501104118957
7.449,0.513492732470623
7.4495000000000005,-0.4606231627699585
7.45,-1.1866753654777826
7.4505,-1.6733609677865597
7.4510000000000005,-1.968853451285854
7.4515,-1.9516905206649886
7.452,-1.562860740019893
7.452500000000001,-1.0753926209961833
7.453,-0.8343156177305935
7.4535,-0.7670921301129137
7.454,-0.46580513951344293
7.4545,0.17874182803055946
7.455,0.6910382845431988
7.4555,0.5058856320359493
7.456,-0.37739193047667785
7.4565,-1.33781361682384
7.457,-1.6874449611041773
7.4575000000000005,-1.2684894649880485
7.458,-0.5439752075994273
7.4585,-0.11169828987610755
7.4590000000000005,-0.15379773553050524
7.4595,-0.41894891370632753
7.46,-0.6818506879044837
7.460500000000001,-1.0069582762431122
7.461,-1.445573799390434
7.4615,-1.6471534483846548
7.462,-1.0601088633538547
7.4625,0.38995303137613907
7.463,1.9854528047918079
7.4635,2.77215000281502
7.464,2.4485611169251613
7.4645,1.5976967130204178
7.465,1.0152939318119119
7.4655000000000005,0.9350756775951146
7.466,0.9937152566740142
7.4665,0.8240369856335968
7.4670000000000005,0.4831851054101606
7.4675,0.28306883165157665
7.468,0.3581208798431151
7.468500000000001,0.5077518107347477
7.469,0.4260129164325242
7.4695,0.03192578693625902
7.47,-0.39456589291542604
7.4705,-0.3888208611395157
7.471,0.29059727962130155
7.4715,1.3554777915293568
7.472,2.1492119416660733
7.4725,2.1672795197529138
7.473,1.3773429957422425
7.4735000000000005,0.09095757924709459
7.474,-1.2453281507186553
7.4745,-2.0925571484047163
7.4750000000000005,-2.0049155576032853
7.4755,-1.0883819271840165
7.476,-0.15880880061123637
7.476500000000001,-0.126260320353292
7.477,-1.1196306072149111
7.4775,-2.339366713911048
7.478,-2.8339976565005416
7.4785,-2.3341343605441964
7.479,-1.3066087719401112
7.4795,-0.37463959143186315
7.48,0.15618486196602502
7.4805,0.31647554526747923
7.481,0.27486394830100097
7.4815000000000005,0.19274085142883007
7.482,0.14790226715126345
7.4825,0.12267276653695176
7.4830000000000005,0.11553969612453824
7.4835,0.26080189497028194
7.484,0.7119252783468818
7.484500000000001,1.3521177920351684
7.485,1.7608288982425389
7.4855,1.6151016596580534
7.486,1.0683201783856973
7.4865,0.5863159935117046
7.487,0.43474929475101204
7.4875,0.4808516441099262
7.488,0.4766656036929158
7.4885,0.32652881310754556
7.489,0.0414632565485807
7.4895000000000005,-0.32875373383271445
7.49,-0.5769543078338464
7.4905,-0.3425061809161134
7.4910000000000005,0.4997992158848899
7.4915,1.4544519738907802
7.492,1.6605150301269394
7.4925,0.7075727559956589
7.493,-0.8842186604507157
7.4935,-2.1214050185819167
7.494,-2.421996287760416
7.4945,-1.9709942142933565
7.495,-1.3157677398593257
7.4955,-0.7997571029740013
7.496,-0.41387157520224965
7.4965,-0.06367830454308704
7.497,0.16381359822749042
7.4975000000000005,0.07419646923687326
7.498,-0.33360143302258194
7.4985,-0.7691111205825059
7.4990000000000006,-0.91594726882532
7.4995,-0.7404720947793754
7.5,-0.4851550867004532
7.5005,-0.36631395990185855
7.501,-0.3256405460329865
7.5015,-0.15667603358800866
7.502,0.11722816406840256
7.5025,0.16214948183111352
7.503,-0.20832075865983588
7.5035,-0.6183180342116875
7.5040000000000004,-0.44113687673728913
7.5045,0.44873055024352193
7.505,1.4526309874401109
7.5055000000000005,1.873102978717586
7.506,1.6187086397593087
7.5065,1.1904756527880513
7.507000000000001,1.087649772105957
7.5075,1.3335606531230537
7.508,1.513025259528298
7.5085,1.190400471557378
7.509,0.32701126189219665
7.5095,-0.6560899672008432
7.51,-1.2281548005639382
7.5105,-1.193480740359752
7.511,-0.8417656511152145
7.5115,-0.6912357997385498
7.5120000000000005,-1.0212544620981396
7.5125,-1.5588652768295868
7.513,-1.6470650926045938
7.5135000000000005,-0.8478868410448014
7.514,0.555641986021866
7.5145,1.6913968785498141
7.515000000000001,1.8062590903165303
7.5155,0.9330650082558086
7.516,-0.1126591703162545
7.5165,-0.46408448652817225
7.517,0.021443289811923276
7.5175,0.7431987222994622
7.518,1.063320225228696
7.5185,0.8838254034732879
7.519,0.5144239872812466
7.5195,0.19622228281796114
7.5200000000000005,-0.05200046205094138
7.5205,-0.21731272248710595
7.521,-0.1908689709712256
7.5215000000000005,0.024247542143246176
7.522,0.1752635556579291
7.5225,0.011584350918715876
7.523000000000001,-0.3564818453022553
7.5235,-0.5130374825050283
7.524,-0.23234784294738534
7.5245,0.16140298549880108
7.525,0.07200808093317063
7.5255,-0.6981674300824702
7.526,-1.6552257508742552
7.5265,-2.053218198906053
7.527,-1.573151735234445
7.5275,-0.5454327126873888
7.5280000000000005,0.4060872478915706
7.5285,0.8677354870689509
7.529,0.8467751447038122
7.5295000000000005,0.6105943803512685
7.53,0.3982787194141453
7.5305,0.2727023934524838
7.531000000000001,0.16708485299873654
7.5315,-0.00024396415516590112
7.532,-0.25836653951178595
7.5325,-0.5719246140730191
7.533,-0.8577392015467041
7.5335,-1.0394230056313827
7.534,-1.114720817643905
7.5345,-1.1259449411007207
7.535,-1.0174806859193724
7.5355,-0.5976816157052087
7.5360000000000005,0.23266383805337087
7.5365,1.2273057539148085
7.537,1.890263300801519
7.5375000000000005,1.8740833338461387
7.538,1.2673891157594275
7.5385,0.5060393495722341
7.539000000000001,0.019895785920511375
7.5395,-0.06515597799840518
7.54,0.06723484793719724
7.5405,0.16113998473867705
7.541,0.10401213286820775
7.5415,-0.06457997766726281
7.542,-0.2762299415932914
7.5425,-0.4848975645757905
7.543,-0.602620322726497
7.5435,-0.49972322578029554
7.5440000000000005,-0.16720411641225455
7.5445,0.16842180593652403
7.545,0.20624221846341012
7.5455000000000005,-0.14135522307311965
7.546,-0.6742103902611731
7.5465,-1.080850091693013
7.547000000000001,-1.1199144202088267
7.5475,-0.6869393157877903
7.548,0.14645771696922683
7.5485,1.0809500107653793
7.549,1.6321565754889886
7.5495,1.3693001117448917
7.55,0.27356462507751256
7.5505,-1.0613930522621984
7.551,-1.6835697596455093
7.5515,-0.9728810571725254
7.5520000000000005,0.7526343596816536
7.5525,2.3502839445640373
7.553,2.7007304759154636
7.5535000000000005,1.5591215175546536
7.554,-0.31493058365124094
7.5545,-1.7781220262430015
7.555,-2.0994924220110303
7.5555,-1.33710883105595
7.556,-0.14942865278536532
7.5565,0.6945826260005717
7.557,0.7797636522152028
7.5575,0.24334503431998125
7.558,-0.41124877963020173
7.5585,-0.7228459907120341
7.559,-0.5512313858910022
7.5595,-0.07673130374099384
7.5600000000000005,0.357984202715906
7.5605,0.44865696961295176
7.561,0.12494949195972015
7.5615000000000006,-0.3726153643015411
7.562,-0.6381515119703262
7.5625,-0.38695928084096587
7.563,0.3297063163138699
7.5635,1.1445041440567671
7.564,1.6354248344295919
7.5645,1.624616115092115
7.565,1.2220101445960665
7.5655,0.5998360622284731
7.566,-0.15789366826966786
7.5665000000000004,-0.939231481898711
7.567,-1.499052953030537
7.5675,-1.6326745091014716
7.5680000000000005,-1.4006301064262006
7.5685,-1.0425844838634055
7.569,-0.698486066986488
7.569500000000001,-0.3495579142666762
7.57,-0.0050280435195738556
7.5705,0.22610245627998754
7.571,0.2865193842067354
7.5715,0.26313008831045315
7.572,0.2536193129714697
7.5725,0.20757265620069232
7.573,-0.006201852049345247
7.5735,-0.377090319392618
7.574,-0.6809515724777221
7.5745000000000005,-0.672177843875067
7.575,-0.32229987828875334
7.5755,0.13303666451420262
7.5760000000000005,0.36365758859626157
7.5765,0.20499710228461293
7.577,-0.17650304773234493
7.577500000000001,-0.38841064125561503
7.578,-0.1625504721399467
7.5785,0.36969752988077464
7.579,0.7824136958585255
7.5795,0.7432629401172999
7.58,0.2928158018430754
7.5805,-0.21037909773887636
7.581,-0.3593131366496951
7.5815,0.04222488157453849
7.582,0.8444651724580402
7.5825000000000005,1.5940889809711005
7.583,1.7986246014090932
7.5835,1.2928177325155268
7.5840000000000005,0.3818426506397591
7.5845,-0.42779782550625844
7.585,-0.8704603764078607
7.585500000000001,-1.0912611742551848
7.586,-1.3688925292979375
7.5865,-1.6975380436447958
7.587,-1.7342024547002926
7.5875,-1.2266956118801284
7.588,-0.4119668433315836
7.5885,0.1582400525176209
7.589,0.19222419450513956
7.5895,-0.0769709093018072
7.59,-0.24186148646310515
7.5905000000000005,-0.1728425726094685
7.591,0.020593230328127324
7.5915,0.3373386222005106
7.5920000000000005,0.9062047188313582
7.5925,1.6329458464831106
7.593,2.0816878773636387
7.593500000000001,1.8431098416752976
7.594,0.9275738193087586
7.5945,-0.21583883007197352
7.595,-0.9699256195741086
7.5955,-0.9258177267187678
7.596,-0.21950917901728206
7.5965,0.4510458532132219
7.597,0.2990271587311528
7.5975,-0.8862890332905171
7.598,-2.4629024098825836
7.5985000000000005,-3.3517390923350674
7.599,-2.8452672545340976
7.5995,-1.140960612999524
7.6000000000000005,0.8339043632332451
7.6005,2.1180302916243265
7.601,2.3313293454253086
7.601500000000001,1.767304054825688
7.602,1.0194300615956062
7.6025,0.5131107887299752
7.603,0.26970710949734716
7.6035,0.030192277573439914
7.604,-0.3779965419561219
7.6045,-0.7810876107781768
7.605,-0.8095283711898186
7.6055,-0.33049296322958754
7.606,0.3379289964776448
7.6065000000000005,0.7276908644803407
7.607,0.7136524643824045
7.6075,0.6130703582185427
7.6080000000000005,0.7951268778387345
7.6085,1.28706537345095
7.609,1.765482398341571
7.609500000000001,1.8240809674204457
7.61,1.2332019325114498
7.6105,0.06843035069875551
7.611,-1.2972908900424984
7.6115,-2.3380735792384084
7.612,-2.6263375941178344
7.6125,-2.078345607409811
7.613,-1.0322986284087945
7.6135,-0.0682145393106634
7.614,0.3494241284851003
7.6145000000000005,0.16353117606036302
7.615,-0.30480962162054703
7.6155,-0.7150806778232024
7.6160000000000005,-1.0254798703789014
7.6165,-1.3696295741893187
7.617,-1.6459795738673575
7.6175,-1.4477802373020423
7.618,-0.562904580451686
7.6185,0.5452839806311647
7.619,0.9572742367647233
7.6195,0.12695402054972607
7.62,-1.4747990278637408
7.6205,-2.600821829410499
7.621,-2.237249529987979
7.6215,-0.48326513975921437
7.622,1.5402997764306678
7.6225000000000005,2.665671507503651
7.623,2.5947513141156175
7.6235,1.947134268582084
7.6240000000000006,1.5336314002221056
7.6245,1.6282948191752515
7.625,1.8746185717336075
7.6255,1.7860940074125624
7.626,1.2703564788434396
7.6265,0.6744326258952794
7.627,0.3826414719061455
7.6275,0.43404412967208167
7.628,0.5351341780492327
7.6285,0.3907559188424304
7.6290000000000004,0.0022656955484590263
7.6295,-0.3099832584831759
7.63,-0.16229165579422705
7.6305000000000005,0.5411388854544613
7.631,1.426875671630369
7.6315,1.8131358000147162
7.632000000000001,1.1525738242070374
7.6325,-0.5198266445412962
7.633,-2.485732471877218
7.6335,-3.7588762173592674
7.634,-3.7583871522414833
7.6345,-2.684369751214609
7.635,-1.28823137676076
7.6355,-0.31050572979094276
7.636,-0.09252711856701798
7.6365,-0.5391632227313011
7.6370000000000005,-1.2405178587313992
7.6375,-1.624004597489543
7.638,-1.239554197536171
7.6385000000000005,-0.13849536782087965
7.639,1.038769882692933
7.6395,1.5143196263844623
7.640000000000001,1.0039749211143039
7.6405,-0.10014165855157306
7.641,-1.1394035575712969
7.6415,-1.6844658638519125
7.642,-1.6397809832115415
7.6425,-1.0867565278398579
7.643,-0.22715329976922222
7.6435,0.6071271705855122
7.644,1.12452590704837
7.6445,1.3355070896842516
7.6450000000000005,1.5461285474687083
7.6455,1.9894753150216182
7.646,2.474318267494907
7.6465000000000005,2.5051499495267704
7.647,1.8327521880689426
7.6475,0.8248978631672095
7.648000000000001,0.14100866259647435
7.6485,0.017899007656003125
7.649,0.04415411135599022
7.6495,-0.2570698604551212
7.65,-0.7852693161976995
7.6505,-1.018093723190717
7.651,-0.7419698448494331
7.6515,-0.3533527159434837
7.652,-0.3442133669239397
7.6525,-0.676589766789147
7.6530000000000005,-0.8208387369008007
7.6535,-0.35845812660158904
7.654,0.552838136327585
7.6545000000000005,1.3123233912413488
7.655,1.4372924809599097
7.6555,0.9946933531883286
7.656000000000001,0.4785044526548958
7.6565,0.2602995717962512
7.657,0.21917903087106913
7.6575,-0.01758413364604845
7.658,-0.517114628042716
7.6585,-0.8695954632442553
7.659,-0.6445087078072841
7.6595,0.06107305045949125
7.66,0.6316990697180891
7.6605,0.48878907700074875
7.6610000000000005,-0.40009036047024993
7.6615,-1.52498002684039
7.662,-2.274277183907564
7.6625000000000005,-2.37335823290951
7.663,-1.9629598131145833
7.6635,-1.3591764725873585
7.664000000000001,-0.8235281858246325
7.6645,-0.5059014833945462
7.665,-0.410423819518392
7.6655,-0.3112998846307649
7.666,0.14265110010366208
7.6665,1.0024290024419142
7.667,1.708859737288609
7.6675,1.4865398240389882
7.668,0.21733131264180583
7.6685,-1.2346603773206837
7.6690000000000005,-1.7653492224678637
7.6695,-1.0567433330531062
7.67,0.22121374527496218
7.6705000000000005,1.1128381570767354
7.671,1.1498761315597115
7.6715,0.5646582835265059
7.672000000000001,-0.014381600422061862
7.6725,-0.05145955966430956
7.673,0.515558965667646
7.6735,1.2197924099688424
7.674,1.4137531334389806
7.6745,0.8298214478291758
7.675,-0.09125156539990423
7.6755,-0.4984564832554331
7.676,0.07684916924547641
7.6765,1.1888824594463743
7.6770000000000005,1.850907309655764
7.6775,1.4950448269903929
7.678,0.500731049848727
7.6785000000000005,-0.23198796922950712
7.679,-0.1437229165724573
7.6795,0.5329688898822506
7.68,1.026300023918186
7.6805,0.6858718465002184
7.681,-0.4364110706161589
7.6815,-1.5421364627358056
7.682,-1.743587083416336
7.6825,-0.9096246489678687
7.683,0.20140616213796422
7.6835,0.724624150907638
7.684,0.5159738711215638
7.6845,0.14655209636331581
7.6850000000000005,0.1658660780583907
7.6855,0.4441361845671775
7.686,0.26605371189609706
7.6865000000000006,-0.8716858972750571
7.687,-2.5388329758996457
7.6875,-3.5329940359319303
7.688,-2.884418074933317
7.6885,-0.787393645776943
7.689,1.4278970782474676
7.6895,2.2919511337751963
7.69,1.3136383008482413
7.6905,-0.7102399792763229
7.691,-2.383939137420818
7.6915000000000004,-2.736248294067025
7.692,-1.7541691597331914
7.6925,-0.173615757625161
7.6930000000000005,1.104737637121141
7.6935,1.493017293362055
7.694,0.9354527913170927
7.694500000000001,-0.04279661155727704
7.695,-0.5399088231205942
7.6955,0.09552372298011298
7.696,1.5780456043210485
7.6965,2.7499210460403947
7.697,2.5485824524550686
7.6975,0.9435351411396297
7.698,-1.0597791582061347
7.6985,-2.2001160024984445
7.699,-1.7768974106224857
7.6995000000000005,-0.07051550418033153
7.7,1.7452151892399197
7.7005,2.320918633011512
7.7010000000000005,1.2172887706499622
7.7015,-0.6041909528418699
7.702,-1.5912846317474774
7.702500000000001,-1.04319446889483
7.703,0.2973965453398965
7.7035,1.0956285109302495
7.704,0.743219404177589
7.7045,-0.22847333886232896
7.705,-0.8724166224617627
7.7055,-0.7338434266339435
7.706,-0.06613656824500355
7.7065,0.6150421121782288
7.707,1.0244238722852248
7.7075000000000005,1.177112158290865
7.708,1.1009638714649184
7.7085,0.6329269454697148
7.7090000000000005,-0.3892538154035035
7.7095,-1.717859908992326
7.71,-2.5940761167861313
7.710500000000001,-2.2740196458336603
7.711,-0.8092030210023395
7.7115,0.768213388543873
7.712,1.2566717187120136
7.7125,0.4118544803756076
7.713,-0.7971004453502931
7.7135,-1.1574566389151035
7.714,-0.3974099311903074
7.7145,0.6838742059605334
7.715,1.1587466580981935
7.7155000000000005,0.8154651485336089
7.716,0.07412387520376483
7.7165,-0.6268605015995454
7.7170000000000005,-1.1374194461360503
7.7175,-1.4322925601025454
7.718,-1.421572265854172
7.718500000000001,-1.0031448361630506
7.719,-0.1974097279383653
7.7195,0.8162106858582013
7.72,1.7074877568979345
7.7205,2.032729584093162
7.721,1.48140792457636
7.7215,0.2541652023181809
7.722,-0.9491439152800673
7.7225,-1.5112909175949336
7.723,-1.392098001333057
7.7235000000000005,-0.9280065376572989
7.724,-0.3031233065630391
7.7245,0.5366762742009455
7.7250000000000005,1.4815407492144221
7.7255,2.036649334094648
7.726,1.67563177993492
7.726500000000001,0.3846310284466777
7.727,-1.2086289738407274
7.7275,-2.239690955755551
7.728,-2.1799193225049116
7.7285,-1.1521228059908621
7.729,0.2056706268749276
7.7295,1.1897892770487062
7.73,1.4302488108151978
7.7305,0.9995260703152506
7.731,0.2989542473544893
7.7315000000000005,-0.13539223605162165
7.732,0.09289156256117898
7.7325,0.929352062356985
7.7330000000000005,1.7960852597012575
7.7335,1.9879017013484268
7.734,1.3099403145100377
7.734500000000001,0.3454797909098755
7.735,-0.04357176292530509
7.7355,0.39950745648356883
7.736,1.0155518448372347
7.7365,0.942595723145215
7.737,0.09453320998074445
7.7375,-0.7259879869088841
7.738,-0.7098000402319854
7.7385,0.051506316809358244
7.739,0.581703617175922
7.7395000000000005,-0.03546706384795563
7.74,-1.6874655484618275
7.7405,-3.2249898033226376
7.7410000000000005,-3.496027446762592
7.7415,-2.4184855407275383
7.742,-1.0039522209332694
7.742500000000001,-0.3362464961406829
7.743,-0.5856874091557319
7.7435,-1.0055659241603203
7.744,-0.7546489074401458
7.7445,0.33989130073394613
7.745,1.674643805362398
7.7455,2.3643624998254436
7.746,1.934670011527111
7.7465,0.7207407834974879
7.747,-0.36845255886152994
7.7475000000000005,-0.5812706938407662
7.748,0.054970179844760304
7.7485,0.7853349139655805
7.7490000000000006,0.8374967690752229
7.7495,0.1272409100754476
7.75,-0.7625506310897098
7.7505,-1.2733288764555708
7.751,-1.3820780367279126
7.7515,-1.3659834557416217
7.752,-1.2893346292754688
7.7525,-0.9877248342544581
7.753,-0.4935814424137084
7.7535,-0.1704652463937086
7.7540000000000004,-0.2970416888248522
7.7545,-0.6934876203951141
7.755,-0.9184879282221068
7.7555000000000005,-0.740291467577618
7.756,-0.27357195815648083
7.7565,0.2589231483891008
7.757000000000001,0.6979957203919674
7.7575,0.8766594275389409
7.758,0.6115025784051823
7.7585,-0.03104170067442001
7.759,-0.5290155722717496
7.7595,-0.21938369249558543
7.76,1.035302945878906
7.7605,2.5647035983715347
7.761,3.4065445272828025
7.7615,3.1355041940530084
7.7620000000000005,2.1399704109273903
7.7625,1.1279919925031718
7.763,0.5163983470151968
7.7635000000000005,0.3365065575135928
7.764,0.5085979322342834
7.7645,0.9481400853283702
7.765000000000001,1.4061214553043564
7.7655,1.438699008303454
7.766,0.7383773759958587
7.7665,-0.4839185508661131
7.767,-1.5573149144989735
7.7675,-1.898996293673874
7.768,-1.5197462661008208
7.7685,-0.9480351598468296
7.769,-0.6843966635367
7.7695,-0.8066030846806895
7.7700000000000005,-1.0677454140450984
7.7705,-1.2241024482764593
7.771,-1.1998652373011593
7.7715000000000005,-1.029699648238746
7.772,-0.7656418117046091
7.7725,-0.46420545506591043
7.773000000000001,-0.2102833557575356
7.7735,-0.11666802624116968
7.774,-0.2838421129122091
7.7745,-0.7036576258317446
7.775,-1.1630452469181118
7.7755,-1.3103542833859376
7.776,-0.9177839563514573
7.7765,-0.11104149716426626
7.777,0.6705256556278203
7.7775,0.9729072059580185
7.7780000000000005,0.674102678637831
7.7785,0.12377914944204053
7.779,-0.07746420097643619
7.7795000000000005,0.453946536838472
7.78,1.5322657496880476
7.7805,2.464605975951244
7.781000000000001,2.506324672495645
7.7815,1.4046105752329507
7.782,-0.3719902921855283
7.7825,-1.9304041819495659
7.783,-2.5557817013211017
7.7835,-2.1339171120369254
7.784,-1.1063624105137118
7.7845,-0.08702936228376346
7.785,0.511341876552804
7.7855,0.6004329295944688
7.7860000000000005,0.33457500494206527
7.7865,0.01968846260175925
7.787,0.03142074492863026
7.7875000000000005,0.5723831646026137
7.788,1.3525045712306045
7.7885,1.6553358023191027
7.789000000000001,0.9715668623811354
7.7895,-0.3921555214855783
7.79,-1.4596197558101465
7.7905,-1.414659966490483
7.791,-0.3312611635811755
7.7915,0.8473336915031665
7.792,1.090262823007491
7.7925,0.20211368263268262
7.793,-0.9744830834138878
7.7935,-1.379852488716456
7.7940000000000005,-0.7986985809627105
7.7945,-0.013443934608764741
7.795,0.10052955869686211
7.7955000000000005,-0.5238431103215757
7.796,-1.214298394984423
7.7965,-1.3523752226509043
7.797000000000001,-0.9023734340491908
7.7975,-0.2330033122152325
7.798,0.30931631032723783
7.7985,0.5589579805853723
7.799,0.49037500885012053
7.7995,0.24027635443630033
7.8,0.10070554567260175
7.8005,0.29591552682232475
7.801,0.7552767129281438
7.8015,1.212948664423761
7.8020000000000005,1.4760602610682778
7.8025,1.440862349734488
7.803,0.9278927522991949
7.8035000000000005,-0.17923351500484055
7.804,-1.5006370073683948
7.8045,-2.14160127468207
7.805000000000001,-1.4530918299470574
7.8055,0.17853697098826074
7.806,1.5489777618464238
7.8065,1.7731298688699486
7.807,1.106583876996605
7.8075,0.545238782587698
7.808,0.7055911502935835
7.8085,1.2439247220106386
7.809,1.3573929211474982
7.8095,0.6972440909168711
7.8100000000000005,-0.30358890754370954
7.8105,-0.9303965379396666
7.811,-0.8845373289773762
7.8115000000000006,-0.4541218081151886
7.812,-0.06572196658490953
7.8125,0.2134458382087002
7.813,0.6151430067859573
7.8135,1.1267848339452526
7.814,1.222520520876137
7.8145,0.36060836132393054
7.815,-1.2728795329746319
7.8155,-2.704758247204615
7.816,-2.9608381855507564
7.8165000000000004,-1.9145299683458359
7.817,-0.3767644223875824
7.8175,0.6076460863596312
7.8180000000000005,0.5517272547975434
7.8185,-0.256450072703746
7.819,-1.1071468320999012
7.819500000000001,-1.3625352797912405
7.82,-0.8046826914029904
7.8205,0.2408130785882818
7.821,1.0798633402476532
7.8215,1.1014595265972167
7.822,0.22690839714242483
7.8225,-1.0038062148023583
7.823,-1.8042355249337176
7.8235,-1.682683748501253
7.824,-0.7230912982911282
7.8245000000000005,0.5667853045249297
7.825,1.6240384132660122
7.8255,2.10030090557856
7.8260000000000005,1.9311317034164373
7.8265,1.2876314268581077
7.827,0.4831294971108632
7.827500000000001,-0.1530053541740981
7.828,-0.4112884125058685
7.8285,-0.2833960547203686
7.829,0.05392584184117931
7.8295,0.3283806450846668
7.83,0.29386428466694153
7.8305,-0.1421693694673372
7.831,-0.8425844101183508
7.8315,-1.492799607504142
7.832,-1.7744294912223533
7.8325000000000005,-1.5382580861488826
7.833,-0.8629024158056994
7.8335,0.00026113106832653774
7.8340000000000005,0.7401977266797057
7.8345,1.1302585456834877
7.835,1.1471534207015344
7.835500000000001,0.9466860979601915
7.836,0.6916310786968932
7.8365,0.4366766758289151
7.837,0.2070566109408785
7.8375,0.09581255208632594
7.838,0.16622774767960782
7.8385,0.28954994226424097
7.839,0.2160292150388783
7.8395,-0.14227724155499233
7.84,-0.5766815384146969
7.8405000000000005,-0.7877805765852466
7.841,-0.6891576826145442
7.8415,-0.47100800528167674
7.8420000000000005,-0.3885540176359547
7.8425,-0.5047104599093094
7.843,-0.629648262978722
7.843500000000001,-0.5285029142512613
7.844,-0.1978754527333141
7.8445,0.12442438568056684
7.845,0.2860376751060999
7.8455,0.49617378465013334
7.846,1.1174901982324914
7.8465,2.105320994983201
7.847,2.789427985950271
7.8475,2.4365907200758867
7.848,1.0795963239880748
7.8485000000000005,-0.3656475988979795
7.849,-0.9377956253233997
7.8495,-0.5611587635313187
7.8500000000000005,-0.05565545211732187
7.8505,-0.2185742326202134
7.851,-1.0033789956239176
7.851500000000001,-1.653383380578366
7.852,-1.511879796049842
7.8525,-0.5894908267135979
7.853,0.5318483040746713
7.8535,1.1641312241048325
7.854,0.947265065230356
7.8545,0.059782647920741935
7.855,-0.8918514191889088
7.8555,-1.2912599183392213
7.856,-0.9603881649017045
7.8565000000000005,-0.23488415689572387
7.857,0.41571218695711065
7.8575,0.797680409039107
7.8580000000000005,0.9941586571828779
7.8585,1.0821803413593325
7.859,1.005720198293034
7.859500000000001,0.6860447861901058
7.86,0.117818704286216
7.8605,-0.6139113034562378
7.861,-1.304356352792605
7.8615,-1.6786314379445575
7.862,-1.595234725593717
7.8625,-1.1805839609127078
7.863,-0.7114096908832944
7.8635,-0.41950064918809077
7.864,-0.4265488732823924
7.8645000000000005,-0.7267735021817785
7.865,-1.104237105726679
7.8655,-1.1477462945485999
7.8660000000000005,-0.5411306881075405
7.8665,0.6033151057825075
7.867,1.7935135660025816
7.867500000000001,2.5566862799715295
7.868,2.6923477346445455
7.8685,2.1613739095027302
7.869,0.9627133602042949
7.8695,-0.7060668222952337
7.87,-2.2441829244646163
7.8705,-2.8206986343139353
7.871,-1.9757266038371808
7.8715,-0.1868583167789566
7.872,1.281093752728818
7.8725000000000005,1.3995822407741003
7.873,0.35131377299283456
7.8735,-0.6920449227231973
7.8740000000000006,-0.7845495404369524
7.8745,0.013948733776988536
7.875,1.0189025413142214
7.8755,1.674526885850238
7.876,1.7591016738444893
7.8765,1.1973180271966264
7.877,0.07527299228070189
7.8775,-1.1664856282217522
7.878,-1.8344336088095916
7.8785,-1.473073953232379
7.8790000000000004,-0.3021212125592789
7.8795,0.8554290623475905
7.88,1.174141268041563
7.8805000000000005,0.5034969855585126
7.881,-0.49136257370215136
7.8815,-0.9470646820467116
7.882000000000001,-0.6317106535801744
7.8825,-0.11198976806783816
7.883,-0.08439989896084711
7.8835,-0.6706001748275031
7.884,-1.4138484650434526
7.8845,-1.7626791006660425
7.885,-1.4046389564851172
7.8855,-0.33232899474009453
7.886,1.0948382901437685
7.8865,2.1695562883753325
7.8870000000000005,2.237803681081317
7.8875,1.28804854719168
7.888,0.07424313660834754
7.8885000000000005,-0.49559648929226013
7.889,-0.15378093874453197
7.8895,0.5626358517606378
7.890000000000001,0.9399290548115965
7.8905,0.7974537057497613
7.891,0.5087729915134614
7.8915,0.4195684002673597
7.892,0.4348796836563563
7.8925,0.2279434918533956
7.893,-0.2745958100094619
7.8935,-0.7287194620391377
7.894,-0.6961094912450535
7.8945,-0.11157136871803862
7.8950000000000005,0.5785760256426294
7.8955,0.7834537961664665
7.896,0.3197259683518965
7.8965000000000005,-0.4058781879749356
7.897,-0.7839050261952323
7.8975,-0.5591144774962659
7.898000000000001,-0.012552116363466334
7.8985,0.33763266301146067
7.899,0.16556163033886986
7.8995,-0.4655320486643022
7.9,-1.190355293604304
7.9005,-1.5552788005993128
7.901,-1.2469365429753994
7.9015,-0.2874205201829054
7.902,0.9174789505045136
7.9025,1.7828833760481868
7.9030000000000005,1.894447763090198
7.9035,1.2344767257683986
7.904,0.13664776325879283
7.9045000000000005,-0.9422211945571243
7.905,-1.6349949262361836
7.9055,-1.742397506768685
7.906000000000001,-1.2388492077245472
7.9065,-0.3193418598316389
7.907,0.5665041540743057
7.9075,0.8645240056210312
7.908,0.28872352489819575
7.9085,-0.8247391612159723
7.909,-1.6081700665381586
7.9095,-1.3439601062092021
7.91,-0.16611708151355856
7.9105,1.0164806437516576
7.9110000000000005,1.3504115840469246
7.9115,0.7470074340802597
7.912,-0.17137189594400976
7.9125000000000005,-0.6828460682563838
7.913,-0.5140759741193585
7.9135,0.07299255277683783
7.914000000000001,0.5948584596059507
7.9145,0.7310198789375817
7.915,0.5213881442962921
7.9155,0.27928645473403374
7.916,0.23946097132942495
7.9165,0.23528224479081644
7.917,-0.1252628995360859
7.9175,-0.8375258877561669
7.918,-1.2524782775001742
7.9185,-0.7467134175380057
7.9190000000000005,0.40475674565972186
7.9195,1.1359016862500888
7.92,0.7061572485268334
7.9205000000000005,-0.42799854735449605
7.921,-1.0046659638176871
7.9215,-0.23693941994939402
7.922000000000001,1.3290983698487884
7.9225,2.254096550772786
7.923,1.5329973655417397
7.9235,-0.44686756496060026
7.924,-2.199671750632324
7.9245,-2.407406714770431
7.925,-1.0226959321585212
7.9255,0.7631367398147197
7.926,1.6234737560721446
7.9265,1.2281838230848006
7.9270000000000005,0.379739187388038
7.9275,0.12050027664889319
7.928,0.7399498708423736
7.9285000000000005,1.6038369896584024
7.929,1.8338591637569204
7.9295,1.0895178031455381
7.930000000000001,-0.2266707391830694
7.9305,-1.3818843772881335
7.931,-1.8670480130227936
7.9315,-1.6111056444018457
7.932,-0.8241464820708074
7.9325,0.17649178301527407
7.933,0.969524148350117
7.9335,1.1036872667095958
7.934,0.4440277036059921
7.9345,-0.5377805731399632
7.9350000000000005,-1.0440547665571496
7.9355,-0.6872289431798789
7.936,0.11550280857573178
7.9365000000000006,0.5759109501641555
7.937,0.30801476759606944
7.9375,-0.38263432863539526
7.938,-0.8849918994921283
7.9385,-0.862483356238463
7.939,-0.48754666394734236
7.9395,-0.17847627291063844
7.94,-0.1502454321129773
7.9405,-0.272129104880456
7.941,-0.35474379723539096
7.9415000000000004,-0.4226276320203494
7.942,-0.5672070078444821
7.9425,-0.6460707713547867
7.9430000000000005,-0.3806084488312349
7.9435,0.194046318558113
7.944,0.5657613757185554
7.944500000000001,0.2126290037842919
7.945,-0.7604415626280033
7.9455,-1.5861375568561373
7.946,-1.5459231419957609
7.9465,-0.6671887889980856
7.947,0.385581958323974
7.9475,1.0323646183521455
7.948,1.2203032453593088
7.9485,1.1991387487669765
7.949,1.1067240826482012
7.9495000000000005,0.8887620244718302
7.95,0.5002799561770167
7.9505,0.04891503310970378
7.9510000000000005,-0.25162244497501735
7.9515,-0.2098463610510828
7.952,0.23402452011617478
7.952500000000001,0.9414429702820042
7.953,1.6053037155763585
7.9535,1.9114590640573323
7.954,1.7117892792245477
7.9545,1.0672697547003522
7.955,0.21711727165782224
7.9555,-0.44164702723471283
7.956,-0.5047301000346067
7.9565,0.07314134422094591
7.957,0.7557238106269998
7.9575000000000005,0.790902264190568
7.958,-0.04531112177923271
7.9585,-1.1344097201105885
7.9590000000000005,-1.5768971937353862
7.9595,-1.0727791091629075
7.96,-0.15816638717234816
7.960500000000001,0.4105304496251638
7.961,0.3536450445111794
7.9615,-0.08150973037576145
7.962,-0.5553651189120135
7.9625,-0.9474776231185958
7.963,-1.331646970542009
7.9635,-1.8030264897462225
7.964,-2.320608308922303
7.9645,-2.6419218807714935
7.965,-2.433090131078151
7.9655000000000005,-1.543324359584514
7.966,-0.22755104482646987
7.9665,0.94518251612796
7.9670000000000005,1.4738993218663683
7.9675,1.2760661518762513
7.968,0.7495055521492215
7.968500000000001,0.5050243974062832
7.969,0.8581596788318596
7.9695,1.4319465901633133
7.97,1.4115041521507117
7.9705,0.44507176689398914
7.971,-0.7356076972793913
7.9715,-0.8721512039158127
7.972,0.4849105616491707
7.9725,2.3414267419483084
7.973,3.155003040542836
7.9735000000000005,2.307242723164615
7.974,0.5401797096278013
7.9745,-0.9229026301476149
7.9750000000000005,-1.3868445751429819
7.9755,-0.897615205080727
7.976,0.07504395012533989
7.976500000000001,0.9221969843390894
7.977,1.13540787307448
7.9775,0.6031473374488248
7.978,-0.30588717314506547
7.9785,-1.070659507738005
7.979,-1.4400173289695812
7.9795,-1.4980725994911606
7.98,-1.3903214118897977
7.9805,-1.1416307430711239
7.981,-0.7790473386544374
7.9815000000000005,-0.46132302650609536
7.982,-0.317494607916351
7.9825,-0.22339691652054142
7.9830000000000005,0.0667607967517021
7.9835,0.5252506232441219
7.984,0.7333335230849766
7.984500000000001,0.2921513130923009
7.985,-0.6446303321488146
7.9855,-1.346974884488656
7.986,-1.1399520381511408
7.9865,-0.09765899714431345
7.987,0.9591923678793407
7.9875,1.2006927954737068
7.988,0.5097435607265052
7.9885,-0.4739229143483891
7.989,-0.9290709721046714
7.9895000000000005,-0.5136847553552836
7.99,0.38847061717703835
7.9905,1.015188600011661
7.9910000000000005,0.8803605151288887
7.9915,0.14705191982026794
7.992,-0.5756060594335264
7.992500000000001,-0.7177494575139822
7.993,-0.10964411667756263
7.9935,0.9079769543212259
7.994,1.6619341199596502
7.9945,1.588735702751333
7.995,0.6413930132773242
7.9955,-0.664019540221246
7.996,-1.5582143937340203
7.9965,-1.4800822504370241
7.997,-0.45406679545018946
7.9975000000000005,0.883407936663758
7.998,1.7066432963266625
7.9985,1.5876423616156863
7.9990000000000006,0.7842975433096827
7.9995,0.005709335146014006
8.0,-0.16657350452205916
8.0005,0.2299735809501107
8.001,0.5603453049671081
8.0015,0.21827110083731738
8.002,-0.6636259914251168
8.0025,-1.229002637091601
8.003,-0.7667952504834734
8.0035,0.48833190806449395
8.004,1.547129530891036
8.0045,1.6142821933966849
8.005,0.7493617729381618
8.0055,-0.3574868025281255
8.006,-1.1161651949506668
8.0065,-1.4722355585314142
8.007,-1.6798755590508663
8.0075,-1.8121250305469048
8.008000000000001,-1.6500827490973506
8.0085,-1.041021905407983
8.009,-0.20764899095906278
8.009500000000001,0.4098969250377109
8.01,0.5942071775946621
8.0105,0.5524756954151473
8.011000000000001,0.6454445917228074
8.0115,0.9502618465472212
8.012,1.1597741928768075
8.0125,0.952137127932795
8.013,0.4079437930612591
8.0135,-0.047915875932049344
8.014,-0.13835813338146621
8.0145,-0.04995397771026566
8.015,-0.1788045546926378
8.0155,-0.6441895278169857
8.016,-1.1493473411281032
8.0165,-1.2796579486557027
8.017,-0.8574163318633673
8.0175,-0.04305576897711708
8.018,0.7925423009296607
8.0185,1.259143358269538
8.019,1.1222488828344355
8.0195,0.4367776237953019
8.02,-0.451435097728916
8.0205,-1.1180405164858507
8.021,-1.3593674289716635
8.0215,-1.2828038200120324
8.022,-1.0943810870260122
8.0225,-0.8744659283262777
8.023,-0.6156896323695656
8.0235,-0.3570298513463317
8.024000000000001,-0.10603593481832413
8.0245,0.32290575246119946
8.025,1.1467718699969784
8.025500000000001,2.1659073486172398
8.026,2.6374104354927703
8.0265,1.8634944225167724
8.027000000000001,0.015963465261616166
8.0275,-1.753204251701704
8.028,-2.2230788108614203
8.0285,-1.1903331331402929
8.029,0.3939441624299189
8.0295,1.340573484278048
8.03,1.197765029107124
8.0305,0.3870281389011557
8.031,-0.40146785063340795
8.0315,-0.7991167828512642
8.032,-0.8344221361759527
8.0325,-0.6424193284263938
8.033,-0.26666902449371566
8.0335,0.23972461293578737
8.034,0.6552460793877358
8.0345,0.6932641406578425
8.035,0.31456571624627805
8.0355,-0.12439888708974775
8.036,-0.1289864295089356
8.0365,0.4745269230620093
8.037,1.3509038928557133
8.0375,1.9453222920223145
8.038,1.9295515270309411
8.0385,1.3673626564002181
8.039,0.5648107794838579
8.0395,-0.12685547132413333
8.040000000000001,-0.4434928908863758
8.0405,-0.35475121500265905
8.041,-0.13770460722474687
8.041500000000001,-0.14335388360382625
8.042,-0.37848038912400994
8.0425,-0.44029118503258746
8.043000000000001,-0.009640565558552083
8.0435,0.6711064689899565
8.044,0.9775661789673733
8.0445,0.5396104154200699
8.045,-0.42899312035251197
8.0455,-1.391938432917946
8.046,-1.920459807063089
8.0465,-1.89327685454812
8.047,-1.4689528979290527
8.0475,-0.9300779478701383
8.048,-0.4708274978062095
8.0485,-0.10673570890882277
8.049,0.18622810059555547
8.0495,0.2923702906886414
8.05,-0.0028501124356952114
8.0505,-0.752369357212893
8.051,-1.644072490134045
8.0515,-2.1366769408783983
8.052,-1.867169350464707
8.0525,-0.9175796746526806
8.053,0.29640736545906476
8.0535,1.3010646716046104
8.054,1.7579265933091641
8.0545,1.609270352835164
8.055,1.1534373690140907
8.0555,0.825267333949755
8.056000000000001,0.7750556792145862
8.0565,0.7599094148425145
8.057,0.5211394376006057
8.057500000000001,0.15354362860804502
8.058,-0.008492423832769849
8.0585,0.1646001627534933
8.059000000000001,0.3722640714918499
8.0595,0.1787185941159005
8.06,-0.4608433804738916
8.0605,-1.036188455959213
8.061,-0.941082474614869
8.0615,-0.1393224431059689
8.062,0.6874992118896006
8.0625,0.7541679402883615
8.063,-0.03550681584843804
8.0635,-0.9489883902939255
8.064,-1.1169796219822818
8.0645,-0.3671063886989115
8.065,0.643633699287247
8.0655,1.109881853437791
8.066,0.8499618026585053
8.0665,0.386429180926608
8.067,0.3025661819071057
8.0675,0.6099014498827583
8.068,0.836089730835197
8.0685,0.6812924519698415
8.069,0.36268842465930234
8.0695,0.20467572253593683
8.07,0.13191630717080882
8.070500000000001,-0.16017665033325834
8.071,-0.6600980559644389
8.0715,-0.9845827461887866
8.072000000000001,-0.8785815657770494
8.0725,-0.5113899831039822
8.073,-0.1817190518696693
8.073500000000001,0.07234103334079268
8.074,0.3827620358679586
8.0745,0.6794586064093652
8.075,0.6953398140492741
8.0755,0.41945434501686885
8.076,0.28388536717461416
8.0765,0.6516901011666273
8.077,1.2116794078829394
8.0775,1.1684106845609215
8.078,0.1459972241610906
8.0785,-1.2569342913576163
8.079,-2.000323489312006
8.0795,-1.673544664462217
8.08,-0.8852118638254097
8.0805,-0.5424412834628582
8.081,-0.8764461540555815
8.0815,-1.2983787509124496
8.082,-1.1394083022861883
8.0825,-0.3712731096831975
8.083,0.4244876732475315
8.0835,0.6611809404217689
8.084,0.2025185394566178
8.0845,-0.699906546782626
8.085,-1.6585093365610173
8.0855,-2.203867536295975
8.086,-1.8255586020801482
8.086500000000001,-0.31639341073624627
8.087,1.856169708719472
8.0875,3.694558032500334
8.088000000000001,4.317846286414978
8.0885,3.544614074028866
8.089,1.9387912195331694
8.089500000000001,0.31702933610348666
8.09,-0.8497482440620213
8.0905,-1.6014986124522164
8.091,-2.116841665328254
8.0915,-2.3101033310145414
8.092,-1.8971719837737953
8.0925,-0.7840277366936818
8.093,0.7254173938343481
8.0935,2.049825913793684
8.094,2.5747682472660096
8.0945,1.9523403818108356
8.095,0.43234913535420216
8.0955,-1.119020993091097
8.096,-1.7830542186498508
8.0965,-1.3154432371052331
8.097,-0.29927474548666727
8.0975,0.4209823553649059
8.098,0.44640043674205065
8.0985,0.06718060582210673
8.099,-0.060913451928612826
8.0995,0.5009963632451575
8.1,1.550517759229079
8.1005,2.2976637041434502
8.101,1.93206614352996
8.1015,0.33448119608894344
8.102,-1.6626074711272867
8.102500000000001,-2.8139537036696103
8.103,-2.4606041170143675
8.1035,-1.072213434303285
8.104000000000001,0.26628029537688497
8.1045,0.8966097900506562
8.105,1.0179895370115297
8.105500000000001,1.1204054422454905
8.106,1.2057013955070557
8.1065,0.7599756264748649
8.107,-0.48065389068642694
8.1075,-1.9054524912552333
8.108,-2.4197636097328736
8.1085,-1.5485182138319904
8.109,-0.009589765382454415
8.1095,0.9200806267648232
8.11,0.5581754140676106
8.1105,-0.6462181298903684
8.111,-1.5694445618932362
8.1115,-1.373235695495685
8.112,-0.19834966565785678
8.1125,0.9562517738117682
8.113,1.1187513557526327
8.1135,0.2390726929613706
8.114,-0.7804996645541094
8.1145,-0.9856065006721751
8.115,-0.28029237726422046
8.1155,0.6021023193285917
8.116,0.9658759940155334
8.1165,0.8326441697228891
8.117,0.7167900996743841
8.1175,0.8972357546508029
8.118,1.1053080838543785
8.118500000000001,0.9145265386157232
8.119,0.27378220112961926
8.1195,-0.41937806054476207
8.120000000000001,-0.7168915346115623
8.1205,-0.5284689455568488
8.121,-0.1399003501228828
8.121500000000001,0.1100235561784424
8.122,0.1327937881440021
8.1225,0.11933353906109775
8.123,0.30985560124267236
8.1235,0.7034014634061232
8.124,0.9869699178127531
8.1245,0.8328326609705379
8.125,0.3235048110987453
8.1255,-0.014711870826474613
8.126,0.2322821748995348
8.1265,0.7803380616976227
8.127,0.8171058206584841
8.1275,-0.12688008185430727
8.128,-1.5898126663089711
8.1285,-2.567966216503081
8.129,-2.424158657555842
8.1295,-1.3568461164990624
8.13,-0.09842448292116977
8.1305,0.7065837477992912
8.131,0.882117644145486
8.1315,0.6846926493700041
8.132,0.49949366202625245
8.1325,0.49666086592147174
8.133000000000001,0.48581233620561753
8.1335,0.13405542348650742
8.134,-0.6023942493110706
8.134500000000001,-1.274288090065419
8.135,-1.2455216636185131
8.1355,-0.2971873079283859
8.136000000000001,1.0435962876339377
8.1365,1.8653595282996893
8.137,1.6367377411650874
8.1375,0.5848839682318072
8.138,-0.6206306144955648
8.1385,-1.3655469787242533
8.139,-1.3028550466510735
8.1395,-0.429620258973487
8.14,0.7976838546669166
8.1405,1.6029335059999603
8.141,1.4607058162168638
8.1415,0.5758971756895059
8.142,-0.34902721218996097
8.1425,-0.832802060236721
8.143,-0.9582570701931226
8.1435,-0.997112443824526
8.144,-0.9314104574952844
8.1445,-0.5388909889462749
8.145,0.144824205004199
8.1455,0.6776124559606892
8.146,0.6038914383147728
8.1465,-0.06718620974473001
8.147,-0.8260373165373622
8.1475,-1.1071514066380912
8.148,-0.7797656369554407
8.1485,-0.23094250466588112
8.149000000000001,0.017116974191621878
8.1495,-0.19608316356355812
8.15,-0.5053441934978976
8.150500000000001,-0.37169641267457326
8.151,0.33945384782267696
8.1515,1.1437587415292951
8.152000000000001,1.377530639362868
8.1525,0.8621232338426129
8.153,0.06523322811534395
8.1535,-0.4023891691631735
8.154,-0.36154916298855244
8.1545,-0.10723214004377245
8.155,0.018548724425437063
8.1555,-0.011503104051053916
8.156,0.02858036303424843
8.1565,0.27098758057111466
8.157,0.5489373051781583
8.1575,0.5903869428656625
8.158,0.3833888585001369
8.1585,0.2359048606622884
8.159,0.4227948456682502
8.1595,0.8441910210503227
8.16,1.0920692324051409
8.1605,0.8428244246152535
8.161,0.1789101718122737
8.1615,-0.4668090383411053
8.162,-0.6815006259277675
8.1625,-0.377333095106702
8.163,0.2376176527249943
8.1635,0.8844459011681588
8.164,1.3482290287602896
8.1645,1.4643392147436163
8.165000000000001,1.1087313313160134
8.1655,0.29517516278054234
8.166,-0.7165402856506098
8.166500000000001,-1.4905119424176039
8.167,-1.6873431813005149
8.1675,-1.3276187524176672
8.168000000000001,-0.8090593741143072
8.1685,-0.6145934040303306
8.169,-0.9027328842799758
8.1695,-1.3560411787546582
8.17,-1.4800219357007627
8.1705,-1.0729389869646024
8.171,-0.40653430362471243
8.1715,0.03779103248570098
8.172,0.028384975697479886
8.1725,-0.18051686007976472
8.173,-0.08610260106583287
8.1735,0.5238760185791531
8.174,1.2529235560801937
8.1745,1.4197262160461563
8.175,0.8060927722069865
8.1755,0.0021658097956078204
8.176,-0.1667829914461057
8.1765,0.4698222598192246
8.177,1.2870601562637283
8.1775,1.5676896620499123
8.178,1.1083859142054329
8.1785,0.16778920816485718
8.179,-0.8325940318853404
8.1795,-1.449659956422388
8.18,-1.3830684728361455
8.1805,-0.7418533937878942
8.181000000000001,-0.039114985176146214
8.1815,0.23728535076737411
8.182,0.05690741432402407
8.182500000000001,-0.16071443920420925
8.183,0.026253368548860782
8.1835,0.6186782129126831
8.184000000000001,1.1024576304109293
8.1845,0.8855165326398385
8.185,-0.12149403846197945
8.1855,-1.3475401875991777
8.186,-2.0140557904467684
8.1865,-1.7813456371596685
8.187,-0.9725647453370065
8.1875,-0.19630009440494614
8.188,0.19914984404319003
8.1885,0.30962163674126275
8.189,0.4392137242983074
8.1895,0.7855840019290753
8.19,1.3016055688300996
8.1905,1.7212754528334187
8.191,1.6878021155392502
8.1915,0.9893833180353149
8.192,-0.19400689057962853
8.1925,-1.2970655885076383
8.193,-1.7552115477917167
8.1935,-1.4653224546612142
8.194,-0.8355294812414501
8.1945,-0.3623973259117348
8.195,-0.21757256346751844
8.195500000000001,-0.24241020127693172
8.196,-0.19694831531070872
8.1965,0.07530002601064105
8.197000000000001,0.594489642635729
8.1975,1.1835563275159322
8.198,1.488593857418574
8.198500000000001,1.235118117855509
8.199,0.5691557959516367
8.1995,0.06744054487940304
8.2,0.23768558912739063
8.2005,0.9460939976772456
8.201,1.460277352988245
8.2015,1.1798109199844602
8.202,0.27969169407605576
8.2025,-0.4856594740148903
8.203,-0.6136216693518922
8.2035,-0.34204149375140036
8.204,-0.2175359695095267
8.2045,-0.3392891621839825
8.205,-0.29169568455713013
8.2055,0.1992647388841998
8.206,0.8485406110808319
8.2065,1.1799618179788949
8.207,1.0867066371395644
8.2075,0.8105708725669911
8.208,0.48235187163962095
8.2085,-0.05795842364762715
8.209,-0.9527310078837541
8.2095,-2.005180575538207
8.21,-2.7404554731799387
8.2105,-2.7508434369178407
8.211,-2.0094618969201803
8.211500000000001,-0.9204791192107439
8.212,-0.056312496847637526
8.2125,0.23119565143875598
8.213000000000001,0.01771129806196362
8.2135,-0.31954980794753685
8.214,-0.4342509446986504
8.214500000000001,-0.26490063798418084
8.215,0.0043979447169199045
8.2155,0.21054979145142705
8.216,0.4007718376764495
8.2165,0.7284957182946837
8.217,1.1784612148264493
8.2175,1.4633714662596513
8.218,1.2651621598129839
8.2185,0.5841240613141971
8.219,-0.20034240182992852
8.2195,-0.6394701049575254
8.22,-0.5676171763236572
8.2205,-0.14967303885073058
8.221,0.35159380539473034
8.2215,0.7671725095680052
8.222,0.9996279955157257
8.2225,0.9548295789577754
8.223,0.6073210182622927
8.2235,0.0988615659840288
8.224,-0.3075258524418272
8.2245,-0.4009492702531772
8.225,-0.19890563718588397
8.2255,-0.012247100102693928
8.226,-0.26624881213077756
8.2265,-1.1025039788090023
8.227,-2.1336733582628686
8.227500000000001,-2.6993101757360725
8.228,-2.4246003629225097
8.2285,-1.524075421611651
8.229000000000001,-0.5634895636708303
8.2295,0.08128262858141984
8.23,0.5309465762314096
8.230500000000001,1.121529327153184
8.231,1.8305583813039767
8.2315,2.1570775772007407
8.232,1.7096417488112536
8.2325,0.7924466388234256
8.233,0.18884250819106502
8.2335,0.36168369323151056
8.234,1.0243010743939118
8.2345,1.5092466238244893
8.235,1.4216361238745514
8.2355,0.9021584709519925
8.236,0.36738575387724215
8.2365,0.08716510415759292
8.237,0.02155408584244215
8.2375,0.009038802926815658
8.238,-0.020886103893068633
8.2385,-0.11406281919233782
8.239,-0.42237505545405607
8.2395,-1.0151697341086816
8.24,-1.5765161631595606
8.2405,-1.554487409013628
8.241,-0.7307667816939273
8.2415,0.4721567238689814
8.242,1.3216821665613674
8.2425,1.365227493976514
8.243,0.7350925280016825
8.243500000000001,0.012602898394244132
8.244,-0.21483585685192227
8.2445,0.15971369162136895
8.245000000000001,0.6434882185064337
8.2455,0.6076434541378875
8.246,-0.08195275877934129
8.246500000000001,-0.9409935032118695
8.247,-1.3461462397316146
8.2475,-1.0653176437743868
8.248,-0.3732594749552691
8.2485,0.2152429087367153
8.249,0.34209757164774546
8.2495,0.09689812794062887
8.25,-0.055016061820471925
8.2505,0.2296664614500778
8.251,0.711961771539275
8.2515,0.7592629024403417
8.252,0.07308566979002637
8.2525,-0.903309950395682
8.253,-1.4305454957525099
8.2535,-1.242154611830722
8.254,-0.710085467609897
8.2545,-0.29428137706613977
8.255,-0.06827620517174157
8.2555,0.13348960691346734
8.256,0.32817120276198336
8.2565,0.3552637182825545
8.257,0.1610680011485309
8.2575,-0.07087130776078855
8.258000000000001,-0.11514080098252419
8.2585,0.039548109971449474
8.259,0.16046738859429555
8.259500000000001,-0.020938377816658603
8.26,-0.5591973686312663
8.2605,-1.218784186122341
8.261000000000001,-1.6399040790935664
8.2615,-1.5820845128286511
8.262,-1.030039209609011
8.2625,-0.1732337470732552
8.263,0.615760598511547
8.2635,0.887239337232456
8.264,0.4433604108178707
8.2645,-0.3497272217986838
8.265,-0.7340124981332279
8.2655,-0.23018922559056015
8.266,0.837909713557312
8.2665,1.5961061544388102
8.267,1.483062075202149
8.2675,0.8144292137188751
8.268,0.37173861524126955
8.2685,0.46356815039636534
8.269,0.6251269395973338
8.2695,0.36386196976136254
8.27,-0.049025689998634325
8.2705,0.1312478431276776
8.271,1.073784026661538
8.2715,1.9523430964678274
8.272,1.7584747571805568
8.2725,0.41130185233988165
8.273,-1.0824963036094717
8.2735,-1.5414483856630952
8.274000000000001,-0.6398115504815224
8.2745,0.8612477444351385
8.275,1.794724576950752
8.275500000000001,1.567484756750604
8.276,0.6013773512429931
8.2765,-0.16821924818642156
8.277000000000001,-0.24505298959588456
8.2775,0.016154012557404687
8.278,-0.05732333605492196
8.2785,-0.6604940875973401
8.279,-1.3735073417303865
8.2795,-1.695458810663719
8.28,-1.4761793774141097
8.2805,-0.8343775887109222
8.281,0.06806880433588212
8.2815,1.0083374996846162
8.282,1.6063837934014586
8.2825,1.489207053464151
8.283,0.6765926753263948
8.2835,-0.24660768652169882
8.284,-0.5478015884344825
8.2845,-0.10313026936171679
8.285,0.3722978640894919
8.2855,0.08275990769497885
8.286,-0.8960956608268581
8.2865,-1.6668295835795646
8.287,-1.5236314073981267
8.2875,-0.6727498433836081
8.288,0.12610446348125398
8.2885,0.39870424978236496
8.289,0.26963376223620183
8.2895,0.09580537560595495
8.290000000000001,0.04578556466440549
8.2905,0.07921610938924516
8.291,0.14541205817290728
8.291500000000001,0.22539916343938157
8.292,0.21904182973756658
8.2925,-0.02839163340209839
8.293000000000001,-0.4949477319964062
8.2935,-0.8581236189353355
8.294,-0.7234097099949415
8.2945,-0.0032433605037403175
8.295,0.9494294511299369
8.2955,1.556588097637208
8.296,1.379281313249111
8.2965,0.42546541044085223
8.297,-0.7654733791460272
8.2975,-1.438835362979542
8.298,-1.2552134802523338
8.2985,-0.6802377373960178
8.299,-0.5946269206564158
8.2995,-1.3803205169376318
8.3,-2.4604001543854164
8.3005,-2.8605661269498257
8.301,-2.170735570597283
8.3015,-0.8498069442419772
8.302,0.3288384685343848
8.3025,0.9621468507834618
8.303,1.1664947316457923
8.3035,1.2174587027401003
8.304,1.1779813726278645
8.3045,0.9247139324012171
8.305,0.4861946538702573
8.3055,0.20679803372740246
8.306000000000001,0.4541453141761962
8.3065,1.1997359831560501
8.307,2.0084254896623803
8.307500000000001,2.4549041298743792
8.308,2.4563776839838782
8.3085,2.1808907715932633
8.309000000000001,1.7428758532123843
8.3095,1.0993971608654343
8.31,0.276032506243774
8.3105,-0.38193907096256824
8.311,-0.38089659603408593
8.3115,0.35218838451611645
8.312,1.1810311662686768
8.3125,1.264417527840853
8.313,0.39205273580142114
8.3135,-0.8003157868622089
8.314,-1.4764943307653635
8.3145,-1.3640917552977927
8.315,-0.8709507129514557
8.3155,-0.5779871757996878
8.316,-0.6856141116158563
8.3165,-0.8986957050426916
8.317,-0.8202606778336123
8.3175,-0.44093022517388325
8.318,-0.14040603552510522
8.3185,-0.18217169955916357
8.319,-0.37638034229848494
8.3195,-0.3564295655717645
8.32,-0.07733623862652239
8.320500000000001,0.10867320947031711
8.321,-0.1253035124559726
8.3215,-0.689878125267267
8.322000000000001,-1.1815502045933939
8.3225,-1.3056803232854282
8.323,-1.0976675895389272
8.323500000000001,-0.7905212605108415
8.324,-0.5943182533279975
8.3245,-0.5529054082214993
8.325,-0.49234680497929445
8.3255,-0.1743969976271429
8.326,0.38995830639979057
8.3265,0.8753352230531241
8.327,1.0055489532313078
8.3275,0.8714211263374109
8.328,0.7337457899444713
8.3285,0.5888334102695442
8.329,0.1423639445322601
8.3295,-0.7240966163413839
8.33,-1.610395266550926
8.3305,-1.858013892942629
8.331,-1.1165612748086293
8.3315,0.38638704912617566
8.332,1.9792558914837777
8.3325,2.832715827707371
8.333,2.3756209031616295
8.3335,0.7973338312297094
8.334,-0.8919792258900066
8.3345,-1.5985089666230285
8.335,-1.0474969007208172
8.3355,0.09361869234000643
8.336,0.9058968832339808
8.336500000000001,0.9403689003203368
8.337,0.4074076630719244
8.3375,-0.09669364307156414
8.338000000000001,-0.03373582826966459
8.3385,0.6807403211300296
8.339,1.5678170063219667
8.339500000000001,1.9402747796352326
8.34,1.511798387569826
8.3405,0.6941519555624841
8.341,0.2279759862093875
8.3415,0.46225412009381583
8.342,1.0105388374589388
8.3425,1.147994050604259
8.343,0.532039658676832
8.3435,-0.4864314244466508
8.344,-1.230173460407699
8.3445,-1.32121901320788
8.345,-0.939174759752304
8.3455,-0.5306025111062156
8.346,-0.3731723536178863
8.3465,-0.4633217466244064
8.347,-0.7140102259770366
8.3475,-1.0878841595095576
8.348,-1.5072605615387094
8.3485,-1.770249532070076
8.349,-1.6795474726904882
8.3495,-1.2721160020055884
8.35,-0.8694123175465609
8.3505,-0.8136459952577951
8.351,-1.1121043239027693
8.3515,-1.392255743862123
8.352,-1.2414592302208747
8.352500000000001,-0.5629255816109271
8.353,0.37466069392301155
8.3535,1.1569543930109474
8.354000000000001,1.4996051641807613
8.3545,1.4136732647128873
8.355,1.1834461550688107
8.355500000000001,1.1588909033286572
8.356,1.4768143267674436
8.3565,1.9369664564597404
8.357,2.1714537807720733
8.3575,1.9397136844771041
8.358,1.2723114478296165
8.3585,0.4294333878403128
8.359,-0.22693639227378518
8.3595,-0.45712581386537887
8.36,-0.3777766270518226
8.3605,-0.3893051454353344
8.361,-0.7255232458285578
8.3615,-1.1188982607074471
8.362,-1.0660079391232733
8.3625,-0.44427014902809153
8.363,0.2864196206313134
8.3635,0.60267111619714
8.364,0.502977885932394
8.3645,0.3524066636885727
8.365,0.2165094629009111
8.3655,-0.27823235909921684
8.366,-1.245960270261383
8.3665,-2.0024952275758556
8.367,-1.61833151808701
8.3675,-0.029522406751845053
8.368,1.6689385122114107
8.368500000000001,2.1806903243764726
8.369,1.1896346252431762
8.3695,-0.4439536647618591
8.370000000000001,-1.5328708415649135
8.3705,-1.5020374955911318
8.371,-0.6228063338407455
8.371500000000001,0.4047742952244246
8.372,0.9882933313515274
8.3725,0.8996426072863007
8.373,0.22436931471510374
8.3735,-0.7587071225141738
8.374,-1.6133075323492434
8.3745,-1.8478604056790005
8.375,-1.2087416643166848
8.3755,0.08325894178480332
8.376,1.4475712882954244
8.3765,2.3136849099046577
8.377,2.419251891055199
8.3775,1.8562950368726876
8.378,0.9267029939869607
8.3785,-0.020425010957460753
8.379,-0.6836236147875094
8.3795,-0.9015092940049447
8.38,-0.7557550735531019
8.3805,-0.5325674126195284
8.381,-0.49412527859088323
8.3815,-0.6829693202328099
8.382,-0.9426100648561672
8.3825,-1.056661617520872
8.383000000000001,-0.8728595885169269
8.3835,-0.4173647507863287
8.384,0.0766697417166226
8.384500000000001,0.3718482548936121
8.385,0.4898453864361517
8.3855,0.6528590712086972
8.386000000000001,0.9456428026758648
8.3865,1.177063362426652
8.387,1.109021913252067
8.3875,0.6967235532526254
8.388,0.09735293040458866
8.3885,-0.41470495768957694
8.389,-0.5598664412132071
8.3895,-0.2794867420692294
8.39,0.12206721929581192
8.3905,0.24016409431338426
8.391,0.025707425808658344
8.3915,-0.15322203458136593
8.392,0.05381818153250483
8.3925,0.5879219629714149
8.393,1.059845510412315
8.3935,1.1345733688959683
8.394,0.7923947230735892
8.3945,0.2631543163278659
8.395,-0.22305804671402218
8.3955,-0.5744703093708713
8.396,-0.7543206719611358
8.3965,-0.671512691508826
8.397,-0.24622708461445675
8.3975,0.42213264476571216
8.398,0.9905552409323799
8.3985,1.0030001809161984
8.399000000000001,0.1789938362989655
8.3995,-1.26584346597587
8.4,-2.559930813681266
8.400500000000001,-2.8518996720621663
8.401,-1.9440618775270053
8.4015,-0.5037724511582609
8.402000000000001,0.5514657125580826
8.4025,0.8332872761856653
8.403,0.6333132276390482
8.4035,0.44964857779976736
8.404,0.5066544520197015
8.4045,0.6962650898431082
8.405,0.8198171879563159
8.4055,0.7659808417377107
8.406,0.48049286411376163
8.4065,-0.07916711669171257
8.407,-0.8099827347457832
8.4075,-1.3269395332467278
8.408,-1.1785754307680447
8.4085,-0.3390857271981557
8.409,0.6000469363135285
8.4095,0.8717883718600645
8.41,0.1904428098688403
8.4105,-1.0279368916648433
8.411,-1.994198263462359
8.4115,-2.0427692172856884
8.412,-0.9967972246819831
8.4125,0.6832477774094496
8.413,2.100971598383807
8.4135,2.531396143627727
8.414,2.016324505905348
8.4145,1.3083781521198292
8.415000000000001,1.1342777959046817
8.4155,1.5282122709834707
8.416,1.8911793559923438
8.416500000000001,1.6214665525413778
8.417,0.662960752065377
8.4175,-0.47725252040463273
8.418000000000001,-1.1878080132071502
8.4185,-1.2429206015536371
8.419,-0.8771822710004185
8.4195,-0.46394857649294535
8.42,-0.22910147636453002
8.4205,-0.24459276547943753
8.421,-0.497078198623207
8.4215,-0.8199786109880339
8.422,-0.8498364796695289
8.4225,-0.2581058237749561
8.423,0.8718666390792553
8.4235,1.9404185016113495
8.424,2.178923822790844
8.4245,1.1983142782377947
8.425,-0.6530186614054304
8.4255,-2.3934811741378543
8.426,-3.0012555180252565
8.4265,-2.1415983577761626
8.427,-0.44562918522864364
8.4275,0.9388971051456139
8.428,1.1985643309249527
8.4285,0.4393479359056503
8.429,-0.48850873671966427
8.4295,-0.8077359134594744
8.43,-0.5163159511803911
8.4305,-0.2657077833100012
8.431000000000001,-0.5712609759674525
8.4315,-1.2362039885175318
8.432,-1.5843559581215596
8.432500000000001,-1.179882299477916
8.433,-0.23686874255132578
8.4335,0.6500560669729931
8.434000000000001,1.0735012608082746
8.4345,1.0782420204354488
8.435,0.9489038244133238
8.4355,0.8471247551650103
8.436,0.7011499337766522
8.4365,0.4027439306022118
8.437,0.02196794922954659
8.4375,-0.2102555522883078
8.438,-0.12295460029503986
8.4385,0.18144877136944976
8.439,0.36247816355731216
8.4395,0.19034100221804687
8.44,-0.13131972782144247
8.4405,-0.12841877343407399
8.441,0.3886330375027573
8.4415,1.0328331972515994
8.442,1.1990140877702136
8.4425,0.698114915869501
8.443,-0.01932421915903816
8.4435,-0.30634246148445765
8.444,0.01502003602926091
8.4445,0.4739642992771545
8.445,0.4607356427422693
8.445500000000001,-0.10981693053666784
8.446,-0.6632651156853248
8.4465,-0.5179882667692483
8.447000000000001,0.35828996168930316
8.4475,1.154460556644577
8.448,0.9614664099371797
8.448500000000001,-0.16479027509725866
8.449,-1.0775206087603468
8.4495,-0.745695484710956
8.45,0.5070157154479891
8.4505,1.2978127867886853
8.451,0.7414873336975084
8.4515,-0.5957324029300224
8.452,-1.4154608451606117
8.4525,-1.1049149595537606
8.453,-0.21402167830475033
8.4535,0.33058130314104706
8.454,0.16135052480117343
8.4545,-0.4110504495136051
8.455,-0.8837823878861012
8.4555,-0.942353519918949
8.456,-0.5313970664556198
8.4565,0.17788874147621117
8.457,0.8691588605177425
8.4575,1.271889860937168
8.458,1.3235134910197182
8.4585,1.1188423669568721
8.459,0.7571413523968218
8.4595,0.3144688143299215
8.46,-0.10137744030529298
8.4605,-0.3817830057663991
8.461,-0.49412269420374216
8.461500000000001,-0.48985322395184805
8.462,-0.4796056982410122
8.4625,-0.6152195332630727
8.463000000000001,-0.9965059901189697
8.4635,-1.5070704929608818
8.464,-1.8023051946290287
8.464500000000001,-1.5857983829776552
8.465,-0.9094179956339189
8.4655,-0.10646814608372349
8.466,0.589582511304437
8.4665,1.237494210462572
8.467,1.915654351532482
8.4675,2.3817860940001707
8.468,2.212650185253836
8.4685,1.2950475283943688
8.469,0.007427635113391766
8.4695,-1.1330821244098397
8.47,-1.8544218937787964
8.4705,-2.1118565006687193
8.471,-1.8810339671610847
8.4715,-1.1729697811440554
8.472,-0.2408187331160347
8.4725,0.43021743019681435
8.473,0.5154892311725738
8.4735,0.20551210294620653
8.474,0.034921645096559185
8.4745,0.3565962823002995
8.475,1.0659464016256994
8.4755,1.775840951688238
8.476,2.1215213172860947
8.4765,1.9433919771098642
8.477,1.3522234557335755
8.477500000000001,0.6547303351107638
8.478,0.11161934410299487
8.4785,-0.2716195123445878
8.479000000000001,-0.6772224608148952
8.4795,-1.1999121135402209
8.48,-1.6621676828097451
8.480500000000001,-1.7200634474052934
8.481,-1.204044276198408
8.4815,-0.3762103531694059
8.482,0.24002201673742898
8.4825,0.34688333267289434
8.483,0.09482598073970419
8.4835,-0.2319020768231804
8.484,-0.5741219731783225
8.4845,-0.9805794204342698
8.485,-1.2684977908253887
8.4855,-1.0601681644160255
8.486,-0.23169988700064204
8.4865,0.7874768680819207
8.487,1.2950588983430817
8.4875,0.9513162187962432
8.488,0.11582504419385284
8.4885,-0.46750761292125237
8.489,-0.2983958340641666
8.4895,0.5368019505065172
8.49,1.5109131125882085
8.4905,2.046199997530181
8.491,1.8632820139255468
8.4915,1.1606991469170873
8.492,0.5307513446701203
8.4925,0.5489362341932139
8.493,1.263220802762349
8.493500000000001,2.080248876651849
8.494,2.24507556433675
8.4945,1.4557571583708588
8.495000000000001,0.02353884920068859
8.4955,-1.4393191846865632
8.496,-2.3707031331146378
8.496500000000001,-2.435653859302937
8.497,-1.6911482395873527
8.4975,-0.7183004984598066
8.498,-0.32270814215346644
8.4985,-0.7741874154256387
8.499,-1.396007823190633
8.4995,-1.1944697641149387
8.5,0.03249489239916967
8.5005,1.3709175983356887
8.501,1.654705041855016
8.5015,0.6087092750520864
8.502,-0.8953783499385243
8.5025,-1.697310702905348
8.503,-1.4278612874420793
8.5035,-0.7208120551953867
8.504,-0.4215656048626937
8.5045,-0.7278442493329375
8.505,-1.149981049717909
8.5055,-1.1608757732596608
8.506,-0.7242401811894117
8.5065,-0.2049918338593508
8.507,0.10673466639197685
8.5075,0.27239284796891544
8.508000000000001,0.4796322047013596
8.5085,0.6543542863720974
8.509,0.5037749309019193
8.509500000000001,-0.01758435270298852
8.51,-0.5029131880200561
8.5105,-0.49019783575046333
8.511000000000001,0.06694014590074572
8.5115,0.8024807041464046
8.512,1.260365611968926
8.5125,1.1795041193598914
8.513,0.6777101698920857
8.5135,0.24418864224151798
8.514,0.3819448792529826
8.5145,1.1542924116796434
8.515,2.1075870112165624
8.5155,2.5836593047885237
8.516,2.0963056003448512
8.5165,0.6293256949274577
8.517,-1.2281746415387882
8.5175,-2.5361186313955
8.518,-2.6165762775753274
8.5185,-1.54414282837314
8.519,-0.09313340709158238
8.5195,0.8164029737593
8.52,0.7780823699211873
8.5205,0.1430350905557623
8.521,-0.399502624372514
8.5215,-0.4635728193593361
8.522,-0.13622398899538257
8.5225,0.3361825518198187
8.523,0.7779970695742708
8.5235,1.0292543939737748
8.524000000000001,0.9159171620332807
8.5245,0.4016569875771794
8.525,-0.2835260457562032
8.525500000000001,-0.7370099804728869
8.526,-0.6627353341836372
8.5265,-0.12195144705561883
8.527000000000001,0.4637635426381429
8.5275,0.607411603654829
8.528,0.15973746652462542
8.5285,-0.5191818070210983
8.529,-0.8339373319726535
8.5295,-0.48023540090580163
8.53,0.26551778445171864
8.5305,0.8015152198010982
8.531,0.7864504802915431
8.5315,0.45445346792242175
8.532,0.2804588805892405
8.5325,0.38305261761481435
8.533,0.42065896907585254
8.5335,0.09275018445673397
8.534,-0.42332536435461515
8.5345,-0.628073820386235
8.535,-0.25006872747651876
8.5355,0.4078329901476908
8.536,0.7145664737702045
8.5365,0.3328386728775448
8.537,-0.4581223634726776
8.5375,-1.1143144885026988
8.538,-1.4097131989438485
8.5385,-1.5404514356074672
8.539,-1.7154072270460334
8.5395,-1.8488024679613395
8.540000000000001,-1.695176400386817
8.5405,-1.104295790013984
8.541,-0.07878028530228126
8.541500000000001,1.2060394217787251
8.542,2.2954405280909187
8.5425,2.5733843024358674
8.543000000000001,1.7589717559964577
8.5435,0.2722189760859603
8.544,-1.044176894327031
8.5445,-1.5773426340501013
8.545,-1.310503682700963
8.5455,-0.6865964711901335
8.546,-0.22217028876303171
8.5465,-0.1499519192051893
8.547,-0.2730053813422147
8.5475,-0.1472339301091415
8.548,0.4936512027342855
8.5485,1.4150668836978795
8.549,1.993054984062013
8.5495,1.712069173135839
8.55,0.6178958265164697
8.5505,-0.6714147115277138
8.551,-1.394937097173045
8.5515,-1.1456669922919116
8.552,-0.05600576363706752
8.5525,1.3582687286234656
8.553,2.4632397884560904
8.5535,2.756838439719754
8.554,2.1231828265148813
8.5545,0.9706334134902538
8.555,0.00463152724917152
8.5555,-0.3289897284307577
8.556000000000001,-0.23341573097085414
8.5565,-0.31249289655493023
8.557,-0.8722014911635497
8.557500000000001,-1.5241436960448582
8.558,-1.5786980027215163
8.5585,-0.8351437907785461
8.559000000000001,0.12239901697621666
8.5595,0.4846759792801949
8.56,0.011273278047827559
8.5605,-0.8096704583670148
8.561,-1.3367332276118116
8.5615,-1.383359818088492
8.562,-1.242657169998882
8.5625,-1.240323246118468
8.563,-1.364675744843087
8.5635,-1.2970355076555564
8.564,-0.7366471018810701
8.5645,0.2650924395879792
8.565,1.214751934339125
8.5655,1.4654626606239747
8.566,0.7509169031001666
8.5665,-0.476085875808524
8.567,-1.294472398011135
8.5675,-1.0174216123924902
8.568,0.28703293055183
8.5685,1.920106007817574
8.569,3.0949407265927205
8.5695,3.3334521460462687
8.57,2.5463827273121837
8.570500000000001,1.0433875256274183
8.571,-0.4703173499306342
8.5715,-1.1719579266773235
8.572000000000001,-0.6958179138050066
8.5725,0.4763856860610683
8.573,1.3025973765225656
8.573500000000001,1.031377472228187
8.574,-0.132329374571123
8.5745,-1.2349438947615021
8.575000000000001,-1.48203266191129
8.5755,-0.9137014524403585
8.576,-0.20750279807102198
8.5765,0.055625314374097
8.577,-0.13979106026929863
8.5775,-0.4073855301850553
8.578,-0.4434292991599082
8.5785,-0.29358800069396473
8.579,-0.19132757516040727
8.5795,-0.23876423078177117
8.58,-0.3351219114502364
8.5805,-0.39435330868685803
8.581,-0.4736406397060751
8.5815,-0.5927511992259236
8.582,-0.5775934435405619
8.5825,-0.26131499357637095
8.583,0.25036710546022994
8.5835,0.6973005162822049
8.584,0.9829814837770582
8.5845,1.172225947695386
8.585,1.1865747395571666
8.5855,0.7463905996200617
8.586,-0.23019926570436228
8.586500000000001,-1.2782185354935565
8.587,-1.6466200383022984
8.5875,-1.0021511411223951
8.588000000000001,0.195074190152329
8.5885,1.1104476236802976
8.589,1.3099359314518142
8.589500000000001,1.0483978962918534
8.59,0.821646912504951
8.5905,0.7832723886409295
8.591,0.7073067709899973
8.5915,0.42608228988196895
8.592,0.08744128416716694
8.5925,-0.08022860124480827
8.593,-0.09818660215525318
8.5935,-0.21116678482223894
8.594,-0.5836390079094322
8.5945,-1.0859471825885556
8.595,-1.3693922244444834
8.5955,-1.1748128748432494
8.596,-0.6178182022899216
8.5965,-0.1253115191528777
8.597,-0.016926149738989524
8.5975,-0.19170089389901881
8.598,-0.2999738312778314
8.5985,-0.17256008174998233
8.599,0.010740254046276328
8.5995,-0.042400574830650725
8.6,-0.39826838840020246
8.6005,-0.7848608831202745
8.601,-0.7951864590005245
8.6015,-0.2696727402768266
8.602,0.4507512095144643
8.602500000000001,0.735776197135624
8.603,0.30703303973978635
8.6035,-0.31920787447742643
8.604000000000001,-0.2294980024656928
8.6045,0.9171040888201438
8.605,2.416363062093714
8.605500000000001,3.137416761309014
8.606,2.564044864017455
8.6065,1.136927531417872
8.607,-0.3220615215914822
8.6075,-1.2837295614232456
8.608,-1.626910618110972
8.6085,-1.4553741431325844
8.609,-1.0469600353485806
8.6095,-0.7722695579302283
8.61,-0.7872458752308286
8.6105,-0.8663193361897084
8.611,-0.6802197676163859
8.6115,-0.14949898623793975
8.612,0.5645812661960349
8.6125,1.2401792036023653
8.613,1.5906402114870157
8.6135,1.257194327377574
8.614,0.11000935798897152
8.6145,-1.4287624670068708
8.615,-2.5635153286029766
8.6155,-2.7177577680631635
8.616,-1.9259898823852293
8.6165,-0.688513693581825
8.617,0.4511352512369978
8.6175,1.1901782959079337
8.618,1.4934260879196959
8.618500000000001,1.489015594705323
8.619,1.3288067879423957
8.6195,1.0499200165195535
8.620000000000001,0.5517100914814327
8.6205,-0.202775725891009
8.621,-0.9276859984685691
8.621500000000001,-1.0858709875973456
8.622,-0.36956779749551283
8.6225,0.8994469745389315
8.623,1.9363176904065196
8.6235,2.088275955128356
8.624,1.3274301007625626
8.6245,0.29189974356518983
8.625,-0.16638566241160718
8.6255,0.3099117565681614
8.626,1.2018046187687645
8.6265,1.5548148538819546
8.627,0.9131972298746033
8.6275,-0.21839785806496886
8.628,-0.8905444673435567
8.6285,-0.6580158863653618
8.629,0.04864173127310108
8.6295,0.5043450335043553
8.63,0.48443750421910764
8.6305,0.2958831396213291
8.631,0.14524202054229662
8.6315,-0.14527676810887677
8.632,-0.708634027292606
8.6325,-1.2816239767568747
8.633000000000001,-1.5242370866654174
8.6335,-1.4826101907456546
8.634,-1.4920529433556002
8.634500000000001,-1.7058142808026024
8.635,-1.8888030565970255
8.6355,-1.6509380866167647
8.636000000000001,-0.8160334093030673
8.6365,0.36807663766717885
8.637,1.313209391907187
8.637500000000001,1.464935613705294
8.638,0.7273337319221462
8.6385,-0.42461253070899885
8.639,-1.2603799337207873
8.6395,-1.2856560065130371
8.64,-0.5409801562691157
8.6405,0.4965995564990955
8.641,1.289623168659151
8.6415,1.5459238324590794
8.642,1.266180684707696
8.6425,0.6777073651390125
8.643,0.15872071615431155
8.6435,0.01626931117105036
8.644,0.17668883215804304
8.6445,0.21704980469198976
8.645,-0.13343280578864244
8.6455,-0.6110125363421379
8.646,-0.7171457786898835
8.6465,-0.36451585807674847
8.647,-0.022462525980356245
8.6475,-0.1503481308125457
8.648,-0.6244947011319548
8.6485,-0.8533690233627885
8.649000000000001,-0.41870530710309456
8.6495,0.4986110396334815
8.65,1.3133687838044017
8.650500000000001,1.5522491425457092
8.651,1.1718972245031058
8.6515,0.4983942543802182
8.652000000000001,-0.04685978177665216
8.6525,-0.21427584892901252
8.653,-0.04538303943873931
8.6535,0.21986742030343012
8.654,0.39111412855791694
8.6545,0.5118610694911098
8.655,0.7499310670214976
8.6555,1.0643384025484248
8.656,1.0829199373278067
8.6565,0.497520459991006
8.657,-0.4115230535933775
8.6575,-0.8895745621931561
8.658,-0.5137089890733888
8.6585,0.26035626043622867
8.659,0.5586166583609417
8.6595,0.059980512138316275
8.66,-0.65907830727261
8.6605,-0.8064162013872439
8.661,-0.2840117232480051
8.6615,0.23723693627887088
8.662,0.12540673407635006
8.6625,-0.5331283886179887
8.663,-1.1325078858112705
8.6635,-1.2300065537812312
8.664,-0.8856896516306854
8.6645,-0.4697825415494091
8.665000000000001,-0.3195372807527682
8.6655,-0.5242141244092596
8.666,-0.8935301141964749
8.666500000000001,-1.1301530682875331
8.667,-1.0719649888260268
8.6675,-0.724450431593553
8.668000000000001,-0.09322094393797399
8.6685,0.8258777006368725
8.669,1.8116222653548542
8.6695,2.3556936320833053
8.67,2.0438066006880673
8.6705,1.0079124042914442
8.671,-0.09668434144554267
8.6715,-0.6055595548157148
8.672,-0.35059378377812456
8.6725,0.28182933720746073
8.673,0.7262087412407602
8.6735,0.6845274179565582
8.674,0.28921879622056884
8.6745,-0.09312821325019657
8.675,-0.19940086119181308
8.6755,-0.04528730440540009
8.676,0.18056245086621484
8.6765,0.319518982624488
8.677,0.28821982118382683
8.6775,0.006595300706434572
8.678,-0.55089555718861
8.6785,-1.205783659037397
8.679,-1.6084048042701153
8.6795,-1.4902490500707193
8.68,-0.8504510065136631
8.6805,0.08454368648496445
8.681000000000001,0.9885711380415532
8.6815,1.5151684682854512
8.682,1.3991709847484806
8.682500000000001,0.6440126901724998
8.683,-0.369387349773437
8.6835,-1.0512566497717029
8.684000000000001,-0.9721404017435896
8.6845,-0.14484614323491948
8.685,0.9830444689441622
8.6855,1.8108063497896398
8.686,1.95176066846612
8.6865,1.424942753949574
8.687,0.5390532054314049
8.6875,-0.35313393692062034
8.688,-0.950783235893911
8.6885,-0.9986281301150702
8.689,-0.44251383816861195
8.6895,0.3298783077260804
8.69,0.5922724907017296
8.6905,-0.14471693374627168
8.691,-1.585033897878301
8.6915,-2.750500740577617
8.692,-2.7411720338961887
8.6925,-1.4391374438223834
8.693,0.4883533814050565
8.6935,2.117129798200597
8.694,2.7221695086275517
8.6945,2.0053558653081307
8.695,0.29064218347622234
8.695500000000001,-1.48317507201845
8.696,-2.3158287594497677
8.6965,-1.925664138284983
8.697000000000001,-0.9131450428178879
8.6975,-0.08563594188976038
8.698,0.26222720034716057
8.698500000000001,0.36790319686511863
8.699,0.5488922378464043
8.6995,0.9184519957953065
8.700000000000001,1.3961692053462265
8.7005,1.7729616720878103
8.701,1.787489241353265
8.7015,1.3065324169370311
8.702,0.5048899643859996
8.7025,-0.18688608325973202
8.703,-0.3939183114334871
8.7035,-0.09756219960627446
8.704,0.3619132091546866
8.7045,0.5712286690429027
8.705,0.34202455796258496
8.7055,-0.20032872534969554
8.706,-0.7204838123345367
8.7065,-0.8677141785766265
8.707,-0.5074667971187308
8.7075,0.12158681514675677
8.708,0.5222633779069321
8.7085,0.35935260490169385
8.709,-0.1572278625968201
8.7095,-0.39687921059203063
8.71,0.06125176902288308
8.7105,0.9157535070093236
8.711,1.3303594951561526
8.711500000000001,0.6828894124438366
8.712,-0.8561476112992625
8.7125,-2.461976511895368
8.713000000000001,-3.289797426505175
8.7135,-2.9730671100883104
8.714,-1.7440244021510134
8.714500000000001,-0.318229629850382
8.715,0.48210258395937183
8.7155,0.35776873728608943
8.716,-0.15566321627198085
8.7165,-0.26433738424248954
8.717,0.12472967773307174
8.7175,0.2847718481652364
8.718,-0.3433629950901804
8.7185,-1.2951490932764804
8.719,-1.4953564097448058
8.7195,-0.4474094365167978
8.72,1.2203307852598604
8.7205,2.3818695646450423
8.721,2.406234519009525
8.7215,1.5298085062100553
8.722,0.4614629654778592
8.7225,-0.23099326414726756
8.723,-0.4153528368052838
8.7235,-0.2547542756103133
8.724,0.10433725978763453
8.7245,0.6578990148068545
8.725,1.366076434669968
8.7255,1.9347528895463997
8.726,1.9404837883018522
8.7265,1.2984448147762182
8.727,0.5258853764049819
8.727500000000001,0.31189972375338243
8.728,0.7410586769098476
8.7285,1.1139601000077153
8.729000000000001,0.7033682165145465
8.7295,-0.3947876421921551
8.73,-1.3564443767162917
8.730500000000001,-1.5548533598788252
8.731,-1.1659311918113502
8.7315,-0.7840339539350443
8.732,-0.6749065530764755
8.7325,-0.62473213708964
8.733,-0.4115634642018441
8.7335,-0.1367515960603308
8.734,-0.013839160835730868
8.7345,-0.05093711788753779
8.735,-0.13038218874562796
8.7355,-0.2786057661966252
8.736,-0.6039664260302482
8.7365,-0.9482086608123779
8.737,-0.8376056215250386
8.7375,0.016173022329845146
8.738,1.2069098069018265
8.7385,1.835700303535797
8.739,1.3654562366619223
8.7395,0.21650184233137348
8.74,-0.6174758867445175
8.7405,-0.5343612661691595
8.741,0.1934777144522849
8.7415,0.8415125668015043
8.742,0.9478891982512203
8.7425,0.5921157958099592
8.743,0.16518957693148234
8.743500000000001,-0.03242001415507747
8.744,-0.06395303310048858
8.7445,-0.2884833589803009
8.745000000000001,-0.949230045811573
8.7455,-1.7986285967959
8.746,-2.201201176492991
8.746500000000001,-1.6816151274804632
8.747,-0.40619427382117385
8.7475,0.8765368747507268
8.748,1.4134541936691358
8.7485,1.0327550552398814
8.749,0.2085680551293294
8.7495,-0.43043281213428397
8.75,-0.6495311258640973
8.7505,-0.69462533612495
8.751,-0.8957805898721573
8.7515,-1.2508736512077365
8.752,-1.4359203037856882
8.7525,-1.1994525574184025
8.753,-0.6736166460778301
8.7535,-0.23966390064673937
8.754,-0.08853165093418944
8.7545,0.019136656325706852
8.755,0.47611942527572365
8.7555,1.3092477444497748
8.756,2.017807609659595
8.7565,2.0114808614087676
8.757,1.2314105550672014
8.7575,0.2870697631239401
8.758000000000001,-0.10233360884869189
8.7585,0.190929761862293
8.759,0.6381046281981883
8.759500000000001,0.7059902450842929
8.76,0.45360656559911355
8.7605,0.3834978306602802
8.761000000000001,0.7789200068734657
8.7615,1.3388866136636222
8.762,1.5099854099037673
8.762500000000001,1.0996648777614175
8.763,0.4677412850937718
8.7635,0.07616797978473945
8.764,-0.09156113367153199
8.7645,-0.5271562389462976
8.765,-1.5403567316474027
8.7655,-2.7037026281182075
8.766,-3.101231326005669
8.7665,-2.1557798054429025
8.767,-0.19361336627453085
8.7675,1.7428773181132673
8.768,2.62034250795806
8.7685,2.1201777580215144
8.769,0.826939032075403
8.7695,-0.27671269556463485
8.77,-0.6395702666488339
8.7705,-0.5127839965682839
8.771,-0.4623145695253432
8.7715,-0.6461462234259112
8.772,-0.7842101645521392
8.7725,-0.7507492889719978
8.773,-0.8379939295996344
8.7735,-1.2779260102226844
8.774000000000001,-1.7319446737254516
8.7745,-1.546869068351846
8.775,-0.5358207171488948
8.775500000000001,0.7002639809851763
8.776,1.3516324425557922
8.7765,1.2092651600275468
8.777000000000001,0.7808462091225193
8.7775,0.6533260622701136
8.778,0.8884185024789999
8.7785,1.0783139220454194
8.779,0.8614393778285648
8.7795,0.2635738270380645
8.78,-0.4076176263372217
8.7805,-0.8505181190970434
8.781,-0.9506789634512861
8.7815,-0.842004887076443
8.782,-0.821436113990004
8.7825,-1.009146700879761
8.783,-1.038146747243645
8.7835,-0.3440653922165695
8.784,1.064963141284821
8.7845,2.350008990094414
8.785,2.619671241187096
8.7855,1.8808761389638375
8.786,0.9751595568158041
8.7865,0.6008367601802466
8.787,0.6555162753069631
8.7875,0.6120680087947257
8.788,0.2846927831098691
8.7885,-0.024091675439580452
8.789,-0.057179743127702576
8.7895,-0.011222415278225175
8.790000000000001,-0.29912987776394534
8.7905,-1.0045400582251367
8.791,-1.6621481666332014
8.791500000000001,-1.6134055810093064
8.792,-0.6619297483001292
8.7925,0.596840535385548
8.793000000000001,1.2263466130299896
8.7935,0.8142652152741003
8.794,-0.18393351099625202
8.7945,-0.9807066134133076
8.795,-1.1953252565780117
8.7955,-0.9912650161362521
8.796,-0.6422762758043893
8.7965,-0.19862459822413625
8.797,0.37233755978904315
8.7975,0.896124457211222
8.798,1.029281119582085
8.7985,0.6317117940376095
8.799,0.024628253626091525
8.7995,-0.2498044594432273
8.8,0.025408879741584112
8.8005,0.5108063015659116
8.801,0.6529885734707767
8.8015,0.18180094355720566
8.802,-0.7287127705246655
8.8025,-1.6582771906822336
8.803,-2.2144014820667017
8.8035,-2.1825867859808774
8.804,-1.5623183814418056
8.8045,-0.5687975084700096
8.805,0.42826912852473853
8.8055,1.0972923877854217
8.806000000000001,1.340974469716164
8.8065,1.2589029505062632
8.807,0.9200690048114493
8.807500000000001,0.2871965893976812
8.808,-0.5696355987526575
8.8085,-1.30119012390687
8.809000000000001,-1.477967768615694
8.8095,-0.9605700182852407
8.81,-0.006289538573775108
8.8105,0.9366768234651599
8.811,1.4841278535102855
8.8115,1.4945771744870986
8.812,1.1450936569089383
8.8125,0.7843886450294485
8.813,0.6003110907128388
8.8135,0.460960743089422
8.814,0.16304740386449182
8.8145,-0.21898953239826568
8.815,-0.38269864231675055
8.8155,-0.2344206346495884
8.816,-0.11898562939535004
8.8165,-0.45036655843002377
8.817,-1.1536577123093386
8.8175,-1.6274866087386572
8.818,-1.3190745340375116
8.8185,-0.2921860542744758
8.819,0.8117354482668707
8.8195,1.3489036946752433
8.82,1.1648107423281617
8.820500000000001,0.5778771474929983
8.821,0.05062703887437374
8.8215,-0.07232261265299499
8.822000000000001,0.2975792349360188
8.8225,0.9134669618180502
8.823,1.3000129879936522
8.823500000000001,1.1053536619599535
8.824,0.4077470432013263
8.8245,-0.3428904222936286
8.825000000000001,-0.6780632217436623
8.8255,-0.42105622822538186
8.826,0.242546527333162
8.8265,0.885267894390198
8.827,1.0445049518067642
8.8275,0.4702955835536767
8.828,-0.6533184647075994
8.8285,-1.7101541557075188
8.829,-2.0418091342199465
8.8295,-1.4754097655327831
8.83,-0.4235865708017903
8.8305,0.5681433229637946
8.831,1.2522903842936943
8.8315,1.6321608252676527
8.832,1.7010035617235548
8.8325,1.3990855760102936
8.833,0.7402169704089593
8.8335,-0.13027676262699678
8.834,-0.9236362308062512
8.8345,-1.2200379347532266
8.835,-0.714232567804732
8.8355,0.3592133283631114
8.836,1.1715433931264312
8.836500000000001,0.9205877320966185
8.837,-0.3920500396359928
8.8375,-1.8354901516767603
8.838000000000001,-2.2953058193433655
8.8385,-1.4704853875583757
8.839,-0.15986907144119364
8.839500000000001,0.5253039443909732
8.84,0.23274283308416752
8.8405,-0.43881678791927203
8.841,-0.7311212245759224
8.8415,-0.4666322757649168
8.842,0.0019456350240390366
8.8425,0.2864144426745556
8.843,0.24614243896123475
8.8435,-0.06586602304912492
8.844,-0.5279974664622388
8.8445,-0.9629357961192655
8.845,-1.1005814889989856
8.8455,-0.6804105555982586
8.846,0.2654008398829728
8.8465,1.226582673716479
8.847,1.468460943854734
8.8475,0.6539404713746043
8.848,-0.729897843251105
8.8485,-1.6592193617785114
8.849,-1.4082803544591598
8.8495,-0.14850220072500653
8.85,1.24642761498371
8.8505,1.9343298199748613
8.851,1.6889915399632554
8.8515,0.9307335999884964
8.852,0.30811104295979513
8.852500000000001,0.2229533337432972
8.853,0.6407433036674264
8.8535,1.2135986602102256
8.854000000000001,1.4983000997364802
8.8545,1.1601590025516568
8.855,0.20339926454317933
8.855500000000001,-0.9157627601210124
8.856,-1.5564210942041565
8.8565,-1.4123817841575974
8.857,-0.7553025191090762
8.8575,-0.1260590447295082
8.858,0.17518550409745762
8.8585,0.25170932242998434
8.859,0.33232623778436376
8.8595,0.4505775789528252
8.86,0.42139517609848054
8.8605,0.05812166905659585
8.861,-0.640613025284416
8.8615,-1.4949016931420407
8.862,-2.2561165605895215
8.8625,-2.6622392538443953
8.863,-2.460029084938652
8.8635,-1.5441808293288695
8.864,-0.14325215475892625
8.8645,1.2302372914742639
8.865,2.1225949559195496
8.8655,2.4342266764745473
8.866,2.351472521782087
8.8665,2.0568032773691987
8.867,1.603758137472417
8.8675,1.0281310560083106
8.868,0.4281203294308142
8.868500000000001,-0.09036428344919901
8.869,-0.43117168142886425
8.8695,-0.46007919491535115
8.870000000000001,-0.09842977740686265
8.8705,0.4540182818080815
8.871,0.7328614466519324
8.871500000000001,0.4024702627374128
8.872,-0.40882150250105204
8.8725,-1.2595552804525554
8.873,-1.8010821562421842
8.8735,-1.9171579770867657
8.874,-1.5584057274830931
8.8745,-0.6823339944295328
8.875,0.5365282659177127
8.8755,1.572006547449535
8.876,1.827495977073109
8.8765,1.1579993622158513
8.877,0.10601746645433184
8.8775,-0.48302823605093226
8.878,-0.22687271652852145
8.8785,0.38017906793388523
8.879,0.42809757679198435
8.8795,-0.48344475049042995
8.88,-1.8103711742384287
8.8805,-2.504851526515595
8.881,-1.8417682811459548
8.8815,0.043348336808608785
8.882,2.208953521390076
8.8825,3.4724389724216342
8.883000000000001,3.1435327669984976
8.8835,1.468062617037578
8.884,-0.544155394451915
8.884500000000001,-1.8405212598369622
8.885,-2.058913688231175
8.8855,-1.6154736982814726
8.886000000000001,-1.07060176159073
8.8865,-0.515529653231407
8.887,0.292333879307573
8.887500000000001,1.296956532910503
8.888,1.9192578369550655
8.8885,1.573176930473829
8.889,0.3016646498975375
8.8895,-1.1658913216322246
8.89,-1.9332435393445262
8.8905,-1.5429596256755402
8.891,-0.2707774849776343
8.8915,1.0248062938393356
8.892,1.4427175791360054
8.8925,0.6673415962261006
8.893,-0.798536641169089
8.8935,-2.026370803853224
8.894,-2.348197879567251
8.8945,-1.7571798438210582
8.895,-0.7663767744369356
8.8955,0.055480843454492446
8.896,0.46759749604630985
8.8965,0.5955840524851193
8.897,0.6640474663133844
8.8975,0.7175673507582442
8.898,0.6025983353215226
8.8985,0.20365034962881784
8.899000000000001,-0.3232847759563108
8.8995,-0.5888786348557463
8.9,-0.30308829246472296
8.900500000000001,0.4113536281424639
8.901,1.0837103263627217
8.9015,1.301210430434409
8.902000000000001,1.0346989022879107
8.9025,0.5697064819010083
8.903,0.1784707100157101
8.9035,-0.07361139140229461
8.904,-0.20774037600612896
8.9045,-0.13404945295566167
8.905,0.2950287531924842
8.9055,1.0108057336514569
8.906,1.6036275122588683
8.9065,1.5905253593061561
8.907,0.8726557413028022
8.9075,-0.08680856278939614
8.908,-0.617567806926386
8.9085,-0.43733678464824893
8.909,0.11154553247983437
8.9095,0.4261140494115671
8.91,0.2094696273283223
8.9105,-0.31887292164500775
8.911,-0.7053866135664331
8.9115,-0.7211643166113515
8.912,-0.5666416236635494
8.9125,-0.6029151694054152
8.913,-0.8514999443883214
8.9135,-0.8739794193591306
8.914,-0.2982165290550365
8.9145,0.6143161983612236
8.915000000000001,1.1429789341120749
8.9155,0.8719278418622413
8.916,0.11611649525793018
8.916500000000001,-0.4601015906492063
8.917,-0.5078772041166595
8.9175,-0.20292544668188803
8.918000000000001,0.06944142851782092
8.9185,0.06514582299567827
8.919,-0.2488581796690211
8.9195,-0.7731729064063775
8.92,-1.2915416527985009
8.9205,-1.4823058174969785
8.921,-1.1096106291386845
8.9215,-0.3090475345734333
8.922,0.3936204499397912
8.9225,0.48260604994085216
8.923,-0.058689429979104736
8.9235,-0.6557326108994026
8.924,-0.6013703577459568
8.9245,0.30434401639274117
8.925,1.5249636293114965
8.9255,2.183973965709901
8.926,1.7206046345630517
8.9265,0.30102120317252895
8.927,-1.2539752905670092
8.9275,-1.9908934452842149
8.928,-1.5004074755296695
8.9285,-0.23702140335766647
8.929,0.8484684617441478
8.9295,1.0899191683834761
8.93,0.5974892583798629
8.9305,0.016838298452031254
8.931000000000001,-0.16065003125392036
8.9315,-0.02091512966087794
8.932,-0.0004943394789920464
8.932500000000001,-0.32679443180573536
8.933,-0.7295531664558276
8.9335,-0.7003543437318805
8.934000000000001,-0.049089962253651545
8.9345,0.7990853907829664
8.935,1.1338549245484804
8.9355,0.6402806122029989
8.936,-0.2868263153228545
8.9365,-0.9389415912098878
8.937,-0.9657335893121716
8.9375,-0.6146843907463799
8.938,-0.3294160320018781
8.9385,-0.21397437109100964
8.939,-0.005332528471787713
8.9395,0.4605374767744787
8.94,0.9494489066547203
8.9405,1.1043934780778468
8.941,0.8861419664400967
8.9415,0.562884705930355
8.942,0.3270129039659538
8.9425,0.13416683402999813
8.943,-0.0735445792469124
8.9435,-0.21734248433245243
8.944,-0.2522170768221802
8.9445,-0.276511066522299
8.945,-0.2801572329705914
8.945500000000001,0.045358564373151715
8.946,0.9249524134572857
8.9465,1.9507494428513
8.947000000000001,2.261821021637964
8.9475,1.432354355447214
8.948,0.005296352100180748
8.948500000000001,-0.9879321164687865
8.949,-0.9591477931955864
8.9495,-0.1879166750435377
8.950000000000001,0.5516756066422145
8.9505,0.698892171212253
8.951,0.3028099485341447
8.9515,-0.18203137689825413
8.952,-0.42648204301808174
8.9525,-0.5109821261729915
8.953,-0.6888236315139804
8.9535,-0.9753880322165615
8.954,-1.104077735698432
8.9545,-0.8730192453638155
8.955,-0.3898522083711057
8.9555,0.06199937598293943
8.956,0.26761487684977864
8.9565,0.1451538643672256
8.957,-0.2782380371838485
8.9575,-0.8243930676806456
8.958,-1.1711873022558994
8.9585,-1.0610194697458855
8.959,-0.5636044512083842
8.9595,-0.08228992464049635
8.96,-0.04432530241602073
8.9605,-0.5519853135219397
8.961,-1.2626808046633942
8.961500000000001,-1.550899129723141
8.962,-0.91604603638368
8.9625,0.5244337444502537
8.963000000000001,1.89562423386237
8.9635,2.1368715188014904
8.964,0.947852102169742
8.964500000000001,-0.8038385484358904
8.965,-1.752781704743539
8.9655,-1.2236885927655767
8.966,0.234803831719408
8.9665,1.4553916247574075
8.967,1.6895756215471236
8.9675,1.0926548546616708
8.968,0.3949344417587254
8.9685,0.20396550081936327
8.969,0.5382878989262984
8.9695,0.9219939500328909
8.97,0.8866104881833482
8.9705,0.39313628238713033
8.971,-0.18125252051781093
8.9715,-0.42415106707537786
8.972,-0.2671739585823778
8.9725,-0.017559691100499087
8.973,-0.015791851155771284
8.9735,-0.2711667909637487
8.974,-0.46992463680341123
8.9745,-0.3392402498131055
8.975,0.04289046375926715
8.9755,0.292127774599301
8.976,0.030651837961739217
8.9765,-0.7842167368691348
8.977,-1.7319852499040458
8.977500000000001,-2.159492804819752
8.978,-1.689032464936992
8.9785,-0.558936383955723
8.979000000000001,0.5852229336076111
8.9795,1.2303739255361845
8.98,1.2951091175254366
8.980500000000001,1.0147644433888254
8.981,0.7281334964702274
8.9815,0.7513857094616637
8.982,1.2157030606561865
8.9825,1.9014055746347513
8.983,2.335607799848664
8.9835,2.164196123659246
8.984,1.4376949795476406
8.9845,0.5424434780816938
8.985,-0.12677531010860724
8.9855,-0.4704155295653235
8.986,-0.7237511612065795
8.9865,-1.1737244226960961
8.987,-1.7746096614725069
8.9875,-2.0551364216524366
8.988,-1.536986203417967
8.9885,-0.3790481895066588
8.989,0.4895983434880148
8.9895,0.17613281655216648
8.99,-1.1322058284044259
8.9905,-2.173351462608361
8.991,-1.864814494648357
8.9915,-0.44751743566196744
8.992,0.7925659921837508
8.9925,0.9134613736862046
8.993,0.28285266803322506
8.993500000000001,0.0724073527513785
8.994,0.8389688554914602
8.9945,1.8025435448477714
8.995000000000001,1.718254456458802
8.9955,0.378531167448491
8.996,-1.0674264179727115
8.996500000000001,-1.414815181052052
8.997,-0.7626787373128269
8.9975,-0.3026881588025623
8.998,-0.8491513462812423
8.9985,-1.8776073073481967
8.999,-2.116813065846998
8.9995,-0.9361375984580881
9.0,0.07788419157035542
9.0005,0.18086320948708925
9.001,0.16707076105711915
9.0015,0.06754831790068179
9.002,-0.027192219517080982
9.0025,-0.04845254764497813
9.003,0.0034786837508957143
9.0035,0.08106057710096778
9.004,0.1422321063876286
9.0045,0.17345433614914796
9.005,0.17277121088904612
9.0055,0.13454574112140155
9.006,0.06014948328670691
9.0065,-0.03046422920827339
9.007,-0.11107130814104027
9.0075,-0.16690213112727845
9.008000000000001,-0.19138957139836077
9.0085,-0.17619004387630227
9.009,-0.1210549037589182
9.009500000000001,-0.04931845000477552
9.01,0.0024635412164107553
9.0105,0.013989079501919481
9.011000000000001,-0.003744796000254965
9.0115,-0.021344738567342945
9.012,-0.017050893592711634
9.012500000000001,0.006832337479881394
9.013,0.029783927810061075
9.0135,0.03430276020117114
9.014,0.022513298417721823
9.0145,0.013430461249466428
9.015,0.023529861745451054
9.0155,0.04892703661740387
9.016,0.06813395050199421
9.0165,0.06449119596696994
9.017,0.0445342210840209
9.0175,0.03084501651477263
9.018,0.03602142205094875
9.0185,0.046638271106882526
9.019,0.0366295060271315
9.0195,-0.003293030725570809
9.02,-0.05378233254171501
9.0205,-0.08670841021878453
9.021,-0.09275759777367268
9.0215,-0.08447865849045917
9.022,-0.07376524077049137
9.0225,-0.053320301096163765
9.023,-0.006489720788425772
9.0235,0.06283615542102325
9.024000000000001,0.11604540616643372
9.0245,0.10968621973160692
9.025,0.04788464722893468
9.025500000000001,-0.007360744954077767
9.026,0.0037197224352017886
9.0265,0.07001577275557862
9.027000000000001,0.11561168629356777
9.0275,0.0769928450237885
9.028,-0.03416788863778448
9.0285,-0.14388386570939626
9.029,-0.1818862673479058
9.0295,-0.13721676295026952
9.03,-0.06066266424315545
9.0305,-0.015786977571520203
9.031,-0.02167707533776976
9.0315,-0.04092542733273052
9.032,-0.024496499976944468
9.0325,0.033054905391495824
9.033,0.085297792106251
9.0335,0.08184417939378677
9.034,0.02377727271755317
9.0345,-0.03322998609115151
9.035,-0.03557814376919277
9.0355,0.011632495799714117
9.036,0.05181703634135851
9.0365,0.03891574872020157
9.037,-0.01775103823146374
9.0375,-0.07100703868714855
9.038,-0.08548153426835634
9.0385,-0.0631668929618182
9.039,-0.0284382556507123
9.0395,0.000429205626059896
9.040000000000001,0.021644732669298786
9.0405,0.0384740595733412
9.041,0.04890201063131163
9.041500000000001,0.05090273940659952
9.042,0.0487113485001493
9.0425,0.04549442662823628
9.043000000000001,0.03514317994722627
9.0435,0.009773609646132699
9.044,-0.0261179974936941
9.0445,-0.05540119441448447
9.045,-0.06388621863510026
9.0455,-0.053401444176237226
9.046,-0.037443091156401404
9.0465,-0.02562955006118215
9.047,-0.016331228233436274
9.0475,-0.0051586685757898515
9.048,0.004315642483318099
9.0485,0.0034640997331675787
9.049,-0.007506963169836738
9.0495,-0.013214597569546033
9.05,0.002100078411375942
9.0505,0.031212359027750245
9.051,0.04615841083802566
9.0515,0.036213912030292394
9.052,0.03369731538551245
9.0525,0.07623655450573785
9.053,0.14176540543568344
9.0535,0.15286290763353771
9.054,0.0662366784451284
9.0545,-0.06172383157098295
9.055,-0.12497324175534108
9.0555,-0.07821216217739053
9.056000000000001,0.022003195490016704
9.0565,0.08236827936709923
9.057,0.058370501077545545
9.057500000000001,-0.024441100883698125
9.058,-0.10909892585692404
9.0585,-0.1529538218483258
9.059000000000001,-0.1472414668061461
9.0595,-0.10672276748454264
9.06,-0.044968907459315616
9.0605,0.034299232451610144
9.061,0.1170018794134041
9.0615,0.16325264300426945
9.062,0.13364763192623688
9.0625,0.03540974376456297
9.063,-0.07007008824333577
9.0635,-0.11653372557876067
9.064,-0.09266208357668147
9.0645,-0.05100170040563301
9.065,-0.05331622083045615
9.0655,-0.10598489954851588
9.066,-0.15325691481041198
9.0665,-0.13566407709822462
9.067,-0.05146059665485894
9.0675,0.04110729306993197
9.068,0.07954071763611173
9.0685,0.053587332018632965
9.069,0.007871735813705389
9.0695,-0.00811621820840701
9.07,0.01397709138653603
9.070500000000001,0.04726133688551834
9.071,0.06768327225476291
9.0715,0.0703432458930896
9.072000000000001,0.056137004085515765
9.0725,0.02586506240553324
9.073,-0.007641840669082716
9.073500000000001,-0.0188703452006383
9.074,0.0065108849818287864
9.0745,0.04944062395788012
9.075000000000001,0.06704753955840473
9.0755,0.03250316147015778
9.076,-0.032725518144620096
9.0765,-0.07457072626279986
9.077,-0.06072839242818868
9.0775,-0.01382595648870042
9.078,0.01581527184186194
9.0785,0.0037575981859889855
9.079,-0.03184632240129649
9.0795,-0.060890940363568374
9.08,-0.0727332098745108
9.0805,-0.07608846594804607
9.081,-0.082410237270586
9.0815,-0.09372555170807721
9.082,-0.0971351020260054
9.0825,-0.07296681412088413
9.083,-0.02156666276734998
9.0835,0.02206868717699975
9.084,0.02021063894196517
9.0845,-0.017844860548276505
9.085,-0.036339065419213654
9.0855,0.005821141583759017
9.086,0.08456380282338731
9.086500000000001,0.13166962925948505
9.087,0.1024833539863536
9.0875,0.018573747345782078
9.088000000000001,-0.05180206803738026
9.0885,-0.05244684770458288
9.089,0.016373543732044953
9.089500000000001,0.10502392196319406
9.09,0.16047572685404046
9.0905,0.16408359018650268
9.091,0.13232056851975246
9.0915,0.09334222021541994
9.092,0.06456817340281008
9.0925,0.042193792577994695
9.093,0.00726381797254305
9.0935,-0.05101644166073098
9.094,-0.1137389264647144
9.0945,-0.13956803415510552
9.095,-0.09945925173976293
9.0955,-0.005806939447111793
9.096,0.09182361676142176
9.0965,0.14021298465341103
9.097,0.11660425158729264
9.0975,0.03760334942104647
9.098,-0.057124489636252634
9.0985,-0.12592074962820818
9.099,-0.13834648098401814
9.0995,-0.08604016319144281
9.1,0.005560959300200394
9.1005,0.07922236337740746
9.101,0.07791760564146197
9.1015,-0.006605146805605287
9.102,-0.11507228728111263
9.102500000000001,-0.16395128016715155
9.103,-0.11905947877865566
9.1035,-0.026198052148715432
9.104000000000001,0.034621146389732065
9.1045,0.024930024181724256
9.105,-0.021506914474198148
9.105500000000001,-0.039215198897507034
9.106,0.0003467553455162326
9.1065,0.05881978312553719
9.107,0.06897958740908762
9.1075,0.00462252934460225
9.108,-0.09016128864625146
9.1085,-0.14713437641517024
9.109,-0.14623211280718926
9.1095,-0.13209672160248762
9.11,-0.15776551346277676
9.1105,-0.22149165455186612
9.111,-0.2650689618926475
9.1115,-0.23171294462702646
9.112,-0.12267588199443602
9.1125,0.002433438342744511
9.113,0.0801207878046941
9.1135,0.09591641025529625
9.114,0.08216689536624913
9.1145,0.07211704845521648
9.115,0.07108507115196054
9.1155,0.07180399686510963
9.116,0.07618970810117187
9.1165,0.0873241246799707
9.117,0.09205901047253683
9.1175,0.07168607198506434
9.118,0.03127830029213012
9.118500000000001,0.003692099651597989
9.119,0.016531202321952584
9.1195,0.06242230736225013
9.120000000000001,0.10904621303474597
9.1205,0.1332738920934786
9.121,0.1361818762791614
9.121500000000001,0.12563538807240743
9.122,0.09876661217837945
9.1225,0.055163976655457435
9.123,0.01919678526121528
9.1235,0.024703065293042475
9.124,0.06884155761983902
9.1245,0.10004358334870359
9.125,0.07038778816869885
9.1255,-0.005610064353367927
9.126,-0.06033328268874539
9.1265,-0.04413738942189198
9.127,0.01961029335591493
9.1275,0.05302037121920092
9.128,-0.0032271246921628874
9.1285,-0.1323536643392943
9.129,-0.25317797215656945
9.1295,-0.2890868550298261
9.13,-0.2297556190493535
9.1305,-0.13133492631236976
9.131,-0.06170195450646755
9.1315,-0.04633185598433739
9.132,-0.059652523557532186
9.1325,-0.057699899670491786
9.133000000000001,-0.017716556085613667
9.1335,0.04381917528889254
9.134,0.08401980787802887
9.134500000000001,0.06772708003129188
9.135,-0.0015329531079580532
9.1355,-0.0786668656852014
9.136000000000001,-0.10778848157967222
9.1365,-0.06535627306910659
9.137,0.01987735536361152
9.137500000000001,0.09056878585910218
9.138,0.10884680470582693
9.1385,0.08327481600025963
9.139,0.049877147984688425
9.1395,0.02980733946760493
9.14,0.009910640123015804
9.1405,-0.03276215628100492
9.141,-0.09094036928155727
9.1415,-0.11925874448271388
9.142,-0.07286449312273263
9.1425,0.04085155027055818
9.143,0.14889969844514456
9.1435,0.16339198128565452
9.144,0.06206102809559437
9.1445,-0.07874989433328605
9.145,-0.14213894089604076
9.1455,-0.07365569245901185
9.146,0.0677611233402513
9.1465,0.16332282859671277
9.147,0.14342760071453423
9.1475,0.044355934289380755
9.148,-0.042278231875297966
9.1485,-0.06693252659250541
9.149000000000001,-0.05875758504060238
9.1495,-0.06907807563169442
9.15,-0.09838604478539859
9.150500000000001,-0.09914821606606714
9.151,-0.048427143040889443
9.1515,0.008308477404660217
9.152000000000001,0.005646046803951565
9.1525,-0.05940789535672496
9.153,-0.11793504129724
9.1535,-0.10852239484674966
9.154,-0.04934514728647525
9.1545,-0.01613924830273249
9.155,-0.05373548274812531
9.1555,-0.12476029377050041
9.156,-0.15121709351368506
9.1565,-0.09764557208282706
9.157,-0.004180444187706852
9.1575,0.05898446474768974
9.158,0.06075811647553019
9.1585,0.03202480862168113
9.159,0.026609367911053332
9.1595,0.06574523383213784
9.16,0.12118427195670405
9.1605,0.14563096032587153
9.161,0.11280008226944409
9.1615,0.034037558982625754
9.162,-0.04949261789346001
9.1625,-0.09007201266738173
9.163,-0.06575495286598206
9.1635,-0.0013703982422110794
9.164,0.04720573833328982
9.1645,0.0390442909588831
9.165000000000001,-0.014815552774334752
9.1655,-0.05686687314614666
9.166,-0.031486843164321654
9.166500000000001,0.06053682626044961
9.167,0.15355397080022687
9.1675,0.17199365190045462
9.168000000000001,0.10085468666016303
9.1685,0.00042516703481708645
9.169,-0.05294884218019281
9.1695,-0.04022573975611403
9.17,-0.010330376610852336
9.1705,-0.019207964624511797
9.171,-0.06719870620489891
9.1715,-0.10419985089719452
9.172,-0.09282922074791342
9.1725,-0.0526188072068955
9.173,-0.033251981378021336
9.1735,-0.053717947042812235
9.174,-0.0825829782704421
9.1745,-0.07500645011102124
9.175,-0.01626367810963656
9.1755,0.06696685843407907
9.176,0.12280758646275906
9.1765,0.10441799740533868
9.177,0.005042787654610188
9.1775,-0.12635934001970522
9.178,-0.21364603440690288
9.1785,-0.20958568543930295
9.179,-0.12691728649252912
9.1795,-0.016815659192530513
9.18,0.07400657358712481
9.1805,0.12087892546114637
9.181000000000001,0.1105420157054479
9.1815,0.037655807724061
9.182,-0.07584291499456386
9.182500000000001,-0.17199900274934773
9.183,-0.1941677425712225
9.1835,-0.14008678531624594
9.184000000000001,-0.06044331208801468
9.1845,0.0013405109835677347
9.185,0.04755200456028534
9.1855,0.09294260378752334
9.186,0.11622643709474074
9.1865,0.07714135201655577
9.187,-0.016397164392943118
9.1875,-0.08764649527587806
9.188,-0.06118791912197273
9.1885,0.05172781255101491
9.189,0.1558867184544608
9.1895,0.16423220946729516
9.19,0.07894438841538609
9.1905,-0.01941950966660055
9.191,-0.05213244448137215
9.1915,-0.008497303704792939
9.192,0.055038623593488954
9.1925,0.0701908969352972
9.193,0.014702917306650748
9.1935,-0.07265980845040707
9.194,-0.12634101853298263
9.1945,-0.105893339994174
9.195,-0.025832285406786983
9.195500000000001,0.05632446267128864
9.196,0.08370021228360557
9.1965,0.04272272693761853
9.197000000000001,-0.027545566981807004
9.1975,-0.0669613369601198
9.198,-0.04260915521587312
9.198500000000001,0.02591053937674767
9.199,0.08649852394854338
9.1995,0.10002921891222585
9.200000000000001,0.06756079933173656
9.2005,0.017612948916261906
9.201,-0.027383255832315035
9.2015,-0.06846407427684091
9.202,-0.11327542290430895
9.2025,-0.1488428419527988
9.203,-0.14707029020988122
9.2035,-0.10313075906000889
9.204,-0.05171809567889429
9.2045,-0.030529418407917674
9.205,-0.03877727114506062
9.2055,-0.04897722904800944
9.206,-0.05257930946212217
9.2065,-0.07094418450492199
9.207,-0.11419409228129201
9.2075,-0.14703574481414752
9.208,-0.1165788000703281
9.2085,-0.017878331410248343
9.209,0.0815426376075404
9.2095,0.09871743919017563
9.21,0.0218986501172028
9.2105,-0.06809736703598344
9.211,-0.0733023783001039
9.211500000000001,0.023904323937827855
9.212,0.1428317188348749
9.2125,0.18254993096238636
9.213000000000001,0.1139547303099251
9.2135,-0.001062483971787138
9.214,-0.07094598099029772
9.214500000000001,-0.05410228083376807
9.215,0.010386103499978946
9.2155,0.04399720773744579
9.216000000000001,0.004924483082196248
9.2165,-0.07336115500093365
9.217,-0.12075188845906522
9.2175,-0.10416920020513
9.218,-0.05453184450975729
9.2185,-0.020575453121484746
9.219,-0.010060873229770593
9.2195,0.009872416308530115
9.22,0.05996559558038249
9.2205,0.11598485026198117
9.221,0.1370806855009205
9.2215,0.11522165549997614
9.222,0.08155631496368838
9.2225,0.0657286985190916
9.223,0.06359976008050412
9.2235,0.04916678755026915
9.224,0.005904672789435022
9.2245,-0.05961802901721515
9.225,-0.12392242569881282
9.2255,-0.15817203110740188
9.226,-0.1421013276894418
9.2265,-0.0800476416816609
9.227,-0.008041051454023073
9.227500000000001,0.022821715874168612
9.228,-0.014672346060390784
9.2285,-0.0934984081887831
9.229000000000001,-0.14725070649908142
9.2295,-0.12350092755715204
9.23,-0.02506963518988327
9.230500000000001,0.09445862763766844
9.231,0.16652519898359966
9.2315,0.14753254517047368
9.232,0.04826279293074986
9.2325,-0.06576070577374847
9.233,-0.11770234750141526
9.2335,-0.07988347253037638
9.234,0.004815922873300014
9.2345,0.062134868312918375
9.235,0.047533931824715554
9.2355,-0.0248714149363784
9.236,-0.10172912465863629
9.2365,-0.13329099901518265
9.237,-0.10706641497429638
9.2375,-0.052707812488708754
9.238,-0.014964865330699592
9.2385,-0.013869425031755173
9.239,-0.026559465333602122
9.2395,-0.010380638480420517
9.24,0.05048218586156768
9.2405,0.11857667787723251
9.241,0.12761105420556254
9.2415,0.04224538094509511
9.242,-0.10063714941359723
9.2425,-0.21321034383417156
9.243,-0.22726338842821456
9.243500000000001,-0.14906945248152081
9.244,-0.04653247228397828
9.2445,0.015549801305012309
9.245000000000001,0.026761676704755363
9.2455,0.021085116994540784
9.246,0.022580785720871306
9.246500000000001,0.013339437234856037
9.247,-0.0337826028765984
9.2475,-0.09968346355527703
9.248,-0.12239202679211277
9.2485,-0.06667954138019201
9.249,0.027468229900904036
9.2495,0.08247641855084105
9.25,0.061542092647700365
9.2505,-0.003148592935555962
9.251,-0.05304462917840363
9.2515,-0.0558464449319197
9.252,-0.01491557294176787
9.2525,0.0510649588098698
9.253,0.11974690242135293
9.2535,0.1654788620944203
9.254,0.16878801353192918
9.2545,0.13354988673466586
9.255,0.08941092608701032
9.2555,0.06883370607504878
9.256,0.07599691688303728
9.2565,0.07938800686275432
9.257,0.04143822552077404
9.2575,-0.042098630000815124
9.258000000000001,-0.13486861327994962
9.2585,-0.19055348973561811
9.259,-0.18636180509456918
9.259500000000001,-0.13007169974383295
9.26,-0.04646868141705901
9.2605,0.0356454398776803
9.261000000000001,0.08787011204244655
9.2615,0.08574160410248395
9.262,0.020690507041010074
9.262500000000001,-0.08404643270911522
9.263,-0.17552276613256584
9.2635,-0.2041550216701729
9.264,-0.1608062177082887
9.2645,-0.07752376623745177
9.265,0.004227412938081791
9.2655,0.0589489310346949
9.266,0.08013080765147543
9.2665,0.0730326501768317
9.267,0.044429484552503506
9.2675,-0.006338016248341951
9.268,-0.08148532477928287
9.2685,-0.1635624784947171
9.269,-0.20781891074391398
9.2695,-0.17236401226850698
9.27,-0.06193019658332913
9.2705,0.06629610251299586
9.271,0.14547194053624618
9.2715,0.14543654182391058
9.272,0.08122581782439353
9.2725,-0.010687454703344361
9.273,-0.09692908583163563
9.2735,-0.15332816392252616
9.274000000000001,-0.1599216897597164
9.2745,-0.10611295076932122
9.275,-0.009037921125326448
9.275500000000001,0.08344126179264874
9.276,0.12492057479139856
9.2765,0.10906568985427954
9.277000000000001,0.07039998823051667
9.2775,0.047139248276499804
9.278,0.047906969358986716
9.278500000000001,0.05413793523148227
9.279,0.04735523649886254
9.2795,0.026133182419035166
9.28,-0.0014754774440647739
9.2805,-0.030682903294591897
9.281,-0.06138341675730832
9.2815,-0.09473759497016053
9.282,-0.13086775031835166
9.2825,-0.16427734906373703
9.283,-0.18196732794246542
9.2835,-0.1716988299098868
9.284,-0.13256268883990804
9.2845,-0.07672720388101005
9.285,-0.0228894053543806
9.2855,0.015299774906275505
9.286,0.041018373897949975
9.2865,0.0723402249088401
9.287,0.12208729987714524
9.2875,0.18057699668263993
9.288,0.22009574060502204
9.2885,0.2122212685306639
9.289,0.1437551199418661
9.2895,0.03154157525387146
9.290000000000001,-0.072005352555099
9.2905,-0.10696761130453572
9.291,-0.06020204168888506
9.291500000000001,0.013021290832299422
9.292,0.03722960926861164
9.2925,-0.012299744728136254
9.293000000000001,-0.09192880319124541
9.2935,-0.13730865040567583
9.294,-0.12147590461767627
9.2945,-0.07148611613559991
9.295,-0.038167854853849506
9.2955,-0.04979317639643821
9.296,-0.08891053495418946
9.2965,-0.11195047730716977
9.297,-0.09201176602101654
9.2975,-0.04351404236952105
9.298,-0.007879606433228187
9.2985,-0.014870564993878324
9.299,-0.05335436933943438
9.2995,-0.08084930287921943
9.3,-0.06631835132132412
9.3005,-0.01982371295348848
9.301,0.02409705000113031
9.3015,0.042991157733402535
9.302,0.03721951369063535
9.3025,0.01447602408990649
9.303,-0.017221830000537706
9.3035,-0.03919054374699107
9.304,-0.024557795596141786
9.3045,0.031640427273722585
9.305,0.09135577565597555
9.3055,0.10184834625016104
9.306000000000001,0.05079772234790731
9.3065,-0.016947812027339262
9.307,-0.043380018454286844
9.307500000000001,-0.01348886695607104
9.308,0.034702300816857316
9.3085,0.05045327966293985
9.309000000000001,0.015478097839773233
9.3095,-0.04683515443564877
9.31,-0.09589934178145211
9.3105,-0.1026182809042184
9.311,-0.06319556075994169
9.3115,0.0015807643494391167
9.312,0.056939941624251866
9.3125,0.07192170826892377
9.313,0.03718987991633339
9.3135,-0.029932215008143366
9.314,-0.09908944050019707
9.3145,-0.14596274901570544
9.315,-0.15826543465265175
9.3155,-0.13216943604299958
9.316,-0.07660161768586121
9.3165,-0.020379556128013905
9.317,0.0028161165552874263
9.3175,-0.011131919356551567
9.318,-0.026574044267552326
9.3185,-0.008157309827320902
9.319,0.02965930811604208
9.3195,0.027746300842905657
9.32,-0.054287046929987356
9.320500000000001,-0.1818413634905187
9.321,-0.25905585875602166
9.3215,-0.2092175637809865
9.322000000000001,-0.050824050152059694
9.3225,0.10896925450439839
9.323,0.1673364369469941
9.323500000000001,0.11661657217565821
9.324,0.04033548184188144
9.3245,0.023920054019809657
9.325000000000001,0.08054173573084127
9.3255,0.16061943996030617
9.326,0.20958116346593106
9.3265,0.2018643308485447
9.327,0.13651797727545006
9.3275,0.02988887955369138
9.328,-0.07928999346334427
9.3285,-0.13737847773977385
9.329,-0.11332283010725205
9.3295,-0.03639232411498056
9.33,0.017499881345152065
9.3305,-0.003925520019160212
9.331,-0.07102556052297153
9.3315,-0.09810163301270598
9.332,-0.03438786373019202
9.3325,0.07891829027275621
9.333,0.149431450125387
9.3335,0.12468452288568421
9.334,0.033507301932431115
9.3345,-0.05538980085625585
9.335,-0.0960953841183869
9.3355,-0.0861011278498134
9.336,-0.05065925335207395
9.336500000000001,-0.024046616150549947
9.337,-0.032844809210905726
9.3375,-0.07761116756914474
9.338000000000001,-0.1277318096578182
9.3385,-0.14276259967578556
9.339,-0.10792912643568836
9.339500000000001,-0.050933259824009654
9.34,-0.018445312162278724
9.3405,-0.032332063949148705
9.341000000000001,-0.06983754161462724
9.3415,-0.0872904495516717
9.342,-0.06511268577333716
9.3425,-0.030580006767147828
9.343,-0.030984466354074994
9.3435,-0.08182533686688048
9.344,-0.14787219646221647
9.3445,-0.17723027846971898
9.345,-0.14679019635911414
9.3455,-0.07315128246064583
9.346,0.009346220481173832
9.3465,0.07099283080914683
9.347,0.09262324566646331
9.3475,0.06578700835204093
9.348,-0.001561498827085242
9.3485,-0.08149848353345522
9.349,-0.13686926284908288
9.3495,-0.14143231454780186
9.35,-0.09342462118473013
9.3505,-0.015313993357353707
9.351,0.059004681861844516
9.3515,0.10577961199196852
9.352,0.12618936112495688
9.352500000000001,0.135833186135534
9.353,0.13958249658371188
9.3535,0.12536912619224944
9.354000000000001,0.08423963585721765
9.3545,0.026314952769394356
9.355,-0.027737744015025163
9.355500000000001,-0.06242956434930881
9.356,-0.06978982875801182
9.3565,-0.04710405403214924
9.357,-0.004437256193364747
9.3575,0.030287070391293906
9.358,0.02787637421491247
9.3585,-0.014495077046669897
9.359,-0.06474296236196116
9.3595,-0.07758459254039558
9.36,-0.030360229224072666
9.3605,0.05365468064350001
9.361,0.11752188671396442
9.3615,0.11639204950818631
9.362,0.05590993039336574
9.3625,-0.017355977477498508
9.363,-0.060064563050233964
9.3635,-0.06068253764294487
9.364,-0.032961116612332995
9.3645,0.000474139992139134
9.365,0.014718687221144201
9.3655,-0.010012551087904772
9.366,-0.07131828908680535
9.3665,-0.13554787297485757
9.367,-0.1575920096423729
9.3675,-0.11887684917426566
9.368,-0.04596652407840738
9.368500000000001,0.0133696505924621
9.369,0.03623159722520056
9.3695,0.0448325740068492
9.370000000000001,0.07284868939182737
9.3705,0.11002200727975057
9.371,0.09740440555261368
9.371500000000001,-0.004036765199454704
9.372,-0.14859642932327063
9.3725,-0.2331031163872006
9.373,-0.1951041976140176
9.3735,-0.07361179611427826
9.374,0.031066428710545758
9.3745,0.051455987362947035
9.375,0.006213781406179949
9.3755,-0.03234442281974193
9.376,-0.017538519718142617
9.3765,0.02565348993364233
9.377,0.03399918118200855
9.3775,-0.01735036937030325
9.378,-0.08250877752086472
9.3785,-0.09766339695519115
9.379,-0.05666523297501677
9.3795,-0.014623610035635708
9.38,-0.015023759692859786
9.3805,-0.036283963768073864
9.381,-0.02713465766379782
9.3815,0.018442900732632456
9.382,0.044972662016092846
9.3825,-0.0014631379983380361
9.383000000000001,-0.10473105070841361
9.3835,-0.18227438973183263
9.384,-0.16119235352440558
9.384500000000001,-0.05138277805869529
9.385,0.060468395501525746
9.3855,0.09271377306794569
9.386000000000001,0.042612827758225606
9.3865,-0.021268315432413767
9.387,-0.03139257058471094
9.387500000000001,0.01950360177134787
9.388,0.07974436158446603
9.3885,0.08428097909465283
9.389,0.004658698984019091
9.3895,-0.12452075337143198
9.39,-0.22012942040571676
9.3905,-0.20956891922869983
9.391,-0.0967710270721261
9.3915,0.03359656617345475
9.392,0.09165862545487792
9.3925,0.05959588275386522
9.393,-0.011618859115393097
9.3935,-0.06476532630302148
9.394,-0.07566010002798723
9.3945,-0.04397797038916802
9.395,0.019194127269537183
9.3955,0.08159188632308803
9.396,0.09272811827625307
9.3965,0.026787020301459075
9.397,-0.07815582442645957
9.3975,-0.1443587099606795
9.398,-0.12298736988057815
9.3985,-0.031022483792203976
9.399000000000001,0.07231209098722716
9.3995,0.13113941413364077
9.4,0.12300112317745016
9.400500000000001,0.06700456255540058
9.401,0.01096187015094486
9.4015,-0.0009811800867770637
9.402000000000001,0.037155695421240205
9.4025,0.0854281714317312
9.403,0.08937400826913235
9.403500000000001,0.028729098452285756
9.404,-0.058268571359429804
9.4045,-0.10188523452814044
9.405,-0.061887402333233456
9.4055,0.03353128791729536
9.406,0.11131867021653938
9.4065,0.11578590708283984
9.407,0.04804100949301341
9.4075,-0.04775638626855012
9.408,-0.12711955933791066
9.4085,-0.17328388845310666
9.409,-0.19103121360862144
9.4095,-0.18458317885339787
9.41,-0.15154411161144302
9.4105,-0.09801984419458243
9.411,-0.04702268232198225
9.4115,-0.02268443412710392
9.412,-0.029467765636109547
9.4125,-0.04953544156802479
9.413,-0.05578828672359763
9.4135,-0.029210805255325233
9.414,0.025190488764559316
9.4145,0.07510863390537748
9.415000000000001,0.0816891695722968
9.4155,0.03174030695395259
9.416,-0.04935716759366089
9.416500000000001,-0.11694143162628425
9.417,-0.13857126108339793
9.4175,-0.10879689805356331
9.418000000000001,-0.04069862864957663
9.4185,0.04522969112965385
9.419,0.11820144096735263
9.4195,0.13722010846813354
9.42,0.07890765783083838
9.4205,-0.027067109522959446
9.421,-0.1065136128784621
9.4215,-0.10155693565904904
9.422,-0.025720951983577357
9.4225,0.04615312762880501
9.423,0.04748265205743113
9.4235,-0.017162327469896366
9.424,-0.07914606927694456
9.4245,-0.07716727275366818
9.425,-0.01757098899311814
9.4255,0.03821598430332898
9.426,0.03595597601532007
9.4265,-0.028870408745755555
9.427,-0.11789264200895985
9.4275,-0.1825231528286166
9.428,-0.19228882111259576
9.4285,-0.14578906572290054
9.429,-0.06320330715675491
9.4295,0.03001204043965172
9.43,0.11165820680283424
9.4305,0.15851209998104798
9.431000000000001,0.1452473688064317
9.4315,0.06290241347529822
9.432,-0.05536804331678187
9.432500000000001,-0.13770781346931657
9.433,-0.12294196233909335
9.4335,-0.018699632991158944
9.434000000000001,0.09439436993178388
9.4345,0.12852655843702937
9.435,0.06554016989778565
9.4355,-0.030040927184472228
9.436,-0.0724094672286117
9.4365,-0.028663316056805384
9.437,0.061101729257862655
9.4375,0.12638556180602384
9.438,0.12327095500726921
9.4385,0.05637487809868427
9.439,-0.03767705253096065
9.4395,-0.11445571466260085
9.44,-0.13710762046274375
9.4405,-0.09447352783108244
9.441,-0.021049316526516596
9.4415,0.014765431995303856
9.442,-0.03287611034613967
9.4425,-0.1381476200043374
9.443,-0.22102783276250357
9.4435,-0.2159505197467289
9.444,-0.12416353187223239
9.4445,-0.011120474474631962
9.445,0.04177157238104425
9.445500000000001,-0.0004107603611631528
9.446,-0.09462739015261422
9.4465,-0.15419260096119422
9.447000000000001,-0.12416365776419055
9.4475,-0.024582213278732366
9.448,0.07734509632398714
9.448500000000001,0.12911026040735687
9.449,0.12685789311253273
9.4495,0.09910050902733784
9.450000000000001,0.06663018154814027
9.4505,0.023362375111340115
9.451,-0.039721136254490856
9.4515,-0.0985133773768678
9.452,-0.10516816035335887
9.4525,-0.04605618830525074
9.453,0.02663046738561395
9.4535,0.045469571676639974
9.454,0.00687245640313211
9.4545,-0.021876719118687857
9.455,0.020565525103293344
9.4555,0.11815594492299658
9.456,0.18741762199984785
9.4565,0.1554720030632842
9.457,0.03100224091335075
9.4575,-0.09947682774771527
9.458,-0.1501401466265178
9.4585,-0.11134851310539046
9.459,-0.04268346721942519
9.4595,0.0007953086178144261
9.46,0.016144734133182882
9.4605,0.026981107121682724
9.461,0.03692658418176711
9.461500000000001,0.02614339332420154
9.462,-0.017205627389187718
9.4625,-0.07882412232597467
9.463000000000001,-0.12991935533007068
9.4635,-0.14775679679296094
9.464,-0.12850593120229797
9.464500000000001,-0.09240767726543263
9.465,-0.07585488346897583
9.4655,-0.10109137047521384
9.466000000000001,-0.14343277891626502
9.4665,-0.1413664085394811
9.467,-0.05846858612257338
9.4675,0.06388255207707842
9.468,0.13090145345271195
9.4685,0.08066026503558203
9.469,-0.0573409330309574
9.4695,-0.18919481252406142
9.47,-0.2328132015853602
9.4705,-0.16951935279694139
9.471,-0.042096925459433714
9.4715,0.08045202984890379
9.472,0.1438395473380879
9.4725,0.1343427460224151
9.473,0.07461431292381526
9.4735,-0.0024090044553983832
9.474,-0.0713974101267214
9.4745,-0.112098518748518
9.475,-0.10622897585802
9.4755,-0.048333133858205105
9.476,0.042017388352547744
9.4765,0.12484588769076599
9.477,0.1627607924054793
9.477500000000001,0.14506883484676414
9.478,0.09157624707970674
9.4785,0.03463705332213118
9.479000000000001,-0.001075814479325773
9.4795,-0.00824926886563229
9.48,0.001423831041722088
9.480500000000001,0.004205381773650452
9.481,-0.016366966936209194
9.4815,-0.05128138719074912
9.482,-0.07246916393063571
9.4825,-0.06218847379319458
9.483,-0.03391122338386731
9.4835,-0.021251632729708536
9.484,-0.04548386766233385
9.4845,-0.09324671702814076
9.485,-0.12672016296052285
9.4855,-0.1169431057641814
9.486,-0.06727354640110497
9.4865,-0.007152620195621488
9.487,0.031202544982977986
9.4875,0.031244959071038823
9.488,-0.00226332030957126
9.4885,-0.04940574961643859
9.489,-0.08860619452813623
9.4895,-0.1061854753339858
9.49,-0.09458782906811763
9.4905,-0.05028610582515191
9.491,0.014990345895119637
9.4915,0.06442376116647751
9.492,0.05810158057495022
9.4925,-0.0017670327910436316
9.493,-0.05791426154598815
9.493500000000001,-0.04769333781464641
9.494,0.031056510246926385
9.4945,0.11078446168938898
9.495000000000001,0.11422450478250276
9.4955,0.023767391109910063
9.496,-0.10378178158546789
9.496500000000001,-0.18372717465970317
9.497,-0.16630901992117328
9.4975,-0.06762526967688387
9.498,0.04699359203294878
9.4985,0.10996701480545351
9.499,0.0969672927535131
9.4995,0.03987630733328709
9.5,-0.004390209625689926
9.5005,-0.002912874147811898
9.501,0.031564328038104626
9.5015,0.06147078826262179
9.502,0.05946914674372407
9.5025,0.024147348319608356
9.503,-0.02817125965560075
9.5035,-0.07714815724281679
9.504,-0.10546489392699529
9.5045,-0.10492797178241782
9.505,-0.08547774465249312
9.5055,-0.07298119710741018
9.506,-0.08566341731756989
9.5065,-0.1103385452943532
9.507,-0.1114461393171331
9.5075,-0.0706464483277577
9.508000000000001,-0.013014246613013763
9.5085,0.014283163841647706
9.509,-0.010374421755828986
9.509500000000001,-0.0621870379470911
9.51,-0.09719450989884836
9.5105,-0.09522243711600807
9.511000000000001,-0.07325792378807247
9.5115,-0.060172387642955245
9.512,-0.06337265793567315
9.512500000000001,-0.061130857498384004
9.513,-0.02735339332263391
9.5135,0.033653535988243374
9.514,0.07921800732181149
9.5145,0.06474266849147754
9.515,-0.009145090368918602
9.5155,-0.0931122463931419
9.516,-0.1316316438518024
9.5165,-0.10076076703083339
9.517,-0.013051135445327544
9.5175,0.09129475685202033
9.518,0.15536534368190558
9.5185,0.1348427133629845
9.519,0.03902385552630219
9.5195,-0.06432405542777095
9.52,-0.10320309526787223
9.5205,-0.06279361112432069
9.521,0.013734049156448805
9.5215,0.0777446814476536
9.522,0.11278423388816397
9.5225,0.12459212084958021
9.523,0.11764280015893992
9.5235,0.09264106185166257
9.524000000000001,0.05535292488418994
9.5245,0.018209365699343283
9.525,-0.00300529656390491
9.525500000000001,0.0044056431848611965
9.526,0.0347826534658754
9.5265,0.054389804894621335
9.527000000000001,0.02285142068610598
9.5275,-0.06564705598444216
9.528,-0.16821572183066388
9.528500000000001,-0.22723797723102382
9.529,-0.21905637827230162
9.5295,-0.1691361273005594
9.53,-0.12208646669321688
9.5305,-0.10016686330112964
9.531,-0.09153446251450811
9.5315,-0.07464800754393802
9.532,-0.04796112011735246
9.5325,-0.03172812668871345
9.533,-0.04037511277927161
9.5335,-0.058185041083157044
9.534,-0.050866575514531644
9.5345,-0.00360162514780464
9.535,0.060135700017526224
9.5355,0.1017676795447355
9.536,0.10127815755026973
9.5365,0.06489916401444291
9.537,0.013672483351725573
9.5375,-0.027004368126958153
9.538,-0.039164682599747036
9.5385,-0.02519621705151581
9.539,-0.004525919219450747
9.5395,0.005881555198010397
9.540000000000001,0.002713325270694172
9.5405,-0.009306001090234665
9.541,-0.022948661418017945
9.541500000000001,-0.027340317118059197
9.542,-0.013669998284103639
9.5425,0.00977907105091548
9.543000000000001,0.014976822232101032
9.5435,-0.02102839388754432
9.544,-0.08581614670881475
9.5445,-0.13525849651909852
9.545,-0.1346750549561801
9.5455,-0.09267989131573837
9.546,-0.04911464625570318
9.5465,-0.03303045278211457
9.547,-0.038478552096445115
9.5475,-0.039908234003146956
9.548,-0.023597907112659883
9.5485,0.0007017250919005551
9.549,0.015546968174049122
9.5495,0.01567635328557428
9.55,0.009927773732522864
9.5505,0.008852961830409739
9.551,0.01665497070892239
9.5515,0.03409867812042497
9.552,0.05973911193162696
9.5525,0.08071212819821551
9.553,0.07045158210958444
9.5535,0.013808939538438694
9.554,-0.06252219808913191
9.5545,-0.10317356599744319
9.555,-0.08079981305552848
9.5555,-0.0295260790302908
9.556000000000001,-0.006621046772807762
9.5565,-0.024715542426776947
9.557,-0.04021595511593128
9.557500000000001,-0.01474621139380798
9.558,0.029059828589061507
9.5585,0.030365576718363818
9.559000000000001,-0.03694757561562438
9.5595,-0.13210546294860293
9.56,-0.1903474278765724
9.5605,-0.18149881914545457
9.561,-0.11976772369429566
9.5615,-0.03516241750045898
9.562,0.045991239509503526
9.5625,0.10069114089051741
9.563,0.11117773843396814
9.5635,0.07808597168072422
9.564,0.029214589558275498
9.5645,0.004052260852393488
9.565,0.017494770445566816
9.5655,0.03997700623711581
9.566,0.026102023605876167
9.5665,-0.03293478074792334
9.567,-0.09529268127957846
9.5675,-0.11464287098621154
9.568,-0.09327027751141422
9.5685,-0.07261746267947101
9.569,-0.06848511395884091
9.5695,-0.04033063239648066
9.57,0.05159504234045489
9.570500000000001,0.1712626629201239
9.571,0.22190865846397523
9.5715,0.14744692705007503
9.572000000000001,0.001326013612200064
9.5725,-0.10353666185356118
9.573,-0.10809114494049711
9.573500000000001,-0.05472982930122455
9.574,-0.026317730754168513
9.5745,-0.06056409576335932
9.575000000000001,-0.1304615551989483
9.5755,-0.18710962585470106
9.576,-0.20200235100175476
9.5765,-0.17269237985394667
9.577,-0.10675913642606025
9.5775,-0.014087040126579768
9.578,0.08528913984735492
9.5785,0.1565561726984471
9.579,0.16524527273806766
9.5795,0.10351808722477358
9.58,0.004078693567024517
9.5805,-0.07322961426902617
9.581,-0.07895311776294571
9.5815,-0.013939285237094942
9.582,0.06295327236376312
9.5825,0.07824129876978853
9.583,0.00788004977326427
9.5835,-0.09922938971817831
9.584,-0.16358618754935722
9.5845,-0.14330248568664883
9.585,-0.0662262754114896
9.5855,0.0004172867032420039
9.586,0.01280455180491362
9.586500000000001,-0.014852888425437782
9.587,-0.03521664823945657
9.5875,-0.01974889549099091
9.588000000000001,0.01811017574742231
9.5885,0.04200388306428783
9.589,0.02375076250414577
9.589500000000001,-0.037821485617672665
9.59,-0.11293406347263786
9.5905,-0.15553653487472283
9.591000000000001,-0.13704434520592937
9.5915,-0.07333101245314519
9.592,-0.013597897876398627
9.5925,0.0020451872780977314
9.593,-0.02508008755589757
9.5935,-0.05915226905934535
9.594,-0.06452198797703332
9.5945,-0.032862070783895
9.595,0.017101799370251306
9.5955,0.05626118598771558
9.596,0.06126151903914314
9.5965,0.028220928917683838
9.597,-0.01953174372481537
9.5975,-0.045175885956442646
9.598,-0.030656408219089458
9.5985,0.007597869343175236
9.599,0.040480195115098136
9.5995,0.05645849732135186
9.6,0.06306394094241428
9.6005,0.06832773995486842
9.601,0.0734821405919406
9.6015,0.07744567266287081
9.602,0.07495782603916659
9.602500000000001,0.05476047742161004
9.603,0.013319225831648657
9.6035,-0.03067185067188416
9.604000000000001,-0.046660884259059385
9.6045,-0.020366816120294565
9.605,0.03070871438932667
9.605500000000001,0.06744020747536275
9.606,0.0546107320907683
9.6065,-0.013414006560122135
9.607,-0.10392875053648722
9.6075,-0.16645081759503955
9.608,-0.16898709597054018
9.6085,-0.1178747697051424
9.609,-0.047629392948016776
9.6095,0.003965798742909009
9.61,0.0154417587516113
9.6105,-0.012183380957033852
9.611,-0.06107453039407135
9.6115,-0.10852172478726564
9.612,-0.13754727055371715
9.6125,-0.139696895919737
9.613,-0.11135877419381242
9.6135,-0.05307148520166805
9.614,0.023088954934075832
9.6145,0.08676496466220919
9.615,0.09800748665495898
9.6155,0.035541255747059144
9.616,-0.07433830659641022
9.6165,-0.16221389895971056
9.617,-0.16411445852585826
9.6175,-0.07539038232581992
9.618,0.041801447470759444
9.618500000000001,0.10521408712150664
9.619,0.07557298410153145
9.6195,-0.011872696542841264
9.620000000000001,-0.07627721111141475
9.6205,-0.06346352538564373
9.621,0.004735754954937868
9.621500000000001,0.05750580639567621
9.622,0.04980973546619761
9.6225,0.0017249445475630894
9.623,-0.0333366899037094
9.6235,-0.023049857641737715
9.624,0.02363437800992703
9.6245,0.07041085497341376
9.625,0.07624338812265537
9.6255,0.020882491087786385
9.626,-0.07253777757284735
9.6265,-0.14486891992623385
9.627,-0.1499250558273892
9.6275,-0.10416386372176316
9.628,-0.07725535871422538
9.6285,-0.12043221599109452
9.629,-0.20522244023148892
9.6295,-0.24315724012372733
9.63,-0.16972078342966135
9.6305,-0.0057240769312238236
9.631,0.16242421970349846
9.6315,0.25560214549678845
9.632,0.25458653533263254
9.6325,0.1924786852110985
9.633000000000001,0.11150414297665401
9.6335,0.03606336259489548
9.634,-0.01953620922271273
9.634500000000001,-0.039912086608403285
9.635,-0.022418571429110037
9.6355,0.006268109668100468
9.636000000000001,0.008056434898022626
9.6365,-0.027027111388122395
9.637,-0.06912128070544848
9.637500000000001,-0.07946459610880685
9.638,-0.04781114325387008
9.6385,-0.000331278603162748
9.639,0.023971801424720808
9.6395,0.006383061212238221
9.64,-0.03577999420414324
9.6405,-0.0647319282358117
9.641,-0.056487373475838334
9.6415,-0.023153041678076046
9.642,-0.0013943604290547697
9.6425,-0.01713286839771589
9.643,-0.06284576468641999
9.6435,-0.10943895073743531
9.644,-0.13238029208892912
9.6445,-0.12126237018035863
9.645,-0.0759862944454235
9.6455,-0.010068926499443473
9.646,0.0460702507527065
9.6465,0.06288190171263155
9.647,0.03693052072385714
9.6475,-0.010292304586352486
9.648,-0.05592223032767938
9.6485,-0.08511069856752793
9.649000000000001,-0.0801319201810105
9.6495,-0.022696055821465326
9.65,0.07961958610675103
9.650500000000001,0.18077711142784655
9.651,0.22551680004303337
9.6515,0.1909999471015451
9.652000000000001,0.09717329440245773
9.6525,-0.012719153766194962
9.653,-0.09307463325252224
9.653500000000001,-0.11179533676971351
9.654,-0.06812323824256744
9.6545,0.0014576437094018235
9.655,0.04693428482366725
9.6555,0.04056467107603291
9.656,-0.010134619381144242
9.6565,-0.07647261430465815
9.657,-0.12682347946425618
9.6575,-0.13956365774674453
9.658,-0.11695528848972145
9.6585,-0.09015248114767441
9.659,-0.09531297508541858
9.6595,-0.13427487718153136
9.66,-0.1651684026955836
9.6605,-0.14008129858110727
9.661,-0.052694703283593144
9.6615,0.0498344077038277
9.662,0.10037052599946704
9.6625,0.06480905593891464
9.663,-0.027521901623750362
9.6635,-0.1068162875249846
9.664,-0.123399361250887
9.6645,-0.08721157660956899
9.665000000000001,-0.04680481847902673
9.6655,-0.03584619110936189
9.666,-0.04600780361572652
9.666500000000001,-0.04543994242377167
9.667,-0.013116427148197947
9.6675,0.04383615617108507
9.668000000000001,0.09847442878767826
9.6685,0.12666490354884913
9.669,0.12275417086673933
9.6695,0.09538699253443755
9.67,0.054543319176770785
9.6705,0.007623854223287695
9.671,-0.038527289432540274
9.6715,-0.08134146213561481
9.672,-0.12247616161874192
9.6725,-0.15127100275502633
9.673,-0.13551617031067595
9.6735,-0.05369622031358448
9.674,0.05675979607439512
9.6745,0.10992713797979042
9.675,0.056248978175902645
9.6755,-0.051211383693107196
9.676,-0.10010253037444966
9.6765,-0.03275987317330538
9.677,0.09511035921067143
9.6775,0.17192623047415864
9.678,0.13824943666549744
9.6785,0.033898877617667224
9.679,-0.0560065270178106
9.6795,-0.08797291634834531
9.68,-0.08446997814820063
9.6805,-0.08385963534704435
9.681000000000001,-0.09074776539822871
9.6815,-0.08327606059834382
9.682,-0.051993971307412325
9.682500000000001,-0.014152635461543392
9.683,0.009003286519539635
9.6835,0.01640208017896141
9.684000000000001,0.021555425808315144
9.6845,0.029396496092464405
9.685,0.030540222145496995
9.6855,0.018863226043412725
9.686,0.0027847673015603605
9.6865,-0.006234778478448213
9.687,-0.007773054300298347
9.6875,-0.007825855273207763
9.688,-0.004630962309258323
9.6885,0.01235397646717356
9.689,0.04657431605245818
9.6895,0.08178820317620332
9.69,0.0908211552000012
9.6905,0.05773114216100789
9.691,-0.009564184501361971
9.6915,-0.08572853771118791
9.692,-0.14461376287950642
9.6925,-0.171967658595249
9.693,-0.16436595206872198
9.6935,-0.1201564258092129
9.694,-0.04299861768699657
9.6945,0.04104513964076992
9.695,0.0861967217084023
9.695500000000001,0.06459867749542117
9.696,-0.002850093487303671
9.6965,-0.06550218331263032
9.697000000000001,-0.09010747163236522
9.6975,-0.08128759931692442
9.698,-0.06193663839016318
9.698500000000001,-0.04856828202045482
9.699,-0.04818541267699311
9.6995,-0.06194824797116421
9.700000000000001,-0.0767087959974307
9.7005,-0.06350011985038258
9.701,-0.005692366105134931
9.7015,0.07133215989277149
9.702,0.11400403639390588
9.7025,0.08757986907593543
9.703,0.004394865812301443
9.7035,-0.08953808374320654
9.704,-0.14803671623707365
9.7045,-0.1512204635893556
9.705,-0.11351346444159931
9.7055,-0.07107352629132853
9.706,-0.05381652229751744
9.7065,-0.0604619007531586
9.707,-0.06017634625834078
9.7075,-0.023878671875906886
9.708,0.04258382273383822
9.7085,0.09590396758592307
9.709,0.08836468293923763
9.7095,0.009931764787180022
9.71,-0.0969961112345789
9.7105,-0.16589422729246034
9.711,-0.1544744121692099
9.711500000000001,-0.07071036417827477
9.712,0.04210943311135977
9.7125,0.14003274452150274
9.713000000000001,0.19961936358107976
9.7135,0.2155299714603865
9.714,0.1899959801032215
9.714500000000001,0.1287732836939806
9.715,0.04375125543874472
9.7155,-0.04085399519056507
9.716000000000001,-0.08613545977617136
9.7165,-0.05735529457488224
9.717,0.03859676731260755
9.7175,0.1393910895789611
9.718,0.16882721366650566
9.7185,0.1012942559974961
9.719,-0.01670863612471586
9.7195,-0.11035711135111467
9.72,-0.13960523770661235
9.7205,-0.11949353931759724
9.721,-0.08704353750242068
9.7215,-0.0613874472149654
9.722,-0.03951959436533471
9.7225,-0.018149414495654527
9.723,-0.0050246866745145445
9.7235,-0.00831844589012668
9.724,-0.025775389382637584
9.7245,-0.05093785587500567
9.725,-0.0840586292313795
9.7255,-0.12804588692580482
9.726,-0.17500763032119657
9.7265,-0.203755215085973
9.727,-0.19265375578235466
9.727500000000001,-0.135614078155835
9.728,-0.04988157289647573
9.7285,0.0296011214741472
9.729000000000001,0.06774521572127776
9.7295,0.049706252476872444
9.73,-0.006417100657815943
9.730500000000001,-0.053667638500890485
9.731,-0.043672475702385555
9.7315,0.03357940516073356
9.732,0.1325866892265758
9.7325,0.18402879474030176
9.733,0.1533742910928168
9.7335,0.06843664024639921
9.734,-0.014142832684448174
9.7345,-0.06369657485642292
9.735,-0.08829621114471198
9.7355,-0.1013447864982467
9.736,-0.09695372891660839
9.7365,-0.06547583588802451
9.737,-0.018391569907760717
9.7375,0.01671832520552343
9.738,0.02395809407385882
9.7385,0.01269532509541281
9.739,0.002137047126593945
9.7395,-0.00019196502542063489
9.74,-0.0003601539581354878
9.7405,-0.004640125817249266
9.741,-0.012159304646233889
9.7415,-0.019317572522139503
9.742,-0.02393332194209897
9.7425,-0.02216332658644227
9.743,-0.005139522044969492
9.743500000000001,0.034153197293110935
9.744,0.08401463402609231
9.7445,0.10781656069065708
9.745000000000001,0.07158596430062102
9.7455,-0.01217129634732444
9.746,-0.08111774969804146
9.746500000000001,-0.08059791298049317
9.747,-0.02132355379671086
9.7475,0.03211462332192467
9.748,0.027049735289178697
9.7485,-0.03212749398562183
9.749,-0.09823269812822007
9.7495,-0.12717836122209827
9.75,-0.11029596543994333
9.7505,-0.07259254210847743
9.751,-0.04399198206536526
9.7515,-0.029223618912970525
9.752,-0.007427122494039621
9.7525,0.03225645781734772
9.753,0.05975090308042676
9.7535,0.02788270124057932
9.754,-0.06343731518107258
9.7545,-0.14336361199661068
9.755,-0.13235663780105333
9.7555,-0.02848447179450887
9.756,0.08404426392986841
9.7565,0.11776650531373474
9.757,0.06195921657166854
9.7575,-0.025554122258925956
9.758000000000001,-0.08852180453538308
9.7585,-0.11281531020188264
9.759,-0.1056867545018024
9.759500000000001,-0.06752267008270671
9.76,-0.0014201298801120206
9.7605,0.0643428096995584
9.761000000000001,0.08718469088304588
9.7615,0.050698656766392264
9.762,-0.01386264460984635
9.762500000000001,-0.0546391222632596
9.763,-0.04847033197865917
9.7635,-0.020258411122860455
9.764,-0.012560559596764415
9.7645,-0.040664961758280875
9.765,-0.08178937833773697
9.7655,-0.10277790809808299
9.766,-0.08950785712391048
9.7665,-0.05133781420933047
9.767,-0.006096774373896633
9.7675,0.03563030050021747
9.768,0.0729377294222303
9.7685,0.10319397620859308
9.769,0.11288575697410472
9.7695,0.08803674148982533
9.77,0.03771334388158537
9.7705,-0.000304231503237478
9.771,0.009043332409269102
9.7715,0.05675692756652929
9.772,0.08939191461683513
9.7725,0.058936430975516284
9.773,-0.026900215809876192
9.7735,-0.10577082718829763
9.774000000000001,-0.11266372298538871
9.7745,-0.03596364553580298
9.775,0.07137458266201831
9.775500000000001,0.1342568217141049
9.776,0.11134165053239639
9.7765,0.017000594821993655
9.777000000000001,-0.09624258009113672
9.7775,-0.16816552917479555
9.778,-0.16072183655976993
9.778500000000001,-0.08539724834068038
9.779,-0.00389197661056641
9.7795,0.020169113165015046
9.78,-0.01839554393949608
9.7805,-0.06383260873637893
9.781,-0.06291541268413631
9.7815,-0.021808317286274116
9.782,0.006226995822384887
9.7825,-0.01741121266041137
9.783,-0.07611564904007058
9.7835,-0.11847008332021575
9.784,-0.11107393087169938
9.7845,-0.06709309164940147
9.785,-0.027653519941190956
9.7855,-0.020991776505820407
9.786,-0.039111586684465335
9.7865,-0.05101081405876206
9.787,-0.037420459063118604
9.7875,-0.011330997242971373
9.788,-0.0027498272030074752
9.7885,-0.02523838192211568
9.789,-0.06042782972199433
9.7895,-0.07236327531736308
9.790000000000001,-0.03405038387429843
9.7905,0.051648543894179735
9.791,0.14673179201987632
9.791500000000001,0.19937382623113806
9.792,0.18541906405992012
9.7925,0.13007502053025655
9.793000000000001,0.07976698404833858
9.7935,0.05452376997792289
9.794,0.037038371786635965
9.7945,0.0051338826435840205
9.795,-0.0370793704234057
9.7955,-0.06354102683563284
9.796,-0.05716433354222977
9.7965,-0.0326714991124924
9.797,-0.02299120204002123
9.7975,-0.03953091631545615
9.798,-0.056370591420360695
9.7985,-0.04638934797570081
9.799,-0.02394888089840638
9.7995,-0.03146107148280713
9.8,-0.08321795963804579
9.8005,-0.14027391847307938
9.801,-0.1494824989162593
9.8015,-0.09880839991253533
9.802,-0.024076552420207398
9.8025,0.03593302793395319
9.803,0.07752027782435943
9.8035,0.11831337080991156
9.804,0.1550456955301509
9.8045,0.1513575022593714
9.805,0.07623393145352571
9.8055,-0.048698036540485705
9.806000000000001,-0.15103765819167186
9.8065,-0.16673871359008133
9.807,-0.09902350111130992
9.807500000000001,-0.015194619038755117
9.808,0.013554035179131993
9.8085,-0.03233603368834001
9.809000000000001,-0.11486212540567327
9.8095,-0.17429426832210043
9.81,-0.17157401964819227
9.8105,-0.10794963137943812
9.811,-0.015059373206162047
9.8115,0.06742993817605178
9.812,0.10759006045955201
9.8125,0.09118208156986861
9.813,0.03132595316343467
9.8135,-0.03437760851857094
9.814,-0.07024451589016212
9.8145,-0.07196766092791916
9.815,-0.06517945218288473
9.8155,-0.07259101777601216
9.816,-0.0884267248107567
9.8165,-0.08856542202380278
9.817,-0.05760167936469296
9.8175,0.0019066957090360876
9.818,0.07681011233439677
9.8185,0.1433959751950278
9.819,0.16698513675295582
9.8195,0.12750793914640943
9.82,0.05243487550993646
9.820500000000001,0.0033371839239394376
9.821,0.015130388782269546
9.8215,0.05839454059526117
9.822000000000001,0.07389741932031077
9.8225,0.0392714424121635
9.823,-0.009819315911237522
9.823500000000001,-0.023233880331581854
9.824,0.011428095288087362
9.8245,0.06446204333198781
9.825000000000001,0.10001455025468874
9.8255,0.10365659278333353
9.826,0.07893004693090584
9.8265,0.03508307108772517
9.827,-0.013038115792493197
9.8275,-0.0460445293112156
9.828,-0.05559191138615045
9.8285,-0.05390837161169201
9.829,-0.05669288809220636
9.8295,-0.06157438727554949
9.83,-0.056152076965995806
9.8305,-0.04412736272631226
9.831,-0.04636086805339444
9.8315,-0.07133768892488895
9.832,-0.10087514389111754
9.8325,-0.1156379628620975
9.833,-0.11943349785245658
9.8335,-0.12181886821823504
9.834,-0.11083844023791846
9.8345,-0.06792530854812875
9.835,-0.00464162928772767
9.8355,0.040112022350952535
9.836,0.04165284636258726
9.836500000000001,0.010676071392089457
9.837,-0.02777805467430171
9.8375,-0.05880534510065274
9.838000000000001,-0.0752754396971327
9.8385,-0.06519785157105988
9.839,-0.01719840759959572
9.839500000000001,0.05817665026260009
9.84,0.12156928346795379
9.8405,0.13144381206739436
9.841000000000001,0.08297355805913528
9.8415,0.016323064365369178
9.842,-0.01978702466966952
9.8425,-0.013564510279493016
9.843,0.0020520907063592683
9.8435,-0.014815687731910047
9.844,-0.0724876627684741
9.8445,-0.1354046729256205
9.845,-0.15374092576459042
9.8455,-0.10563919241886233
9.846,-0.01345082143863757
9.8465,0.07778784557215958
9.847,0.132486804069565
9.8475,0.1366074984568227
9.848,0.091811731513509
9.8485,0.012392476898040801
9.849,-0.0712613705176459
9.8495,-0.11704845582741583
9.85,-0.09235661586516292
9.8505,-0.0038253803867540933
9.851,0.0904680188898619
9.8515,0.11437562868244462
9.852,0.04017844923269947
9.852500000000001,-0.07642445230275824
9.853,-0.14183074972978282
9.8535,-0.11280373615295429
9.854000000000001,-0.03478028461686158
9.8545,0.011354255562998804
9.855,-0.0063906245228004446
9.855500000000001,-0.04833092785916352
9.856,-0.059045401804399704
9.8565,-0.02947846273773625
9.857,0.004901134380237497
9.8575,0.016250143088516335
9.858,0.014598950473393792
9.8585,0.021847807393520463
9.859,0.034954595317228
9.8595,0.032888917804403436
9.86,0.012107754967123005
9.8605,-0.004736481892937487
9.861,0.002344207683895821
9.8615,0.02725291764918092
9.862,0.048886008204392095
9.8625,0.05562103922436785
9.863,0.05126535194743668
9.8635,0.04322866909807943
9.864,0.03370454431654824
9.8645,0.020985622803711385
9.865,0.002974069551610243
9.8655,-0.021957543905513806
9.866,-0.054349986351994936
9.8665,-0.08973931220120311
9.867,-0.1126368243092355
9.8675,-0.09972127375306754
9.868,-0.04207654084123246
9.868500000000001,0.031499684123496324
9.869,0.06694677254552155
9.8695,0.034532835983076014
9.870000000000001,-0.03747825936245601
9.8705,-0.08868145254135748
9.871,-0.08384631865337258
9.871500000000001,-0.03619610655287297
9.872,0.021658238873763155
9.8725,0.0716587398096955
9.873,0.10582582741950142
9.8735,0.10551946626865359
9.874,0.05312662623143507
9.8745,-0.03350112683278833
9.875,-0.10224066511366176
9.8755,-0.11426266926434307
9.876,-0.07866356975626772
9.8765,-0.0336077482151186
9.877,-0.006621523617894192
9.8775,-0.0024080188309616645
9.878,-0.015280142645003159
9.8785,-0.035326373062393376
9.879,-0.04721976290440714
9.8795,-0.042233804844069335
9.88,-0.03555212519601671
9.8805,-0.055132136200247324
9.881,-0.10119855673560267
9.8815,-0.12820227420605906
9.882,-0.08702116007945573
9.8825,0.015171066111940735
9.883000000000001,0.11512286707938994
9.8835,0.15797928019956747
9.884,0.14461875479685551
9.884500000000001,0.10674651839898448
9.885,0.05554621339283793
9.8855,-0.01936617717111006
9.886000000000001,-0.10281932734383623
9.8865,-0.13581928639895555
9.887,-0.06911715442582259
9.887500000000001,0.07105456359483878
9.888,0.19562461875071369
9.8885,0.2368296359876579
9.889,0.20125030326451315
9.8895,0.13591342455705402
9.89,0.06936105654997009
9.8905,0.004708529534982722
9.891,-0.05045677614254559
9.8915,-0.08089329768742207
9.892,-0.0923671220761338
9.8925,-0.11665126848599383
9.893,-0.17191489162511348
9.8935,-0.23085420541710533
9.894,-0.2445911788832449
9.8945,-0.194008881250152
9.895,-0.1064171133835616
9.8955,-0.02699234460390261
9.896,0.013988495437607551
9.8965,0.012379606289142139
9.897,-0.011629060041696298
9.8975,-0.02500478148262472
9.898,-0.009187254516175875
9.8985,0.018912859260477234
9.899000000000001,0.027815048623248868
9.8995,0.017939835681836026
9.9,0.029194643871917003
9.900500000000001,0.08865087085669736
9.901,0.16178955330821176
9.9015,0.17419638369451382
9.902000000000001,0.08525728082887946
9.9025,-0.06566596661482982
9.903,-0.18761538132579195
9.903500000000001,-0.21126530007357053
9.904,-0.13905070396496644
9.9045,-0.03217232391718007
9.905,0.04537935366160731
9.9055,0.07119748109791418
9.906,0.06388185577451387
9.9065,0.05217506774593561
9.907,0.05050232021369107
9.9075,0.05779562146416775
9.908,0.06659318259707159
9.9085,0.06673334955731745
9.909,0.048391578647244686
9.9095,0.013381325129138054
9.91,-0.01809822376323106
9.9105,-0.023599536003798098
9.911,-0.003682213410630507
9.9115,0.01928271451046802
9.912,0.031161828880863898
9.9125,0.04268891670843896
9.913,0.06655514446137924
9.9135,0.08692558950069151
9.914,0.06786896241901204
9.9145,-0.004504075314206692
9.915000000000001,-0.09827036446722129
9.9155,-0.16069456384542108
9.916,-0.16255327234747893
9.916500000000001,-0.11428205184940057
9.917,-0.047415448844524664
9.9175,0.008027843148581744
9.918000000000001,0.031815628299430326
9.9185,0.01723457785999953
9.919,-0.023699279807304637
9.919500000000001,-0.065131830526613
9.92,-0.08423728643326715
9.9205,-0.07232112443758007
9.921,-0.03208225798103055
9.9215,0.025114961166874353
9.922,0.07496412873846833
9.9225,0.08570032449208435
9.923,0.044906360862175296
9.9235,-0.01683530661100173
9.924,-0.04342582786027872
9.9245,-0.006261561817560872
9.925,0.06480777661767834
9.9255,0.11091213478754348
9.926,0.09781489693765032
9.9265,0.03272105709908979
9.927,-0.05988396152692603
9.9275,-0.15825373162733378
9.928,-0.23807434357027424
9.9285,-0.2680288895880387
9.929,-0.22952826294331885
9.9295,-0.14011158905647828
9.93,-0.043752686968855634
9.9305,0.028915461249306523
9.931000000000001,0.08429839363797076
9.9315,0.1449773435933884
9.932,0.2130625010844425
9.932500000000001,0.26201356040845775
9.933,0.25889872543751347
9.9335,0.1876178980054526
9.934000000000001,0.05971832648256645
9.9345,-0.08121753427761545
9.935,-0.16864873005168662
9.9355,-0.14999630360415184
9.936,-0.03247241202052185
9.9365,0.10953974037349352
9.937,0.18466091322060438
9.9375,0.15414831255902045
9.938,0.058507287989292375
9.9385,-0.02532443935268218
9.939,-0.053719450231963964
9.9395,-0.043012654067248586
9.94,-0.035596502340152034
9.9405,-0.05393083446438632
9.941,-0.08871385715826266
9.9415,-0.1175361382191898
9.942,-0.1245502421006086
9.9425,-0.10579820545545468
9.943,-0.0649397501734817
9.9435,-0.009559957900487935
9.944,0.04752941810570559
9.9445,0.08627443750145126
9.945,0.0849657898373587
9.945500000000001,0.03624207252910954
9.946,-0.03767581315829867
9.9465,-0.09150873791590894
9.947000000000001,-0.09145813058556676
9.9475,-0.05010294263805446
9.948,-0.020981902995825825
9.948500000000001,-0.04645104164094906
9.949,-0.10795618102367271
9.9495,-0.1394796795790616
9.950000000000001,-0.09818185277167223
9.9505,-0.012417750168761992
9.951,0.04862743809253338
9.9515,0.04463382542500724
9.952,-0.0036613742542634005
9.9525,-0.043124812425496
9.953,-0.038975041472224255
9.9535,0.0009765083803804052
9.954,0.0441898387708496
9.9545,0.06916861140176403
9.955,0.08293608691862277
9.9555,0.10726491393552762
9.956,0.14884277814166966
9.9565,0.17896625758567702
9.957,0.14758454113529196
9.9575,0.03545684237643364
9.958,-0.10187861889231263
9.9585,-0.16346736250136154
9.959,-0.09836828197708138
9.9595,0.031661973200741815
9.96,0.10190028073192067
9.9605,0.043890473076166774
9.961,-0.08931859080646229
9.961500000000001,-0.17871136454837352
9.962,-0.1542899735454734
9.9625,-0.05087618670906578
9.963000000000001,0.04290958505419161
9.9635,0.07618692276781788
9.964,0.07016571356073469
9.964500000000001,0.07251640528064313
9.965,0.09549418576734911
9.9655,0.10621882166877789
9.966000000000001,0.0715106571249848
9.9665,0.003393089575461761
9.967,-0.045583736122731394
9.9675,-0.03499455718535754
9.968,0.01940742843663208
9.9685,0.061020032966646036
9.969,0.050491912378894034
9.9695,0.002462133684228947
9.97,-0.03494481716169231
9.9705,-0.030705159285151315
9.971,0.002148688477117758
9.9715,0.025954793141458703
9.972,0.017623845919741473
9.9725,-0.014249304478344405
9.973,-0.04679835348334449
9.9735,-0.06966130992250409
9.974,-0.08994318348543338
9.9745,-0.11259246200792303
9.975,-0.1234019001266372
9.9755,-0.09987558352761328
9.976,-0.03986701569111402
9.9765,0.030582203479455353
9.977,0.08437897961273354
9.977500000000001,0.11625318042208599
9.978,0.12619687148889433
9.9785,0.09652370836522842
9.979000000000001,0.013871477612902567
9.9795,-0.0884650763969252
9.98,-0.14053717497006846
9.980500000000001,-0.10320796587199883
9.981,-0.01332139404005752
9.9815,0.050073230789879894
9.982000000000001,0.04051152748948115
9.9825,-0.019052044370090473
9.983,-0.06739286186594426
9.9835,-0.06469774883084303
9.984,-0.022195460281853274
9.9845,0.01811124495716107
9.985,0.023941536366006367
9.9855,-0.005107929742858193
9.986,-0.042130648774496376
9.9865,-0.05156971804840277
9.987,-0.014313919246286829
9.9875,0.05119094145573098
9.988,0.096180243171237
9.9885,0.08370234837548543
9.989,0.026096239832024127
9.9895,-0.02735175988069878
9.99,-0.03948358410167937
9.9905,-0.012637424614405746
9.991,0.03000809041870212
9.9915,0.07196993643348694
9.992,0.10398515699688406
9.9925,0.11155472185211597
9.993,0.0793568286766514
9.993500000000001,0.009451065163342365
9.994,-0.07281303981516496
9.9945,-0.13502388804205706
9.995000000000001,-0.15981689809058736
9.9955,-0.15175578383718158
9.996,-0.12396055044407826
9.996500000000001,-0.07992108137076696
9.997,-0.012895117592810642
9.9975,0.0731587172067845
9.998,0.14710362885272504
9.9985,0.16558711680330554
9.999,0.10848346257541697
9.9995,-0.00162946120555731
