tiempo_s,emg_mV
0.0,-0.006546459132350429
0.0005,0.04549121275686885
0.001,0.07409816494648806
0.0015,0.07417615526831421
0.002,0.06321736860359789
0.0025,0.06249610990781743
0.003,0.07297172346579679
0.0035,0.07817977185522158
0.004,0.07181453010647113
0.0045000000000000005,0.06798395306285643
0.005,0.07634707339960768
0.0055,0.07997293082494196
0.006,0.05236194131569391
0.006500000000000001,-0.006511777257045639
0.007,-0.06265843643367892
0.0075,-0.07903389258927934
0.008,-0.04751672268166456
0.0085,0.011450177360283004
0.009000000000000001,0.07127666497720105
0.0095,0.11279250254028787
0.01,0.12234197590346478
0.0105,0.09234610117197939
0.011,0.03129473671017871
0.0115,-0.03237241219558618
0.012,-0.06556135450785228
0.0125,-0.054960945851261156
0.013000000000000001,-0.016665024675073428
0.0135,0.019739378275161763
0.014,0.03430355405816937
0.0145,0.021050773190311574
0.015,-0.021875311955395268
0.0155,-0.08861888248946041
0.016,-0.15038830007717272
0.0165,-0.16463878535235865
0.017,-0.11431651485005767
0.0175,-0.03013007620455283
0.018000000000000002,0.035923534229357935
0.0185,0.05557033300597878
0.019,0.04088327823392494
0.0195,0.023744273127980844
0.02,0.02276836148524957
0.0205,0.028329637501383047
0.021,0.021892495892167737
0.021500000000000002,0.009026739213997843
0.022,0.01926593258458322
0.0225,0.0645372326620867
0.023,0.11224261917761759
0.0235,0.11533562173207548
0.024,0.06282016659812253
0.0245,-0.009698733412967874
0.025,-0.05307663850842741
0.025500000000000002,-0.040540483086555626
0.026000000000000002,0.019363816323415342
0.0265,0.08956814811261148
0.027,0.12361317998848764
0.0275,0.09331607041395114
0.028,0.01082032108999762
0.0285,-0.07668281581268949
0.029,-0.12182732231102447
0.029500000000000002,-0.11277553609163705
0.03,-0.07735818009224456
0.0305,-0.053652975675747804
0.031,-0.055888423187709535
0.0315,-0.06659409934819654
0.032,-0.05994194086495526
0.0325,-0.031020215059115768
0.033,-0.0007008031165145431
0.0335,0.00636097907012797
0.034,-0.016520951788423867
0.0345,-0.05782526894842523
0.035,-0.10072210165515633
0.035500000000000004,-0.13121372407966844
0.036000000000000004,-0.1400194552612627
0.0365,-0.12480954239021946
0.037,-0.09051663294409637
0.0375,-0.04472935724231445
0.038,0.005224736231043889
0.0385,0.050684427866058146
0.039,0.08413504424152793
0.0395,0.10636397482618541
0.04,0.12424616652031793
0.0405,0.13706719706761378
0.041,0.13192458181698083
0.0415,0.10050977074374776
0.042,0.058288516872721644
0.0425,0.0374191573608855
0.043000000000000003,0.053417885200261236
0.043500000000000004,0.08252119323410834
0.044,0.08287694623597626
0.0445,0.040235438571539134
0.045,-0.017549818027968497
0.0455,-0.056397209295048066
0.046,-0.07485265784632651
0.0465,-0.09297462972337961
0.047,-0.10715419438101728
0.0475,-0.07911887276114912
0.048,0.015271881658254431
0.0485,0.1378178855772659
0.049,0.20922780250249154
0.0495,0.18353007626741139
0.05,0.0929124535470518
0.0505,0.014364916268571514
0.051000000000000004,-0.0032685456210532825
0.051500000000000004,0.02423518234498035
0.052000000000000005,0.044594207497371696
0.0525,0.021917056814039895
0.053,-0.0364858113620425
0.0535,-0.09253355802496674
0.054,-0.11092075001836738
0.0545,-0.08691192016392653
0.055,-0.0465490411726622
0.0555,-0.01977965511164923
0.056,-0.014722989657807814
0.0565,-0.020422467193584204
0.057,-0.03112405486315619
0.0575,-0.058064868210739404
0.058,-0.10987809060460069
0.0585,-0.16423656268903652
0.059000000000000004,-0.17154495157604
0.059500000000000004,-0.09894216365828908
0.06,0.02814686189088954
0.0605,0.13712492053803144
0.061,0.16908860356591215
0.0615,0.1294770708811873
0.062,0.07636732715258072
0.0625,0.06185031986643467
0.063,0.08898914158572886
0.0635,0.12073189410775344
0.064,0.12028301570460015
0.0645,0.08177547033100564
0.065,0.02986927458414808
0.0655,-0.005919788250852902
0.066,-0.018222336212167258
0.0665,-0.024711964755296578
0.067,-0.04409231396411194
0.0675,-0.07182847658899053
0.068,-0.0836529208619152
0.0685,-0.06382839687654475
0.069,-0.02712971136538102
0.0695,-0.008781766833688066
0.07,-0.02973671702675941
0.07050000000000001,-0.07288677618409198
0.07100000000000001,-0.09758857756288747
0.07150000000000001,-0.07957612359156806
0.07200000000000001,-0.03355953031389915
0.0725,0.007290701473925487
0.073,0.030461270368949696
0.0735,0.05190366551064173
0.074,0.08199214845948383
0.0745,0.09836116226463186
0.075,0.06975150048199164
0.0755,0.00561984671479943
0.076,-0.037068343935838445
0.0765,-0.012972141169094134
0.077,0.05084286131102984
0.0775,0.07502603899859989
0.078,0.01900249838567413
0.0785,-0.06425659503954295
0.079,-0.08317271834187279
0.0795,-0.0111190302431633
0.08,0.08332819556597484
0.0805,0.11124876274561132
0.081,0.05534706063901916
0.0815,-0.018128718904172426
0.082,-0.031869666544196776
0.0825,0.02523404329089722
0.083,0.09189412357669484
0.0835,0.1003619832360724
0.084,0.04584273590644784
0.0845,-0.011820757560091717
0.085,-0.015162586937517701
0.0855,0.030292154023084876
0.08600000000000001,0.06764044242503865
0.08650000000000001,0.051127442901114255
0.08700000000000001,-0.01203878610621232
0.08750000000000001,-0.0728673740121936
0.088,-0.08258613195218596
0.0885,-0.03256853260092051
0.089,0.03289448982152228
0.0895,0.04634225639471433
0.09,-0.024643892607471934
0.0905,-0.13937451561009276
0.091,-0.20941057115005493
0.0915,-0.1750660495883933
0.092,-0.06391874323122265
0.0925,0.030807385534098515
0.093,0.03665909630872427
0.0935,-0.03196879625833792
0.094,-0.09374556697559328
0.0945,-0.08173388281523952
0.095,-0.0011254979879284643
0.0955,0.08890941935074625
0.096,0.13804262030919717
0.0965,0.14229429662044923
0.097,0.1276390362539985
0.0975,0.11082131091215891
0.098,0.08134370122569788
0.0985,0.02014378433215082
0.099,-0.06518231007447624
0.0995,-0.1275954801649513
0.1,-0.11239675540777648
0.1005,-0.010983226447148551
0.101,0.11589589257105215
0.1015,0.177842678109916
0.10200000000000001,0.13019086363554347
0.10250000000000001,0.014590019007308717
0.10300000000000001,-0.07759108237092216
0.10350000000000001,-0.08316198019541868
0.10400000000000001,-0.011477474828409027
0.1045,0.0764631882182957
0.105,0.1216739201827371
0.1055,0.10555781270659455
0.106,0.0518351233704718
0.1065,0.0007932349306698392
0.107,-0.019930063164606823
0.1075,-0.007828162316674447
0.108,0.019813939427289578
0.1085,0.037137479618518814
0.109,0.02169790375790131
0.1095,-0.028576535824527356
0.11,-0.0830065684917786
0.1105,-0.09777476837466811
0.111,-0.0649496916851176
0.1115,-0.03130700750872079
0.112,-0.04581161176026853
0.1125,-0.09385540144443671
0.113,-0.10899237387468079
0.1135,-0.05332055585341268
0.114,0.03309680470883315
0.1145,0.07153322778822577
0.115,0.02584772650342526
0.1155,-0.060507156126726844
0.116,-0.1060304477464422
0.1165,-0.06480700155073466
0.117,0.04216380367776918
0.11750000000000001,0.1579745320667649
0.11800000000000001,0.23489768842712394
0.11850000000000001,0.24902742992142632
0.11900000000000001,0.19533616028257428
0.11950000000000001,0.0920031902537438
0.12,-0.012802417055887565
0.1205,-0.06098900922500462
0.121,-0.03116787745812099
0.1215,0.03355690860051237
0.122,0.058922276278364286
0.1225,0.011586015258090906
0.123,-0.06545427475750275
0.1235,-0.09544976337408569
0.124,-0.04439446944680493
0.1245,0.04679591764663045
0.125,0.10279326002910957
0.1255,0.08337163328167428
0.126,0.01443662107505234
0.1265,-0.045167905304706726
0.127,-0.06177167291169883
0.1275,-0.050253366302735455
0.128,-0.04774979903034259
0.1285,-0.07477422747830784
0.129,-0.12066569827256639
0.1295,-0.15434190485266525
0.13,-0.14474737570134255
0.1305,-0.08459027244370737
0.131,-0.006270225556834623
0.1315,0.036764143256898
0.132,0.023587320238519338
0.1325,-0.002735852798423459
0.133,0.023220343350819152
0.1335,0.1123951090726638
0.134,0.19991399463623158
0.1345,0.20653552590048507
0.135,0.11556327135026523
0.1355,-0.011214049769739545
0.136,-0.0875133960145792
0.1365,-0.07430941696306004
0.137,-0.007159924012163296
0.1375,0.043514339667331585
0.138,0.039880143277355215
0.1385,0.004401798793480493
0.139,-0.015758900929126518
0.1395,-0.0008079320636243314
0.14,0.030423844241984528
0.1405,0.049346914159606396
0.14100000000000001,0.04335935812500603
0.14150000000000001,0.017983705956198272
0.14200000000000002,-0.010565870729057472
0.14250000000000002,-0.024731447725482324
0.14300000000000002,-0.019823268630633432
0.14350000000000002,-0.008353535526481264
0.14400000000000002,-0.0017046600339164228
0.1445,0.005423603533943324
0.145,0.020299158642023966
0.1455,0.031386802737208355
0.146,0.021403833177903012
0.1465,-0.0006178814623103261
0.147,-0.00025493223700131726
0.1475,0.038782109750357376
0.148,0.08184009760510269
0.1485,0.07100227413357117
0.149,-0.007345828002934958
0.1495,-0.09138647232225713
0.15,-0.09542214917324418
0.1505,0.0015868979489722485
0.151,0.12499656067660632
0.1515,0.16913186469906022
0.152,0.09611364941357012
0.1525,-0.02832420129203107
0.153,-0.09727746026999814
0.1535,-0.0618013177717129
0.154,0.030219541156505512
0.1545,0.08880338455683848
0.155,0.06836544758691834
0.1555,-0.0007420273412913486
0.156,-0.05676483320513917
0.1565,-0.06995218531900972
0.157,-0.058462216554096245
0.1575,-0.051614845014301684
0.158,-0.053344535478757754
0.1585,-0.047784768755545395
0.159,-0.028944021703673252
0.1595,-0.008795544883980821
0.16,0.0038416291391872347
0.1605,0.017078204325504137
0.161,0.039457062389608555
0.1615,0.057401459737237745
0.162,0.04089723144708704
0.1625,-0.02428714649801065
0.163,-0.10986335336935685
0.1635,-0.15373511767610906
0.164,-0.10722581487993209
0.1645,0.016225221817434524
0.165,0.14394967237870887
0.1655,0.20566885554077768
0.166,0.19362768679810827
0.1665,0.1580695057869302
0.167,0.14580572347265872
0.1675,0.15029116442348142
0.168,0.12476942829309483
0.1685,0.04118179108465995
0.169,-0.06883404325146003
0.1695,-0.13560746044723343
0.17,-0.1161101412525426
0.1705,-0.03536133528174269
0.171,0.03842096775964023
0.1715,0.05622661623460341
0.17200000000000001,0.022783871236530272
0.17250000000000001,-0.02280430886458926
0.17300000000000001,-0.04779087158798472
0.17350000000000002,-0.04688399909936738
0.17400000000000002,-0.03460214286687953
0.17450000000000002,-0.02533374884024547
0.17500000000000002,-0.021346636401011383
0.17550000000000002,-0.01576523037787426
0.176,-0.0009516453534763746
0.1765,0.025930249032626758
0.177,0.05750039415375341
0.1775,0.07360419451637293
0.178,0.05290980874089349
0.1785,-0.004210547350036884
0.179,-0.0653607562100278
0.1795,-0.08700743814917632
0.18,-0.05270046501527926
0.1805,0.009303336549463788
0.181,0.048928117051884046
0.1815,0.035624100258380614
0.182,-0.01922973788297171
0.1825,-0.07389201925743463
0.183,-0.0883343329865265
0.1835,-0.05136692539083209
0.184,0.015038754508778071
0.1845,0.07310217079579216
0.185,0.09487922773584488
0.1855,0.08133583004409917
0.186,0.05972281665038904
0.1865,0.05660535847660042
0.187,0.07286725094641523
0.1875,0.0887784486593879
0.188,0.08747626628821142
0.1885,0.06623030005209822
0.189,0.03303264303011328
0.1895,0.004058056066387044
0.19,-0.00010958283236169129
0.1905,0.030014981877474697
0.191,0.07600526891319366
0.1915,0.09666241832966287
0.192,0.05823939337759257
0.1925,-0.03470158245025443
0.193,-0.13565051210757795
0.1935,-0.1869607910507306
0.194,-0.1634108214403143
0.1945,-0.08967942657654562
0.195,-0.012265908831179182
0.1955,0.045109922767444445
0.196,0.09157863219678392
0.1965,0.13495241212451692
0.197,0.15276604132012217
0.1975,0.11360309961252106
0.198,0.024298053851568947
0.1985,-0.06092377780830138
0.199,-0.08670572013166458
0.1995,-0.047659479006525646
0.2,0.01049293986119316
0.2005,0.03799257297894265
0.201,0.02465228184260673
0.2015,-0.0023424216871140314
0.202,-0.015443529195967979
0.2025,-0.01520551862287606
0.203,-0.02454215689405568
0.20350000000000001,-0.05792528171918332
0.20400000000000001,-0.09684360690789401
0.20450000000000002,-0.10148195890084138
0.20500000000000002,-0.05224128771362406
0.20550000000000002,0.02587327448011203
0.20600000000000002,0.08677253767916919
0.20650000000000002,0.10593159279640527
0.20700000000000002,0.0931294702521703
0.20750000000000002,0.0696394706541532
0.20800000000000002,0.04601541504274557
0.2085,0.02436927648238751
0.209,0.010355605547693986
0.2095,0.010784912462156713
0.21,0.020027262214757167
0.2105,0.020551746687211974
0.211,0.006406024092409585
0.2115,0.0010099588181318158
0.212,0.03641868062360873
0.2125,0.10844422796009143
0.213,0.16324637589405044
0.2135,0.14260272080317543
0.214,0.043780097478463474
0.2145,-0.0724522874398388
0.215,-0.13482145377820037
0.2155,-0.12015484598085209
0.216,-0.06389531310256225
0.2165,-0.021524370477592644
0.217,-0.019483405865875027
0.2175,-0.034429716827980725
0.218,-0.01705930200017376
0.2185,0.056230359689128984
0.219,0.15085957064270583
0.2195,0.19968187883737554
0.22,0.16680865602909656
0.2205,0.08161404532511382
0.221,0.006185001973736583
0.2215,-0.02330918255612193
0.222,-0.017605772179757694
0.2225,-0.007154768035666316
0.223,-0.00797607479943873
0.2235,-0.015462099975060432
0.224,-0.02250252386395974
0.2245,-0.03408365088755061
0.225,-0.05803161898043061
0.2255,-0.08403504851925764
0.226,-0.08505743370270465
0.2265,-0.048159457159877746
0.227,0.005054540313288124
0.2275,0.04008322413046096
0.228,0.045745496181464174
0.2285,0.036579825729622616
0.229,0.023053872921737426
0.2295,-0.003969696591357058
0.23,-0.05287981029762348
0.2305,-0.10735969824043441
0.231,-0.13427735067071767
0.2315,-0.11202178817990677
0.232,-0.044758260644868084
0.2325,0.04564779538844117
0.233,0.13247709741910377
0.2335,0.19087051277492825
0.234,0.2040667051614902
0.23450000000000001,0.1732963701521002
0.23500000000000001,0.12069381329923684
0.23550000000000001,0.07450785018474014
0.23600000000000002,0.04706807161153151
0.23650000000000002,0.028496052930435882
0.23700000000000002,0.0035818844657744056
0.23750000000000002,-0.025743732332754447
0.23800000000000002,-0.03747267714333517
0.23850000000000002,-0.012593875434496901
0.23900000000000002,0.03920575403594141
0.23950000000000002,0.08157479140977823
0.24,0.08245050847172487
0.2405,0.044181517600064994
0.241,0.0037476913688245035
0.2415,-0.0003875654142988654
0.242,0.03268760832448281
0.2425,0.0622259051664388
0.243,0.04737334583370856
0.2435,-0.00840701756573315
0.244,-0.06254062038676815
0.2445,-0.08366085703194864
0.245,-0.08582083250919441
0.2455,-0.10454518595262585
0.246,-0.14689169286662343
0.2465,-0.17891233042724375
0.247,-0.16214958365372095
0.2475,-0.09125273869911393
0.248,0.006003331700214027
0.2485,0.09357130792703984
0.249,0.14446362855978245
0.2495,0.1439289606091743
0.25,0.0932812230119216
0.2505,0.01657534319137094
0.251,-0.0457955668422004
0.2515,-0.06153261441271277
0.252,-0.027630641725546058
0.2525,0.03333355635643213
0.253,0.09437102112073192
0.2535,0.13919484390545195
0.254,0.1640934786764131
0.2545,0.1743786369958242
0.255,0.17733513373663048
0.2555,0.17178854504198876
0.256,0.14501439224357876
0.2565,0.08541804464774823
0.257,0.000726058150652774
0.2575,-0.07802177977262001
0.258,-0.1156672757674251
0.2585,-0.10328710071378244
0.259,-0.07050900251734028
0.2595,-0.058728771673511426
0.26,-0.075773439728112
0.2605,-0.08439962154813656
0.261,-0.04526957395114652
0.2615,0.03289653710878181
0.262,0.09683313692885405
0.2625,0.10184770588794818
0.263,0.051802576452266116
0.2635,-0.015006326207346496
0.264,-0.06810189177281703
0.2645,-0.1030752333779536
0.265,-0.12271143120101939
0.2655,-0.11647966390301667
0.266,-0.07071520763847441
0.2665,0.005336910785693396
0.267,0.0767847398856466
0.2675,0.11072253348932931
0.268,0.10133812208046818
0.2685,0.06727055310753541
0.269,0.03178868216436505
0.2695,0.00867660429749972
0.27,0.0015922924325427763
0.2705,0.00977447619836952
0.271,0.029599514746719197
0.2715,0.04978227551170404
0.272,0.051636840976514664
0.2725,0.024286410927863537
0.273,-0.016869042177959474
0.2735,-0.03269013051608064
0.274,0.009677448737178433
0.2745,0.10191705132070134
0.275,0.18746717192876264
0.2755,0.19756422941280974
0.276,0.109432574327551
0.2765,-0.025088028018689878
0.277,-0.11675926098380393
0.2775,-0.1130683612149156
0.278,-0.03643441134087447
0.2785,0.04757673988451301
0.279,0.09121483819375312
0.2795,0.09361498210933317
0.28,0.08139126210468485
0.2805,0.07249370100363296
0.281,0.062027245561845315
0.28150000000000003,0.037224608628750704
0.28200000000000003,-0.00343614778016279
0.28250000000000003,-0.04899758264065328
0.28300000000000003,-0.08587513922293195
0.28350000000000003,-0.10105329555106995
0.28400000000000003,-0.08165449912159606
0.28450000000000003,-0.02674523257792385
0.28500000000000003,0.03657119227099978
0.28550000000000003,0.06414644825158973
0.28600000000000003,0.037737900216499844
0.28650000000000003,-0.007345795314633636
0.28700000000000003,-0.01514385576784162
0.28750000000000003,0.026825202405276215
0.28800000000000003,0.07238699027637081
0.2885,0.07296872257290962
0.289,0.032528193453209495
0.2895,-0.0066969327436266005
0.29,-0.01919925860879875
0.2905,-0.017499473492884506
0.291,-0.022642852897858674
0.2915,-0.03150340967131041
0.292,-0.020698884023861445
0.2925,0.0225724266383196
0.293,0.07978452910357418
0.2935,0.11273012469845395
0.294,0.09577866393546657
0.2945,0.03770336608143393
0.295,-0.026399724831725237
0.2955,-0.06366762408255396
0.296,-0.06582715960500078
0.2965,-0.049329357245413666
0.297,-0.03890871632688449
0.2975,-0.04715426478731724
0.298,-0.06133883026915055
0.2985,-0.052525253083499535
0.299,-0.008364742888401652
0.2995,0.0448175413754303
0.3,0.06535764364676382
0.3005,0.04289111339434515
0.301,0.010482743838300786
0.3015,0.006340544744983925
0.302,0.031556039859062815
0.3025,0.05274175046824088
0.303,0.0423961303729876
0.3035,0.007026959960594074
0.304,-0.02376531725763724
0.3045,-0.023955060851909623
0.305,0.013933663288852616
0.3055,0.07439366617074794
0.306,0.1227877637087976
0.3065,0.127090199203098
0.307,0.08668762026092322
0.3075,0.035717461541547355
0.308,0.013820969755146005
0.3085,0.03488719012155851
0.309,0.08006408631703765
0.3095,0.11401311561910407
0.31,0.11061977541418327
0.3105,0.07116686250647622
0.311,0.020798035746460067
0.3115,-0.012649889113764419
0.312,-0.017191418658661604
0.3125,0.0006492661223732408
0.313,0.0253185158032456
0.3135,0.04313841732445884
0.314,0.046311317647671435
0.3145,0.029684992803076647
0.315,-0.008613213568958732
0.3155,-0.055774237532234185
0.316,-0.08128539381458114
0.3165,-0.06373246140549801
0.317,-0.022041697492746246
0.3175,-0.0011330133669248833
0.318,-0.01929975603309622
0.3185,-0.04593901084197101
0.319,-0.04127359237796578
0.3195,-0.003795434840350947
0.32,0.0348632538175093
0.3205,0.05014136474559869
0.321,0.04240714453110279
0.3215,0.022206084827300392
0.322,-0.0023967170814129437
0.3225,-0.023123853457244114
0.323,-0.03151969775294593
0.3235,-0.026610752215519298
0.324,-0.014730560038263542
0.3245,0.0009064835077752446
0.325,0.023530581111385528
0.3255,0.0514320694305882
0.326,0.06982714856170778
0.3265,0.06372955619393696
0.327,0.037125522787017924
0.3275,0.008474319904047263
0.328,-0.013471982269447454
0.3285,-0.036075895536127375
0.329,-0.05930565831809538
0.3295,-0.05977015710328241
0.33,-0.014770572182324271
0.3305,0.05968703833051549
0.331,0.11120621466786688
0.3315,0.10107550371469376
0.332,0.04685136317831403
0.3325,0.006254350602835163
0.333,0.01822060410230383
0.3335,0.0654780665393033
0.334,0.09879308842324123
0.3345,0.0951248454678114
0.335,0.08261524541191838
0.3355,0.10068244283210288
0.336,0.14132731895591047
0.3365,0.14606783556249087
0.337,0.06936547938667759
0.3375,-0.061924442609728174
0.338,-0.16251953682916007
0.3385,-0.16396150399653756
0.339,-0.07401977355904435
0.3395,0.03425276095962283
0.34,0.083914212953447
0.3405,0.04713392097834027
0.341,-0.04544981344940556
0.3415,-0.13312838913971925
0.342,-0.1655565859748954
0.3425,-0.130418536642616
0.343,-0.053921978545210886
0.3435,0.024541616985507025
0.34400000000000003,0.08371147899227793
0.34450000000000003,0.12994699508208735
0.34500000000000003,0.17695002503553747
0.34550000000000003,0.21978640569169478
0.34600000000000003,0.2316763368392311
0.34650000000000003,0.18663416754092876
0.34700000000000003,0.08873911549927667
0.34750000000000003,-0.016733827473356312
0.34800000000000003,-0.06746900333728689
0.34850000000000003,-0.03475860690818392
0.34900000000000003,0.042554272879831566
0.34950000000000003,0.0831691210582984
0.35000000000000003,0.03424703379524044
0.35050000000000003,-0.07817763237433928
0.35100000000000003,-0.1694502852750092
0.35150000000000003,-0.16832527147615342
0.352,-0.07500552545862914
0.3525,0.04257153081255516
0.353,0.10475033988481455
0.3535,0.07881332916567127
0.354,-0.0035033333914299223
0.3545,-0.07681089055834853
0.355,-0.09266706047179214
0.3555,-0.04968373010510204
0.356,0.016465576575596587
0.3565,0.06663988807724722
0.357,0.08404372266222901
0.3575,0.07681747879379908
0.358,0.06162067080839689
0.3585,0.04379267968857008
0.359,0.015250864865345382
0.3595,-0.025620175760998613
0.36,-0.059694306845296946
0.3605,-0.06300675713247525
0.361,-0.03466842752418906
0.3615,0.0007159380137559245
0.362,0.019872560576356765
0.3625,0.02283721963401044
0.363,0.025292945738922542
0.3635,0.03648655416630066
0.364,0.05238545387884065
0.3645,0.06711989838771665
0.365,0.08186221105678666
0.3655,0.09948589524976512
0.366,0.11379837869631072
0.3665,0.10846571988515363
0.367,0.07113305125745635
0.3675,0.009401259104148293
0.368,-0.05172691890064515
0.3685,-0.08985312963215328
0.369,-0.09941628432603825
0.3695,-0.08719440309133299
0.37,-0.06060111825809071
0.3705,-0.024825578721769312
0.371,0.011803862767224364
0.3715,0.03813134366947491
0.372,0.05006006633283942
0.3725,0.05566242635184701
0.373,0.06658379929375126
0.3735,0.0873902849768586
0.374,0.11518781720489911
0.3745,0.14430630736156339
0.375,0.16544943662148567
0.3755,0.16304546451626006
0.376,0.12453743200862546
0.3765,0.058905977016710395
0.377,-0.002008806792784883
0.3775,-0.03215376061164085
0.378,-0.0384252636868081
0.3785,-0.048064046528935325
0.379,-0.07021313016643543
0.3795,-0.08279395834653241
0.38,-0.06152403973899637
0.3805,-0.013158574726321875
0.381,0.026444355724715783
0.3815,0.02518976028349533
0.382,-0.0166364707774257
0.3825,-0.06693178424493754
0.383,-0.0857626356487159
0.3835,-0.05197523739238991
0.384,0.021436419642225688
0.3845,0.08999301639309233
0.385,0.10357453999359391
0.3855,0.04721726190980328
0.386,-0.03568258778569109
0.3865,-0.07107589791566175
0.387,-0.020552498303673186
0.3875,0.07758980084127769
0.388,0.14274679563292042
0.3885,0.13137721187380516
0.389,0.07459830046914565
0.3895,0.03306492340248498
0.39,0.026115476253208997
0.3905,0.018486140604849068
0.391,-0.02606038063606196
0.3915,-0.09121391455067152
0.392,-0.11758995102905274
0.3925,-0.06810034871343412
0.393,0.02284943218417678
0.3935,0.07836778872799426
0.394,0.06039103238596609
0.3945,0.00975634091950975
0.395,-0.003674438760916176
0.3955,0.039790655865559646
0.396,0.09608755625979726
0.3965,0.11739967126060667
0.397,0.10320125294056702
0.3975,0.08495956722331431
0.398,0.0792299319286887
0.3985,0.07185582275095997
0.399,0.04118345307429897
0.3995,-0.01607197425345529
0.4,-0.07858893433787964
0.4005,-0.11105753714350204
0.401,-0.08769732215135634
0.4015,-0.01877711689858642
0.402,0.04783426663079804
0.4025,0.06447040363842153
0.403,0.02739402471554133
0.4035,-0.022260665230092357
0.404,-0.040788219026661264
0.4045,-0.019279792704412164
0.405,0.018129081934610995
0.4055,0.04182511850527584
0.406,0.03886148773713373
0.40650000000000003,0.015531597971532998
0.40700000000000003,-0.013031063718971822
0.40750000000000003,-0.03206024260445411
0.40800000000000003,-0.02971907358803524
0.40850000000000003,-0.00017542385722615298
0.40900000000000003,0.050251535153683864
0.40950000000000003,0.10297450449760788
0.41000000000000003,0.13533109832280057
0.41050000000000003,0.12871235926479907
0.41100000000000003,0.07677910414780827
0.41150000000000003,-0.0024397398221642844
0.41200000000000003,-0.06597109387690418
0.41250000000000003,-0.07458787800734575
0.41300000000000003,-0.031193539832620635
0.41350000000000003,0.016752754929129907
0.41400000000000003,0.02433785717754154
0.41450000000000004,-0.0002510047467360584
0.41500000000000004,-0.0031199518050741143
0.41550000000000004,0.04890957772320609
0.41600000000000004,0.11835666391899714
0.4165,0.131023591239789
0.417,0.0616217270950058
0.4175,-0.029999181694333278
0.418,-0.05777149362234414
0.4185,0.0021586870894683315
0.419,0.09004840225934323
0.4195,0.12642031349763247
0.42,0.08927872463957696
0.4205,0.02737149549143469
0.421,0.004852911436317343
0.4215,0.038207940222171
0.422,0.08406556048409015
0.4225,0.08293273523874241
0.423,0.01459761004262031
0.4235,-0.08340746850058764
0.424,-0.14578386956990233
0.4245,-0.13055754240881273
0.425,-0.052432753684997835
0.4255,0.02773145061509767
0.426,0.053084426794167645
0.4265,0.019440999467425613
0.427,-0.025054751723814495
0.4275,-0.03161452951667233
0.428,-0.001393340900339747
0.4285,0.01962223906483348
0.429,-0.002888528177999089
0.4295,-0.04705817232156407
0.43,-0.055029996060042635
0.4305,0.003146410604317076
0.431,0.09412206715681448
0.4315,0.15384340778802352
0.432,0.15055677725998753
0.4325,0.10932416719588137
0.433,0.07591471367468797
0.4335,0.06473561473533361
0.434,0.04911452333636008
0.4345,0.001776867442293939
0.435,-0.06494162369018533
0.4355,-0.10643131225692437
0.436,-0.08732544768340725
0.4365,-0.009502244697280485
0.437,0.09167042856575192
0.4375,0.16789985223513662
0.438,0.18324257786945264
0.4385,0.13706350923695965
0.439,0.06745315647813836
0.4395,0.023085980232535497
0.44,0.022157003724867213
0.4405,0.037909244331223974
0.441,0.02940047956226942
0.4415,-0.012341208803626923
0.442,-0.05478631944960286
0.4425,-0.06332382824688657
0.443,-0.04206487121018615
0.4435,-0.02728408081410891
0.444,-0.04510064936929979
0.4445,-0.08494467776539184
0.445,-0.1140618157516096
0.4455,-0.11049084103400526
0.446,-0.07995619523310442
0.4465,-0.04574454948097101
0.447,-0.024878135819885176
0.4475,-0.012550961953607451
0.448,0.00893649971718525
0.4485,0.04445219273621815
0.449,0.07538527548064347
0.4495,0.08022877522376555
0.45,0.059466733033094424
0.4505,0.033385380999375706
0.451,0.022868195329364006
0.4515,0.040869785354423004
0.452,0.09310926099295742
0.4525,0.16976656717600686
0.453,0.234880602064379
0.4535,0.2396037528267452
0.454,0.16114778274157976
0.4545,0.031147609719623354
0.455,-0.08141534384138813
0.4555,-0.12235188719054808
0.456,-0.09142263766760826
0.4565,-0.0336174868811035
0.457,0.0049382722938551395
0.4575,0.013850447996688631
0.458,0.01735939412781044
0.4585,0.04038121154535311
0.459,0.07655833025388226
0.4595,0.09225205293585599
0.46,0.06358086900255104
0.4605,0.00667736849916288
0.461,-0.03227517961502274
0.4615,-0.018703281930537562
0.462,0.03761674758041019
0.4625,0.09067335800949004
0.463,0.09769944146383727
0.4635,0.05107402103496815
0.464,-0.021004729078300623
0.4645,-0.0766227681124508
0.465,-0.0870554448325502
0.4655,-0.05394109235872571
0.466,-0.004124482049402218
0.4665,0.03473865454385384
0.467,0.05332855306768598
0.4675,0.058415144182164105
0.468,0.060983650498318165
0.4685,0.0689902371009573
0.46900000000000003,0.08183868000788116
0.46950000000000003,0.08625302877721185
0.47000000000000003,0.06557297686238414
0.47050000000000003,0.020674896656763544
0.47100000000000003,-0.023259956366795065
0.47150000000000003,-0.03900843824425291
0.47200000000000003,-0.02557541205249429
0.47250000000000003,-0.0089629516468399
0.47300000000000003,-0.014201594137725117
0.47350000000000003,-0.03903331352110316
0.47400000000000003,-0.0561712968654148
0.47450000000000003,-0.04168510568113222
0.47500000000000003,-0.001149749446832754
0.47550000000000003,0.03205237708990405
0.47600000000000003,0.023482595149560977
0.47650000000000003,-0.034009632457609816
0.47700000000000004,-0.1096172345436027
0.47750000000000004,-0.14948223600961133
0.47800000000000004,-0.11429981945970755
0.47850000000000004,-0.015710321642641745
0.47900000000000004,0.08579457976349736
0.47950000000000004,0.12885410906721506
0.48,0.09997772741938599
0.4805,0.033410139910725695
0.481,-0.028625016700564606
0.4815,-0.06282639625114096
0.482,-0.05980069848318236
0.4825,-0.018814041727932076
0.483,0.04220283108174829
0.4835,0.08942049451715547
0.484,0.10108801556771409
0.4845,0.08762363594384008
0.485,0.07646375810431998
0.4855,0.07914370639484013
0.486,0.07749225817397393
0.4865,0.045572792329802825
0.487,-0.011126588725534996
0.4875,-0.041949645748837076
0.488,0.009035313774749273
0.4885,0.1379560613621139
0.489,0.2630946588855684
0.4895,0.29056079767437626
0.49,0.20551245811524727
0.4905,0.089330078664865
0.491,0.040346630085352685
0.4915,0.08287398003371237
0.492,0.15571886628400317
0.4925,0.18004183811811228
0.493,0.13023971262461742
0.4935,0.04250756064120913
0.494,-0.03268499468937268
0.4945,-0.07430492027995976
0.495,-0.09016589430960352
0.4955,-0.09171695632856364
0.496,-0.08279510923183933
0.4965,-0.06635963799927957
0.497,-0.04984486788151644
0.4975,-0.043136011178706635
0.498,-0.05516979465000688
0.4985,-0.0896133238743486
0.499,-0.13865463053368562
0.4995,-0.18123802263485167
0.5,-0.19237566432545414
0.5005000000000001,-0.15957802167378116
0.501,-0.09284105321398105
0.5015000000000001,-0.01848158312073985
0.502,0.03784295120746311
0.5025000000000001,0.06444276585531171
0.503,0.06475848876890967
0.5035000000000001,0.04908940764188763
0.504,0.024849303005109256
0.5045000000000001,-0.007170020572251835
0.505,-0.046748789546307117
0.5055000000000001,-0.0828122004867166
0.506,-0.09079257599937415
0.5065000000000001,-0.04950870388903759
0.507,0.03479964882898826
0.5075000000000001,0.12520638575216594
0.508,0.18047456079160726
0.5085000000000001,0.18693634319417876
0.509,0.1651079340421183
0.5095000000000001,0.14537773597462214
0.51,0.13632009709726772
0.5105000000000001,0.11766143376786166
0.511,0.06869714964778983
0.5115000000000001,0.002249917792146564
0.512,-0.04058910839363433
0.5125,-0.033018889728213575
0.513,0.011457282093610044
0.5135,0.05923234901823905
0.514,0.0889691231183094
0.5145,0.0961340545133949
0.515,0.07821881103284142
0.5155,0.03180145588272265
0.516,-0.03355098526903886
0.5165,-0.086415371004298
0.517,-0.08643718554589751
0.5175,-0.013760632567856928
0.518,0.10612684254777298
0.5185,0.20586299910791075
0.519,0.21630064333189766
0.5195,0.11943474331477816
0.52,-0.02995256701107571
0.5205,-0.1373448757611289
0.521,-0.13325805416879194
0.5215,-0.019963726442905033
0.522,0.13233567178286265
0.5225,0.23105150517715972
0.523,0.21568300546928998
0.5235,0.0929732968405883
0.524,-0.06580570253665988
0.5245,-0.17093249161870455
0.525,-0.17619709800528796
0.5255,-0.10453682965549445
0.526,-0.01611680741675017
0.5265,0.04275738777549
0.527,0.06171120850972882
0.5275,0.05588729288378883
0.528,0.047356664020236826
0.5285,0.05011144439606643
0.529,0.06059217498920666
0.5295,0.06149070520394195
0.53,0.038203133600881414
0.5305,-0.01096691388520838
0.531,-0.07987513168375693
0.5315,-0.15631098815111732
0.532,-0.2112467193640112
0.5325,-0.20352322977100126
0.533,-0.11775942810147658
0.5335,0.004956071250990014
0.534,0.0933600056388996
0.5345,0.10967535514931753
0.535,0.07998987776741914
0.5355,0.05892312723196827
0.536,0.07057910682700486
0.5365,0.0901749260486569
0.537,0.08185395320877646
0.5375,0.04441617632899239
0.538,0.010996102056674168
0.5385,0.008479598014850608
0.539,0.03042596240697934
0.5395,0.05250440579829606
0.54,0.0629677706214463
0.5405,0.06891993977743577
0.541,0.07677584099782356
0.5415,0.07725720740412878
0.542,0.05634671374917722
0.5425,0.017975778322394578
0.543,-0.01466923313522736
0.5435,-0.025693184163789816
0.544,-0.026679433789191104
0.5445,-0.04000912387185661
0.545,-0.06219811885889722
0.5455,-0.05503228027215784
0.546,0.014045073970579627
0.5465,0.12020597251127296
0.547,0.18271115416150838
0.5475,0.13645558298797686
0.548,0.0073763748237872274
0.5485,-0.09646772982003939
0.549,-0.08324660248707631
0.5495,0.033047148005652595
0.55,0.1470252859115076
0.5505,0.16283764849482593
0.551,0.07432210427862652
0.5515,-0.048000401255649625
0.552,-0.1292805329615178
0.5525,-0.14035295607921547
0.553,-0.09435187859304967
0.5535,-0.022602816322034175
0.554,0.04088725749866497
0.5545,0.07324985022660904
0.555,0.07855958257302251
0.5555,0.08342893473068237
0.556,0.1054250918303122
0.5565,0.12970930405028272
0.557,0.12591738650693873
0.5575,0.08352712838855915
0.558,0.020571488774348074
0.5585,-0.03717831293026192
0.559,-0.07173527242168899
0.5595,-0.07038698084029989
0.56,-0.027286745356991424
0.5605,0.04024875835585228
0.561,0.08658748528263598
0.5615,0.06929322640087085
0.562,-0.005933934474449721
0.5625,-0.08172642806272554
0.5630000000000001,-0.09940504222715331
0.5635,-0.049732086704623396
0.5640000000000001,0.027469839953275843
0.5645,0.0846883349684801
0.5650000000000001,0.10229618186667215
0.5655,0.0919787128320349
0.5660000000000001,0.07744512778371626
0.5665,0.07410267408132307
0.5670000000000001,0.08012714930525795
0.5675,0.07986544870302227
0.5680000000000001,0.05605080430837706
0.5685,0.005764607458803447
0.5690000000000001,-0.050308854683462405
0.5695,-0.0790298069352076
0.5700000000000001,-0.06464153850884448
0.5705,-0.028325981806979462
0.5710000000000001,-0.009088710767488177
0.5715,-0.021021292623136005
0.5720000000000001,-0.03760023361071303
0.5725,-0.025698863728981388
0.5730000000000001,0.012591845874601338
0.5735,0.04511273880341887
0.5740000000000001,0.0528593247264195
0.5745,0.050762695704073345
0.5750000000000001,0.06058526979738064
0.5755,0.07681486008081455
0.5760000000000001,0.07111842402327495
0.5765,0.029660611099509775
0.577,-0.02171526931112626
0.5775,-0.03898105772395
0.578,-0.01033306017713274
0.5785,0.02432645266806084
0.579,0.016383275604991476
0.5795,-0.03165257651867342
0.58,-0.0639338787726499
0.5805,-0.036978893101031175
0.581,0.022287159574868667
0.5815,0.0429064040164831
0.582,-0.0017060254786209648
0.5825,-0.05081705008890905
0.583,-0.019787340149266034
0.5835,0.09969847773103574
0.584,0.21930656404407192
0.5845,0.23623452506583453
0.585,0.1283620798272345
0.5855,-0.03029709213347765
0.586,-0.13722994725096077
0.5865,-0.13946621353102473
0.587,-0.055740480402130504
0.5875,0.056179290007987166
0.588,0.13898266144369434
0.5885,0.15481653592293226
0.589,0.09573836755529158
0.5895,-0.0085161685518293
0.59,-0.102736297028262
0.5905,-0.1391451487126851
0.591,-0.10246214010430224
0.5915,-0.010650566722088433
0.592,0.09646905896828173
0.5925,0.17168402567872154
0.593,0.18151304525271703
0.5935,0.12627875605796077
0.594,0.04149252270555403
0.5945,-0.023826495364401276
0.595,-0.03917447837872519
0.5955,-0.014147615675334553
0.596,0.009785857634732598
0.5965,-0.002858320733384703
0.597,-0.045590808360178425
0.5975,-0.0745319767797982
0.598,-0.05351909358214997
0.5985,0.007596652457446623
0.599,0.06396199256457155
0.5995,0.08267449614753333
0.6,0.07241634373340076
0.6005,0.06422625481291148
0.601,0.06833938188649186
0.6015,0.06055065407523554
0.602,0.01796023483836802
0.6025,-0.03891579688163296
0.603,-0.05646037720851948
0.6035,-0.008128846320265108
0.604,0.06549963939590114
0.6045,0.09046685706270169
0.605,0.03509000806082295
0.6055,-0.05544148569516738
0.606,-0.10351240342677484
0.6065,-0.07322525934813016
0.607,0.002980452490180729
0.6075,0.06351137290175263
0.608,0.07206209226585582
0.6085,0.036406565379467244
0.609,-0.009246908247157893
0.6095,-0.03018685663753652
0.61,-0.009689068073250295
0.6105,0.04044983915913054
0.611,0.08355357577972773
0.6115,0.08553054294969764
0.612,0.050269984388778374
0.6125,0.020484974921544184
0.613,0.030070337092146206
0.6135,0.05949062104183131
0.614,0.054396084630796995
0.6145,-0.007888263776905888
0.615,-0.08274926270172848
0.6155,-0.09773385666406716
0.616,-0.025190671439896638
0.6165,0.08551191189982062
0.617,0.144852182574359
0.6175,0.09756071549395699
0.618,-0.025543548748819353
0.6185,-0.1260698709442691
0.619,-0.12009944512732638
0.6195,-0.012025645886210946
0.62,0.11334451597406947
0.6205,0.17164451087633875
0.621,0.14736699888555074
0.6215,0.08688684857337756
0.622,0.041576131761543504
0.6225,0.02966064020766252
0.623,0.044405046000581525
0.6235,0.07739975144982547
0.624,0.11967351266569658
0.6245,0.146927452818077
0.625,0.1262182332484569
0.6255000000000001,0.05145013322701977
0.626,-0.038116047370133445
0.6265000000000001,-0.09144690158257866
0.627,-0.09529957460187537
0.6275000000000001,-0.07832484932828292
0.628,-0.06916328908927961
0.6285000000000001,-0.06479959505020921
0.629,-0.044072139067664544
0.6295000000000001,-0.0017399869252295204
0.63,0.04133343040388051
0.6305000000000001,0.059907223084927894
0.631,0.04704880677684139
0.6315000000000001,0.014283057120949905
0.632,-0.022464380502615972
0.6325000000000001,-0.053247404684624564
0.633,-0.07448616964898977
0.6335000000000001,-0.08375192453477387
0.634,-0.0785416198014958
0.6345000000000001,-0.06276357360878915
0.635,-0.049430187386146504
0.6355000000000001,-0.04938277018245556
0.636,-0.05823685610750363
0.6365000000000001,-0.0602781430191259
0.637,-0.045757734138784485
0.6375000000000001,-0.02149619420769082
0.638,-0.004055041592120822
0.6385000000000001,-0.0025785933464177856
0.639,-0.007857735834602805
0.6395000000000001,-0.0004950386012855697
0.64,0.02796007977434204
0.6405,0.06628292845244058
0.641,0.10092209900237735
0.6415,0.1355868179700606
0.642,0.18174406558430173
0.6425,0.23112041022828517
0.643,0.2512436945672808
0.6435,0.21520017233607944
0.644,0.1309227290106589
0.6445,0.0360453833972195
0.645,-0.033970830989612844
0.6455,-0.0683525045860277
0.646,-0.07400083190655396
0.6465,-0.05488091231381589
0.647,-0.006408333050645705
0.6475,0.06905286197715137
0.648,0.14906772329514062
0.6485,0.20264205324182308
0.649,0.21447734972133323
0.6495,0.19097512277151285
0.65,0.1430693843535774
0.6505,0.07277422290493592
0.651,-0.017194908033706265
0.6515,-0.10435484923440243
0.652,-0.1479636131273659
0.6525,-0.12053856148568308
0.653,-0.04011751519987491
0.6535,0.036218036977266874
0.654,0.057910398110561055
0.6545,0.021521628220161265
0.655,-0.0324711397263691
0.6555,-0.060187140722297805
0.656,-0.05243839077365916
0.6565,-0.036591890512412066
0.657,-0.04335230943301175
0.6575,-0.07353307360921207
0.658,-0.09843395885225423
0.6585,-0.09038023239547424
0.659,-0.049966212118781814
0.6595,-0.004042140135980775
0.66,0.020567308658702516
0.6605,0.020325807162876797
0.661,0.013517077661811783
0.6615,0.01766564408747645
0.662,0.028992307672415604
0.6625,0.024721618609395653
0.663,-0.01254127613438533
0.6635,-0.0713285937203028
0.664,-0.1123584319627872
0.6645,-0.09767322999583099
0.665,-0.02700113141039493
0.6655,0.05437779192760394
0.666,0.0938571170772008
0.6665,0.08141455435672823
0.667,0.054808198815056205
0.6675,0.05551052692924617
0.668,0.08897033558539343
0.6685,0.12771030409236533
0.669,0.14215643586056645
0.6695,0.12598470495300382
0.67,0.09827003077633707
0.6705,0.08186649165961919
0.671,0.07709162166300412
0.6715,0.06109233945613836
0.672,0.017053670884490293
0.6725,-0.04167045154148023
0.673,-0.08139615307309608
0.6735,-0.07886976559793937
0.674,-0.04100289078745686
0.6745,0.002228322971421274
0.675,0.02417600126051484
0.6755,0.023318262331464404
0.676,0.018985263707241285
0.6765,0.02678139365223086
0.677,0.04207228229751107
0.6775,0.048505307159867936
0.678,0.03951473433966722
0.6785,0.027583573074588037
0.679,0.029681796647304512
0.6795,0.045471259129462836
0.68,0.05736707010833754
0.6805,0.053875175666006
0.681,0.041458879453792064
0.6815,0.027270097335580286
0.682,0.004611138002914292
0.6825,-0.03190918651706431
0.683,-0.06716274529183079
0.6835,-0.07499895997603785
0.684,-0.04433857442108026
0.6845,0.008862722008957984
0.685,0.05140402953822802
0.6855,0.053611732655499976
0.686,0.008886352112618909
0.6865,-0.05931565941995315
0.687,-0.10925361688725309
0.6875,-0.10621049777199898
0.6880000000000001,-0.04682685001115702
0.6885,0.03512610515729808
0.6890000000000001,0.09072434720839874
0.6895,0.09198930871289092
0.6900000000000001,0.05160359945821834
0.6905,0.009155956593801294
0.6910000000000001,-0.0014631995684253013
0.6915,0.026003686291282278
0.6920000000000001,0.07364762861276929
0.6925,0.1173103470388869
0.6930000000000001,0.13829551125841819
0.6935,0.12374128458291274
0.6940000000000001,0.0691660241260437
0.6945,-0.010776853148267495
0.6950000000000001,-0.07998212360425931
0.6955,-0.10137261374292765
0.6960000000000001,-0.06464514652149209
0.6965,0.007720604519911049
0.6970000000000001,0.08054898089288183
0.6975,0.12831942296579252
0.6980000000000001,0.14139680688880102
0.6985,0.12161230299696116
0.6990000000000001,0.07808948962379553
0.6995,0.023644223179611398
0.7000000000000001,-0.029911815376502032
0.7005,-0.07472728689446714
0.7010000000000001,-0.10547840826144973
0.7015,-0.11383644353465325
0.7020000000000001,-0.08714423556381298
0.7025,-0.02398220002868245
0.7030000000000001,0.044134897850432384
0.7035,0.06315135037324052
0.704,0.007999603650445846
0.7045,-0.08016628664253109
0.705,-0.12526833860580475
0.7055,-0.0886416957556965
0.706,-0.004397452539462228
0.7065,0.05521729207195217
0.707,0.04696669431127938
0.7075,-0.0023031874978042075
0.708,-0.01675591203122779
0.7085,0.05465876844983234
0.709,0.17619987444398758
0.7095,0.24750475418107784
0.71,0.20116349131719877
0.7105,0.07510168010848316
0.711,-0.02085554841940144
0.7115,-0.008961060586481927
0.712,0.08857310585714091
0.7125,0.17764589410056775
0.713,0.17870893282155303
0.7135,0.0877403533595931
0.714,-0.03495658931219185
0.7145,-0.12131512216974498
0.715,-0.13791614162390287
0.7155,-0.09116625597245712
0.716,-0.01635331272849008
0.7165,0.03765232766447477
0.717,0.03822227850037355
0.7175,-0.0010798514840472556
0.718,-0.030207802027637627
0.7185,-0.013449954093088714
0.719,0.03272891600853536
0.7195,0.05799226549872749
0.72,0.031104816277960776
0.7205,-0.030258409377916823
0.721,-0.08048974629159714
0.7215,-0.08936888533977827
0.722,-0.06097524040964936
0.7225,-0.016621778912437796
0.723,0.028128233381098128
0.7235,0.06520931585941211
0.724,0.08417683647948779
0.7245,0.07398978457650658
0.725,0.033803303123780194
0.7255,-0.025491627968426515
0.726,-0.087218294385165
0.7265,-0.12938826437977638
0.727,-0.1271132806196431
0.7275,-0.07070702130696778
0.728,0.01591968606329348
0.7285,0.08583932551023567
0.729,0.10571426277814255
0.7295,0.08240783774932069
0.73,0.05318990006483207
0.7305,0.04889019781337134
0.731,0.06383787272851492
0.7315,0.06058267492715122
0.732,0.006961796902600442
0.7325,-0.08618667002492383
0.733,-0.1630117068054115
0.7335,-0.1656733819300957
0.734,-0.08625269603807562
0.7345,0.02697010718121141
0.735,0.11697110104795037
0.7355,0.16350411521101935
0.736,0.17834635108228197
0.7365,0.17179868791031078
0.737,0.14240988132027427
0.7375,0.09449944452243424
0.738,0.04489431013376095
0.7385,0.006848701551790397
0.739,-0.01983516684747112
0.7395,-0.0377421279626921
0.74,-0.04011921885760331
0.7405,-0.0156904334845594
0.741,0.03649993156012555
0.7415,0.09683804238368564
0.742,0.1304300678216555
0.7425,0.10867746439898614
0.743,0.030520396527382934
0.7435,-0.0757786898178906
0.744,-0.16806161614322776
0.7445,-0.20711431366071675
0.745,-0.17006460562388098
0.7455,-0.06354182481340363
0.746,0.07138634638882707
0.7465,0.17638051040919908
0.747,0.2104930851386807
0.7475,0.17595478442762605
0.748,0.11224755770761911
0.7485,0.06237322919803392
0.749,0.040622541391736475
0.7495,0.031182317121136498
0.75,0.01618450446661383
0.7505000000000001,-0.0009322045201110053
0.751,-0.004459940024697578
0.7515000000000001,0.006718406580504068
0.752,0.012727867223664893
0.7525000000000001,-0.0025632252934181445
0.753,-0.02742466703954264
0.7535000000000001,-0.032646130772262055
0.754,-0.00797408731722961
0.7545000000000001,0.020037579296653032
0.755,0.015212661111805302
0.7555000000000001,-0.024142159883711236
0.756,-0.05495478756887932
0.7565000000000001,-0.027640235288124662
0.757,0.06231308034210647
0.7575000000000001,0.15833382168049948
0.758,0.18188826179368553
0.7585000000000001,0.0988555590129883
0.759,-0.04422531404053655
0.7595000000000001,-0.1520826877794454
0.76,-0.157752645594985
0.7605000000000001,-0.07688388492291805
0.761,0.008448939605928619
0.7615000000000001,0.021290231691232515
0.762,-0.04463158797502932
0.7625000000000001,-0.12209402139378431
0.763,-0.13480169041160492
0.7635000000000001,-0.07006774498500105
0.764,0.01254571848199483
0.7645000000000001,0.044895916595669424
0.765,0.01639136311125159
0.7655000000000001,-0.025650258259130174
0.766,-0.0316145091201581
0.7665000000000001,0.0042067732836497404
0.767,0.04853399707291235
0.7675000000000001,0.06764210307320637
0.768,0.05428413088610708
0.7685,0.021382540129245398
0.769,-0.018056721211781198
0.7695,-0.05654171713587569
0.77,-0.08271869843554996
0.7705,-0.07770106775679765
0.771,-0.02797036002591463
0.7715,0.057203715275945505
0.772,0.14536321892637158
0.7725,0.20294477848847928
0.773,0.21899698245700433
0.7735,0.20583570982983374
0.774,0.17701387636969315
0.7745,0.128765881081183
0.775,0.04919574427284723
0.7755,-0.05283438805715844
0.776,-0.13552035881818178
0.7765,-0.15014245244332647
0.777,-0.08401399260660836
0.7775,0.021209524229154713
0.778,0.09727672652056411
0.7785,0.1032078246325427
0.779,0.05677923133446593
0.7795,0.012679910361291858
0.78,0.010106965658992684
0.7805,0.04248661440383049
0.781,0.07310680697883153
0.7815,0.0712852395838845
0.782,0.03284829780221565
0.7825,-0.022503333533038287
0.783,-0.06409050946333303
0.7835,-0.06762157202050892
0.784,-0.03397754495367043
0.7845,0.007231793188715593
0.785,0.02262994827948796
0.7855,0.009198574248051952
0.786,-0.0020429336795791068
0.7865,0.01746733030647553
0.787,0.058461137533951976
0.7875,0.08396625631260975
0.788,0.07299177488761764
0.7885,0.04345299991508481
0.789,0.027760138075336636
0.7895,0.03323179581018304
0.79,0.03497224186484116
0.7905,0.0075462073852444415
0.791,-0.043133644314122116
0.7915,-0.08328761318201316
0.792,-0.08335769584644645
0.7925,-0.04402038966788717
0.793,0.005277623400414974
0.7935,0.029185962524472468
0.794,0.012483154136903641
0.7945,-0.027681357574418773
0.795,-0.05390491148467974
0.7955,-0.040203669854656086
0.796,0.003148271363220512
0.7965,0.0400612994363258
0.797,0.046620242933649886
0.7975,0.031063409425861277
0.798,0.010350503112819362
0.7985,-0.020948094742661717
0.799,-0.08004990397369612
0.7995,-0.15504576762233044
0.8,-0.19509114583823522
0.8005,-0.15643217942802115
0.801,-0.05305297987671067
0.8015,0.04974944524154418
0.802,0.09374472745586815
0.8025,0.07730247508642539
0.803,0.049900537127103795
0.8035,0.06149505261373795
0.804,0.1162781587728263
0.8045,0.17288184469406417
0.805,0.18737118762570518
0.8055,0.15413073156242102
0.806,0.10458904587535811
0.8065,0.06908217524947355
0.807,0.04520393078564566
0.8075,0.007462689147146003
0.808,-0.05420410441706834
0.8085,-0.11308970633601605
0.809,-0.12590618990935815
0.8095,-0.0711201585303519
0.81,0.030943921901896262
0.8105,0.12862764152955483
0.811,0.17153015945912206
0.8115,0.145353417531364
0.812,0.08003085417204242
0.8125,0.018765502376620537
0.8130000000000001,-0.020646004029601504
0.8135,-0.04867505193229894
0.8140000000000001,-0.07438463283712234
0.8145,-0.08697598495348605
0.8150000000000001,-0.06949404398349988
0.8155,-0.021660860857721474
0.8160000000000001,0.03417664108436066
0.8165,0.06652520561710444
0.8170000000000001,0.0580667203335773
0.8175,0.02188918260480965
0.8180000000000001,-0.009072184524727845
0.8185,-0.013492686512970455
0.8190000000000001,0.0003347677358263553
0.8195,0.007657290255493797
0.8200000000000001,-0.007503118596820469
0.8205,-0.03908256845898182
0.8210000000000001,-0.06456402690430636
0.8215,-0.06530723335448799
0.8220000000000001,-0.046762573058732465
0.8225,-0.03470077823461283
0.8230000000000001,-0.04305508240970077
0.8235,-0.04950179551399053
0.8240000000000001,-0.01724479490533224
0.8245,0.056043150930437026
0.8250000000000001,0.12493654919606706
0.8255,0.14136720918626317
0.8260000000000001,0.10435709486433158
0.8265,0.05347926427210192
0.8270000000000001,0.019591645714573894
0.8275,-0.0008824459585838771
0.8280000000000001,-0.021864521455142054
0.8285,-0.03616637103236961
0.8290000000000001,-0.020232259185220182
0.8295,0.03500769463321532
0.8300000000000001,0.10588442905400494
0.8305,0.14874218652143711
0.8310000000000001,0.1308972313629342
0.8315,0.05576315528770689
0.8320000000000001,-0.035603748338840314
0.8325,-0.09133268580483361
0.833,-0.08776438259456354
0.8335,-0.04630153910903357
0.834,-0.009902114485834824
0.8345,-0.004041898339368172
0.835,-0.02131379323203228
0.8355,-0.038080878358655805
0.836,-0.03856193166346847
0.8365,-0.02067914239057215
0.837,0.014473909851775772
0.8375,0.06527064244171778
0.838,0.1173704606984573
0.8385,0.14266549166582837
0.839,0.12387023048348825
0.8395,0.07544452555862625
0.84,0.02952585881828656
0.8405,0.003712288234233671
0.841,-0.008639214996612282
0.8415,-0.01979345386067126
0.842,-0.03184344969638283
0.8425,-0.04187519137398691
0.843,-0.051556458459000885
0.8435,-0.06234995665753897
0.844,-0.06549256352240317
0.8445,-0.047373609456679205
0.845,-0.007396746928877137
0.8455,0.036120414211492265
0.846,0.060492507952978294
0.8465,0.05446075985411658
0.847,0.020174359670644206
0.8475,-0.031728966663802795
0.848,-0.08497760956695785
0.8485,-0.12107560178761918
0.849,-0.12665484568303398
0.8495,-0.10107497225780677
0.85,-0.05903657746797569
0.8505,-0.025881648960057277
0.851,-0.024422193586804065
0.8515,-0.05591813930265782
0.852,-0.08981396247694307
0.8525,-0.08114380228999936
0.853,-0.009725093904985094
0.8535,0.09671433226856699
0.854,0.1829356167598181
0.8545,0.20921880197804016
0.855,0.1735381472036465
0.8555,0.10120515067970191
0.856,0.02737519925362383
0.8565,-0.011307097484832104
0.857,0.010773944929806356
0.8575,0.08669568580245428
0.858,0.17286529416746776
0.8585,0.2185690936902019
0.859,0.2028672464073873
0.8595,0.1427373166469433
0.86,0.06961825994799893
0.8605,0.003703109977254121
0.861,-0.047044807979076717
0.8615,-0.0724130095909489
0.862,-0.06249242825038133
0.8625,-0.028099655534731892
0.863,-0.0015170187174909904
0.8635,-0.004755534596576605
0.864,-0.024428916727205242
0.8645,-0.02847439841063787
0.865,-0.005748872905349995
0.8655,0.019128489108358522
0.866,0.012481776289472429
0.8665,-0.03078051561565063
0.867,-0.07890906299246464
0.8675,-0.09275202029539868
0.868,-0.06335524291851685
0.8685,-0.019960793364569115
0.869,-0.001179760283521656
0.8695,-0.019980584422602074
0.87,-0.054566874040049285
0.8705,-0.0677002794068925
0.871,-0.03778312015307826
0.8715,0.01822442911747846
0.872,0.05185897953368385
0.8725,0.02485589577689025
0.873,-0.04950567369481808
0.8735,-0.11090970236626022
0.874,-0.10249534266353073
0.8745,-0.019978604605281614
0.875,0.0828115185170911
0.8755000000000001,0.13396702151271667
0.876,0.09945182788141377
0.8765000000000001,0.012862494264421705
0.877,-0.05135756571795803
0.8775000000000001,-0.04435290706765633
0.878,0.01320381781064175
0.8785000000000001,0.05395712495216497
0.879,0.030228757978711357
0.8795000000000001,-0.041744371838516814
0.88,-0.10123514185150267
0.8805000000000001,-0.10216303932709198
0.881,-0.04750784166167072
0.8815000000000001,0.030923619204720126
0.882,0.10799891071742726
0.8825000000000001,0.1690119630026706
0.883,0.19480174934071698
0.8835000000000001,0.16905387526836935
0.884,0.10393682748283653
0.8845000000000001,0.04179986257114746
0.885,0.018824519634215393
0.8855000000000001,0.029136904771568953
0.886,0.03275932290060205
0.8865000000000001,0.0002610507659376836
0.887,-0.05639285076122237
0.8875000000000001,-0.09899462127461492
0.888,-0.10118550585159769
0.8885000000000001,-0.0668569411527013
0.889,-0.019575459310521216
0.8895000000000001,0.017370268209217356
0.89,0.03594090311624351
0.8905000000000001,0.045761414045055036
0.891,0.057457435528164874
0.8915000000000001,0.061320878583672286
0.892,0.032626783610286175
0.8925000000000001,-0.03479092273847011
0.893,-0.1071223396446247
0.8935000000000001,-0.13081832752611927
0.894,-0.07630044485451654
0.8945000000000001,0.03346443381252256
0.895,0.13273738586198006
0.8955000000000001,0.15928903898831
0.896,0.10502829189448325
0.8965,0.022818009788599155
0.897,-0.023093429901150174
0.8975,-0.014816800398120385
0.898,0.010242883359285613
0.8985,0.001375167067972318
0.899,-0.0579038075138496
0.8995,-0.13586952761973642
0.9,-0.17737214367463341
0.9005,-0.14663438298409634
0.901,-0.056148728262978675
0.9015,0.04226398887346209
0.902,0.09859215760625253
0.9025,0.10230648582186055
0.903,0.08216688590399522
0.9035,0.07132573317478713
0.904,0.07564193169368397
0.9045,0.07477672922675059
0.905,0.048875391606745505
0.9055,0.0018896617121181986
0.906,-0.03983426849684822
0.9065,-0.0513948212433753
0.907,-0.032062569728574686
0.9075,-0.003636044170932288
0.908,0.013135195068305808
0.9085,0.01746920956745603
0.909,0.02363484468819424
0.9095,0.0410857858239919
0.91,0.06168575222885199
0.9105,0.06582969595163188
0.911,0.04251215872773989
0.9115,0.00554141410888582
0.912,-0.013548940004581091
0.9125,0.0037543321586097148
0.913,0.03729786724555761
0.9135,0.04141754170461624
0.914,-0.007315849025068656
0.9145,-0.07828261551279604
0.915,-0.11383869715337303
0.9155,-0.09033717200198621
0.916,-0.04031192445160383
0.9165,-0.006572888011464767
0.917,0.0110879428187548
0.9175,0.04264712714578212
0.918,0.08777083123970514
0.9185,0.10047916652802792
0.919,0.04915829988044647
0.9195,-0.028387540908278813
0.92,-0.054167692674701014
0.9205,0.007097805677130478
0.921,0.10674480681291482
0.9215,0.1549247526086081
0.922,0.10125954356228255
0.9225,-0.02282616456636465
0.923,-0.13587917781877906
0.9235,-0.17889541115480218
0.924,-0.15739659411441898
0.9245,-0.1168890737275388
0.925,-0.08922863258021634
0.9255,-0.07105728449649153
0.926,-0.04437318378276711
0.9265,-0.002323309451327125
0.927,0.044380320775621956
0.9275,0.07573367240027737
0.928,0.07695583953141955
0.9285,0.05280579964672395
0.929,0.02746693522012896
0.9295,0.022599632901624943
0.93,0.034803554259907284
0.9305,0.04230489164741157
0.931,0.03363884416646141
0.9315,0.018528690637884156
0.932,0.008694208704177763
0.9325,0.0033340558020530874
0.933,0.0016033010368125134
0.9335,0.01516033103486334
0.934,0.05523274872721866
0.9345,0.11297742887868922
0.935,0.15939548575677084
0.9355,0.1621449108137636
0.936,0.10680651013756245
0.9365,0.013238808672254866
0.937,-0.07069700587063393
0.9375,-0.10560788201016005
0.9380000000000001,-0.09517583111825213
0.9385,-0.07564061722068523
0.9390000000000001,-0.06795519759635911
0.9395,-0.05332201247922069
0.9400000000000001,-0.007893912029978682
0.9405,0.04866803680114301
0.9410000000000001,0.06135775651761681
0.9415,0.0016600746718112686
0.9420000000000001,-0.0922551091411471
0.9425,-0.14614557733866276
0.9430000000000001,-0.11803586087093305
0.9435,-0.034210887248795036
0.9440000000000001,0.04065044311570681
0.9445,0.06684291859656866
0.9450000000000001,0.060990659932182584
0.9455,0.06626546421048696
0.9460000000000001,0.09998464770321686
0.9465,0.13506615647057535
0.9470000000000001,0.1275309034063912
0.9475,0.05775802312970725
0.9480000000000001,-0.050087141706346996
0.9485,-0.14121153236167516
0.9490000000000001,-0.16440701520183995
0.9495,-0.10749436769461487
0.9500000000000001,-0.010331463325250138
0.9505,0.06237426963305444
0.9510000000000001,0.07215305534697133
0.9515,0.03199003964692931
0.9520000000000001,-0.01857891743176871
0.9525,-0.05160308414292629
0.9530000000000001,-0.05981565733536738
0.9535,-0.045406821073088195
0.9540000000000001,-0.01416385047883794
0.9545,0.026004232126024332
0.9550000000000001,0.06706068188668925
0.9555,0.09640177940603965
0.9560000000000001,0.09487755878266425
0.9565,0.05447614544335985
0.9570000000000001,-0.0013916874808591875
0.9575,-0.03105358546851617
0.9580000000000001,-0.01507008755096816
0.9585,0.025028829620888895
0.9590000000000001,0.05325137203652646
0.9595,0.05514330087987431
0.96,0.039470893683072716
0.9605,0.012927746114149687
0.961,-0.02965310580500706
0.9615,-0.0853194245651588
0.962,-0.12716476895060125
0.9625,-0.12451756060676057
0.963,-0.07924075010768042
0.9635,-0.02925596541925027
0.964,-0.009471120476011868
0.9645,-0.01642284672699587
0.965,-0.01668124912704773
0.9655,0.0180805022321602
0.966,0.08925269817466086
0.9665,0.17096498082279762
0.967,0.2199351431886296
0.9675,0.19773980511937936
0.968,0.10285159350876304
0.9685,-0.017581233683402548
0.969,-0.09811481706593865
0.9695,-0.10291250296737309
0.97,-0.046887719257618435
0.9705,0.021933837918785268
0.971,0.055083475824972875
0.9715,0.02820571931570601
0.972,-0.04776738093229929
0.9725,-0.12987609292746607
0.973,-0.16504453062211963
0.9735,-0.12482949950050896
0.974,-0.030182059470302704
0.9745,0.05632245775884189
0.975,0.0708171317647799
0.9755,-0.004156782877164335
0.976,-0.11961208168228839
0.9765,-0.18957602176112737
0.977,-0.1559924226999117
0.9775,-0.03846976951522807
0.978,0.0790597570528695
0.9785,0.11938985281748112
0.979,0.07781348133121052
0.9795,0.019639693536001236
0.98,0.011774259481223749
0.9805,0.059343908775581516
0.981,0.11314237706495797
0.9815,0.13030989862755063
0.982,0.11012896356622065
0.9825,0.07296401682618639
0.983,0.031114311626081203
0.9835,-0.007888262029432224
0.984,-0.03164713856939875
0.9845,-0.03607428786398703
0.985,-0.03640168776959686
0.9855,-0.04799630637072054
0.986,-0.06269063390620234
0.9865,-0.05920747550435545
0.987,-0.03477132113789858
0.9875,-0.012207951625359483
0.988,-0.011560610793984755
0.9885,-0.024609340063779295
0.989,-0.02588730224031808
0.9895,-0.0036340042130244684
0.99,0.03089037898048142
0.9905,0.06235312368416433
0.991,0.08471555586761852
0.9915,0.0926125342921616
0.992,0.07599591468005072
0.9925,0.03468600643333157
0.993,-0.011356691050868256
0.9935,-0.03790771016354566
0.994,-0.038889203357873714
0.9945,-0.025515261531991143
0.995,-0.007537501751353459
0.9955,0.015498297527814682
0.996,0.04574642813328047
0.9965,0.07833272564806722
0.997,0.10193993978615351
0.9975,0.10305837095150139
0.998,0.0720703786437852
0.9985,0.012937429372893591
0.999,-0.05278500377681298
0.9995,-0.09831488667314543
1.0,-0.11211826650931514
1.0005,-0.10634971429310704
1.0010000000000001,-0.10492100242411993
1.0015,-0.12127767082747898
1.002,-0.14416653099511864
1.0025,-0.14536145552621155
1.0030000000000001,-0.10574747738957
1.0035,-0.03492203051608477
1.004,0.037981627648189804
1.0045,0.09094649033659549
1.0050000000000001,0.11971145504944551
1.0055,0.12398339481757566
1.006,0.09752367248984797
1.0065,0.042808789626127185
1.0070000000000001,-0.010181808470140512
1.0075,-0.017041687965400037
1.008,0.03707990564682375
1.0085,0.11110025192367756
1.0090000000000001,0.1388278146248968
1.0095,0.09050801210078628
1.01,-0.0013707726044420452
1.0105,-0.0768970448442157
1.0110000000000001,-0.10087534702527774
1.0115,-0.0803801262837952
1.012,-0.04467941137642947
1.0125,-0.019241044732938493
1.0130000000000001,-0.015020300580233513
1.0135,-0.030098183026817663
1.014,-0.05251765196947201
1.0145,-0.06202149848652814
1.0150000000000001,-0.03964728093049403
1.0155,0.013336625470786272
1.016,0.06772497093060775
1.0165,0.0877807838236901
1.0170000000000001,0.06314788392418266
1.0175,0.014948521242289375
1.018,-0.02797266300046306
1.0185,-0.051004601617727845
1.0190000000000001,-0.053023578662525196
1.0195,-0.03627334876623333
1.02,-0.00649771192720462
1.0205,0.02045598635370189
1.0210000000000001,0.023551381745403832
1.0215,-0.0035160409360370723
1.022,-0.038059868640337335
1.0225,-0.04305991550819613
1.0230000000000001,-0.004506283371580243
1.0235,0.047933255883032766
1.024,0.06740608185083477
1.0245,0.04085618955459413
1.025,0.006223360407610708
1.0255,0.011227130056362855
1.026,0.0569066207584235
1.0265,0.08943390843700086
1.027,0.05320983715808731
1.0275,-0.046490930588830554
1.028,-0.13740161248979027
1.0285,-0.14495800927801808
1.029,-0.06663474782050888
1.0295,0.024468103573613478
1.03,0.05321031125410608
1.0305,0.012022641087949294
1.031,-0.044761856777920765
1.0315,-0.06273002008516697
1.032,-0.03470302106082202
1.0325,0.002998390758065606
1.033,0.00838333970446328
1.0335,-0.02904307224774297
1.034,-0.07894671521578685
1.0345,-0.09611847039000376
1.035,-0.05900298061859882
1.0355,0.014530184151001053
1.036,0.08439126454579761
1.0365,0.11838729213369491
1.037,0.1117131358302712
1.0375,0.0840954073972155
1.038,0.05829131186327156
1.0385,0.040822675628888264
1.039,0.024341063940255522
1.0395,0.004673596212858939
1.04,-0.01199779293568308
1.0405,-0.020949752649350797
1.041,-0.030739229320104144
1.0415,-0.05398793215855178
1.042,-0.08644010303974127
1.0425,-0.10310719884222211
1.043,-0.07899983594500355
1.0435,-0.012903286351401144
1.044,0.06772367862881633
1.0445,0.12452151988067216
1.045,0.13471751045823596
1.0455,0.10358193241666366
1.046,0.05224959502832089
1.0465,-0.002869707963202268
1.047,-0.05474181567600136
1.0475,-0.09390063015842538
1.048,-0.10264658511463882
1.0485,-0.06808790383821128
1.049,-0.00019433167956820277
1.0495,0.06707278313728726
1.05,0.09723311626750455
1.0505,0.0801231985556179
1.051,0.042558049759605115
1.0515,0.025190048181040738
1.052,0.042591538027904025
1.0525,0.06935170195181699
1.053,0.07098235188780767
1.0535,0.04294637235170119
1.054,0.010166272772544343
1.0545,-0.007210805808291566
1.055,-0.014882154384261072
1.0555,-0.03186723583524374
1.056,-0.06813836075737591
1.0565,-0.11516606050367498
1.057,-0.14933648691906432
1.0575,-0.1464742201532815
1.058,-0.1048820000542192
1.0585,-0.05516549677050999
1.059,-0.036741747162574154
1.0595,-0.059876157111732387
1.06,-0.0948138742280656
1.0605,-0.10061788653038703
1.061,-0.06336550466983949
1.0615,-0.006335018330559437
1.062,0.0335309329957673
1.0625,0.03564349567801706
1.063,0.0057379599337023315
1.0635000000000001,-0.03315906837499182
1.064,-0.053448852146317706
1.0645,-0.03694372384789476
1.065,0.007789562068205808
1.0655000000000001,0.0427334160388038
1.066,0.029955462203274365
1.0665,-0.029823654706512315
1.067,-0.09308696360483666
1.0675000000000001,-0.1098425724787543
1.068,-0.06369444169488658
1.0685,0.01991811920250197
1.069,0.09960648744918019
1.0695000000000001,0.14787610325597952
1.07,0.15642052839432408
1.0705,0.12677954679344475
1.071,0.0735122405556218
1.0715000000000001,0.03146288802181922
1.072,0.036504838919618254
1.0725,0.08957837739484627
1.073,0.14972479364649344
1.0735000000000001,0.16789196562544953
1.074,0.12344376604126092
1.0745,0.03186430826901715
1.075,-0.07027727671658796
1.0755000000000001,-0.14423679335538292
1.076,-0.16350769558731046
1.0765,-0.12357491535269183
1.077,-0.04678474756623333
1.0775000000000001,0.02290300191150211
1.078,0.04129583083918738
1.0785,-0.006654194620294902
1.079,-0.09273086717203001
1.0795000000000001,-0.16166492477485928
1.08,-0.16849969458369835
1.0805,-0.11057206521222113
1.081,-0.026952378079338243
1.0815000000000001,0.03766375084456414
1.082,0.069918890665288
1.0825,0.08689322403854612
1.083,0.10388226047282412
1.0835000000000001,0.1141914431996395
1.084,0.10277473315546906
1.0845,0.06865587388931271
1.085,0.025220593368731586
1.0855000000000001,-0.014526651619422397
1.086,-0.04166733915124737
1.0865,-0.04495640827171296
1.087,-0.016159147220225895
1.0875000000000001,0.0333154115766386
1.088,0.07030788703882745
1.0885,0.06436646434995852
1.089,0.01763832120987219
1.0895,-0.03254267751907488
1.09,-0.04719679596641489
1.0905,-0.024820517740413817
1.091,-0.003665777139249282
1.0915,-0.022082843819307335
1.092,-0.0788358675450249
1.0925,-0.13452359255197277
1.093,-0.14907729683515406
1.0935,-0.11515280366289525
1.094,-0.058250171488645835
1.0945,-0.010813740863893626
1.095,0.011711245632051592
1.0955,0.014716871456391311
1.096,0.011370291944959606
1.0965,0.006917604764971299
1.097,-0.005733995508993044
1.0975,-0.0330027753538224
1.098,-0.06215449584873
1.0985,-0.06395754494641435
1.099,-0.023752707179262495
1.0995,0.03375173319008526
1.1,0.062193930432262394
1.1005,0.03684387699954276
1.101,-0.025529922161805323
1.1015,-0.08586631173933885
1.102,-0.11399632034400704
1.1025,-0.10375345233381524
1.103,-0.06615887522129611
1.1035,-0.013996515839801374
1.104,0.04220787451411631
1.1045,0.08570503911456451
1.105,0.09636667696108632
1.1055,0.07205729402341321
1.106,0.03694617646637107
1.1065,0.01698123840632482
1.107,0.014292047917146753
1.1075,0.015590370029187575
1.108,0.016477174241313588
1.1085,0.02233686185512471
1.109,0.029304552549173357
1.1095,0.021757350979163714
1.11,-0.006021418739507631
1.1105,-0.03599745500367686
1.111,-0.04046316511054644
1.1115,-0.006466928498283468
1.112,0.05325506189172027
1.1125,0.10787913468088502
1.113,0.12905890141508244
1.1135,0.11147909871416191
1.114,0.07261027100532014
1.1145,0.028774989659829105
1.115,-0.02182426089396814
1.1155,-0.0848835740742388
1.116,-0.14675126998047436
1.1165,-0.17796135871028695
1.117,-0.15897475461094276
1.1175,-0.09618877381407978
1.118,-0.016961918453056266
1.1185,0.0435328653862298
1.119,0.056323549110897556
1.1195,0.01651422770340942
1.12,-0.0434272157701912
1.1205,-0.06805569577697382
1.121,-0.024463977653369842
1.1215,0.06174723209419788
1.122,0.12507846976378734
1.1225,0.11966746648176527
1.123,0.05665256924517509
1.1235,-0.016110870472264026
1.124,-0.06135244142268498
1.1245,-0.07636586167135222
1.125,-0.08111164239179543
1.1255,-0.09354294337254049
1.1260000000000001,-0.11531349441413008
1.1265,-0.1343440426866696
1.127,-0.13728635372142528
1.1275,-0.11940690875332802
1.1280000000000001,-0.08435186544401185
1.1285,-0.03742243109863789
1.129,0.017498849700697826
1.1295,0.07267362099624079
1.1300000000000001,0.11190088961427155
1.1305,0.11913983935441738
1.131,0.09481138568685596
1.1315,0.05879282344151934
1.1320000000000001,0.03422017711713195
1.1325,0.02995558297820597
1.133,0.03673658085670104
1.1335,0.03603546301757705
1.1340000000000001,0.01618197937418054
1.1345,-0.013724495876104258
1.135,-0.028800114212264444
1.1355,-0.014452554852965264
1.1360000000000001,0.014464528965245324
1.1365,0.027972580837782
1.137,0.01355985022012056
1.1375,-0.012716831623460939
1.1380000000000001,-0.027588795308417312
1.1385,-0.025396592592201624
1.139,-0.018591821963943475
1.1395,-0.018571841569111788
1.1400000000000001,-0.02135216492109074
1.1405,-0.012534266027300185
1.141,0.0155749889867504
1.1415,0.051966365489031406
1.1420000000000001,0.07173092154789842
1.1425,0.055826030786947985
1.143,0.010691325598636277
1.1435,-0.031075270879742975
1.1440000000000001,-0.03548594591261383
1.1445,6.066217142989931e-05
1.145,0.03886299531038608
1.1455,0.03518100584363402
1.1460000000000001,-0.025797408848169116
1.1465,-0.11583911127953657
1.147,-0.18353699298204598
1.1475,-0.18730925538983076
1.1480000000000001,-0.12616233153195766
1.1485,-0.04994484054311021
1.149,-0.027760924790314966
1.1495,-0.08632671433736959
1.1500000000000001,-0.17614936139908036
1.1505,-0.21076489498806936
1.151,-0.14653683105198134
1.1515,-0.020099146421370406
1.1520000000000001,0.092826128211373
1.1525,0.14596216090890002
1.153,0.1470316605051522
1.1535,0.1284669611835098
1.154,0.10911300542902926
1.1545,0.08392176957687876
1.155,0.043418818490851906
1.1555,0.0004946860275191235
1.156,-0.008121154379262117
1.1565,0.04078474633619165
1.157,0.11650523325135606
1.1575,0.14694373554866258
1.158,0.08613437692221698
1.1585,-0.03366801152346197
1.159,-0.1279940638208435
1.1595,-0.13768249390796794
1.16,-0.07428037022905323
1.1605,0.004885371632823364
1.161,0.051867973129936955
1.1615,0.05700809945294081
1.162,0.03734712222303141
1.1625,0.010214215820136591
1.163,-0.018041366555206904
1.1635,-0.04349121387515342
1.164,-0.05751584327881206
1.1645,-0.056285743536280804
1.165,-0.05116537083776442
1.1655,-0.05807620019935216
1.166,-0.07597088101112642
1.1665,-0.0850030171374353
1.167,-0.07019523619944827
1.1675,-0.04192016846309689
1.168,-0.027614193262301353
1.1685,-0.04262337920871092
1.169,-0.07001867943489372
1.1695,-0.07106749089579013
1.17,-0.022031347749808205
1.1705,0.053730780970742686
1.171,0.0958141171076641
1.1715,0.061261293522970134
1.172,-0.030307695208328142
1.1725,-0.11665352928148026
1.173,-0.15452163552913634
1.1735,-0.14389846669016154
1.174,-0.09643412871801849
1.1745,-0.013373325596192275
1.175,0.0903284110322809
1.1755,0.16588442771682319
1.176,0.1636011919967608
1.1765,0.08541701095194833
1.177,-0.009618685838858037
1.1775,-0.0551951254684261
1.178,-0.029896419433442397
1.1785,0.03370565312984029
1.179,0.0819104225143369
1.1795,0.08364452286843738
1.18,0.050840982203860526
1.1805,0.02025843202139538
1.181,0.01633685087127345
1.1815,0.031909991526783026
1.182,0.04185587421081128
1.1825,0.031747805442986436
1.183,0.012769150666202371
1.1835,0.009468607192923435
1.184,0.03387031357954873
1.1845,0.07307544539757982
1.185,0.1010378842716866
1.1855,0.09840927736075444
1.186,0.06103796218040912
1.1865,-0.004280150194193843
1.187,-0.08615561486875639
1.1875,-0.16829520299340453
1.188,-0.22386815897175463
1.1885000000000001,-0.21932645892253624
1.189,-0.13990404938021506
1.1895,-0.01931551542739115
1.19,0.06607959170613446
1.1905000000000001,0.05224388411818555
1.191,-0.05106630584155342
1.1915,-0.1572352900359704
1.192,-0.1740492558694402
1.1925000000000001,-0.0852159269334119
1.193,0.03987523643791029
1.1935,0.11224607185862172
1.194,0.09055603390852926
1.1945000000000001,-0.0053618822561429785
1.195,-0.11865305291036268
1.1955,-0.18544070571748464
1.196,-0.16795409328127603
1.1965000000000001,-0.0845950723445688
1.197,-0.003374220379844481
1.1975,0.014181362355398944
1.198,-0.031106440023430798
1.1985000000000001,-0.08293295010543247
1.199,-0.0917370110533133
1.1995,-0.06040402881764058
1.2,-0.026068354149367857
1.2005000000000001,-0.008928369599509624
1.201,0.006741810207532747
1.2015,0.04071315085617892
1.202,0.08177558893529166
1.2025000000000001,0.09848817275817033
1.203,0.0791480371913571
1.2035,0.04453114143959503
1.204,0.019212853670126727
1.2045000000000001,0.005678025940232926
1.205,-0.005304747012122718
1.2055,-0.010304284911171349
1.206,0.0072418546281540945
1.2065000000000001,0.054906596236822744
1.207,0.11731581034029476
1.2075,0.16376046970591068
1.208,0.16434584680513592
1.2085000000000001,0.10423003203483958
1.209,-0.0025837372917577677
1.2095,-0.10853622237306787
1.21,-0.15744889456347014
1.2105000000000001,-0.13150698392985846
1.211,-0.07013821487350869
1.2115,-0.030150274704364304
1.212,-0.030037209674853453
1.2125000000000001,-0.04393818004831881
1.213,-0.044399606201734054
1.2135,-0.032791049893574536
1.214,-0.024760573186345898
1.2145000000000001,-0.024410681463653418
1.215,-0.025769527963770016
1.2155,-0.02814470382006593
1.216,-0.03342468977696132
1.2165,-0.033516689300400054
1.217,-0.017472205960134088
1.2175,0.010395907330935338
1.218,0.03537335701643743
1.2185,0.05470109180571129
1.219,0.0790664138121211
1.2195,0.10922991726325587
1.22,0.12367343080144569
1.2205,0.09596239188828859
1.221,0.023357704106880768
1.2215,-0.06173813695742636
1.222,-0.11253037623985034
1.2225,-0.10709665626699508
1.223,-0.06633844466721234
1.2235,-0.029378257620230594
1.224,-0.01668980281027023
1.2245,-0.02168958392224863
1.225,-0.02853130016268255
1.2255,-0.02808564633732271
1.226,-0.02213811682742305
1.2265,-0.02132677414076059
1.227,-0.037116155796109496
1.2275,-0.06953747867548705
1.228,-0.10179255941121532
1.2285,-0.1088844498546087
1.229,-0.07601841797481153
1.2295,-0.01636803287174458
1.23,0.028930577935837115
1.2305,0.02196190359289913
1.231,-0.030751309663452187
1.2315,-0.07745170368831483
1.232,-0.07430974866674761
1.2325,-0.032871568963965384
1.233,0.00019765571616191398
1.2335,0.004881306529226151
1.234,0.007837264377276311
1.2345,0.036730451632333676
1.235,0.07439481151221551
1.2355,0.0744859547411162
1.236,0.018360584590410227
1.2365,-0.057644939273235024
1.237,-0.09713695732952017
1.2375,-0.07716782379066169
1.238,-0.019983036087506945
1.2385,0.037792586022724846
1.239,0.07360809928406709
1.2395,0.0817269474341788
1.24,0.06372148678285576
1.2405,0.02400976735425655
1.241,-0.02730399564969269
1.2415,-0.0734525167980606
1.242,-0.09982966889373479
1.2425,-0.1054631970497151
1.243,-0.1008922990184257
1.2435,-0.09197574109293424
1.244,-0.07081968052553059
1.2445,-0.029380777363144563
1.245,0.018765689050671122
1.2455,0.03959746131504965
1.246,0.011638760297072129
1.2465,-0.041653998817316254
1.247,-0.06384461543950709
1.2475,-0.020904317808322026
1.248,0.058588600705922166
1.2485,0.10991662834045642
1.249,0.09898035688042418
1.2495,0.05132371706137853
1.25,0.013485084860682043
1.2505,0.0009913718326902965
1.2510000000000001,-0.006177718273028524
1.2515,-0.02771143637167473
1.252,-0.05524056133020983
1.2525,-0.05969444989203282
1.2530000000000001,-0.024288472115031656
1.2535,0.02860843532453234
1.254,0.05103654758698969
1.2545,0.019039238838074284
1.2550000000000001,-0.03848501346623104
1.2555,-0.07160337325518941
1.256,-0.06266056300995286
1.2565,-0.036039910690566064
1.2570000000000001,-0.022326448943362557
1.2575,-0.0272091987636567
1.258,-0.03414612607935151
1.2585,-0.026445863875027963
1.2590000000000001,-0.0035415235704370322
1.2595,0.02055963245503843
1.26,0.03184949784026571
1.2605,0.02678336187446129
1.2610000000000001,0.007598705280421969
1.2615,-0.02559285378620988
1.262,-0.06838471885649672
1.2625,-0.09994485248591307
1.2630000000000001,-0.09111906934649404
1.2635,-0.033579452899407364
1.264,0.0432060621397003
1.2645,0.09179779880033814
1.2650000000000001,0.08583333696842252
1.2655,0.03935460085582274
1.266,-0.01014397722764765
1.2665,-0.035125969767822146
1.2670000000000001,-0.03513808804892047
1.2675,-0.02582336318462666
1.268,-0.01966398063466614
1.2685,-0.022087001062050988
1.2690000000000001,-0.03889166654700726
1.2695,-0.07501332539292521
1.27,-0.1229612418747504
1.2705,-0.15883212615554526
1.2710000000000001,-0.15550395634119446
1.2715,-0.10338433015001383
1.272,-0.022319192080231545
1.2725,0.04644776722390657
1.2730000000000001,0.06669410815957261
1.2735,0.03415471240517787
1.274,-0.019297951355141167
1.2745,-0.05085266768225709
1.2750000000000001,-0.041076956568311195
1.2755,-0.006900873335231156
1.276,0.01738785382168052
1.2765,0.011740889055673973
1.2770000000000001,-0.013717973165341457
1.2775,-0.030372651679691737
1.278,-0.019653385500830345
1.2785,0.007457280890859426
1.2790000000000001,0.021218332007710942
1.2795,0.005435124258266153
1.28,-0.024862071994903968
1.2805,-0.04105722791049366
1.281,-0.02938793270792714
1.2815,0.00535318807919195
1.282,0.05516583578051442
1.2825,0.11182848549406234
1.283,0.15712985671488977
1.2835,0.16782865163485663
1.284,0.1373424258396119
1.2845,0.08435010127969404
1.285,0.03383823403059176
1.2855,-0.006400189399585481
1.286,-0.04440128213023581
1.2865,-0.08104927122656468
1.287,-0.09940201557922597
1.2875,-0.0864369126681764
1.288,-0.05992085707783023
1.2885,-0.05688548911777737
1.289,-0.08929634332996565
1.2895,-0.12404049603053663
1.29,-0.11848276977740634
1.2905,-0.06947045134004053
1.291,-0.015066085226236679
1.2915,0.010537577507638816
1.292,0.010520572459879899
1.2925,0.007972014648693748
1.293,0.005784558584482135
1.2935,-0.019591401272832938
1.294,-0.08018128767139641
1.2945,-0.14447342595939539
1.295,-0.15864630125428972
1.2955,-0.10283693704471884
1.296,-0.01693620396163161
1.2965,0.036881120734542694
1.297,0.033637661089073706
1.2975,0.0023726376711260145
1.298,-0.011816192543416325
1.2985,0.006403688553060958
1.299,0.03443543599787965
1.2995,0.04028329284581247
1.3,0.013794233831157996
1.3005,-0.027811016025489844
1.301,-0.06070925896884985
1.3015,-0.07751855857280986
1.302,-0.08817729259029164
1.3025,-0.10029344392636827
1.303,-0.10468180736203334
1.3035,-0.08532976531010715
1.304,-0.043416891136665706
1.3045,-0.0043343526374349985
1.305,0.008534460339791971
1.3055,0.005445186710155821
1.306,0.020863917448999937
1.3065,0.06577855459394119
1.307,0.1036500954136662
1.3075,0.08780748196552181
1.308,0.017079760556429187
1.3085,-0.05737924199899267
1.309,-0.08003370851734878
1.3095,-0.03968379185345686
1.31,0.026891225222555607
1.3105,0.0712216445635819
1.311,0.07108238258400762
1.3115,0.039482392003765694
1.312,0.004114779325940888
1.3125,-0.018250793027745765
1.313,-0.028069588514944514
1.3135000000000001,-0.031251376047271816
1.314,-0.029671007088342284
1.3145,-0.02144981056163834
1.315,-0.001244098593042457
1.3155000000000001,0.03827135706167204
1.316,0.09199108613767733
1.3165,0.12760529130869858
1.317,0.10388385051438846
1.3175000000000001,0.019669419934205703
1.318,-0.06497463118520666
1.3185,-0.07929453545764294
1.319,-0.018626403878961757
1.3195000000000001,0.04541832251347662
1.32,0.041408635009361455
1.3205,-0.02606112764732515
1.321,-0.08855461388683103
1.3215000000000001,-0.09354992711666212
1.322,-0.055585832854555144
1.3225,-0.02783073768964473
1.323,-0.039094014128859905
1.3235000000000001,-0.06925142331400133
1.324,-0.07997287288123908
1.3245,-0.05810423784317649
1.325,-0.0261426728246107
1.3255000000000001,-0.015317825100826497
1.326,-0.03535770730828157
1.3265,-0.07292102860289018
1.327,-0.11156987187891358
1.3275000000000001,-0.1425621967333616
1.328,-0.1590491306540847
1.3285,-0.1536198678631285
1.329,-0.12660496692637135
1.3295000000000001,-0.08940692508499683
1.33,-0.05510274673715761
1.3305,-0.029337920675577046
1.331,-0.012566766390817184
1.3315000000000001,-0.0065996613706887025
1.332,-0.013235629087235723
1.3325,-0.02657414834071853
1.333,-0.032059362090610055
1.3335000000000001,-0.017966230986781084
1.334,0.01214698054513442
1.3345,0.04292809694395002
1.335,0.06565997174345599
1.3355000000000001,0.08746804778732555
1.336,0.11574861188905718
1.3365,0.13960478665481088
1.337,0.13924923062930897
1.3375000000000001,0.1130510870878269
1.338,0.08182332593602451
1.3385,0.061785703219207816
1.339,0.044131901726488704
1.3395000000000001,0.010377121837213399
1.34,-0.03601023008713397
1.3405,-0.06408216753317385
1.341,-0.04920811329054545
1.3415000000000001,-0.008723593007823875
1.342,0.009184238010672675
1.3425,-0.023732321598351667
1.343,-0.08644509136579781
1.3435000000000001,-0.13375635408934375
1.344,-0.14007927355011682
1.3445,-0.11421984107697095
1.345,-0.0819698009525663
1.3455,-0.06272072128500955
1.346,-0.0577924182904064
1.3465,-0.052691969089566644
1.347,-0.030570118435026446
1.3475,0.010409405254905678
1.348,0.050748867140392714
1.3485,0.06528069016960841
1.349,0.04880652884522037
1.3495,0.021438821425319964
1.35,0.0028289862834351676
1.3505,-0.012607213726893886
1.351,-0.042892847450289213
1.3515,-0.08357877941899389
1.352,-0.10300124060610583
1.3525,-0.08015095469261933
1.353,-0.0338344349505356
1.3535,-0.0005005039544867078
1.354,0.009985289552847592
1.3545,0.020612164973429187
1.355,0.04949403067653209
1.3555,0.08136820023798814
1.356,0.08316709197288712
1.3565,0.037656096273516224
1.357,-0.042365989040020875
1.3575,-0.11960499337940571
1.358,-0.1463031915408845
1.3585,-0.09236989545765628
1.359,0.020767130965876433
1.3595,0.12011710454340986
1.36,0.13293971873379493
1.3605,0.0464263269623405
1.361,-0.08339488899200474
1.3615,-0.17833624811484183
1.362,-0.19559092662588856
1.3625,-0.1524770583117656
1.363,-0.10326188016374942
1.3635,-0.08765441381491705
1.364,-0.09816598033093671
1.3645,-0.09728178552337438
1.365,-0.05946460971557169
1.3655,0.009347998625221015
1.366,0.08345522658948229
1.3665,0.13424735362051948
1.367,0.13842224346416881
1.3675,0.08689009424195994
1.368,-0.0020226588732037256
1.3685,-0.08268917186633365
1.369,-0.11075336101731058
1.3695,-0.07976834325241652
1.37,-0.023362243216552156
1.3705,0.023391413183455504
1.371,0.055449958356829934
1.3715,0.08405689800287837
1.372,0.10462334466802112
1.3725,0.0963010637755018
1.373,0.051896645696968585
1.3735,-0.007339322112293852
1.374,-0.0506564073604037
1.3745,-0.06233613189500386
1.375,-0.04742944156559396
1.3755,-0.025435837611427172
1.3760000000000001,-0.020742501869792433
1.3765,-0.04488620825221067
1.377,-0.07876029297215897
1.3775,-0.08225104782517377
1.3780000000000001,-0.033755076147894456
1.3785,0.04239254734567728
1.379,0.09349158726190862
1.3795,0.08150524421047156
1.3800000000000001,0.011145939314145889
1.3805,-0.07539476188611303
1.381,-0.13085506611162315
1.3815,-0.1385225424916066
1.3820000000000001,-0.12023319992853669
1.3825,-0.10884576351193137
1.383,-0.11293791730789164
1.3835,-0.10787827904554093
1.3840000000000001,-0.06161103698730036
1.3845,0.026621441857093704
1.385,0.11180241886399316
1.3855,0.1357102653138734
1.3860000000000001,0.08294087322362945
1.3865,0.002622072848569081
1.387,-0.03314071379031011
1.3875,0.00440421262688055
1.3880000000000001,0.07527052111290569
1.3885,0.1087451535733603
1.389,0.06518598004756929
1.3895,-0.03466160450156031
1.3900000000000001,-0.13250123843157413
1.3905,-0.1800838253442743
1.391,-0.16908364995551636
1.3915,-0.12468503648861805
1.3920000000000001,-0.07895964471374822
1.3925,-0.050684596860683336
1.393,-0.04157399190997469
1.3935,-0.0429086363691842
1.3940000000000001,-0.04520439112842143
1.3945,-0.044468360413723554
1.395,-0.04007555382760388
1.3955,-0.030317822226350835
1.3960000000000001,-0.017085494357894068
1.3965,-0.01340817277881618
1.397,-0.03281295176736848
1.3975,-0.06298179425731283
1.3980000000000001,-0.06132762293932502
1.3985,0.005286165071629135
1.399,0.11427913687157026
1.3995,0.1930504294238602
1.4000000000000001,0.17958093475006132
1.4005,0.0790172820192692
1.401,-0.03696587992875328
1.4015,-0.08555428409158444
1.4020000000000001,-0.03595114035253353
1.4025,0.06893486871012433
1.403,0.14614387523363487
1.4035,0.13262852487108484
1.4040000000000001,0.0284479677577582
1.4045,-0.10194958318399795
1.405,-0.17127892423600313
1.4055,-0.13272962416371642
1.4060000000000001,-0.020575808153112142
1.4065,0.07470189547611819
1.407,0.08406844906472856
1.4075,0.014831603105050247
1.408,-0.07200649967319431
1.4085,-0.1248880135886233
1.409,-0.13151459407332206
1.4095,-0.10339220447543801
1.41,-0.05805097632246127
1.4105,-0.018916994660483306
1.411,-0.011790546614595722
1.4115,-0.04506396226015935
1.412,-0.09599310646640674
1.4125,-0.12712328375199217
1.413,-0.11860097615919271
1.4135,-0.0799866884311595
1.414,-0.032929629555899745
1.4145,0.007731661175062228
1.415,0.03260303534209371
1.4155,0.028237759183429495
1.416,-0.01589629029166441
1.4165,-0.08516995577614983
1.417,-0.13399868257638306
1.4175,-0.11911467619273254
1.418,-0.045688267037357164
1.4185,0.028713098681479896
1.419,0.04657116362530405
1.4195,0.0054528095501471235
1.42,-0.043910489934621245
1.4205,-0.05005498182865398
1.421,-0.005438475977537667
1.4215,0.055655543556448375
1.422,0.09361421013058002
1.4225,0.09702473747289753
1.423,0.08567602402709346
1.4235,0.08425377653863657
1.424,0.09521525792876885
1.4245,0.09776860900281453
1.425,0.07054941355681715
1.4255,0.014039549311170539
1.426,-0.0467354343900828
1.4265,-0.08028199944735327
1.427,-0.07170622625343352
1.4275,-0.032521863621058626
1.428,0.007632758092648724
1.4285,0.019756646790191075
1.429,-0.005535740936210018
1.4295,-0.05003657106001255
1.43,-0.08023443049399416
1.4305,-0.07465082932158029
1.431,-0.04333914294647211
1.4315,-0.020213265632852064
1.432,-0.03399512441715685
1.4325,-0.0810619171563215
1.433,-0.12124671762511391
1.4335,-0.10722657227110456
1.434,-0.03399535718340094
1.4345,0.04059417090997164
1.435,0.04499435660197335
1.4355,-0.02634685358713147
1.436,-0.09944768554341497
1.4365,-0.1013506143902748
1.437,-0.040818982312583664
1.4375,0.008232984371983878
1.438,-0.005744771450914203
1.4385000000000001,-0.060034295019920844
1.439,-0.09112097542010936
1.4395,-0.06366024105296618
1.44,-0.0003866125963311066
1.4405000000000001,0.04890452044789478
1.441,0.06056482309710553
1.4415,0.057299868827135766
1.442,0.0751677490831361
1.4425000000000001,0.11279474399995121
1.443,0.12158666678788586
1.4435,0.055573990974806795
1.444,-0.06867961024719983
1.4445000000000001,-0.17164667517599003
1.445,-0.18016409591716503
1.4455,-0.09825446524893278
1.446,-0.004530843547364809
1.4465000000000001,0.021117969055161844
1.447,-0.034178926107005875
1.4475,-0.11595185774189593
1.448,-0.15828722760934183
1.4485000000000001,-0.13607787191475262
1.449,-0.07383291111056128
1.4495,-0.018986661381772203
1.45,-0.008418092993740542
1.4505000000000001,-0.046592334503381995
1.451,-0.10156203227166351
1.4515,-0.1226180536472888
1.452,-0.0762792318163667
1.4525000000000001,0.021957917918020188
1.453,0.11221042029131387
1.4535,0.13724561798806745
1.454,0.0926211489279488
1.4545000000000001,0.028293288894627885
1.455,-0.0027651700018027966
1.4555,0.006328514315989235
1.456,0.021288082940862443
1.4565000000000001,0.011698973162885557
1.457,-0.019532245395098267
1.4575,-0.048310335761778414
1.458,-0.058149413900084185
1.4585000000000001,-0.05167903416325834
1.459,-0.03976477676725383
1.4595,-0.026365515766999408
1.46,-0.005618942427850675
1.4605000000000001,0.027076554297676022
1.461,0.062410780200059454
1.4615,0.07884970044180885
1.462,0.06096826320526285
1.4625000000000001,0.017046994872923514
1.463,-0.024412028293670646
1.4635,-0.03841209586223126
1.464,-0.0233665226363146
1.4645000000000001,0.0027953961650946492
1.465,0.02238818272851256
1.4655,0.030006296235392183
1.466,0.028086946521808223
1.4665000000000001,0.018882951947632946
1.467,0.005730512742592922
1.4675,-0.0014721586090714511
1.468,0.008798168305266741
1.4685000000000001,0.03328006074308479
1.469,0.04571635986266
1.4695,0.01544684263243042
1.47,-0.05811742275604245
1.4705000000000001,-0.13320062616306552
1.471,-0.15825776132606906
1.4715,-0.12148109232578704
1.472,-0.06416217402436349
1.4725,-0.04149491008331228
1.473,-0.0720151720282377
1.4735,-0.12873232919276603
1.474,-0.1748261228685692
1.4745,-0.1938362699303811
1.475,-0.1811834584554777
1.4755,-0.12720217184578209
1.476,-0.03170875730898101
1.4765,0.07016143367291097
1.477,0.12157929149713778
1.4775,0.09489955384743831
1.478,0.01977424302316768
1.4785,-0.04799368252260328
1.479,-0.0802874233092968
1.4795,-0.09077135383753436
1.48,-0.09885583657275422
1.4805,-0.09517897400536592
1.481,-0.05412541629206766
1.4815,0.02487998975401849
1.482,0.10223353328129098
1.4825,0.13010901423177154
1.483,0.09680860281631763
1.4835,0.03663761315687759
1.484,-0.003467866055959969
1.4845,-0.00512891249204604
1.485,0.012394360946748246
1.4855,0.019447522583371082
1.486,0.009388510390598848
1.4865,0.005120356846727042
1.487,0.031793683117498715
1.4875,0.08377531457298751
1.488,0.12273546026717026
1.4885,0.10899584207837468
1.489,0.03367329759217362
1.4895,-0.07268654057739547
1.49,-0.15526051078415082
1.4905,-0.16661726859103115
1.491,-0.10056776095223154
1.4915,-0.0016184497028660684
1.492,0.06525796342459918
1.4925,0.06242444538468098
1.493,0.002027851331769257
1.4935,-0.07423203220899785
1.494,-0.130454162063298
1.4945,-0.15018503122300925
1.495,-0.12884429254530982
1.4955,-0.07279501802505085
1.496,-0.008610822111246644
1.4965,0.024200954136781243
1.497,0.0029482755013969467
1.4975,-0.058735398298314714
1.498,-0.12471435231235627
1.4985,-0.1634943096816356
1.499,-0.16003230003808963
1.4995,-0.11526884260817902
1.5,-0.04861507525699706
1.5005,0.00460892495768582
1.5010000000000001,0.015625243659180867
1.5015,-0.010067642000072822
1.502,-0.03264981280175661
1.5025,-0.013004479217989851
1.5030000000000001,0.04859802422183878
1.5035,0.1083740493668567
1.504,0.11725150188779887
1.5045,0.06907874558721921
1.5050000000000001,0.011306720244352508
1.5055,0.0028816997571683035
1.506,0.0593582337945583
1.5065,0.13991197830506916
1.5070000000000001,0.18444788877797055
1.5075,0.15932734650518254
1.508,0.0728021009079477
1.5085,-0.04046909730256818
1.5090000000000001,-0.14175053354556008
1.5095,-0.19993778110224059
1.51,-0.19520078706036084
1.5105,-0.12675038036042352
1.5110000000000001,-0.025321927871725675
1.5115,0.049985836390586
1.512,0.0478705596914153
1.5125,-0.028387995626963043
1.5130000000000001,-0.11440999547484815
1.5135,-0.1359753906236382
1.514,-0.07270335353464157
1.5145,0.02675330688170273
1.5150000000000001,0.08997556312812684
1.5155,0.08104207725740648
1.516,0.021561540537437324
1.5165,-0.03977334670124984
1.5170000000000001,-0.07345870367120873
1.5175,-0.08622563763388616
1.518,-0.09895490043581302
1.5185,-0.11660165256019395
1.5190000000000001,-0.12321756176364616
1.5195,-0.10209287324209537
1.52,-0.05626271663843971
1.5205,-0.009056160751705622
1.5210000000000001,0.014950049989355224
1.5215,0.009176088019548804
1.522,-0.015347937539283285
1.5225,-0.04611079378950718
1.5230000000000001,-0.07710969410364535
1.5235,-0.10004735218627286
1.524,-0.09943685595758076
1.5245,-0.06667683379044351
1.5250000000000001,-0.014373229233546257
1.5255,0.03280164155496195
1.526,0.060894785856166686
1.5265,0.07444623077344481
1.5270000000000001,0.08281970839734247
1.5275,0.08558586401102504
1.528,0.07332104787471638
1.5285,0.03900015965303345
1.5290000000000001,-0.012299698640793657
1.5295,-0.06089134090972943
1.53,-0.07877656461754416
1.5305,-0.04609755192919994
1.5310000000000001,0.02994566164090535
1.5315,0.11301952573776083
1.532,0.15962224807221873
1.5325,0.14393079725922886
1.5330000000000001,0.06583952746146848
1.5335,-0.04942460145600531
1.534,-0.152387803382256
1.5345,-0.18769244041967498
1.5350000000000001,-0.1340935599472906
1.5355,-0.029534883330171312
1.536,0.054247704010619666
1.5365,0.0688541742997564
1.537,0.021825201751953002
1.5375,-0.042712138146454505
1.538,-0.08633362816765078
1.5385,-0.09832540087008652
1.539,-0.08848973900527601
1.5395,-0.07113987207597701
1.54,-0.055769483293826874
1.5405,-0.04455613946946022
1.541,-0.03434843384984006
1.5415,-0.022366984506674747
1.542,-0.010885168438419498
1.5425,-0.005223372115074886
1.543,-0.007225486886153772
1.5435,-0.013661730561019617
1.544,-0.023229910765002665
1.5445,-0.04095456046293792
1.545,-0.06934112905198464
1.5455,-0.09819303554188065
1.546,-0.11277392161373435
1.5465,-0.1122052468237459
1.547,-0.10957445960502935
1.5475,-0.11062681504999702
1.548,-0.10208023227166566
1.5485,-0.06769388233710855
1.549,-0.009450726504643726
1.5495,0.05318368212975079
1.55,0.09901301885266685
1.5505,0.11421965943806069
1.551,0.09315822536402428
1.5515,0.04194426795275026
1.552,-0.016934312325570543
1.5525,-0.051062068086609125
1.553,-0.03713879645632156
1.5535,0.021513765390324686
1.554,0.09508522446153739
1.5545,0.1466684644076448
1.555,0.15470400229274892
1.5555,0.1208273475845285
1.556,0.061379582033253846
1.5565,-0.005355737718535283
1.557,-0.0640310100381795
1.5575,-0.09949071818724853
1.558,-0.10082157179172777
1.5585,-0.07793301000156609
1.559,-0.06614350282200712
1.5595,-0.09479388935300448
1.56,-0.14661983447607194
1.5605,-0.16298414383577312
1.561,-0.10115539369613269
1.5615,0.015402142108869447
1.562,0.10916649379929436
1.5625,0.11429839711958513
1.563,0.033901013766719106
1.5635000000000001,-0.06548184538439025
1.564,-0.11538049134757986
1.5645,-0.10123367134497427
1.565,-0.06066566351792184
1.5655000000000001,-0.03579771838257265
1.566,-0.033989891318571296
1.5665,-0.030472173618994527
1.567,-0.0012980097046148714
1.5675000000000001,0.04503504952259915
1.568,0.06717906818758886
1.5685,0.031499337342762966
1.569,-0.0426571399860901
1.5695000000000001,-0.09159898364896518
1.57,-0.07214875459069513
1.5705,-0.009776137718309286
1.571,0.029309281539037918
1.5715000000000001,0.009414570096223557
1.572,-0.04354812655220522
1.5725,-0.08008493001615458
1.573,-0.07930618223625324
1.5735000000000001,-0.05656854484338628
1.574,-0.034342348817992585
1.5745,-0.02080412825470384
1.575,-0.013071623733963013
1.5755000000000001,-0.007787028415521665
1.576,-0.0035628686426744257
1.5765,0.0014075266949044596
1.577,0.008089429324367941
1.5775000000000001,0.012471573171308084
1.578,0.006288095227698347
1.5785,-0.01392056389164986
1.579,-0.03706715267344695
1.5795000000000001,-0.040924744309385905
1.58,-0.013190723754713
1.5805,0.026783776312276734
1.581,0.03462806905120073
1.5815000000000001,-0.017132474686662114
1.582,-0.1010032480344595
1.5825,-0.15093725567546495
1.583,-0.12617208047111916
1.5835000000000001,-0.05104903194891409
1.584,0.01845097099202194
1.5845,0.05765485025746376
1.585,0.08353412686494802
1.5855000000000001,0.10760760553518377
1.586,0.10853661700821297
1.5865,0.06551036277297925
1.587,-0.0013996707524143292
1.5875000000000001,-0.04719397964215922
1.588,-0.053172190428830805
1.5885,-0.041086123423579625
1.589,-0.03252838039761585
1.5895000000000001,-0.0166284793374787
1.59,0.022855975323448803
1.5905,0.06134391324053962
1.591,0.045187323303397586
1.5915000000000001,-0.04101931856338216
1.592,-0.1392332510981486
1.5925,-0.1686591001115313
1.593,-0.10829279491549994
1.5935000000000001,-0.018379497753330355
1.594,0.020467356062628818
1.5945,-0.01735483734359477
1.595,-0.08778240889257424
1.5955000000000001,-0.1270216858205464
1.596,-0.1077572476440068
1.5965,-0.051459214242016355
1.597,0.0014992375012788592
1.5975000000000001,0.02665259197662971
1.598,0.025069926220197915
1.5985,0.009509832722541658
1.599,-0.010973841086462155
1.5995000000000001,-0.03319281453415116
1.6,-0.05195808437419701
1.6005,-0.05448134414656697
1.601,-0.02655651620273003
1.6015,0.030978853305101816
1.602,0.09134099513739066
1.6025,0.11464335743944269
1.603,0.0806206820387673
1.6035,0.010912359378112918
1.604,-0.044811423712584064
1.6045,-0.04874105748760392
1.605,-0.0037611486402813286
1.6055,0.05273265457934141
1.606,0.07855201736043979
1.6065,0.053041168335221885
1.607,-0.013316431064167984
1.6075,-0.08464216515819943
1.608,-0.11905470677332196
1.6085,-0.09815078655756856
1.609,-0.047069163429158685
1.6095,-0.01778187231088068
1.61,-0.03947644713811833
1.6105,-0.08671719653777914
1.611,-0.10771162781612019
1.6115,-0.08345938709127321
1.612,-0.046889846196610796
1.6125,-0.0403480040096641
1.613,-0.0650211499639765
1.6135,-0.08250385740990615
1.614,-0.0639220981585425
1.6145,-0.02571351925020663
1.615,-0.009088031042346099
1.6155,-0.02841736252958848
1.616,-0.04986000216271521
1.6165,-0.027529805550565244
1.617,0.03940107132321405
1.6175,0.09399079502264263
1.618,0.07579945866835684
1.6185,-0.013281685186877218
1.619,-0.1060036231343493
1.6195,-0.13247481476047673
1.62,-0.0801350117494619
1.6205,0.004606347743374423
1.621,0.06302073174498243
1.6215,0.06947196412280617
1.622,0.039504972748901156
1.6225,0.004629575779229872
1.623,-0.01567187468859747
1.6235,-0.021684620265495294
1.624,-0.021965532982792635
1.6245,-0.018542065843863316
1.625,-0.005215366173965208
1.6255,0.019222716033462667
1.6260000000000001,0.04167116197345147
1.6265,0.04526520628121038
1.627,0.027932356553264398
1.6275,0.0057599018326559715
1.6280000000000001,-0.002324085858133632
1.6285,0.007398710051551223
1.629,0.019190528701361835
1.6295,0.012276427737132806
1.6300000000000001,-0.019068291378420917
1.6305,-0.061930662430518126
1.631,-0.10136341129264746
1.6315,-0.1331316169201821
1.6320000000000001,-0.1542121714963216
1.6325,-0.1483807822611843
1.633,-0.09618042604100345
1.6335,-0.004128724425012263
1.6340000000000001,0.08560369193702418
1.6345,0.12600052633461303
1.635,0.10689964522910193
1.6355,0.06010829399295381
1.6360000000000001,0.022411710705877552
1.6365,0.002706823271281286
1.637,-0.00867654830523537
1.6375,-0.01148264476657569
1.6380000000000001,0.003939990608256812
1.6385,0.030708609763656393
1.639,0.04266260689047378
1.6395,0.025063460878846876
1.6400000000000001,-0.007287341328258259
1.6405,-0.03011763009004484
1.641,-0.035956352531391664
1.6415,-0.033408498913794306
1.6420000000000001,-0.03046848336306904
1.6425,-0.029291559846872033
1.643,-0.034404617178118116
1.6435,-0.053602045647458345
1.6440000000000001,-0.08446814774896377
1.6445,-0.10936943407335128
1.645,-0.11488856170348426
1.6455,-0.11031442069033212
1.6460000000000001,-0.11463368551623837
1.6465,-0.12872357893277925
1.647,-0.13341163043279194
1.6475,-0.11585750773271916
1.6480000000000001,-0.08590060149877439
1.6485,-0.060912845917647784
1.649,-0.04434607549060943
1.6495,-0.02837839268653091
1.6500000000000001,-0.010760920206526458
1.6505,0.003134037769326044
1.651,0.014350101710435246
1.6515,0.03626549805685375
1.6520000000000001,0.08029374521216136
1.6525,0.13689262542020633
1.653,0.17576360336470712
1.6535,0.16894073028622475
1.6540000000000001,0.11413035818076273
1.6545,0.035966284242905634
1.655,-0.03181965567327367
1.6555,-0.06522895838907555
1.6560000000000001,-0.06016580276317959
1.6565,-0.03347870208854224
1.657,-0.012036149030867388
1.6575,-0.011485569725300022
1.6580000000000001,-0.02377610004392972
1.6585,-0.030642297550639852
1.659,-0.02764950750834207
1.6595,-0.02757034634426144
1.6600000000000001,-0.04102431581720179
1.6605,-0.06224812347717422
1.661,-0.07703827061613677
1.6615,-0.08004969385786997
1.6620000000000001,-0.07977445240616828
1.6625,-0.08634708147862354
1.663,-0.09647406816980016
1.6635,-0.09360528880805367
1.6640000000000001,-0.06707453957416061
1.6645,-0.029973929330251226
1.665,-0.01089535825482935
1.6655,-0.025701971681288124
1.666,-0.061888966298405186
1.6665,-0.09085707766709636
1.667,-0.09083280849383037
1.6675,-0.05767887191276607
1.668,0.0006290481880957795
1.6685,0.07344118397510187
1.669,0.1480490780807538
1.6695,0.2033101555227928
1.67,0.2129543474462565
1.6705,0.16674825990004533
1.671,0.08699481835717941
1.6715,0.012881473774760894
1.672,-0.032735996276483076
1.6725,-0.05331960541328756
1.673,-0.0594557718317259
1.6735,-0.05268312248474486
1.674,-0.029245479853286425
1.6745,0.009621786360465125
1.675,0.0512584245474546
1.6755,0.06899773344745784
1.676,0.03404775171903358
1.6765,-0.05220365237000345
1.677,-0.13830971167391945
1.6775,-0.15698271055648655
1.678,-0.09193226253537996
1.6785,0.0006384045358242239
1.679,0.04926792356622139
1.6795,0.037326794222045066
1.68,0.0024717524430294697
1.6805,-0.024985627832651985
1.681,-0.05752087534160259
1.6815,-0.11420859994123965
1.682,-0.16847988556031482
1.6825,-0.15898138636625414
1.683,-0.059870177915703135
1.6835,0.0730453932453567
1.684,0.14062708662457915
1.6845,0.08803206752139883
1.685,-0.04794689845148609
1.6855,-0.17655391743006693
1.686,-0.23149675337845457
1.6865,-0.2117347539045898
1.687,-0.15700783207944233
1.6875,-0.0994579654158467
1.688,-0.0437894447821353
1.6885000000000001,0.0160502320323422
1.689,0.07349356787224255
1.6895,0.10559481585744865
1.69,0.09254705457267705
1.6905000000000001,0.04479564117176789
1.691,0.007518853207731624
1.6915,0.022600964923985622
1.692,0.07800790163783451
1.6925000000000001,0.10836964028112096
1.693,0.06164751576984471
1.6935,-0.03958650721373492
1.694,-0.11780113960992689
1.6945000000000001,-0.12079830807771563
1.695,-0.0694569689720016
1.6955,-0.02279307251060115
1.696,-0.009294395503370294
1.6965000000000001,-0.00603800374642339
1.697,0.017971518058699707
1.6975,0.05543749434396043
1.698,0.06912647793866813
1.6985000000000001,0.03853204422324627
1.699,-0.016307978533705383
1.6995,-0.057047857178580616
1.7,-0.061085101567062386
1.7005000000000001,-0.03222027895244338
1.701,0.009220631189319138
1.7015,0.03825159523625547
1.702,0.034917667622751135
1.7025000000000001,-0.004804034183293702
1.703,-0.062036434514859906
1.7035,-0.0998674653274533
1.704,-0.08238298375106047
1.7045000000000001,-0.0036064163826492433
1.705,0.09527978350351715
1.7055,0.15086292082850403
1.706,0.13316485842979528
1.7065000000000001,0.06965809329608855
1.707,0.00623383203132192
1.7075,-0.043004135496767154
1.708,-0.09325943603835653
1.7085000000000001,-0.14641732595780138
1.709,-0.172236392816246
1.7095,-0.13766927736345858
1.71,-0.04566572273682279
1.7105000000000001,0.05923781837237059
1.711,0.12131570905195534
1.7115,0.11302216434909873
1.712,0.05225771928089853
1.7125000000000001,-0.015919040358131686
1.713,-0.0564686798470256
1.7135,-0.06702262474531952
1.714,-0.06761099837327875
1.7145000000000001,-0.07214953892451083
1.715,-0.07432270211730184
1.7155,-0.06275764014305221
1.716,-0.045154074095821006
1.7165000000000001,-0.048842416706568456
1.717,-0.09101589229315653
1.7175,-0.14956557531718775
1.718,-0.17326865006978162
1.7185000000000001,-0.12942137177030466
1.719,-0.037958139142130524
1.7195,0.048580640028594
1.72,0.09461855847064993
1.7205000000000001,0.10330807081121894
1.721,0.09547082685537914
1.7215,0.08256764439345271
1.722,0.06418427372172357
1.7225000000000001,0.04022060323313139
1.723,0.015256641196369181
1.7235,-0.006679168216314804
1.724,-0.025000836996324573
1.7245000000000001,-0.039956848604417644
1.725,-0.05051966600248379
1.7255,-0.05623913252451893
1.726,-0.06132686719222878
1.7265000000000001,-0.07510120654906446
1.727,-0.10323198766552506
1.7275,-0.13642083061403137
1.728,-0.1527883534156291
1.7285,-0.13631994793185412
1.729,-0.09187664672927949
1.7295,-0.03926904305908434
1.73,0.0062288688818324875
1.7305,0.04358742670978182
1.731,0.0771677775644847
1.7315,0.10473573028920025
1.732,0.11676290494040129
1.7325,0.1040686268771699
1.733,0.06677147534689472
1.7335,0.020673989180005143
1.734,-0.0065076916259512885
1.7345,0.0066903792869934834
1.735,0.05550545317417964
1.7355,0.10794330816005612
1.736,0.12769729007435301
1.7365,0.1008949908878365
1.737,0.04124954872053971
1.7375,-0.027228412513441477
1.738,-0.08553835652929256
1.7385,-0.11832242807741768
1.739,-0.11130397463813037
1.7395,-0.06494284821279925
1.74,-0.008873346612881278
1.7405,0.01352396742049142
1.741,-0.014382670995779506
1.7415,-0.062295427831813154
1.742,-0.08224364198432364
1.7425,-0.05931255209313299
1.743,-0.02888324500920397
1.7435,-0.03932548405165571
1.744,-0.09687057168867352
1.7445,-0.151302395900186
1.745,-0.14112143214971018
1.7455,-0.05413390707546607
1.746,0.057523438190068464
1.7465,0.12179508853428508
1.747,0.10613322269508486
1.7475,0.037922933985459456
1.748,-0.026302094432456978
1.7485,-0.04871555098873206
1.749,-0.03243979830748575
1.7495,-0.0064524218343799305
1.75,0.0037407266517936436
1.7505,-0.007415576914379779
1.7510000000000001,-0.02841560985540748
1.7515,-0.04385279428881272
1.752,-0.046403526222564176
1.7525,-0.039518771437194664
1.7530000000000001,-0.029594406402337625
1.7535,-0.015258457783139865
1.754,0.013450746841256798
1.7545,0.06075100391104148
1.7550000000000001,0.10988362369683086
1.7555,0.1283034562115755
1.756,0.09379397383641398
1.7565,0.01762058953598251
1.7570000000000001,-0.05948400328140499
1.7575,-0.09928719501693709
1.758,-0.09740175028135382
1.7585,-0.08029883004752009
1.7590000000000001,-0.07029896786821818
1.7595,-0.060416858699115714
1.76,-0.029821599794409154
1.7605,0.020235665338721877
1.7610000000000001,0.056175333129203364
1.7615,0.04295535491582381
1.762,-0.01803632379325197
1.7625,-0.08702106530944385
1.7630000000000001,-0.12161878582502703
1.7635,-0.11191664993207139
1.764,-0.08086180355911865
1.7645,-0.05485527624877949
1.7650000000000001,-0.04054791627873149
1.7655,-0.032288825282775074
1.766,-0.03141116664227442
1.7665,-0.04511231238098702
1.7670000000000001,-0.07028330161707032
1.7675,-0.09082005848571961
1.768,-0.09068055819209213
1.7685,-0.06359872471712204
1.7690000000000001,-0.014137347057764591
1.7695,0.04341093645413073
1.77,0.08871373819951714
1.7705,0.10500807879096943
1.7710000000000001,0.08955691005418188
1.7715,0.05567363339859835
1.772,0.024287097491942196
1.7725,0.012064668772456521
1.7730000000000001,0.023600767730736005
1.7735,0.04972071333942077
1.774,0.07096561131071777
1.7745,0.06636199772468686
1.7750000000000001,0.027444384973710774
1.7755,-0.029254571254535545
1.776,-0.06612927397113663
1.7765,-0.05201239821982406
1.7770000000000001,0.005246541255930736
1.7775,0.056077168241250065
1.778,0.05017184768315196
1.7785,-0.013853340901752163
1.7790000000000001,-0.08529646247586004
1.7795,-0.11174901699771544
1.78,-0.08603087772740008
1.7805,-0.039342890455735476
1.7810000000000001,0.0008758367877006084
1.7815,0.03194361697549993
1.782,0.057566892641015485
1.7825,0.06722296388828013
1.7830000000000001,0.04633896420569769
1.7835,0.00032738936037898987
1.784,-0.04276663090675379
1.7845,-0.05347751956239122
1.7850000000000001,-0.022216986175168166
1.7855,0.0336230678313855
1.786,0.07706206593327722
1.7865,0.0722257129340539
1.7870000000000001,0.011368714547091912
1.7875,-0.07174091878669314
1.788,-0.1222005494331119
1.7885,-0.11065617991231341
1.7890000000000001,-0.06317821938164317
1.7895,-0.03723027069059131
1.79,-0.06313061514307827
1.7905,-0.11254982016748828
1.7910000000000001,-0.1296157726633407
1.7915,-0.09277609416179629
1.792,-0.03860676910793262
1.7925,-0.018154350517951803
1.793,-0.03689475951054471
1.7935,-0.05269405005330004
1.794,-0.033088029343786
1.7945,0.004051126835577588
1.795,0.01777213340668491
1.7955,-0.0012150409230844497
1.796,-0.02021258693586449
1.7965,-0.007167916414939949
1.797,0.029355785701859177
1.7975,0.048579811634860776
1.798,0.022306007387044337
1.7985,-0.03368498652341112
1.799,-0.07320594068415315
1.7995,-0.0602791247558471
1.8,0.003745391558135243
1.8005,0.08514699472295373
1.801,0.14323519800742765
1.8015,0.15432910835030897
1.802,0.11994734948123217
1.8025,0.06021063566057035
1.803,0.0027070867592523537
1.8035,-0.02868730338580864
1.804,-0.026285238445553718
1.8045,-0.0053566446534901065
1.805,0.006206767406226407
1.8055,-0.009922602947076802
1.806,-0.049799136055401455
1.8065,-0.09410961554315662
1.807,-0.12183801396797164
1.8075,-0.11733448449895238
1.808,-0.07610055664246748
1.8085,-0.015484746061557789
1.809,0.0252351449955658
1.8095,0.011264748939912486
1.81,-0.054255886676612734
1.8105,-0.12755580510741873
1.811,-0.1578915982334329
1.8115,-0.12432849134317228
1.812,-0.04581199378630629
1.8125,0.03528580392868585
1.813,0.079790425430404
1.8135000000000001,0.07432273786961079
1.814,0.03836975814234658
1.8145,0.008519483633803424
1.815,0.009446973320906082
1.8155000000000001,0.037503911004777825
1.816,0.07025293298598247
1.8165,0.08572498374274645
1.817,0.07391814933522725
1.8175000000000001,0.04324542029344662
1.818,0.019916232954767903
1.8185,0.027537254606253045
1.819,0.05989947335955157
1.8195000000000001,0.08205463009512992
1.82,0.06385748482378278
1.8205,0.007743790222085333
1.821,-0.05916750063126626
1.8215000000000001,-0.11335387013583155
1.822,-0.1472587111570277
1.8225,-0.15690379088899004
1.823,-0.13188773122635233
1.8235000000000001,-0.06921988185284382
1.824,0.00658355426883879
1.8245,0.05107706352684349
1.825,0.03740964445510274
1.8255000000000001,-0.015570885412155325
1.826,-0.061188256270407
1.8265,-0.07294460056773598
1.827,-0.06682997739882905
1.8275000000000001,-0.0717392561450462
1.828,-0.0870209557623692
1.8285,-0.08133994114048756
1.829,-0.03397269976239451
1.8295000000000001,0.03269444236366716
1.83,0.07037341072433578
1.8305,0.054751791054407396
1.831,0.012315402301358334
1.8315000000000001,-0.006715122307225493
1.832,0.020920863862434608
1.8325,0.07161426115932734
1.833,0.09993143945030064
1.8335000000000001,0.07657961005223347
1.834,0.00899238813815317
1.8345,-0.061917112247427394
1.835,-0.08707234230367199
1.8355000000000001,-0.04752171428193265
1.836,0.023584782574191172
1.8365,0.06487050347863932
1.837,0.04194757829716884
1.8375000000000001,-0.022889703765226692
1.838,-0.07856393493995305
1.8385,-0.09414386703893424
1.839,-0.07340203794080094
1.8395000000000001,-0.033945233899274965
1.84,0.008184538190016893
1.8405,0.035972553832101045
1.841,0.03570889046604369
1.8415000000000001,0.012127988001899216
1.842,-0.013210972377466322
1.8425,-0.025793740866069007
1.843,-0.03223764554777312
1.8435000000000001,-0.04499469768252347
1.844,-0.06017411769071828
1.8445,-0.058622772953128996
1.845,-0.026785460372167596
1.8455000000000001,0.028119851244854444
1.846,0.07926892873432781
1.8465,0.09245322970552936
1.847,0.04795105072969782
1.8475000000000001,-0.03562060703738429
1.848,-0.10341806617086119
1.8485,-0.10686373500784835
1.849,-0.04973742808999913
1.8495000000000001,0.015657672041328934
1.85,0.04159973742754415
1.8505,0.028042652302817113
1.851,0.009432785968992575
1.8515000000000001,0.006199004276620127
1.852,0.0022220192279721433
1.8525,-0.024348999957175696
1.853,-0.059838529244527136
1.8535000000000001,-0.06424028365244262
1.854,-0.024731019895025345
1.8545,0.01946505704997646
1.855,0.02078304782918647
1.8555000000000001,-0.018497757647489545
1.856,-0.04865303570951208
1.8565,-0.030000825386296868
1.857,0.025123130897321173
1.8575,0.06800222381253508
1.858,0.06296596432650665
1.8585,0.01945609892813731
1.859,-0.02312857039892447
1.8595,-0.040408995432459294
1.86,-0.04626039643411388
1.8605,-0.06626160408517497
1.861,-0.0965928982408327
1.8615,-0.10370868048584964
1.862,-0.06539586203048003
1.8625,0.0010840975784301658
1.863,0.058082104957064416
1.8635,0.08536899130186373
1.864,0.09065607417186428
1.8645,0.08931773024915118
1.865,0.0842211271115035
1.8655,0.0652916052170406
1.866,0.02384826627698303
1.8665,-0.03322161760269943
1.867,-0.08380413009470117
1.8675,-0.1070712395491777
1.868,-0.09823775984338115
1.8685,-0.06629213715461793
1.869,-0.023371981198432878
1.8695,0.01968763693323467
1.87,0.05319791619600724
1.8705,0.07043163794224475
1.871,0.06886056063551868
1.8715,0.047728561962033914
1.872,0.008102522473603319
1.8725,-0.03942196970032539
1.873,-0.07025888715877185
1.8735,-0.060314325649793825
1.874,-0.010826264046982286
1.8745,0.04613092984885787
1.875,0.07213085495151159
1.8755,0.0517255836276942
1.8760000000000001,-0.0021550494718009907
1.8765,-0.06557419435838495
1.877,-0.12021613511839366
1.8775,-0.15580096731776757
1.8780000000000001,-0.16676006167054855
1.8785,-0.15337821663088702
1.879,-0.12351773485505546
1.8795,-0.08747075825174568
1.8800000000000001,-0.04840971126127725
1.8805,0.0004799412836581675
1.881,0.06315992507479747
1.8815,0.1206658122548502
1.8820000000000001,0.13220408008377116
1.8825,0.0731448825368356
1.883,-0.023051946237297664
1.8835,-0.07588206666339471
1.8840000000000001,-0.028113519821457423
1.8845,0.09351096178570567
1.885,0.19683869195311937
1.8855,0.2078466367518657
1.8860000000000001,0.13404964136467382
1.8865,0.04609599171880865
1.887,0.004358359899990724
1.8875,0.009478245142570084
1.8880000000000001,0.01795315356149712
1.8885,-0.006937919937602245
1.889,-0.06084191032615071
1.8895,-0.10410373701058107
1.8900000000000001,-0.09785760559776445
1.8905,-0.04290787877552191
1.891,0.012454931503241786
1.8915,0.013449944248533765
1.8920000000000001,-0.04284995716213976
1.8925,-0.09902216134302198
1.893,-0.10010968526899977
1.8935,-0.05758175122095922
1.8940000000000001,-0.03309563929428058
1.8945,-0.06126260765806162
1.895,-0.10978442436015744
1.8955,-0.12230374767588673
1.8960000000000001,-0.08193267873531199
1.8965,-0.018720395664887
1.897,0.033596145306736054
1.8975,0.0677209570411994
1.8980000000000001,0.0880913817291181
1.8985,0.08576989600003673
1.899,0.0464129081744367
1.8995,-0.01997485764950013
1.9000000000000001,-0.07356288414057707
1.9005,-0.07572425974425238
1.901,-0.02305388181956842
1.9015,0.046943155993657504
1.9020000000000001,0.08139822073583756
1.9025,0.052646757275908174
1.903,-0.015630927091265054
1.9035,-0.06530256223661088
1.9040000000000001,-0.05556522238104454
1.9045,0.0001286947620421034
1.905,0.049671365566974365
1.9055,0.05213474753101339
1.9060000000000001,0.011944156844654039
1.9065,-0.030531890650523606
1.907,-0.03809795656950725
1.9075,-0.008927352922581278
1.9080000000000001,0.02583680907050921
1.9085,0.03407041919747637
1.909,0.01173161549245497
1.9095,-0.01731761712392563
1.9100000000000001,-0.026212060045465238
1.9105,-0.00883899475617331
1.911,0.017794954721542286
1.9115,0.030339324705444155
1.9120000000000001,0.01715821440038228
1.9125,-0.01552562096935695
1.913,-0.049278315572931816
1.9135,-0.06479090434311949
1.9140000000000001,-0.05317390580965013
1.9145,-0.02169708437202236
1.915,0.01065413274849544
1.9155,0.026818387699656103
1.9160000000000001,0.024239374351709603
1.9165,0.013999283485840687
1.917,0.00686435863014981
1.9175,0.0013885920933039736
1.9180000000000001,-0.013082220236207105
1.9185,-0.04239274376631858
1.919,-0.07774100622212886
1.9195,-0.0997749151480314
1.92,-0.09168759255012818
1.9205,-0.04927595140507479
1.921,0.01706777049653942
1.9215,0.08548889741563889
1.922,0.13018925754863234
1.9225,0.13469722358605962
1.923,0.10451869856168362
1.9235,0.06664787392393384
1.924,0.05137025385470429
1.9245,0.06814758687897474
1.925,0.09629190642616947
1.9255,0.10110344633699751
1.926,0.06251036848447755
1.9265,-0.009787962829197375
1.927,-0.08579721777710472
1.9275,-0.1355835265581593
1.928,-0.14356598963476688
1.9285,-0.11431732817771914
1.929,-0.07068068458716707
1.9295,-0.039384326107013805
1.93,-0.030493041108509845
1.9305,-0.033677701372391955
1.931,-0.038515931854524614
1.9315,-0.049118614383562624
1.932,-0.06693740424675126
1.9325,-0.06817759577245933
1.933,-0.022753886321260727
1.9335,0.0566079583813051
1.934,0.10494326269933905
1.9345,0.06732757095226732
1.935,-0.03251217492120914
1.9355,-0.10680218575818422
1.936,-0.09503718730624702
1.9365,-0.026458202040560208
1.937,0.0203089195362543
1.9375,0.008617168561651466
1.938,-0.022696406761187442
1.9385000000000001,-0.014519774603232416
1.939,0.041109565600375285
1.9395,0.09324087362503991
1.94,0.08929798793906474
1.9405000000000001,0.030622124608799848
1.941,-0.03173013454722213
1.9415,-0.051750493335455526
1.942,-0.033504895424172114
1.9425000000000001,-0.02107853260217473
1.943,-0.04759222682192451
1.9435,-0.0986434334149943
1.944,-0.12777809200810264
1.9445000000000001,-0.10493523876472949
1.945,-0.04499449210856338
1.9455,0.011047049295468639
1.946,0.03694517927517213
1.9465000000000001,0.03936117420112642
1.947,0.040204115600274246
1.9475,0.0503028451219208
1.948,0.06244932545528823
1.9485000000000001,0.06209635441867746
1.949,0.04000361739537797
1.9495,0.0012032407585413735
1.95,-0.032981510723953986
1.9505000000000001,-0.038185591166518054
1.951,-0.008748015679723236
1.9515,0.03643050611307956
1.952,0.07119476579665954
1.9525000000000001,0.0812364248079125
1.953,0.06826675630962446
1.9535,0.0453385821475583
1.954,0.03085556591230338
1.9545000000000001,0.037079368403563635
1.955,0.05566350863733509
1.9555,0.05969517523287864
1.956,0.030997380808660213
1.9565000000000001,-0.015949714028208117
1.957,-0.04953404342336278
1.9575,-0.06103159661789953
1.958,-0.07209542004990398
1.9585000000000001,-0.09446304176398163
1.959,-0.10083443414884664
1.9595,-0.0564767110120004
1.96,0.026296660094696257
1.9605000000000001,0.08682258359472159
1.961,0.07739639768529429
1.9615,0.016978393935759454
1.962,-0.02552006988389343
1.9625000000000001,-0.0024073248003150596
1.963,0.06196778229990523
1.9635,0.09506503650101952
1.964,0.052379042302303995
1.9645000000000001,-0.032526375440425054
1.965,-0.08018063185221737
1.9655,-0.04994341881644374
1.966,0.014562149332643515
1.9665000000000001,0.032855644582212504
1.967,-0.024408049848537776
1.9675,-0.10597675632953209
1.968,-0.1372585175476791
1.9685000000000001,-0.09588632151618252
1.969,-0.027643136274612318
1.9695,0.0045087758051667775
1.97,-0.018929280222825078
1.9705000000000001,-0.062445268321068295
1.971,-0.07866815730097435
1.9715,-0.05626837507609769
1.972,-0.020726849135151958
1.9725000000000001,0.006657535005380084
1.973,0.03446833414392349
1.9735,0.07686738050642197
1.974,0.1160028726195483
1.9745000000000001,0.10939695358730676
1.975,0.03940433851544143
1.9755,-0.05702960847400331
1.976,-0.1170897792951692
1.9765000000000001,-0.10729559688563166
1.977,-0.046240413427938956
1.9775,0.02083487997861861
1.978,0.06020402185755569
1.9785000000000001,0.06514250554518618
1.979,0.04793044785421283
1.9795,0.025943058015973325
1.98,0.011859491416033556
1.9805000000000001,0.009960715976919925
1.981,0.018597639284498983
1.9815,0.03284837271326367
1.982,0.041320589624770025
1.9825000000000002,0.026837424831172782
1.983,-0.01611451286549714
1.9835,-0.063184016715913
1.984,-0.07422568254559354
1.9845,-0.036128001415654254
1.985,0.014824430654485153
1.9855,0.02440478803172553
1.986,-0.023686915640356347
1.9865,-0.08792807454892228
1.987,-0.10809878494886055
1.9875,-0.06275355441287983
1.988,0.014644958973417428
1.9885,0.07301167274823314
1.989,0.08997858836812775
1.9895,0.08185036407230432
1.99,0.07603576717853877
1.9905,0.07950206746750701
1.991,0.07427080983957318
1.9915,0.04207121550201144
1.992,-0.009834048161586248
1.9925,-0.052851589362623436
1.993,-0.06809809688138199
1.9935,-0.06526173831315035
1.994,-0.06502549319398568
1.9945,-0.07038205439609016
1.995,-0.06358098408929605
1.9955,-0.026718117982281603
1.996,0.039901750279597054
1.9965,0.11341964204213542
1.997,0.15797818662936658
1.9975,0.1471727310973971
1.998,0.08650222918366315
1.9985,0.01403954212007329
1.999,-0.02573158286988136
1.9995,-0.015232147493436562
2.0,0.12755334843489657
2.0005,0.24214591184295484
2.001,0.1245300783889086
2.0015,-0.1571700572018749
2.0020000000000002,-0.43177093961006474
2.0025,-0.5925896844258832
2.003,-0.6215756708968541
2.0035,-0.5187910269242486
2.004,-0.3127719540597243
2.0045,-0.12257962971034146
2.005,-0.09994774917644847
2.0055,-0.2759826354281602
2.0060000000000002,-0.5225614421055634
2.0065,-0.678373476797794
2.007,-0.6524478910080141
2.0075,-0.39899886548368063
2.008,0.09249622509580709
2.0085,0.6839180547806328
2.009,1.0443958453701048
2.0095,0.8885344594342048
2.0100000000000002,0.2994889505425564
2.0105,-0.2868129153591509
2.011,-0.47976204674028766
2.0115,-0.27137549828608276
2.012,0.047519707801185564
2.0125,0.2368272355714231
2.013,0.3008078128061039
2.0135,0.3620023622423182
2.0140000000000002,0.43963396466866794
2.0145,0.41266195514866283
2.015,0.18202801707089264
2.0155,-0.18237363844500376
2.016,-0.4738809961732204
2.0165,-0.5046246281446255
2.017,-0.22837450344973678
2.0175,0.23026461960120811
2.0180000000000002,0.6176312346459135
2.0185,0.669600914947341
2.019,0.2962213750876637
2.0195,-0.3014224727723884
2.02,-0.7443227971293584
2.0205,-0.7723678171501391
2.021,-0.44299944079515613
2.0215,-0.03246869404314752
2.0220000000000002,0.21716523124196996
2.0225,0.22620028657859134
2.023,0.03253028075150241
2.0235,-0.269733353349247
2.024,-0.5456164845105597
2.0245,-0.6673491885708535
2.025,-0.5990866810532196
2.0255,-0.40620432169533827
2.0260000000000002,-0.16491539500303015
2.0265,0.10640762106843234
2.027,0.41388092299165086
2.0275,0.714313871840874
2.028,0.9003124241995515
2.0285,0.8707446426700123
2.029,0.6288606242281237
2.0295,0.3157350960725021
2.0300000000000002,0.1245951574593202
2.0305,0.14224497803867636
2.031,0.26243467007131904
2.0315,0.2867896414619501
2.032,0.133599672107429
2.0325,-0.07552396817233517
2.033,-0.15902523927444973
2.0335,-0.08269140605155674
2.0340000000000003,0.014607100164241861
2.0345,-0.00526529652097972
2.035,-0.1307857490692873
2.0355,-0.24159036202747056
2.036,-0.2519523480953562
2.0365,-0.18011730381722646
2.037,-0.09808683201804778
2.0375,-0.04357886489278009
2.0380000000000003,0.00892060582674966
2.0385,0.08121170867813471
2.039,0.10762171635197999
2.0395,-0.018896292633350693
2.04,-0.2768089495662777
2.0405,-0.46176472649437905
2.041,-0.38938073736213186
2.0415,-0.11463855671046831
2.0420000000000003,0.1321924741942823
2.0425,0.19457454979728653
2.043,0.10284095778105812
2.0435,-0.018638856934538744
2.044,-0.07530840161104588
2.0445,-0.05154646095838571
2.045,-0.002869932020404505
2.0455,-0.008502781264799215
2.0460000000000003,-0.09928233609149623
2.0465,-0.21247476996644296
2.047,-0.22030933591950405
2.0475,-0.02786708164437912
2.048,0.32929686658035084
2.0485,0.6870703585225907
2.049,0.862747831495322
2.0495,0.7514617948462962
2.05,0.3322272154565505
2.0505,-0.3365122391930311
2.051,-1.0684380164350833
2.0515,-1.553739964715659
2.052,-1.5270649380261159
2.0525,-0.987740977029367
2.053,-0.23136027291434855
2.0535,0.36759107967096716
2.054,0.6096557752171423
2.0545,0.5348264110181683
2.055,0.3094224960024195
2.0555,0.1009583576873125
2.056,0.014305423276105525
2.0565,0.05020019244042979
2.057,0.10408765262622437
2.0575,0.07032593778472959
2.058,-0.020640924060035475
2.0585,-0.011825409284092689
2.059,0.20428972743239085
2.0595,0.5431164301825996
2.06,0.7773354172313759
2.0605,0.7294429389524182
2.061,0.44543110658738533
2.0615,0.18887053805971837
2.062,0.20428293897969174
2.0625,0.4489752571824708
2.063,0.6095553406345834
2.0635,0.42421605419463576
2.064,-0.04146071816784959
2.0645000000000002,-0.4606578503921332
2.065,-0.5730086932072719
2.0655,-0.44562834164314485
2.066,-0.40063182840523
2.0665,-0.654501784604389
2.067,-1.036926974957257
2.0675,-1.1131138675898304
2.068,-0.6020054237855218
2.0685000000000002,0.3376059947828943
2.069,1.217625199768154
2.0695,1.5838274994926629
2.07,1.3055875874883482
2.0705,0.6095802088864617
2.071,-0.11103806500165261
2.0715,-0.5602897320552075
2.072,-0.693488614852629
2.0725000000000002,-0.6645750167033542
2.073,-0.6400245303340227
2.0735,-0.6495659278114779
2.074,-0.5930551893820925
2.0745,-0.38406537860364315
2.075,-0.08046258966332735
2.0755,0.14738159462954128
2.076,0.19466207569371646
2.0765000000000002,0.1507641065081938
2.077,0.20164381339464604
2.0775,0.3907320707446413
2.078,0.5340925885813403
2.0785,0.4178964013610766
2.079,0.05489538880856672
2.0795,-0.28860341650291654
2.08,-0.32915355423391157
2.0805000000000002,-0.04030975962921235
2.081,0.31368010437199173
2.0815,0.44375216686829666
2.082,0.32600820497413774
2.0825,0.18323737420995462
2.083,0.1831884211434901
2.0835,0.22816303002628247
2.084,0.09013306716171016
2.0845000000000002,-0.29423652294977665
2.085,-0.7312415632432033
2.0855,-0.9532644747229916
2.086,-0.8330198525039156
2.0865,-0.4324424092149266
2.087,0.07051028408281085
2.0875,0.4549646177203034
2.088,0.5225251201243984
2.0885000000000002,0.21705588880433138
2.089,-0.26330166540197797
2.0895,-0.5473377451940018
2.09,-0.3871981728710836
2.0905,0.10779832414584085
2.091,0.5642417589150388
2.0915,0.6702235372397433
2.092,0.41094298798091583
2.0925000000000002,0.04875795525326433
2.093,-0.0770719726842054
2.0935,0.1997645053410072
2.094,0.714612766932353
2.0945,1.071044560011133
2.095,0.9779528109140571
2.0955,0.5049342767675212
2.096,-0.023912270414264247
2.0965000000000003,-0.3608563028556296
2.097,-0.5034193394086952
2.0975,-0.561797798592648
2.098,-0.5679479892130354
2.0985,-0.4764503304544492
2.099,-0.29964377306291246
2.0995,-0.1582726094487253
2.1,-0.17277900667303803
2.1005000000000003,-0.3237665736451684
2.101,-0.45093943271486187
2.1015,-0.4137120992417595
2.102,-0.24242674717370444
2.1025,-0.10331090351190368
2.103,-0.1188571750580558
2.1035,-0.24602109809258427
2.104,-0.32850056010245904
2.1045000000000003,-0.24930274872405736
2.105,-0.02928548769523667
2.1055,0.19769832148306254
2.106,0.2770236976926131
2.1065,0.13114481919442458
2.107,-0.15358002781575655
2.1075,-0.33053033942226934
2.108,-0.18088073265120339
2.1085000000000003,0.24494141412152404
2.109,0.6277252728615348
2.1095,0.6740716968429402
2.11,0.39709041470873857
2.1105,0.09684443852606651
2.111,0.08868525193124692
2.1115,0.4367746430968606
2.112,0.8882770456575411
2.1125,1.0457167185289027
2.113,0.6745337430675308
2.1135,-0.07059722082265427
2.114,-0.7156492260531946
2.1145,-0.8341869602497484
2.115,-0.4125278976398382
2.1155,0.14368861299349167
2.116,0.3900307412870216
2.1165,0.23457311672964054
2.117,-0.053090623816339694
2.1175,-0.18348261443305713
2.118,-0.12403544775848116
2.1185,-0.0228465440983425
2.119,0.039658026991843495
2.1195,0.10750553279442418
2.12,0.17757904095137447
2.1205,0.10789706970224633
2.121,-0.20875434179438276
2.1215,-0.6222433625471797
2.122,-0.7897275376995126
2.1225,-0.5183770219871529
2.123,0.006861180621355322
2.1235,0.4015185578754544
2.124,0.46157900580162536
2.1245,0.3100405746042918
2.125,0.196153973966968
2.1255,0.2303786922475983
2.126,0.3286222174686268
2.1265,0.3445142181198252
2.1270000000000002,0.20365584423300884
2.1275,-0.04950447465057472
2.128,-0.27220897119306164
2.1285,-0.3169108531757329
2.129,-0.1705636629984904
2.1295,0.00939941631253963
2.13,0.04047080214880748
2.1305,-0.1073003624574386
2.1310000000000002,-0.27647041452454857
2.1315,-0.24129805690670122
2.132,0.0953125604887413
2.1325,0.5493053037566853
2.133,0.737211000455945
2.1335,0.42475577326202124
2.134,-0.19283862579445474
2.1345,-0.6464512346304092
2.1350000000000002,-0.6583661534323244
2.1355,-0.40465016072501725
2.136,-0.2947993100077067
2.1365,-0.516241038105271
2.137,-0.8226753699589008
2.1375,-0.7913680273075869
2.138,-0.2884574394588502
2.1385,0.35378052356878
2.1390000000000002,0.6456394392786515
2.1395,0.4102915258541807
2.14,-0.06556138580791478
2.1405,-0.32566273391216916
2.141,-0.16850120914461375
2.1415,0.19654317161035448
2.142,0.38043212208702365
2.1425,0.1977059531342278
2.1430000000000002,-0.17261311947290645
2.1435,-0.4024983310599706
2.144,-0.35355312886928514
2.1445,-0.158737782590524
2.145,-0.00872268454908054
2.1455,0.050020350336536575
2.146,0.09768322817834005
2.1465,0.20498177565858924
2.1470000000000002,0.3548414559659049
2.1475,0.46068794482582476
2.148,0.43475826854465055
2.1485,0.2678306373913918
2.149,0.06807532608902146
2.1495,-0.004247648830841513
2.15,0.12002914368460249
2.1505,0.33740211422693756
2.1510000000000002,0.4605174049208167
2.1515,0.4104901255220829
2.152,0.3082622246607738
2.1525,0.3440584803447818
2.153,0.5578745117839718
2.1535,0.781922906036683
2.154,0.8082710306078621
2.1545,0.5887816017277444
2.1550000000000002,0.2641947401681311
2.1555,0.024714004864477453
2.156,-0.04850999122390127
2.1565,-0.032812614803465964
2.157,-0.06680955955100938
2.1575,-0.19349046509591145
2.158,-0.3277602933212891
2.1585,-0.4037797413850804
2.1590000000000003,-0.48980892753162325
2.1595,-0.6746739633814137
2.16,-0.8725608950401182
2.1605,-0.8537153610243534
2.161,-0.5149310725837996
2.1615,-0.05725494908429754
2.162,0.17189774388268123
2.1625,0.008074179191409065
2.1630000000000003,-0.3863338952516903
2.1635,-0.6898825623250997
2.164,-0.6974039225406455
2.1645,-0.4379004115667225
2.165,-0.07993135913087693
2.1655,0.2225878094395593
2.166,0.39302403871821884
2.1665,0.4023967843617071
2.1670000000000003,0.2411814901569037
2.1675,-0.05587595718306766
2.168,-0.37326500601319124
2.1685,-0.5399352735634433
2.169,-0.42606654813190986
2.1695,-0.04017303536395652
2.17,0.44673662744238446
2.1705,0.7710963818391818
2.1710000000000003,0.7257235847564162
2.1715,0.32780880792943523
2.172,-0.12647911853228544
2.1725,-0.23954115602925613
2.173,0.1519828082582548
2.1735,0.77757642779398
2.174,1.1170829175509152
2.1745,0.8560690575763595
2.1750000000000003,0.1824696554797423
2.1755,-0.3876116984514132
2.176,-0.48850272099098263
2.1765,-0.20528724551901079
2.177,0.07388655580379885
2.1775,0.04582013933795494
2.178,-0.2763029091554727
2.1785,-0.6456803878527194
2.179,-0.8150944404710605
2.1795,-0.6850891597097297
2.18,-0.3032577908684044
2.1805,0.18577390947132652
2.181,0.5770475589429578
2.1815,0.6889032998597321
2.182,0.5019802229175548
2.1825,0.1933799853447804
2.183,-0.03520619832597129
2.1835,-0.1522724213659386
2.184,-0.2650254354667443
2.1845,-0.4112078116799197
2.185,-0.4603445277376491
2.1855,-0.2531433588242892
2.186,0.2038288878238687
2.1865,0.7146083739653935
2.187,1.0307505900615237
2.1875,0.9851135513364396
2.188,0.5565655386416389
2.1885,-0.09920398270642705
2.189,-0.6777894324936575
2.1895000000000002,-0.8694084855139818
2.19,-0.5615357213852555
2.1905,0.046692852538532406
2.191,0.5326092353410232
2.1915,0.5348179563364344
2.192,0.05425941959193655
2.1925,-0.5044577537697426
2.193,-0.6509031402688398
2.1935000000000002,-0.23539365399491544
2.194,0.4083406085648761
2.1945,0.7449891711635341
2.195,0.4902033368410127
2.1955,-0.1634529864649918
2.196,-0.7241637981814149
2.1965,-0.81073200453683
2.197,-0.44498462204139017
2.1975000000000002,0.012277446970165536
2.198,0.20589477703994458
2.1985,0.07825298166761473
2.199,-0.15018702016688468
2.1995,-0.23171011934695498
2.2,-0.09008628501159442
2.2005,0.1861656643688984
2.201,0.47096508487111444
2.2015000000000002,0.681971579941788
2.202,0.7567646811987213
2.2025,0.6234433788558918
2.203,0.2744442722034452
2.2035,-0.13374187721175468
2.204,-0.3454334075145196
2.2045,-0.24183206943496208
2.205,0.01275144814171865
2.2055000000000002,0.13248655293134579
2.206,0.024007984471986554
2.2065,-0.13205189733542938
2.207,-0.1375178167615691
2.2075,-0.03460325972018912
2.208,-0.03686492543023742
2.2085,-0.2384119614955632
2.209,-0.4751553512574087
2.2095000000000002,-0.5046509061337421
2.21,-0.2891821557483767
2.2105,-0.054636522694492436
2.211,-0.048608978521993564
2.2115,-0.2578945381003769
2.212,-0.4106974406931564
2.2125,-0.28140064458670655
2.213,0.04621376580993946
2.2135000000000002,0.27141074119121
2.214,0.21951231081458142
2.2145,0.038169576271677455
2.215,0.030161495037415116
2.2155,0.30557706136435175
2.216,0.6200152992455774
2.2165,0.5917212387978416
2.217,0.1117075146450109
2.2175000000000002,-0.4856074726362028
2.218,-0.7181959592391765
2.2185,-0.42530798745914156
2.219,0.10053896277319763
2.2195,0.4357324582573755
2.22,0.42280210025565573
2.2205,0.25139714174355415
2.221,0.2023851912645398
2.2215000000000003,0.3440555067658325
2.222,0.48366016702339837
2.2225,0.4052533847836629
2.223,0.11700793822029722
2.2235,-0.16197746597515764
2.224,-0.2312762815812783
2.2245,-0.08583934824495983
2.225,0.1209778471099264
2.2255000000000003,0.238151851215293
2.226,0.2251297099939646
2.2265,0.1384056452725365
2.227,0.04874917369497164
2.2275,-0.022690384206201744
2.228,-0.09527489319774311
2.2285,-0.16984274669994637
2.229,-0.201172279370967
2.2295000000000003,-0.14660170516725246
2.23,-0.034028230552852354
2.2305,0.04835211476102366
2.231,0.04766471922458639
2.2315,0.009754079547523319
2.232,0.021751310471630377
2.2325,0.11063765821296256
2.233,0.22129918039310612
2.2335000000000003,0.2675742293237466
2.234,0.18035622603292645
2.2345,-0.05767089555233364
2.235,-0.3792300324591671
2.2355,-0.6490260819192819
2.236,-0.7556124157178152
2.2365,-0.6913865121926439
2.237,-0.5292191039395139
2.2375000000000003,-0.34739926560973483
2.238,-0.20504221626603977
2.2385,-0.1437078409683028
2.239,-0.1421232360931786
2.2395,-0.08710151503325732
2.24,0.12780561952820257
2.2405,0.44902882840922986
2.241,0.6602791292817516
2.2415,0.5775384626470512
2.242,0.2473291472759993
2.2425,-0.06187019868961002
2.243,-0.07984596114129468
2.2435,0.22946436968361242
2.244,0.6294179438993941
2.2445,0.8079883648084564
2.245,0.6416106561496724
2.2455,0.2988882389443235
2.246,0.09209738261622961
2.2465,0.19624906892599359
2.247,0.4827947671716233
2.2475,0.637950194019416
2.248,0.4707984875721886
2.2485,0.09918742648863568
2.249,-0.19233433034036868
2.2495,-0.26308003754406145
2.25,-0.23627554865233893
2.2505,-0.30189061918786264
2.251,-0.4661223665257608
2.2515,-0.5689620864225249
2.2520000000000002,-0.5323142775911824
2.2525,-0.48577628825708086
2.253,-0.5846315326950838
2.2535,-0.7737872478870115
2.254,-0.8300589104852144
2.2545,-0.6214312014914067
2.255,-0.25148470916298576
2.2555,0.04377564462173675
2.2560000000000002,0.08765689319994241
2.2565,-0.12082302543644963
2.257,-0.3971126655469021
2.2575,-0.47602437420384236
2.258,-0.22338751265755494
2.2585,0.20823779513197055
2.259,0.5021384318605985
2.2595,0.5112978142437025
2.2600000000000002,0.4161529490875975
2.2605,0.4860456972896143
2.261,0.7288174228490368
2.2615,0.8724368208838283
2.262,0.7087738384837656
2.2625,0.37375349076989617
2.263,0.20462621249593352
2.2635,0.32886570238968243
2.2640000000000002,0.48984016171451555
2.2645,0.34697080494676225
2.265,-0.1049879244628112
2.2655,-0.5123140234052355
2.266,-0.548323600265084
2.2665,-0.23096230533916737
2.267,0.16096350417857477
2.2675,0.40097871228983933
2.2680000000000002,0.4882838970584535
2.2685,0.5472787916199031
2.269,0.620058614367979
2.2695,0.5974137919979332
2.27,0.3635592197995537
2.2705,-0.019187194530597987
2.271,-0.31881944331022605
2.2715,-0.34922160435296834
2.2720000000000002,-0.1581284674909534
2.2725,0.023711008500907772
2.273,0.0053319286131924045
2.2735,-0.22529676512433305
2.274,-0.5571140010235798
2.2745,-0.865730731704709
2.275,-1.0429960686957638
2.2755,-1.0027545147927304
2.2760000000000002,-0.7446353740479351
2.2765,-0.40354364132061094
2.277,-0.17385445837381258
2.2775,-0.15257381922240343
2.278,-0.25853687188410546
2.2785,-0.3115542950936672
2.279,-0.20591836587324538
2.2795,-0.0189877713520412
2.2800000000000002,0.07095120987721228
2.2805,-0.004436576703278683
2.281,-0.0997516821136128
2.2815,-0.0009284237621593975
2.282,0.3281396011338715
2.2825,0.6716048776989966
2.283,0.7497175755178166
2.2835,0.4804439138897007
2.2840000000000003,0.05294529760017998
2.2845,-0.24612706963643707
2.285,-0.26056843675737146
2.2855,-0.033950665669867645
2.286,0.28814751197247934
2.2865,0.5772139915060418
2.287,0.7640312413781711
2.2875,0.8242335889578412
2.2880000000000003,0.7614976781843616
2.2885,0.6067921707423888
2.289,0.4215572685516014
2.2895,0.28131211531409506
2.29,0.2249431064753784
2.2905,0.20969324686960536
2.291,0.14829772775220967
2.2915,0.013106416606125354
2.2920000000000003,-0.11784865575514418
2.2925,-0.1301308605701318
2.293,0.02410049774575143
2.2935,0.27531695397030187
2.294,0.4628929466028861
2.2945,0.43673404287191414
2.295,0.17061470801541362
2.2955,-0.22229820367138012
2.2960000000000003,-0.5777142570806072
2.2965,-0.7671560882317373
2.297,-0.7422300030742986
2.2975,-0.5713730252885948
2.298,-0.4273608238504452
2.2985,-0.4498072564173484
2.299,-0.5845341813339949
2.2995,-0.6267217503225033
2.3000000000000003,-0.47040196988385813
2.3005,-0.2555886145087039
2.301,-0.20254891887300902
2.3015,-0.3341041298801328
2.302,-0.42992143410186157
2.3025,-0.26152416803133505
2.303,0.1545217058042055
2.3035,0.5433181433671246
2.3040000000000003,0.6176044371987446
2.3045,0.34906115441105723
2.305,-0.01853668244787194
2.3055,-0.22739442792416523
2.306,-0.2329793536215314
2.3065,-0.15944714199197893
2.307,-0.09292324428510887
2.3075,0.010424307450581803
2.308,0.2113463975640816
2.3085,0.44331257184715944
2.309,0.5374302866654563
2.3095,0.397136150730739
2.31,0.1163618147691093
2.3105,-0.09963755016259025
2.311,-0.12843239807139611
2.3115,-0.030986617377208488
2.312,0.048281682982731576
2.3125,0.06262348098593676
2.313,0.10878411318086274
2.3135,0.27955521481977985
2.314,0.498850377422036
2.3145000000000002,0.5570288827264022
2.315,0.3511749347085788
2.3155,0.06513136978733455
2.316,0.028490417100198978
2.3165,0.3562698443835127
2.317,0.7757900470132567
2.3175,0.8681100306205785
2.318,0.4806104399371864
2.3185000000000002,-0.12702898027485357
2.319,-0.5430024041011956
2.3195,-0.5735866899972705
2.32,-0.34615294882647374
2.3205,-0.10330033524527098
2.321,0.033837972221992134
2.3215,0.10490649396227779
2.322,0.18979356801647454
2.3225000000000002,0.2946827688613843
2.323,0.3324751633910077
2.3235,0.18875219747823302
2.324,-0.1550620518002351
2.3245,-0.5230170645348469
2.325,-0.6308702512217294
2.3255,-0.37346166688247207
2.326,-0.00649879127802048
2.3265000000000002,0.07281870545581778
2.327,-0.24340910331284427
2.3275,-0.63695061655062
2.328,-0.6925752145303754
2.3285,-0.3176767081998869
2.329,0.19193175622387754
2.3295,0.45292127949719657
2.33,0.307747161168675
2.3305000000000002,-0.12162118394139014
2.331,-0.5846007102182441
2.3315,-0.8583031657637278
2.332,-0.8286998195410274
2.3325,-0.5329957534098285
2.333,-0.1537995280175221
2.3335,0.0977789028511266
2.334,0.15481233151353724
2.3345000000000002,0.13598745598714954
2.335,0.194808917624326
2.3355,0.36012441395901673
2.336,0.5445349886486264
2.3365,0.6642376280998753
2.337,0.7058919665543855
2.3375,0.6972556907554815
2.338,0.6623445275769224
2.3385000000000002,0.6123645518938989
2.339,0.5428646229574323
2.3395,0.41849476942210323
2.34,0.19370523421391955
2.3405,-0.1028034327710226
2.341,-0.31639599918233613
2.3415,-0.2774651878220385
2.342,-0.008368032793097842
2.3425000000000002,0.23883766159958073
2.343,0.225357390331035
2.3435,-0.01970103539541371
2.344,-0.2568608410146417
2.3445,-0.32608717296911954
2.345,-0.29629543812971504
2.3455,-0.3203366373558067
2.346,-0.41628221907898244
2.3465000000000003,-0.4420320562339365
2.347,-0.2768489835194779
2.3475,0.0034147364504810984
2.348,0.16083203160588205
2.3485,0.022698213024041052
2.349,-0.3233584429958878
2.3495,-0.5738963821787754
2.35,-0.4763682255262537
2.3505000000000003,-0.07600802062567881
2.351,0.31158292135599214
2.3515,0.402285638452744
2.352,0.21815210755736525
2.3525,0.03822994289624198
2.353,0.08771656842315442
2.3535,0.3224742081671699
2.354,0.5269463955136349
2.3545000000000003,0.5608562932584157
2.355,0.4563898734148348
2.3555,0.3163687454016572
2.356,0.2084497009021993
2.3565,0.16080725440610646
2.357,0.16371890118506702
2.3575,0.12898670005752594
2.358,-0.07738647979045712
2.3585000000000003,-0.4780859404893347
2.359,-0.8722127511634805
2.3595,-0.9531489624231946
2.36,-0.5799459129174851
2.3605,0.07725996164102573
2.361,0.6635692455844717
2.3615,0.8919851145361772
2.362,0.6928265639140471
2.3625000000000003,0.18893392781650833
2.363,-0.41512201215165695
2.3635,-0.9217862762941087
2.364,-1.1798232935840536
2.3645,-1.1182749175156639
2.365,-0.7881685489390766
2.3655,-0.34791004676231185
2.366,0.041444851185831334
2.3665000000000003,0.3275607317467997
2.367,0.5726237704247032
2.3675,0.8435314338108887
2.368,1.095344719548546
2.3685,1.1805916173974522
2.369,1.000036589092691
2.3695,0.644617743630302
2.37,0.3555610617026319
2.3705,0.31086576313173325
2.371,0.45416969772668564
2.3715,0.5656036430529006
2.372,0.5008011866685413
2.3725,0.3112034643803708
2.373,0.11463483862644398
2.3735,-0.07915733204211592
2.374,-0.33776537289252384
2.3745,-0.6267814624310087
2.375,-0.7662159534422724
2.3755,-0.6371088409280357
2.376,-0.3901468748672945
2.3765,-0.3387830950263404
2.3770000000000002,-0.5997862622739351
2.3775,-0.9111244795503219
2.378,-0.8853567396959676
2.3785,-0.42903993530360524
2.379,0.1477136090460977
2.3795,0.4445378614346357
2.38,0.3470961540129133
2.3805,0.0703678885864924
2.3810000000000002,-0.1209516370960918
2.3815,-0.16146783226689412
2.382,-0.1558969220539879
2.3825,-0.18092170299355081
2.383,-0.17798560396332913
2.3835,-0.03146481736972863
2.384,0.28486854793281813
2.3845,0.6473830893076085
2.3850000000000002,0.8615538259711735
2.3855,0.8132661948340716
2.386,0.5584623060105964
2.3865,0.265624342340438
2.387,0.06410611904557383
2.3875,-0.06188410303592202
2.388,-0.23450359636106727
2.3885,-0.5236901745378145
2.3890000000000002,-0.8257332471538423
2.3895,-0.9399634903270631
2.39,-0.7882815744369251
2.3905,-0.5065944135108942
2.391,-0.26933926062427715
2.3915,-0.07862916626605335
2.392,0.1801827251372605
2.3925,0.500667140504481
2.3930000000000002,0.6961521201580996
2.3935,0.6115699302609804
2.394,0.3125007424187793
2.3945,0.03371859595772862
2.395,-0.005894881866212906
2.3955,0.25017535790921214
2.396,0.6396968005642759
2.3965,0.8567602125550883
2.3970000000000002,0.6825777827235817
2.3975,0.20522900023495105
2.398,-0.2311308909314665
2.3985,-0.34098015641451557
2.399,-0.1490117203887452
2.3995,0.0795951327072606
2.4,0.1231693474533009
2.4005,-0.011208496123302977
2.4010000000000002,-0.15493677609243248
2.4015,-0.16451232749827036
2.402,-0.02317421115714645
2.4025,0.18876332328957474
2.403,0.37082759792996933
2.4035,0.45196317594993063
2.404,0.3997055172968034
2.4045,0.22063833703444272
2.4050000000000002,-0.024076383302841182
2.4055,-0.23120212352412323
2.406,-0.3452563145844527
2.4065,-0.4345188395097607
2.407,-0.590093213400672
2.4075,-0.7192407068459421
2.408,-0.5548513162486407
2.4085,0.023019881019274605
2.4090000000000003,0.7329662592293542
2.4095,1.074384270218203
2.41,0.7770912195252143
2.4105,0.031949707254856574
2.411,-0.6995835690640687
2.4115,-1.0525598301587116
2.412,-0.9640785737941009
2.4125,-0.6141559581688008
2.4130000000000003,-0.23340822728680266
2.4135,0.037395741728761867
2.414,0.15623059742229972
2.4145,0.13116528456081156
2.415,0.019506776694499284
2.4155,-0.05646463764585163
2.416,0.013682464716733633
2.4165,0.19671389109138504
2.4170000000000003,0.31525909159577176
2.4175,0.22890028405431467
2.418,-0.015082087652282266
2.4185,-0.2450158144447269
2.419,-0.3301700019395532
2.4195,-0.24179051221130188
2.42,-0.01519962957890834
2.4205,0.27057646784956996
2.4210000000000003,0.5045487307768352
2.4215,0.613069200134431
2.422,0.6329466228961543
2.4225,0.6735607058913471
2.423,0.7776730156869639
2.4235,0.8336062877230486
2.424,0.6614203683658105
2.4245,0.21193436520228787
2.4250000000000003,-0.33116023123491806
2.4255,-0.6816530380867812
2.426,-0.6877313281697567
2.4265,-0.41758825737441385
2.427,-0.03639373871935503
2.4275,0.31778664219014624
2.428,0.510302608643829
2.4285,0.37992536439157054
2.4290000000000003,-0.1123905855457039
2.4295,-0.7006118241909168
2.43,-0.9333603084296807
2.4305,-0.591132752885902
2.431,0.05624534625016109
2.4315,0.48898899338190716
2.432,0.42634339656929754
2.4325,0.04355602628183098
2.433,-0.2519707387033785
2.4335,-0.1936564122169255
2.434,0.15829219932164548
2.4345,0.4977023616425139
2.435,0.512693841952894
2.4355,0.13260303925854866
2.436,-0.38871719359801676
2.4365,-0.6627561005666853
2.437,-0.5052511559272624
2.4375,-0.1009474553059476
2.438,0.18116392496498876
2.4385,0.12461498176647477
2.439,-0.1841072212273968
2.4395000000000002,-0.4893355536224997
2.44,-0.5882297496941855
2.4405,-0.43381125564095535
2.441,-0.11929611657347748
2.4415,0.16230121817767046
2.442,0.20177144274232228
2.4425,-0.05726493597367036
2.443,-0.40962233138778875
2.4435000000000002,-0.5321334642048132
2.444,-0.2817477881983307
2.4445,0.17769541173643447
2.445,0.5556945139175155
2.4455,0.7064854491687391
2.446,0.7066351338278699
2.4465,0.6958877116253329
2.447,0.6854513372670626
2.4475000000000002,0.5555515830921233
2.448,0.2532677655171591
2.4485,-0.04403213337440052
2.449,-0.039667202456568795
2.4495,0.36890686811432305
2.45,0.926693759874758
2.4505,1.2111965173851005
2.451,0.9789749531418699
2.4515000000000002,0.34216662703474987
2.452,-0.33622960036546123
2.4525,-0.7135015897822318
2.453,-0.7016529577676948
2.4535,-0.48746122306478723
2.454,-0.3296308436872099
2.4545,-0.33137898223001905
2.455,-0.39351476357769
2.4555000000000002,-0.3578457543753691
2.456,-0.1873922491336271
2.4565,-0.02224069130146715
2.457,-0.05610580147701023
2.4575,-0.33188330163926466
2.458,-0.6503869891216301
2.4585,-0.7089074451422042
2.459,-0.3698806227422261
2.4595000000000002,0.19030314272387003
2.46,0.6161576765897692
2.4605,0.6865018024517915
2.461,0.5017275720367328
2.4615,0.3418841746620389
2.462,0.34444693117682623
2.4625,0.36784739854828635
2.463,0.18325923584690185
2.4635000000000002,-0.2597045904794998
2.464,-0.7840188285120183
2.4645,-1.1339816646878564
2.465,-1.1360542306205013
2.4655,-0.7912883395031656
2.466,-0.2910357491496827
2.4665,0.09024888834132022
2.467,0.2004990901019643
2.4675000000000002,0.1292734206759238
2.468,0.09709078248239886
2.4685,0.22824817522770968
2.469,0.4464731582601958
2.4695,0.5726880143704507
2.47,0.49751964331892057
2.4705,0.268097049261912
2.471,0.0359811289196828
2.4715000000000003,-0.06471990814245386
2.472,0.003102366754901874
2.4725,0.19033751047133823
2.473,0.4165835188048059
2.4735,0.6063859084650015
2.474,0.6986405868978888
2.4745,0.652114222342287
2.475,0.45270695285876644
2.4755000000000003,0.11662610122554637
2.476,-0.3021805029537847
2.4765,-0.6887528120641674
2.477,-0.861423359163956
2.4775,-0.6559876667109532
2.478,-0.08378191735177834
2.4785,0.5995705047760425
2.479,1.0359048821222616
2.4795000000000003,1.0090685276608062
2.48,0.5741017557671011
2.4805,-0.010784215377606654
2.481,-0.45364526981002606
2.4815,-0.5767446436994242
2.482,-0.39081719846552593
2.4825,-0.07221854320536955
2.483,0.16884744989144782
2.4835000000000003,0.23930320563810062
2.484,0.17904209594493836
2.4845,0.050146843434795
2.485,-0.1189432933414011
2.4855,-0.27945334871946387
2.486,-0.3483164962685796
2.4865,-0.3021732841897966
2.487,-0.23709563739178144
2.4875000000000003,-0.2708611033809197
2.488,-0.3850397768739778
2.4885,-0.41848885018902343
2.489,-0.25699126093549324
2.4895,0.006206981332159841
2.49,0.16223425287205287
2.4905,0.13254415940923428
2.491,0.06401047816992506
2.4915000000000003,0.16128874483848324
2.492,0.45428606259025833
2.4925,0.7426255227223862
2.493,0.7593574291434443
2.4935,0.4067044020969832
2.494,-0.13518170821216643
2.4945,-0.5374105403961702
2.495,-0.5945807111628799
2.4955000000000003,-0.378625946801655
2.496,-0.12320163006788785
2.4965,0.007903760700087283
2.497,0.013839839294927119
2.4975,-0.02964803206721113
2.498,-0.07559107084828769
2.4985,-0.10853201520397254
2.499,-0.08476060829363205
2.4995,0.06455611052292348
2.5,0.3232499561670703
2.5005,0.5098949302471144
2.501,0.4048966233589561
2.5015,0.011556971643672951
2.5020000000000002,-0.371788657732287
2.5025,-0.4188886831657125
2.503,-0.10318777984591768
2.5035,0.28734899308260153
2.504,0.451064368989115
2.5045,0.3475030482777824
2.505,0.17808542375670372
2.5055,0.13964392640273293
2.5060000000000002,0.22153094413980204
2.5065,0.23408842534211033
2.507,0.021851021596809315
2.5075,-0.36194766909465376
2.508,-0.6982050048450876
2.5085,-0.7993080910608061
2.509,-0.6468591561415711
2.5095,-0.37208968366031486
2.5100000000000002,-0.1528909579537772
2.5105,-0.10686589744688349
2.511,-0.20185670525971414
2.5115,-0.23959675118414162
2.512,0.0014481205526623193
2.5125,0.5261027790062691
2.513,1.0427120484464563
2.5135,1.195679205491924
2.5140000000000002,0.8926953942875754
2.5145,0.37435246610943884
2.515,-0.023888433704043532
2.5155,-0.145529547925952
2.516,-0.0751958764874132
2.5165,0.012414142306756288
2.517,0.02785738220339104
2.5175,-0.009833471364689518
2.5180000000000002,-0.0741974288301599
2.5185,-0.17019983925181045
2.519,-0.25194251971610276
2.5195,-0.198408098572086
2.52,0.033916669197410376
2.5205,0.27822083593523506
2.521,0.28857767220697494
2.5215,0.01491705783297379
2.5220000000000002,-0.3285854637316893
2.5225,-0.48445684607512174
2.523,-0.37753823276968007
2.5235,-0.10454409333168722
2.524,0.21487291621695248
2.5245,0.49717199136619783
2.525,0.6466547663453934
2.5255,0.559847231774857
2.5260000000000002,0.2287430114623558
2.5265,-0.19468769189361942
2.527,-0.48412958410072454
2.5275,-0.5071508898020485
2.528,-0.30696996412413025
2.5285,-0.02166160265641149
2.529,0.24740935262828778
2.5295,0.4611524973372969
2.5300000000000002,0.5724086846640591
2.5305,0.5049405302129208
2.531,0.23771832359396022
2.5315,-0.11879468626407368
2.532,-0.37841788771706647
2.5325,-0.4278575054120224
2.533,-0.30360169466231035
2.5335,-0.12166048808623295
2.5340000000000003,0.03122156686830273
2.5345,0.116173774310261
2.535,0.09426801315093179
2.5355,-0.07045739645459403
2.536,-0.33268832329827586
2.5365,-0.5357242800717247
2.537,-0.5242782334975032
2.5375,-0.2894881721519851
2.5380000000000003,0.04068883357182407
2.5385,0.3449273283887511
2.539,0.5822819429317481
2.5395,0.7245501814204501
2.54,0.7003233530294982
2.5405,0.465685893727356
2.541,0.09926032817593869
2.5415,-0.22855385235427017
2.5420000000000003,-0.383684535244104
2.5425,-0.34899245699690373
2.543,-0.20755016416113398
2.5435,-0.08468594791932876
2.544,-0.07983095790914668
2.5445,-0.19981112001818252
2.545,-0.34686066059003834
2.5455,-0.3870365714477986
2.5460000000000003,-0.2482894164291649
2.5465,0.006213750990479548
2.547,0.1754770475182939
2.5475,0.057160843800151837
2.548,-0.3148534702821959
2.5485,-0.5877054130568244
2.549,-0.3788739281718828
2.5495,0.2821813655458157
2.5500000000000003,0.893594092043329
2.5505,0.9685589981452324
2.551,0.5450424730218058
2.5515,0.11367405698011414
2.552,0.06048071409710969
2.5525,0.2879893968175909
2.553,0.40504273139495595
2.5535,0.19121391502979398
2.5540000000000003,-0.19371490899066207
2.5545,-0.4125676102545725
2.555,-0.28936895070112767
2.5555,0.0505462506980299
2.556,0.31805681057555857
2.5565,0.30188011356204414
2.557,0.008985142367629081
2.5575,-0.3628618676875267
2.5580000000000003,-0.5735088925766559
2.5585,-0.5171594442323486
2.559,-0.2961991510058967
2.5595,-0.11420142469253468
2.56,-0.08813141506451337
2.5605,-0.16331595481647473
2.561,-0.1877922497211406
2.5615,-0.04637133127288622
2.562,0.26594363619107647
2.5625,0.663253951259039
2.563,1.0220609939334546
2.5635,1.2090717336726418
2.564,1.1075482128267655
2.5645000000000002,0.6931259729697388
2.565,0.10533843186019726
2.5655,-0.4034235634973911
2.566,-0.6340959125665142
2.5665,-0.5708430624000482
2.567,-0.36750256768868045
2.5675,-0.2199841712115679
2.568,-0.21900842032515336
2.5685000000000002,-0.2828847661900009
2.569,-0.23864911872597783
2.5695,-0.009023022143152168
2.57,0.262902985826118
2.5705,0.30146150569795727
2.571,-0.03679459971433478
2.5715,-0.5534106112922937
2.572,-0.8012013572954257
2.5725000000000002,-0.47458130625488576
2.573,0.25125709760422565
2.5735,0.8098393483219612
2.574,0.7287560796488908
2.5745,0.05895966079195646
2.575,-0.660231557022352
2.5755,-0.8618203045473544
2.576,-0.40698412990256794
2.5765000000000002,0.3613219017035536
2.577,0.9550613719786356
2.5775,1.1106332816197149
2.578,0.8931181400210286
2.5785,0.5373000658597914
2.579,0.2192560939788106
2.5795,-0.04548940486861795
2.58,-0.3081727737653528
2.5805000000000002,-0.5321604720598294
2.581,-0.5925827956308328
2.5815,-0.43937199221072265
2.582,-0.18937651892876103
2.5825,0.00039290969538033696
2.583,0.11534309777923954
2.5835,0.27251997526008626
2.584,0.5288385406315845
2.5845000000000002,0.7561559319733278
2.585,0.734927299715945
2.5855,0.3569420395372916
2.586,-0.2691182875607566
2.5865,-0.8901386466306178
2.587,-1.2736274978407724
2.5875,-1.325033638793694
2.588,-1.0898013833616829
2.5885000000000002,-0.6859419661136712
2.589,-0.24824794191781765
2.5895,0.09789593700383595
2.59,0.2684053272927276
2.5905,0.26345397485062416
2.591,0.17064494703289776
2.5915,0.08696676234177916
2.592,0.01799432812810987
2.5925000000000002,-0.1069074654161442
2.593,-0.27708122180388445
2.5935,-0.30530025472038735
2.594,0.006249965676504531
2.5945,0.5792765644192891
2.595,1.027627363106469
2.5955,0.9957788942282125
2.596,0.5135652336277289
2.5965000000000003,-0.038399729520849836
2.597,-0.30289759345202333
2.5975,-0.23405959413017782
2.598,-0.030032831476260805
2.5985,0.12859161094224655
2.599,0.21876461131085617
2.5995,0.3046795418895447
2.6,0.4143515496528244
2.6005000000000003,0.5141558147919754
2.601,0.5743698451638463
2.6015,0.6165299742538525
2.602,0.6686667454333705
2.6025,0.6889054153252328
2.603,0.5829802130272307
2.6035,0.30982062388543147
2.604,-0.06446291296641872
2.6045000000000003,-0.4149931765836469
2.605,-0.6215599763531201
2.6055,-0.6020857738046418
2.606,-0.3596533954670583
2.6065,-0.03309044863000234
2.607,0.1489938881339537
2.6075,0.04033457613493921
2.608,-0.2768819930411772
2.6085000000000003,-0.5517520779324168
2.609,-0.5917959703380135
2.6095,-0.4208293177862335
2.61,-0.21221331864038076
2.6105,-0.09555236041368968
2.611,-0.05599980424245645
2.6115,-0.010609352163040337
2.612,0.0696773921119373
2.6125000000000003,0.1486609237774483
2.613,0.19445331259217097
2.6135,0.19696303332831747
2.614,0.13087362810932876
2.6145,-0.030408039736517414
2.615,-0.257129218311187
2.6155,-0.473138281258836
2.616,-0.6283038094261867
2.6165000000000003,-0.7106215766618373
2.617,-0.687719151491208
2.6175,-0.5044690169628464
2.618,-0.16596504880934929
2.6185,0.22097701128361344
2.619,0.5179053814824037
2.6195,0.6545185306960175
2.62,0.6611690257388007
2.6205000000000003,0.6209217704617118
2.621,0.5909622229057068
2.6215,0.5654376704069386
2.622,0.5100133469782143
2.6225,0.41398963805673467
2.623,0.2947214932120475
2.6235,0.16661123427840646
2.624,0.03006323449803668
2.6245,-0.1068109124765312
2.625,-0.21395886509447082
2.6255,-0.2670078580819084
2.626,-0.29131801728013507
2.6265,-0.34830432238353015
2.6270000000000002,-0.44034686380839955
2.6275,-0.4449290834907776
2.628,-0.21726356416088152
2.6285,0.19563036237887899
2.629,0.49399363694644144
2.6295,0.3771378751946007
2.63,-0.10822368988744986
2.6305,-0.5361106120083109
2.6310000000000002,-0.49685886142042546
2.6315,-0.021689337689919597
2.632,0.44678432289132186
2.6325,0.5134867201962249
2.633,0.19492951260262956
2.6335,-0.18897130729178652
2.634,-0.38143990566302366
2.6345,-0.3583762479471541
2.6350000000000002,-0.21111192804062318
2.6355,-0.01530126490494766
2.636,0.16817981130465695
2.6365,0.2853027629409444
2.637,0.3330399789054704
2.6375,0.3336613206405012
2.638,0.24174080877821172
2.6385,-0.020676413207946477
2.6390000000000002,-0.38336332734729006
2.6395,-0.5765405420205426
2.64,-0.3592626288814184
2.6405,0.21487461998336702
2.641,0.8156552886091903
2.6415,1.118755383597689
2.642,1.038853559932095
2.6425,0.7021029540986896
2.6430000000000002,0.2682209956732705
2.6435,-0.16599655084589118
2.644,-0.527770216509685
2.6445,-0.7245763206781852
2.645,-0.6875676432933957
2.6455,-0.44094473209522106
2.646,-0.09460547132345246
2.6465,0.23701655966520604
2.6470000000000002,0.4945913298901288
2.6475,0.6539468976859497
2.648,0.6748511053029271
2.6485,0.5092087622777951
2.649,0.18125183295693678
2.6495,-0.16730427266746142
2.65,-0.37050309025734945
2.6505,-0.39406066922889554
2.6510000000000002,-0.35075341098341123
2.6515,-0.3427177845416756
2.652,-0.35941733347276456
2.6525,-0.36871431118310405
2.653,-0.40801454863337094
2.6535,-0.4915266985278374
2.654,-0.5057891736270818
2.6545,-0.3264803472712882
2.6550000000000002,-0.016621975258069986
2.6555,0.2043826669243425
2.656,0.2068448344220505
2.6565,0.09586257368454457
2.657,0.0829394939717856
2.6575,0.24146405161048567
2.658,0.41200426451588057
2.6585,0.360419484269214
2.6590000000000003,0.03593942799638619
2.6595,-0.3435733807795456
2.66,-0.4846093803293656
2.6605,-0.29212721887835885
2.661,0.05476727069244589
2.6615,0.27759786038837997
2.662,0.23178105476333424
2.6625,-0.003991455912697886
2.6630000000000003,-0.2218134039314068
2.6635,-0.24854324521104643
2.664,-0.042356876399911335
2.6645,0.30679113915399625
2.665,0.6150173661414641
2.6655,0.6805495493863645
2.666,0.43255828996048845
2.6665,0.03708020673373003
2.6670000000000003,-0.22430513794488155
2.6675,-0.21983770503248848
2.668,-0.05740434263153284
2.6685,0.0916937612130069
2.669,0.15995721646788572
2.6695,0.14749672110941703
2.67,0.04097087199962007
2.6705,-0.13679171850456318
2.6710000000000003,-0.26015848703448696
2.6715,-0.18371623046780367
2.672,0.10357406751721436
2.6725,0.4447420905631735
2.673,0.6391127068060083
2.6735,0.5922114274344276
2.674,0.35125363720964703
2.6745,0.024395691656195782
2.6750000000000003,-0.28642194013570427
2.6755,-0.47534938938412
2.676,-0.4517620969717043
2.6765,-0.24701741609792213
2.677,-0.04880518436637714
2.6775,-0.031124241427615044
2.678,-0.1505055137954439
2.6785,-0.18182425770615632
2.6790000000000003,0.02427109653407513
2.6795,0.363524215754075
2.68,0.5760671478731768
2.6805,0.48653268660453575
2.681,0.12814526694113557
2.6815,-0.3222382793786849
2.682,-0.6747173618838794
2.6825,-0.809588320459187
2.6830000000000003,-0.7042365760195358
2.6835,-0.4264867101109584
2.684,-0.09662064600748947
2.6845,0.1698090115356342
2.685,0.3055057234004316
2.6855,0.3133404179088652
2.686,0.27886035198872866
2.6865,0.33623080257252697
2.6870000000000003,0.5431767826094978
2.6875,0.7603996992580012
2.688,0.7187884271830748
2.6885,0.2730350243035228
2.689,-0.41043001755176167
2.6895000000000002,-0.938902538587926
2.69,-0.9743444810738098
2.6905,-0.47089757759843415
2.691,0.2799240570523382
2.6915,0.8063795111065882
2.692,0.757462380486564
2.6925,0.18907631719332907
2.693,-0.4278692952516764
2.6935000000000002,-0.5844275054453254
2.694,-0.18953394608755428
2.6945,0.36575024596845224
2.695,0.6138808216151772
2.6955,0.45003706815577565
2.696,0.1497062392854325
2.6965,0.0006999959117048298
2.697,0.008187885705162233
2.6975000000000002,-0.01278910646791374
2.698,-0.1441175769524027
2.6985,-0.2540035367818297
2.699,-0.16505346616752517
2.6995,0.11832581775197751
2.7,0.36812682779781686
2.7005,0.3359806995711683
2.701,0.015219885872817543
2.7015000000000002,-0.32893510817160115
2.702,-0.418826031749774
2.7025,-0.21383299882370105
2.703,0.12648900145828135
2.7035,0.43541938367871574
2.704,0.5953888470481014
2.7045,0.4859138312685958
2.705,0.05646248517377981
2.7055000000000002,-0.5215453512593522
2.706,-0.9047149502182977
2.7065,-0.8620027039485659
2.707,-0.48868512737288616
2.7075,-0.11561744065754467
2.708,-0.013131311022671776
2.7085,-0.16791803207375958
2.709,-0.31984619894727667
2.7095000000000002,-0.22521065519537437
2.71,0.0798226573416388
2.7105,0.27299124897172733
2.711,0.053645297432295784
2.7115,-0.5020057339968778
2.712,-0.9319111593046463
2.7125,-0.8019887741119929
2.713,-0.1285050695526851
2.7135000000000002,0.648246516417999
2.714,1.0837427709206768
2.7145,1.0680645595339706
2.715,0.7895790828376831
2.7155,0.4870829589254126
2.716,0.2901569626124671
2.7165,0.2213730944347763
2.717,0.24760213227684763
2.7175000000000002,0.3095907819473819
2.718,0.34960482651049457
2.7185,0.3337427755066835
2.719,0.2388866386309466
2.7195,0.05471785603701311
2.72,-0.1458041286507604
2.7205,-0.18717106291882932
2.721,0.03987646225499657
2.7215000000000003,0.3822561547273103
2.722,0.5084923612174987
2.7225,0.2458920328121671
2.723,-0.21898318825212312
2.7235,-0.5194187533014332
2.724,-0.4597932209910532
2.7245,-0.16613419609420735
2.725,0.07641183543485583
2.7255000000000003,0.09460441913255511
2.726,-0.048914078493005365
2.7265,-0.15831103754010065
2.727,-0.11563785182304008
2.7275,0.004708629927123235
2.728,0.028157392891718383
2.7285,-0.13172633096482436
2.729,-0.39311988099191875
2.7295000000000003,-0.5878673546229571
2.73,-0.5934459863347934
2.7305,-0.40834099711144106
2.731,-0.1417843122963905
2.7315,0.06708483222450795
2.732,0.14768989258141668
2.7325,0.1334443191958821
2.733,0.10147191026801439
2.7335000000000003,0.0894299649333361
2.734,0.08966149002374817
2.7345,0.10551777763169835
2.735,0.1531494327794088
2.7355,0.1867567363779329
2.736,0.09625044534190048
2.7365,-0.13860285817935783
2.737,-0.3269820813732528
2.7375000000000003,-0.21494494304072606
2.738,0.1993000290323573
2.7385,0.5650597142371675
2.739,0.4824845659725588
2.7395,-0.07351501041753712
2.74,-0.6761535481798033
2.7405,-0.830883599836838
2.741,-0.43368934864629816
2.7415000000000003,0.1563169931309378
2.742,0.47553747025139453
2.7425,0.3766092640801949
2.743,0.12350402921065386
2.7435,0.09284065504673421
2.744,0.3718172369585095
2.7445,0.6547062065517937
2.745,0.5652075690222074
2.7455000000000003,0.07890814141080549
2.746,-0.4188099271843891
2.7465,-0.5121675110160793
2.747,-0.1492862747298834
2.7475,0.36809555608884215
2.748,0.7209953932768352
2.7485,0.8047221754771228
2.749,0.6539813669084037
2.7495000000000003,0.3013849663577771
2.75,-0.17543970494842537
2.7505,-0.5463254081726844
2.751,-0.5431770430060822
2.7515,-0.1489663679264043
2.7520000000000002,0.30451046958843414
2.7525,0.41566237779741866
2.753,0.09659382339505379
2.7535,-0.35796890565300404
2.754,-0.5850197903430061
2.7545,-0.49413552262038185
2.755,-0.28034799795755994
2.7555,-0.15631307453507248
2.7560000000000002,-0.14410815754107129
2.7565,-0.12829498190866634
2.757,-0.036904787072545235
2.7575,0.09237084066697301
2.758,0.20285744046823648
2.7585,0.30079478939058385
2.759,0.4155290588043035
2.7595,0.5159300626475811
2.7600000000000002,0.5062800986150163
2.7605,0.30790013222968243
2.761,-0.05763049307763105
2.7615,-0.4546946596980095
2.762,-0.7062876065556966
2.7625,-0.7152227853409429
2.763,-0.5403864969825591
2.7635,-0.33820948928238387
2.7640000000000002,-0.20581895171591502
2.7645,-0.09975881988253527
2.765,0.05778141724161121
2.7655,0.21730166914073193
2.766,0.21752338237578814
2.7665,-0.02321110363335509
2.767,-0.38676653227212543
2.7675,-0.6423729038194035
2.7680000000000002,-0.6151580350974674
2.7685,-0.2825463055104342
2.769,0.21531047407859644
2.7695,0.6256203791159152
2.77,0.7186060838640714
2.7705,0.48000706229839485
2.771,0.17670262516742968
2.7715,0.13798459022043627
2.7720000000000002,0.4186415254413494
2.7725,0.7296981877386735
2.773,0.7480116742846643
2.7735,0.4572856566715382
2.774,0.13834957872295295
2.7745,0.043757623826457474
2.775,0.13940966702509316
2.7755,0.19237793193813857
2.7760000000000002,0.07201022856270173
2.7765,-0.10121580155233088
2.777,-0.1129140320176044
2.7775,0.08987397143551566
2.778,0.33069231432453006
2.7785,0.3782351974366472
2.779,0.17351649230069305
2.7795,-0.12537134026226307
2.7800000000000002,-0.3322912028800686
2.7805,-0.44000435135352395
2.781,-0.5856036778684384
2.7815,-0.8184545178167716
2.782,-0.9897366891440005
2.7825,-0.9211463453133869
2.783,-0.6237065066982087
2.7835,-0.28087113815304476
2.7840000000000003,-0.048869767910544766
2.7845,0.054328805766995614
2.785,0.08840830521544427
2.7855,0.11413168188645655
2.786,0.18950765930968516
2.7865,0.35393006122312526
2.787,0.5594935534637233
2.7875,0.6585868098210877
2.7880000000000003,0.5174495074995993
2.7885,0.14802912206675092
2.789,-0.28131234945993894
2.7895,-0.5497424892310674
2.79,-0.5003202876521139
2.7905,-0.11945152979512046
2.791,0.41793575444580583
2.7915,0.794865870588787
2.7920000000000003,0.7630224133249028
2.7925,0.39057864409491355
2.793,0.04480987234986721
2.7935,0.03989432437526404
2.794,0.3160998260731968
2.7945,0.526833855538153
2.795,0.42689133833316834
2.7955,0.1088327744528186
2.7960000000000003,-0.15361543108066944
2.7965,-0.22316194832092875
2.797,-0.1904496524953841
2.7975,-0.17729745736610003
2.798,-0.15603244654618964
2.7985,-0.02242545781084733
2.799,0.21255333132996396
2.7995,0.38866442565649906
2.8000000000000003,0.3498786067256197
2.8005,0.08872762795587437
2.801,-0.24246083002945015
2.8015,-0.4320025762906907
2.802,-0.3723030207143284
2.8025,-0.18691802656798248
2.803,-0.15302623468453339
2.8035,-0.40999460230602064
2.8040000000000003,-0.7518009982362942
2.8045,-0.7995245379442949
2.805,-0.4128789707642914
2.8055,0.13719062845314312
2.806,0.45162249880809785
2.8065,0.4061163273970766
2.807,0.2112764545880729
2.8075,0.1071124856061072
2.8080000000000003,0.09398572584310302
2.8085,0.0008006306515856257
2.809,-0.2514454186928012
2.8095,-0.5296192762476248
2.81,-0.6185917446796493
2.8105,-0.4308633072187056
2.811,-0.09610178698116144
2.8115,0.14743425339409322
2.8120000000000003,0.17666399308308006
2.8125,0.09792000366227581
2.813,0.10694473774458807
2.8135,0.25512271074344095
2.814,0.4055939501655013
2.8145000000000002,0.40707241923520165
2.815,0.25034340927758114
2.8155,0.046153382673716256
2.816,-0.09612754064975497
2.8165,-0.13614233412581528
2.817,-0.08412611045642064
2.8175,0.02943089894360058
2.818,0.1495148916556378
2.8185000000000002,0.19819719231706975
2.819,0.13079416558888912
2.8195,0.00425998489636021
2.82,-0.040070357432509224
2.8205,0.10434516967526726
2.821,0.3938215938688527
2.8215,0.6353471585191763
2.822,0.6174486014360835
2.8225000000000002,0.2853020958247459
2.823,-0.17701516357158953
2.8235,-0.4542970633311444
2.824,-0.33751052269885634
2.8245,0.11220573168912903
2.825,0.6216697492800057
2.8255,0.9184227156880436
2.826,0.8917785083658236
2.8265000000000002,0.5925920284165294
2.827,0.1514939939596761
2.8275,-0.2751119506460081
2.828,-0.537237008256552
2.8285,-0.5510424475598356
2.829,-0.36068023557751505
2.8295,-0.12827233993314976
2.83,-0.03016572159703887
2.8305000000000002,-0.13171822419843512
2.831,-0.35280997564955213
2.8315,-0.555716612629862
2.832,-0.655360402663221
2.8325,-0.6439292587692682
2.833,-0.5440265577592436
2.8335,-0.3705475655643217
2.834,-0.1313716550068877
2.8345000000000002,0.14934989830787934
2.835,0.40035621911581976
2.8355,0.49916029823729774
2.836,0.3470520615560885
2.8365,-0.012420884197513705
2.837,-0.38343342805569103
2.8375,-0.5736858417260672
2.838,-0.5372514610080039
2.8385000000000002,-0.3408776992893908
2.839,-0.06267351208442952
2.8395,0.20462671501444848
2.84,0.3144114712210469
2.8405,0.15922952519208788
2.841,-0.16191318025729742
2.8415,-0.3478814818099666
2.842,-0.15126803564337035
2.8425000000000002,0.3587673862882043
2.843,0.8248253023846143
2.8435,0.9139760689312885
2.844,0.604192372414734
2.8445,0.1740949338762613
2.845,-0.060496996300677224
2.8455,0.008959958777824573
2.846,0.25681439158713787
2.8465000000000003,0.47254176004226656
2.847,0.5128787754163947
2.8475,0.3533186222784763
2.848,0.06901458335094154
2.8485,-0.19594587565012048
2.849,-0.27965490268139165
2.8495,-0.10088795471693732
2.85,0.2489090051616739
2.8505000000000003,0.5284890347598369
2.851,0.5118053150039985
2.8515,0.17219290825880507
2.852,-0.289044139934184
2.8525,-0.613052160486765
2.853,-0.6949111383710129
2.8535,-0.6321165542178515
2.854,-0.5851158164171282
2.8545000000000003,-0.6232435199564732
2.855,-0.7087637960598782
2.8555,-0.7734349914526263
2.856,-0.7469435914940062
2.8565,-0.5339272398772509
2.857,-0.06548209115441686
2.8575,0.5681291401465909
2.858,1.0873154915413066
2.8585000000000003,1.2126264175951884
2.859,0.9130539804181421
2.8595,0.4380847075016549
2.86,0.08733388257648127
2.8605,-0.034484448915472775
2.861,-0.03601534761013179
2.8615,-0.060405999727838264
2.862,-0.13003937960037304
2.8625000000000003,-0.16496542082910884
2.863,-0.12007051600224039
2.8635,-0.06784650273940672
2.864,-0.12271222815987237
2.8645,-0.289011196731712
2.865,-0.42595099685180676
2.8655,-0.3991947713640741
2.866,-0.24225528205651375
2.8665000000000003,-0.11686750098873337
2.867,-0.1190391972843145
2.8675,-0.16872822599472018
2.868,-0.09668898294713754
2.8685,0.18195322193177452
2.869,0.5728589725946198
2.8695,0.8616139347213387
2.87,0.8827559618404112
2.8705000000000003,0.6598748692996029
2.871,0.3826120913994274
2.8715,0.23251087897476594
2.872,0.22816632355356833
2.8725,0.24430102791573347
2.873,0.17406896196019378
2.8735,0.05014382096390937
2.874,-0.010802265835369697
2.8745000000000003,0.03351276328267305
2.875,0.09031915263399376
2.8755,0.045729244767499816
2.876,-0.0899171783277894
2.8765,-0.1863195361180358
2.8770000000000002,-0.14517807937766022
2.8775,-0.017778491300779554
2.878,0.04433336713130857
2.8785000000000003,-0.07649784523751862
2.879,-0.39422168802590546
2.8795,-0.8200751830137016
2.88,-1.1774126546253392
2.8805,-1.2646736963765852
2.8810000000000002,-0.9954803081241347
2.8815,-0.49599184383033185
2.882,-0.013650705859445809
2.8825,0.29979260660293894
2.883,0.4879866965119457
2.8835,0.6550801546230066
2.884,0.7785330657723725
2.8845,0.7205192477420826
2.8850000000000002,0.41610710391200945
2.8855,-0.01752603957951581
2.886,-0.384260309631766
2.8865,-0.5874914905191309
2.887,-0.6814402839774255
2.8875,-0.7489856038768887
2.888,-0.752681693100131
2.8885,-0.555818162454058
2.8890000000000002,-0.11057966361039173
2.8895,0.43122228235604626
2.89,0.8381148137095646
2.8905,0.9848646481323138
2.891,0.8863519514003881
2.8915,0.620157466129628
2.892,0.3013143863189376
2.8925,0.09672490720054323
2.8930000000000002,0.14272061697143387
2.8935,0.39410590033119414
2.894,0.6113936876058359
2.8945,0.5629252083761366
2.895,0.24334750447678916
2.8955,-0.12806316712055607
2.896,-0.3220273472062112
2.8965,-0.295722866774553
2.8970000000000002,-0.1826321394151845
2.8975,-0.12486570644599701
2.898,-0.144375042539536
2.8985,-0.1639671993443895
2.899,-0.11767779991006627
2.8995,-0.01980148527597309
2.9,0.07147010130398658
2.9005,0.12827080837714194
2.9010000000000002,0.15256904028407822
2.9015,0.1168340602913145
2.902,-0.02233062852574106
2.9025,-0.22081439560238145
2.903,-0.32421245873521265
2.9035,-0.2218291679937674
2.904,0.0017335006117492977
2.9045,0.1427570691731162
2.9050000000000002,0.10674781946325777
2.9055,-0.002843973202761429
2.906,-0.04510430232434963
2.9065,-0.03762393133322949
2.907,-0.12541860856174997
2.9075,-0.3473971831127342
2.908,-0.5070617961723307
2.9085,-0.35605517682008064
2.9090000000000003,0.0925338691833164
2.9095,0.49428711826718197
2.91,0.4673576349655863
2.9105,-0.021990520408011784
2.911,-0.5731923372406075
2.9115,-0.691181998629418
2.912,-0.252178754274645
2.9125,0.37895730630560553
2.9130000000000003,0.7174464179103086
2.9135,0.6186982791666376
2.914,0.3467125099588786
2.9145,0.2343804978494408
2.915,0.3447466308472253
2.9155,0.46050347200321895
2.916,0.349945474356291
2.9165,0.01951345887182385
2.9170000000000003,-0.2892902636991757
2.9175,-0.35364453667947504
2.918,-0.20895467939049753
2.9185,-0.1099177183527922
2.919,-0.2566844641637543
2.9195,-0.5829655378115054
2.92,-0.8120919833778909
2.9205,-0.7088434368686746
2.9210000000000003,-0.29128634010564597
2.9215,0.174839767589211
2.922,0.38529519996137884
2.9225,0.23092461321606675
2.923,-0.14255378142156921
2.9235,-0.4838472176376252
2.924,-0.6178850617458475
2.9245,-0.4896571609293898
2.9250000000000003,-0.12349537472042109
2.9255,0.3667227658079939
2.926,0.7548303376812732
2.9265,0.799541568985597
2.927,0.434809152785929
2.9275,-0.13429094189563595
2.928,-0.5525221030221993
2.9285,-0.5651895373138501
2.9290000000000003,-0.1892153972618455
2.9295,0.3190947559267554
2.93,0.6462283354967786
2.9305,0.6158043796523898
2.931,0.27959675348855106
2.9315,-0.1436013142428284
2.932,-0.42358082185857504
2.9325,-0.4372374636226102
2.9330000000000003,-0.18460318907929704
2.9335,0.24704338989569358
2.934,0.7196097577987152
2.9345,1.0925408926469262
2.935,1.2786638216484443
2.9355,1.2515122880195826
2.936,0.9946738581405496
2.9365,0.48702037610516263
2.9370000000000003,-0.20961444681717153
2.9375,-0.8687237488612193
2.938,-1.1972927212948834
2.9385,-1.0796956945090845
2.939,-0.6993922029557588
2.9395000000000002,-0.3683699439161078
2.94,-0.24093459422271513
2.9405,-0.22439007904733205
2.9410000000000003,-0.1467502375761367
2.9415,0.043444658850724856
2.942,0.24325624792903522
2.9425,0.3041507179019561
2.943,0.14946843874922594
2.9435000000000002,-0.17422841061566785
2.944,-0.5087998934849747
2.9445,-0.6489011695455094
2.945,-0.46359799005128527
2.9455,-0.02938482358235794
2.946,0.3654837265993261
2.9465,0.43713308438737647
2.947,0.17508980050871795
2.9475000000000002,-0.14663382817309825
2.948,-0.25590431729736374
2.9485,-0.13578888283066434
2.949,0.02617476814855017
2.9495,0.07494786090654673
2.95,0.024797276191060483
2.9505,0.002691737354802059
2.951,0.11400871282805763
2.9515000000000002,0.35422593979385214
2.952,0.6079353844913802
2.9525,0.7301736074987177
2.953,0.6646276390082715
2.9535,0.49257001624716673
2.954,0.33521826861647996
2.9545,0.20462018617477845
2.955,0.004805335782701897
2.9555000000000002,-0.2897057058187778
2.956,-0.517289598610595
2.9565,-0.47315053367942556
2.957,-0.17268109060306092
2.9575,0.09470387699362286
2.958,0.024862557022758983
2.9585,-0.39126966082563946
2.959,-0.8403541971424343
2.9595000000000002,-0.9739831380203622
2.96,-0.720420738542256
2.9605,-0.3289894835721859
2.961,-0.12656298912712002
2.9615,-0.21572103541784687
2.962,-0.3913892163278214
2.9625,-0.3681715077006355
2.963,-0.09280045094852023
2.9635000000000002,0.2090172194431083
2.964,0.3039563495832334
2.9645,0.20984644936846203
2.965,0.14862637855444286
2.9655,0.2782574154153543
2.966,0.5162894831036509
2.9665,0.6360214671996953
2.967,0.5209983091013366
2.9675000000000002,0.2962723378435662
2.968,0.18016135532648325
2.9685,0.2232368144082605
2.969,0.2659034946341496
2.9695,0.19026154100221995
2.97,0.12720885760057954
2.9705,0.28801199133842836
2.971,0.6079281746769231
2.9715000000000003,0.721565134799763
2.972,0.3829068486368938
2.9725,-0.1931461857272233
2.973,-0.5322493082278724
2.9735,-0.4101229292919405
2.974,-0.06210945559777044
2.9745,0.1108041897267747
2.975,-0.04001178101049422
2.9755000000000003,-0.3176020635877187
2.976,-0.44446583864948325
2.9765,-0.34959781793809225
2.977,-0.18914070684657688
2.9775,-0.14211544106125557
2.978,-0.23032103762279407
2.9785,-0.3206976099902333
2.979,-0.26400068353953626
2.9795000000000003,-0.03362767211338523
2.98,0.23575111332334475
2.9805,0.3397450371930233
2.981,0.1710103522686521
2.9815,-0.16830714498486646
2.982,-0.4165063432507598
2.9825,-0.3474449113526092
2.983,0.03060659428870163
2.9835000000000003,0.44220609897475704
2.984,0.5456544937326411
2.9845,0.23373031042738013
2.985,-0.24773647735892704
2.9855,-0.525592368925998
2.986,-0.46186691466086927
2.9865,-0.24247701751817516
2.987,-0.09212787772857878
2.9875000000000003,0.0006942223682732066
2.988,0.1847299996477435
2.9885,0.43796763340630024
2.989,0.512617133577387
2.9895,0.2396295897427652
2.99,-0.20488417303541528
2.9905,-0.4349619440297735
2.991,-0.26105261772552923
2.9915000000000003,0.07995382772265869
2.992,0.136557942478423
2.9925,-0.28258635321155073
2.993,-0.8432361139303317
2.9935,-0.950392002062946
2.994,-0.33949676726660943
2.9945,0.5990353186060537
2.995,1.1383810248082809
2.9955000000000003,0.8929702892191876
2.996,0.17222572510563727
2.9965,-0.3416551433163879
2.997,-0.23958788512726348
2.9975,0.2929380107814505
2.998,0.7361205988040075
2.9985,0.7450295070371737
2.999,0.4023872801437679
2.9995000000000003,0.04233458171244325
3.0,-0.10809834445631458
3.0005,-0.1102786772415591
3.001,-0.1746591245094793
3.0015,-0.3747294291935371
3.0020000000000002,-0.5355938848626697
3.0025,-0.4302105692615129
3.003,-0.05514063673178417
3.0035000000000003,0.34257680204118196
3.004,0.5074803670467649
3.0045,0.3966120130724493
3.005,0.16210560264169707
3.0055,-0.03214633329905799
3.0060000000000002,-0.1436277698161021
3.0065,-0.20327438611194482
3.007,-0.1727065038547994
3.0075000000000003,0.0525964652618568
3.008,0.4275577503900698
3.0085,0.6361931550643343
3.009,0.35845024188859526
3.0095,-0.3083692441450927
3.0100000000000002,-0.8278468606784872
3.0105,-0.7303318309860763
3.011,-0.10531324844813976
3.0115,0.48762720396228393
3.012,0.5835734832663362
3.0125,0.2189216712629828
3.013,-0.20859137514069798
3.0135,-0.3765489207688041
3.0140000000000002,-0.28218624330469305
3.0145,-0.12710139892257843
3.015,-0.06456972341420912
3.0155,-0.08804197372785008
3.016,-0.1155064518275046
3.0165,-0.12051817388152308
3.017,-0.17360693562635793
3.0175,-0.38184364983471186
3.0180000000000002,-0.7662205203492902
3.0185,-1.1531166180906463
3.019,-1.2295781830965684
3.0195,-0.8109475103373864
3.02,-0.07986795236977261
3.0205,0.5040464016050769
3.021,0.5817841012334467
3.0215,0.19678439860582442
3.0220000000000002,-0.25532768175642534
3.0225,-0.358330178010733
3.023,0.010227109852066561
3.0235,0.6194079906743543
3.024,1.0859646314665512
3.0245,1.1562712141250255
3.025,0.8629622573105762
3.0255,0.4631634068181455
3.0260000000000002,0.22797697185638252
3.0265,0.24578082891442588
3.027,0.37371748580283887
3.0275,0.37540476240330706
3.028,0.14981677337605306
3.0285,-0.15727198929587874
3.029,-0.2899343662142075
3.0295,-0.13264301055925243
3.0300000000000002,0.18939213314601366
3.0305,0.43964734314486537
3.031,0.46342910006169574
3.0315,0.2736886717486823
3.032,0.015855326908632485
3.0325,-0.13728274168177315
3.033,-0.11832956363606838
3.0335,-0.0275173129844088
3.0340000000000003,-0.03369644163046124
3.0345,-0.2028108451792578
3.035,-0.44505051017738645
3.0355,-0.611869012808309
3.036,-0.6038765604229686
3.0365,-0.41244041689760885
3.037,-0.12638222778506078
3.0375,0.10107276814856224
3.0380000000000003,0.14625739205487975
3.0385,-0.0027733388040272564
3.039,-0.25369272274511584
3.0395,-0.4685133253196062
3.04,-0.5094367289117975
3.0405,-0.29499641427018924
3.041,0.11245077969264634
3.0415,0.4883035064329495
3.0420000000000003,0.6014487709533249
3.0425,0.4283027164144453
3.043,0.16456690295000825
3.0435,0.00043140821090203833
3.044,-0.057547432435525174
3.0445,-0.11111488757447374
3.045,-0.1893075978635274
3.0455,-0.21686864435556383
3.0460000000000003,-0.14360003040842595
3.0465,-0.03834322631258355
3.047,-0.030347765697029253
3.0475,-0.18024442173084002
3.048,-0.41825607692087974
3.0485,-0.5861090447427403
3.049,-0.536721714190787
3.0495,-0.23896512303335407
3.0500000000000003,0.18653837581563282
3.0505,0.5618856712466813
3.051,0.7870902825619743
3.0515,0.8469371403251179
3.052,0.7175139388335231
3.0525,0.3683187574890069
3.053,-0.11609357631499635
3.0535,-0.49830318531294704
3.0540000000000003,-0.5507709453508337
3.0545,-0.27092766778400074
3.055,0.09340769209889124
3.0555,0.2644514924983227
3.056,0.18403130915410654
3.0565,0.022937407627282812
3.057,-0.05826403647265424
3.0575,-0.1081173832873961
3.0580000000000003,-0.28710119516171995
3.0585,-0.5916049748165797
3.059,-0.7750822701063689
3.0595,-0.6018931628758861
3.06,-0.12272624807022242
3.0605,0.3698131132728928
3.061,0.6290680435642392
3.0615,0.6362811019662571
3.0620000000000003,0.5229596450566588
3.0625,0.39975255515585706
3.063,0.2944331940437882
3.0635,0.21044389034149877
3.064,0.1775003752643403
3.0645000000000002,0.2080672667235626
3.065,0.2290959334455617
3.0655,0.1256400620368889
3.0660000000000003,-0.11735086194440225
3.0665,-0.3645655402789274
3.067,-0.4627495766445025
3.0675,-0.38740636613670115
3.068,-0.2225282098165735
3.0685000000000002,-0.04286865688558103
3.069,0.12438019446199661
3.0695,0.24199195113067368
3.0700000000000003,0.23295947167531975
3.0705,0.05100891764057298
3.071,-0.22216045393441883
3.0715,-0.40086691758160664
3.072,-0.36844909552838906
3.0725000000000002,-0.21464243526628418
3.073,-0.15195601654731655
3.0735,-0.27688240127435776
3.074,-0.4247791561862553
3.0745,-0.28939598695034646
3.075,0.26115174391365276
3.0755,0.9595807667594084
3.076,1.2808369371901527
3.0765000000000002,0.8948498786664265
3.077,0.0188030329337848
3.0775,-0.7152997195767605
3.078,-0.8130188581417215
3.0785,-0.37373858762858764
3.079,0.026729608817334702
3.0795,-0.06254760721915546
3.08,-0.5009377773291223
3.0805000000000002,-0.7194694358024091
3.081,-0.32968826340947005
3.0815,0.4714764670442027
3.082,1.0864898469753284
3.0825,1.0525689534488964
3.083,0.4106097823991791
3.0835,-0.36683821688561674
3.084,-0.7670529986154249
3.0845000000000002,-0.6138302195685149
3.085,-0.1503002669870525
3.0855,0.20249782116097326
3.086,0.19518911414474938
3.0865,-0.07033438178147064
3.087,-0.2707008117536875
3.0875,-0.18514229460546694
3.088,0.09323987400478549
3.0885000000000002,0.2638693696052418
3.089,0.11778013912510081
3.0895,-0.2699725892645411
3.09,-0.6073913190936812
3.0905,-0.6194055006337595
3.091,-0.2546877650515459
3.0915,0.26819754910820776
3.092,0.6071109229856235
3.0925000000000002,0.5556606667537853
3.093,0.20697557204046335
3.0935,-0.15323835342762934
3.094,-0.31593474098388385
3.0945,-0.2852638718177177
3.095,-0.17496922324170266
3.0955,-0.04653546946263526
3.096,0.11074417323797633
3.0965000000000003,0.27845686647124995
3.097,0.36754772817726344
3.0975,0.3237555814043231
3.098,0.23751862387699238
3.0985,0.2666803161331776
3.099,0.42448382963902553
3.0995,0.5056969757371257
3.1,0.2761383663084796
3.1005000000000003,-0.2777015305042099
3.101,-0.8970983362969859
3.1015,-1.2253850315465495
3.102,-1.0536862275601646
3.1025,-0.4642782380039597
3.103,0.22693397630326298
3.1035,0.6844219612345096
3.104,0.75783495967521
3.1045000000000003,0.5347293637889557
3.105,0.23315932910824524
3.1055,0.037554074525317026
3.106,-0.0010552961403621003
3.1065,0.05698515828656826
3.107,0.1347222509405751
3.1075,0.1916131321487438
3.108,0.19411969410260194
3.1085000000000003,0.09811642216260158
3.109,-0.08767596344573791
3.1095,-0.2539052233522904
3.11,-0.2712660786601841
3.1105,-0.1240045458731509
3.111,0.06869263812483409
3.1115,0.16674915241345045
3.112,0.1348664962905683
3.1125000000000003,0.06365225237905964
3.113,0.07170326890391966
3.1135,0.18146791459664113
3.114,0.2931725654197139
3.1145,0.28688290222002305
3.115,0.14417937440272727
3.1155,-0.05173699512005822
3.116,-0.23931851706353102
3.1165000000000003,-0.4542113679740327
3.117,-0.7312556433345165
3.1175,-0.9586189711692472
3.118,-0.9191421349452743
3.1185,-0.5299587611761901
3.119,-0.0010651642420169945
3.1195,0.3236119012739098
3.12,0.29698418707836316
3.1205000000000003,0.08900079093943854
3.121,-0.02920432670057128
3.1215,0.03948580682853271
3.122,0.1731120651262565
3.1225,0.20020049304771492
3.123,0.08053341694291169
3.1235,-0.057404968792886396
3.124,-0.04511173689787439
3.1245000000000003,0.14567885979056594
3.125,0.35571701871739947
3.1255,0.3864016902204504
3.126,0.18989930333171706
3.1265,-0.09122242061012188
3.1270000000000002,-0.261209535216574
3.1275,-0.2460761604586053
3.128,-0.13501848676269818
3.1285000000000003,-0.050223261737627777
3.129,-0.012004713896740238
3.1295,0.02501182335595314
3.13,0.04227890722395227
3.1305,-0.04525125750237734
3.1310000000000002,-0.25402386861644566
3.1315,-0.46797667578856306
3.132,-0.5336419842520158
3.1325000000000003,-0.38190855690338443
3.133,-0.06759138967040364
3.1335,0.2578015950167461
3.134,0.42240621298466086
3.1345,0.3482321747477227
3.1350000000000002,0.12238569479498482
3.1355,-0.05727617125848969
3.136,-0.035407922172762105
3.1365,0.16490657139493395
3.137,0.34232704164708394
3.1375,0.29051384395653096
3.138,0.020256966916763736
3.1385,-0.20513105166293594
3.1390000000000002,-0.11712271420707117
3.1395,0.2549764750196956
3.14,0.5737902783256588
3.1405,0.5250985219971631
3.141,0.13947885551950542
3.1415,-0.24241614382801768
3.142,-0.3020284617812114
3.1425,-0.013703207198941818
3.1430000000000002,0.3824652944811435
3.1435,0.6134960257056912
3.144,0.5631516429639302
3.1445,0.2936947523247884
3.145,-0.032602696387522154
3.1455,-0.241697052853118
3.146,-0.2399614042539677
3.1465,-0.08299007762604393
3.1470000000000002,0.07457154632267438
3.1475,0.13793441323992991
3.148,0.15162047849215782
3.1485,0.18122464299107402
3.149,0.16148858386028594
3.1495,-0.04961944722602599
3.15,-0.45769003149354
3.1505,-0.8481462198386787
3.1510000000000002,-0.9589722339055506
3.1515,-0.720958977564572
3.152,-0.3247639207502279
3.1525,-0.06649218313431347
3.153,-0.10977783379483069
3.1535,-0.36670698072766283
3.154,-0.5985202138064554
3.1545,-0.6229951558026439
3.1550000000000002,-0.42441311968145984
3.1555,-0.11008304962808584
3.156,0.17812622922485227
3.1565,0.3228096481174759
3.157,0.2896646642187874
3.1575,0.17662024755066338
3.158,0.15897190431819597
3.1585,0.3195830500066471
3.1590000000000003,0.5288583933898424
3.1595,0.539801574265006
3.16,0.23824795850190497
3.1605,-0.2171154496517536
3.161,-0.5372244704994164
3.1615,-0.5644489826772409
3.162,-0.3548695177027333
3.1625,-0.05265745636246548
3.1630000000000003,0.21849719181413882
3.1635,0.35363405656582947
3.164,0.2860866071138117
3.1645,0.07601228220332021
3.165,-0.09578925476981777
3.1655,-0.09966499846088468
3.166,0.017248501941514206
3.1665,0.12809225068846022
3.1670000000000003,0.19345757146563228
3.1675,0.2647975725282528
3.168,0.35897499720684534
3.1685,0.4043933879968808
3.169,0.321108326373379
3.1695,0.11940912408973339
3.17,-0.10326074667937452
3.1705,-0.2611573958633413
3.1710000000000003,-0.3460979059848562
3.1715,-0.366929572713848
3.172,-0.2702074101098423
3.1725,-0.013738080863469324
3.173,0.28934517009414307
3.1735,0.4220891666585285
3.174,0.3106416601823048
3.1745,0.12890029341917197
3.1750000000000003,0.0899551485356968
3.1755,0.19724607988882983
3.176,0.27535445547135606
3.1765,0.20843743682037122
3.177,0.06313944209336395
3.1775,-0.033269051785209086
3.178,-0.062192112990252936
3.1785,-0.10805584634074786
3.1790000000000003,-0.22048587891397342
3.1795,-0.3467494614240257
3.18,-0.41074023010821564
3.1805,-0.42635215535282334
3.181,-0.48807637153129035
3.1815,-0.6137980581956964
3.182,-0.6386301405843235
3.1825,-0.3666850947049775
3.1830000000000003,0.1573700671694536
3.1835,0.619757626477167
3.184,0.720801493520444
3.1845,0.4366031402689659
3.185,-0.008480454134618554
3.1855,-0.3482742627229691
3.186,-0.41977135809525074
3.1865,-0.2017798456162911
3.1870000000000003,0.17913271583418494
3.1875,0.4949296973339133
3.188,0.5609973299310147
3.1885,0.3821835826154006
3.189,0.1340905788457682
3.1895000000000002,-0.023767874056780235
3.19,-0.09646263091334892
3.1905,-0.19023952797551558
3.1910000000000003,-0.3365956806348284
3.1915,-0.44462053959500747
3.192,-0.4226584246979901
3.1925,-0.2854169324857405
3.193,-0.1251629318996873
3.1935000000000002,-0.01391026054047961
3.194,0.04845994001249561
3.1945,0.10984066249329061
3.1950000000000003,0.21323620391928283
3.1955,0.36117706754318274
3.196,0.4956359913051428
3.1965,0.4980389538684848
3.197,0.25854449769322
3.1975000000000002,-0.1941459477810625
3.198,-0.6412163766970643
3.1985,-0.8083569562887972
3.1990000000000003,-0.5882918551123574
3.1995,-0.14198039725183356
3.2,0.22175333451523577
3.2005,0.2959423562346108
3.201,0.14380617918513552
3.2015000000000002,0.026051208947112645
3.202,0.14069630853884463
3.2025,0.4169203528115107
3.203,0.563416593893661
3.2035,0.33011110737854854
3.204,-0.2548756869219964
3.2045,-0.8720430101551637
3.205,-1.1240441232681169
3.2055000000000002,-0.8243441453558024
3.206,-0.16016454148293177
3.2065,0.4130233449794478
3.207,0.5045381693416011
3.2075,0.10504418068847955
3.208,-0.393002331416435
3.2085,-0.5386597585095437
3.209,-0.2425222070842932
3.2095000000000002,0.16694516110056995
3.21,0.3349464021883038
3.2105,0.26015235436320217
3.211,0.20869367187008514
3.2115,0.31977897236634484
3.212,0.4450135192269339
3.2125,0.39496892609813544
3.213,0.20498753948636725
3.2135000000000002,0.07042215250645241
3.214,0.09606414258436004
3.2145,0.20502478671663812
3.215,0.2757203890594163
3.2155,0.29294461151982754
3.216,0.3233780484404721
3.2165,0.3556821533900286
3.217,0.22978356421869195
3.2175000000000002,-0.2010664598573985
3.218,-0.8363741521262613
3.2185,-1.326571042668632
3.219,-1.3493823236026514
3.2195,-0.8748485305555807
3.22,-0.16472176766565966
3.2205,0.43486720435318743
3.221,0.7005741059413599
3.2215000000000003,0.6353430321181581
3.222,0.44268757450438645
3.2225,0.35362411477259675
3.223,0.4148324304216995
3.2235,0.4696048300846971
3.224,0.3715674981897661
3.2245,0.15435540308154677
3.225,-0.053872229102164555
3.2255000000000003,-0.20986207521593725
3.226,-0.36701041635447057
3.2265,-0.5378786018422954
3.227,-0.6294764216382088
3.2275,-0.5530863565135126
3.228,-0.36280521405915794
3.2285,-0.20978294606355863
3.229,-0.13799380859357976
3.2295000000000003,-0.009097369769165803
3.23,0.29498481799229614
3.2305,0.6434749111260729
3.231,0.7311499848761205
3.2315,0.40777348499530613
3.232,-0.11668032305320492
3.2325,-0.4399712595236258
3.233,-0.33550129174364435
3.2335000000000003,0.061825410998498594
3.234,0.41288117909403516
3.2345,0.4847341459708184
3.235,0.318338411861361
3.2355,0.12947173416676466
3.236,0.06996408276189997
3.2365,0.10395264689374054
3.237,0.12011323219481905
3.2375000000000003,0.10559350454777891
3.238,0.12840324115617543
3.2385,0.16737678059521086
3.239,0.07605581445566897
3.2395,-0.22972313164081645
3.24,-0.6178822690349368
3.2405,-0.8409497532245588
3.241,-0.7728519835401839
3.2415000000000003,-0.5188007371566669
3.242,-0.3111944361455779
3.2425,-0.31348818217160207
3.243,-0.5056840339857913
3.2435,-0.7260055592820931
3.244,-0.7911444273759769
3.2445,-0.5835072056626078
3.245,-0.09752388581563703
3.2455000000000003,0.5272156090952179
3.246,1.034753049369034
3.2465,1.1838461900518882
3.247,0.896650042540349
3.2475,0.3019901255325937
3.248,-0.33483263402269375
3.2485,-0.7242106122444468
3.249,-0.686999259116807
3.2495000000000003,-0.29384050907328974
3.25,0.13122828045277282
3.2505,0.2559544885815394
3.251,0.05376406148335289
3.2515,-0.16588314273497745
3.2520000000000002,-0.08565324706163335
3.2525,0.2803544275671689
3.253,0.6018086429094466
3.2535000000000003,0.560077355120858
3.254,0.13006171250118934
3.2545,-0.43092823446422984
3.255,-0.8070766877648852
3.2555,-0.8270054923489301
3.2560000000000002,-0.5227843826547177
3.2565,-0.07682126049280351
3.257,0.29047181124832233
3.2575000000000003,0.4581518006909454
3.258,0.4778018608342039
3.2585,0.4945582582116758
3.259,0.5879349171002552
3.2595,0.7080876211025124
3.2600000000000002,0.7505377643817038
3.2605,0.64818684821897
3.261,0.4040422434282094
3.2615000000000003,0.09758645370569594
3.262,-0.14144084546836128
3.2625,-0.2391603599659438
3.263,-0.27646779916774683
3.2635,-0.41283414839342275
3.2640000000000002,-0.6744081701326918
3.2645,-0.8725211917220618
3.265,-0.790757834865805
3.2655,-0.4351470287075598
3.266,-0.04466667793251754
3.2665,0.15476428662595693
3.267,0.16333557387663733
3.2675,0.15120001522027074
3.2680000000000002,0.22843427215973974
3.2685,0.3281099252099769
3.269,0.3171893223079247
3.2695,0.16202747106832377
3.27,-0.04676377943518526
3.2705,-0.1827031223816652
3.271,-0.14935550696754088
3.2715,0.09708300115477247
3.2720000000000002,0.5088287881618052
3.2725,0.905609642738521
3.273,1.017257272739973
3.2735,0.6565054747030795
3.274,-0.06925015785539396
3.2745,-0.7394632142150227
3.275,-0.9271242356881646
3.2755,-0.5861148148479928
3.2760000000000002,-0.09019108910600947
3.2765,0.15112991817121418
3.277,0.08468914776944733
3.2775,-0.002073115849619063
3.278,0.14688440065635358
3.2785,0.4489529344674124
3.279,0.5587781224135239
3.2795,0.22818102676772167
3.2800000000000002,-0.4343833103328581
3.2805,-1.0554879137325746
3.281,-1.311162987800958
3.2815,-1.143403988589909
3.282,-0.7183538430016719
3.2825,-0.23756092424119826
3.283,0.18901505298366755
3.2835,0.5148495641222497
3.2840000000000003,0.6573866348539881
3.2845,0.48750197030780446
3.285,-0.03558415082177403
3.2855,-0.7272898799920171
3.286,-1.2356916197736938
3.2865,-1.2878747122667167
3.287,-0.8966619980470453
3.2875,-0.3376911448369164
3.2880000000000003,0.0665110887550835
3.2885,0.16808507503669776
3.289,0.06531415175661263
3.2895,-0.010232349552420993
3.29,0.09192867737022384
3.2905,0.29887677528677287
3.291,0.4015500078720163
3.2915,0.3151503991687665
3.2920000000000003,0.22110516205458355
3.2925,0.3832891275649648
3.293,0.815104705546187
3.2935,1.1911378059602535
3.294,1.143339323258298
3.2945,0.6425289875729582
3.295,0.052748056294596946
3.2955,-0.21097115751707415
3.2960000000000003,-0.06311832243966427
3.2965,0.2242212385782858
3.297,0.32809681708612665
3.2975,0.15210599673689731
3.298,-0.16520478576413503
3.2985,-0.4090773756563736
3.299,-0.4247602599092762
3.2995,-0.18734628482205415
3.3000000000000003,0.1707866669338792
3.3005,0.40316845117851297
3.301,0.2981210759531821
3.3015,-0.12982475642964833
3.302,-0.5881915498639604
3.3025,-0.7269212615243483
3.303,-0.46289770421348375
3.3035,-0.044539699280625206
3.3040000000000003,0.21729120652951917
3.3045,0.2101422639594072
3.305,0.021182503293901325
3.3055,-0.1854307468735335
3.306,-0.25082567906892217
3.3065,-0.11745761582540899
3.307,0.08112046137960256
3.3075,0.13122525292559054
3.3080000000000003,0.006242310898971785
3.3085,-0.08180479799618076
3.309,0.03232532508519296
3.3095,0.24231495872005734
3.31,0.328603943948174
3.3105,0.24973751513314976
3.311,0.15918849158764653
3.3115,0.18188847745394765
3.3120000000000003,0.28241687925501563
3.3125,0.3431854578769669
3.313,0.28549559096059207
3.3135,0.09398050626469805
3.314,-0.2088604063359541
3.3145000000000002,-0.5504111825865319
3.315,-0.7936997660513962
3.3155,-0.8106116139954874
3.3160000000000003,-0.6024216475189976
3.3165,-0.315423300921461
3.317,-0.10855861938227153
3.3175,-0.02273100561200756
3.318,0.0036537835058975017
3.3185000000000002,0.021139070380881246
3.319,0.01052668113400021
3.3195,-0.0673805246511586
3.3200000000000003,-0.1989682537379225
3.3205,-0.32681000014083056
3.321,-0.4403016051230951
3.3215,-0.6149290748993607
3.322,-0.88534704827647
3.3225000000000002,-1.0776064491589854
3.323,-0.8903721130347031
3.3235,-0.2503095642990517
3.3240000000000003,0.47802826240374824
3.3245,0.788148173250295
3.325,0.5618633560967364
3.3255,0.19977426709991203
3.326,0.1804886319409832
3.3265000000000002,0.5628649450965847
3.327,0.9780789238886614
3.3275,1.066467976310736
3.3280000000000003,0.8396151904077723
3.3285,0.5935532845057321
3.329,0.5382978987949143
3.3295,0.5898974815371854
3.33,0.5038771215490606
3.3305000000000002,0.13454270557264142
3.331,-0.43587729046930346
3.3315,-0.9441116708808749
3.332,-1.1023912132597404
3.3325,-0.7983606286614631
3.333,-0.21439006976131286
3.3335,0.2875917735218031
3.334,0.4735738888968834
3.3345000000000002,0.43268693273911696
3.335,0.4227890146354419
3.3355,0.5321940219645148
3.336,0.5702896655828666
3.3365,0.33617294185034374
3.337,-0.07231309751096061
3.3375,-0.3303960983536426
3.338,-0.27762200656933356
3.3385000000000002,-0.1218397844512197
3.339,-0.1679995318254223
3.3395,-0.4165351870322148
3.34,-0.5656657281332725
3.3405,-0.41492254285763575
3.341,-0.12999634792410636
3.3415,-0.02871581398676323
3.342,-0.18874773416868385
3.3425000000000002,-0.3736507784682973
3.343,-0.32098282942980044
3.3435,-0.016375864648181148
3.344,0.31127795312737966
3.3445,0.3958743260149197
3.345,0.13853102101716164
3.3455,-0.3176166333124805
3.346,-0.6830198368094827
3.3465000000000003,-0.7383519587606616
3.347,-0.5172003864129544
3.3475,-0.2841557739279705
3.348,-0.2939740582734699
3.3485,-0.5382067398598139
3.349,-0.7351054251497224
3.3495,-0.6016853938872381
3.35,-0.15171602360203804
3.3505000000000003,0.2995770089226376
3.351,0.45164441757879187
3.3515,0.3164547611261361
3.352,0.1692097083925584
3.3525,0.2347049211110642
3.353,0.4864576879904409
3.3535,0.7476335262046766
3.354,0.903272343167737
3.3545000000000003,0.9569472715849316
3.355,0.9238609249548048
3.3555,0.7670086208337781
3.356,0.48222709173454587
3.3565,0.18093334978531536
3.357,0.006682743723046999
3.3575,-0.005746690617698636
3.358,0.07724934633258855
3.3585000000000003,0.1914562847992112
3.359,0.2758339923984496
3.3595,0.20530339384885143
3.36,-0.1400955907172008
3.3605,-0.6861151031486263
3.361,-1.1239031648549727
3.3615,-1.1517613072175046
3.362,-0.7759845125494466
3.3625000000000003,-0.3376181819225794
3.363,-0.2140796551712152
3.3635,-0.48682553072325496
3.364,-0.88503074130478
3.3645,-1.0257203449563073
3.365,-0.7086298971905105
3.3655,-0.035035224966346555
3.366,0.6749270304002899
3.3665000000000003,1.0604430793445767
3.367,0.9177001626921644
3.3675,0.35295294808895283
3.368,-0.2374070262734965
3.3685,-0.42982574949367786
3.369,-0.11837549033418387
3.3695,0.3673523725881653
3.37,0.5289173850860777
3.3705000000000003,0.15327160791560557
3.371,-0.4653365392339666
3.3715,-0.7761929969946947
3.372,-0.48092494650015
3.3725,0.18707395436107802
3.373,0.6885204988943587
3.3735,0.6844442044108568
3.374,0.31931231014518163
3.3745000000000003,0.021204002165771438
3.375,0.060173327487298055
3.3755,0.3192471610586905
3.376,0.46202762004679154
3.3765,0.2759263114618591
3.3770000000000002,-0.14039332070012472
3.3775,-0.4766141718241713
3.378,-0.4844787916240754
3.3785000000000003,-0.18284787176696105
3.379,0.19297315487406774
3.3795,0.4207844381402768
3.38,0.4252191664878023
3.3805,0.21675830820932326
3.3810000000000002,-0.1700088916495798
3.3815,-0.6090725676007749
3.382,-0.8468354657938952
3.3825000000000003,-0.6656870577645583
3.383,-0.11534865315302009
3.3835,0.46440869635056914
3.384,0.6832972076300954
3.3845,0.3865147635902912
3.3850000000000002,-0.23576852728725858
3.3855,-0.7793856412388581
3.386,-0.9104423342018714
3.3865000000000003,-0.595974666855339
3.387,-0.08769566760075712
3.3875,0.3051593532618258
3.388,0.4207511618909366
3.3885,0.2867727645461685
3.3890000000000002,0.05861372385495845
3.3895,-0.07046544001506364
3.39,0.012777896211361509
3.3905000000000003,0.23736749533353696
3.391,0.37842122310304227
3.3915,0.2591472321768219
3.392,-0.043737304281334176
3.3925,-0.22662188224406396
3.3930000000000002,-0.0396064046941054
3.3935,0.44230121566807173
3.394,0.8386617853083175
3.3945,0.7756200827977334
3.395,0.21712232905249484
3.3955,-0.47914975169054563
3.396,-0.846336387761597
3.3965,-0.697011107077606
3.3970000000000002,-0.2640473944755466
3.3975,0.03485026497709369
3.398,-0.02351919769519617
3.3985,-0.2965094612485877
3.399,-0.453275085534301
3.3995,-0.3304486298656049
3.4,-0.12023497756459385
3.4005,-0.16679953288574936
3.4010000000000002,-0.5464291920651838
3.4015,-0.9043687829099083
3.402,-0.7919184214218815
3.4025,-0.1621539618635855
3.403,0.5519324433119326
3.4035,0.8829178895242007
3.404,0.778449973959873
3.4045,0.5522691713043404
3.4050000000000002,0.4625817512936354
3.4055,0.4529947511853258
3.406,0.30971497161636774
3.4065,-0.02435200582815906
3.407,-0.3527770836609009
3.4075,-0.4212421940633527
3.408,-0.17720392981782765
3.4085,0.1633044380030506
3.4090000000000003,0.28937215311062975
3.4095,0.03819556073189167
3.41,-0.48632352082459923
3.4105,-0.9638618250157911
3.411,-1.022496796159256
3.4115,-0.4764323429686163
3.412,0.46753981566410446
3.4125,1.2556665144310188
3.4130000000000003,1.3687121388797052
3.4135,0.7546654359272557
3.414,-0.10512067330788592
3.4145,-0.5906872852644539
3.415,-0.4473116393139221
3.4155,0.05575756792623909
3.416,0.4185585887198005
3.4165,0.3408366612479216
3.4170000000000003,-0.07965465945925417
3.4175,-0.47247884206764984
3.418,-0.4970608814028594
3.4185,-0.11498185016733711
3.419,0.3637012400088605
3.4195,0.5347478232672076
3.42,0.2536657692605072
3.4205,-0.2546479221419524
3.4210000000000003,-0.6190622780029857
3.4215,-0.6121661080933343
3.422,-0.25466084547775647
3.4225,0.24419161455588256
3.423,0.5912207833962961
3.4235,0.5486806288843465
3.424,0.09986253966575068
3.4245,-0.502124704327094
3.4250000000000003,-0.9162996308392621
3.4255,-0.9874673527931896
3.426,-0.836656292725863
3.4265,-0.6819376893446958
3.427,-0.5946676827527636
3.4275,-0.45737538369013625
3.428,-0.14728631877425483
3.4285,0.29637532596575017
3.4290000000000003,0.7110254563843799
3.4295,0.955942382256285
3.43,0.9676287021779812
3.4305,0.7315645161978505
3.431,0.3022191356317355
3.4315,-0.1463173243489242
3.432,-0.3797888263541322
3.4325,-0.28075104688560165
3.4330000000000003,0.027601513657380197
3.4335,0.2585622745675799
3.434,0.2028705550058741
3.4345,-0.07681100910756179
3.435,-0.3058900035733257
3.4355,-0.28059027368172695
3.436,-0.07078085148085184
3.4365,0.10039246220152383
3.4370000000000003,0.144420698673193
3.4375,0.1838234388890965
3.438,0.3387188776508646
3.4385,0.5430201375144237
3.439,0.6234798628715112
3.4395000000000002,0.4968199608947796
3.44,0.2450457291383137
3.4405,0.03338561786194967
3.4410000000000003,-0.028354337225103658
3.4415,0.01980143995105581
3.442,0.02243689577043591
3.4425,-0.13082158793202464
3.443,-0.383103257499557
3.4435000000000002,-0.5816546565924984
3.444,-0.6487943388377198
3.4445,-0.6218176010067111
3.4450000000000003,-0.5414574808958144
3.4455,-0.395781469789999
3.446,-0.19948632047414092
3.4465,-0.04043543067978717
3.447,0.010420942253684375
3.4475000000000002,-0.018399009507826462
3.448,-0.05493317182917249
3.4485,-0.07251388455363866
3.4490000000000003,-0.07560201991116704
3.4495,-0.05370099470662485
3.45,-0.014395132237191218
3.4505,-0.024496443260584224
3.451,-0.15011960273589495
3.4515000000000002,-0.35561992952762267
3.452,-0.494065215223003
3.4525,-0.4110875884724806
3.4530000000000003,-0.07235235201469531
3.4535,0.38835535810423033
3.454,0.7420277683005304
3.4545,0.8048149575753755
3.455,0.5443544702717303
3.4555000000000002,0.09998743937624677
3.456,-0.2795563389893678
3.4565,-0.3802387742744683
3.457,-0.19438893136725816
3.4575,0.05379494070106998
3.458,0.12844457582899826
3.4585,0.03262012732428118
3.459,-0.031677110801411563
3.4595000000000002,0.05196539878504124
3.46,0.1746775635693696
3.4605,0.17683796284422698
3.461,0.055062106578672484
3.4615,-0.07832959628679904
3.462,-0.17402280449622004
3.4625,-0.2951781085729958
3.463,-0.4932705180648273
3.4635000000000002,-0.67980427264198
3.464,-0.6500282335191925
3.4645,-0.2706320501338741
3.465,0.3270164379276053
3.4655,0.7732682455515518
3.466,0.7455221720898243
3.4665,0.25862974362791197
3.467,-0.32869488190667095
3.4675000000000002,-0.6010983586987274
3.468,-0.40995583079413983
3.4685,0.03391220026326616
3.469,0.3643048893417517
3.4695,0.3847801586007694
3.47,0.2227829517256516
3.4705,0.1568267304447701
3.471,0.2918326422557124
3.4715000000000003,0.4478974079093829
3.472,0.39116252276114344
3.4725,0.11840103064161642
3.473,-0.14087743851370696
3.4735,-0.1709393933027996
3.474,0.031756493796344626
3.4745,0.2816404479661077
3.475,0.38205518550612466
3.4755000000000003,0.29157509731915277
3.476,0.13450079682943397
3.4765,0.03605576368176245
3.477,-0.03884288385764727
3.4775,-0.226046767612372
3.478,-0.5393125744057893
3.4785,-0.7923218864919835
3.479,-0.7876935584124913
3.4795000000000003,-0.5176958899024497
3.48,-0.12737164270967988
3.4805,0.24909676903354236
3.481,0.5249330008173207
3.4815,0.5831801569205128
3.482,0.3078303242893012
3.4825,-0.24586421820491441
3.483,-0.776948224277213
3.4835000000000003,-0.9142809718474492
3.484,-0.5081399369217239
3.4845,0.2193222884696074
3.485,0.8039164525248557
3.4855,0.8716161359370873
3.486,0.4214740338434364
3.4865,-0.18083758722738116
3.487,-0.49952087891096153
3.4875000000000003,-0.35901465608229616
3.488,0.05920646065734905
3.4885,0.3979339839583864
3.489,0.400397094466589
3.4895,0.053267172214464795
3.49,-0.4707896369115099
3.4905,-0.9496547382617765
3.491,-1.203425376608201
3.4915000000000003,-1.1421753156766354
3.492,-0.8011742157501288
3.4925,-0.33769210154317386
3.493,0.03310815366316359
3.4935,0.14681450447925812
3.494,0.006518700948810265
3.4945,-0.18946618741775556
3.495,-0.20616911636596863
3.4955000000000003,0.003730757562678334
3.496,0.285448654441153
3.4965,0.4962612847443273
3.497,0.6442609343224925
3.4975,0.7833137908387869
3.498,0.8557705204022232
3.4985,0.7175661226388563
3.499,0.3228079316211094
3.4995000000000003,-0.15061976215958037
3.5,-0.40627948568761535
3.5005,-0.2986992531703933
3.501,0.011529715101877799
3.5015,0.21708191861185994
3.5020000000000002,0.18311192462373646
3.5025,0.0519610624237162
3.503,0.015500404307675918
3.5035000000000003,0.0738044250200083
3.504,0.09090709837860456
3.5045,0.017888237891539163
3.505,-0.04953127705040119
3.5055,-0.016232197246604966
3.5060000000000002,0.11157617419983494
3.5065,0.2823531785918143
3.507,0.4562532630179216
3.5075000000000003,0.5512263422207063
3.508,0.4182782126395361
3.5085,-0.006369981699147279
3.509,-0.5248099534141968
3.5095,-0.7694521572171487
3.5100000000000002,-0.5510734536227578
3.5105,-0.086442059714688
3.511,0.18032338434347212
3.5115000000000003,-0.00044355511921837475
3.512,-0.4487713469012353
3.5125,-0.7411068265532516
3.513,-0.6301505811592498
3.5135,-0.27673941856453305
3.5140000000000002,-0.0482103331477992
3.5145,-0.09122468683715106
3.515,-0.1629108260207935
3.5155000000000003,0.06474323472815147
3.516,0.5770624169348318
3.5165,0.9865873533559876
3.517,0.9491990279453433
3.5175,0.5388916854734052
3.5180000000000002,0.15872295333498257
3.5185,0.11163677660553292
3.519,0.30759070389689375
3.5195000000000003,0.3932213873573568
3.52,0.13344071871154975
3.5205,-0.3598217519921405
3.521,-0.7596912260155452
3.5215,-0.8421919916491836
3.5220000000000002,-0.6599421583730027
3.5225,-0.43806706250158484
3.523,-0.34705608308837055
3.5235,-0.38446007656194764
3.524,-0.4373769805975316
3.5245,-0.4175451944363529
3.525,-0.33237635283214306
3.5255,-0.25076625965240984
3.5260000000000002,-0.222374921466395
3.5265,-0.23462762907885718
3.527,-0.23591796854291114
3.5275,-0.1815217807311504
3.528,-0.05761206381519479
3.5285,0.10791346150594482
3.529,0.23808820531772418
3.5295,0.23781659593733218
3.5300000000000002,0.06976553691471599
3.5305,-0.19210748024408525
3.531,-0.38806021987368977
3.5315,-0.36885534951769744
3.532,-0.11289611515977213
3.5325,0.23399367590676143
3.533,0.47849616655073907
3.5335,0.5665856318454673
3.5340000000000003,0.6150300736469451
3.5345,0.7263552677898258
3.535,0.8073823546573685
3.5355,0.6358797340952441
3.536,0.1299653186154933
3.5365,-0.4815013726962513
3.537,-0.8005780189597564
3.5375,-0.5973478103255769
3.5380000000000003,-0.019552465760937495
3.5385,0.5282722971472494
3.539,0.7236999091457709
3.5395,0.5627502410196247
3.54,0.2813819193015211
3.5405,0.08674178725094414
3.541,0.014578255332885209
3.5415,0.022870149961584502
3.5420000000000003,0.1051302636076887
3.5425,0.23553738722169482
3.543,0.28282296335478224
3.5435,0.11457782444354793
3.544,-0.20325460621340408
3.5445,-0.4180933468666846
3.545,-0.3526141458183934
3.5455,-0.09699774474320184
3.5460000000000003,0.10058659872641576
3.5465,0.08704209492394896
3.547,-0.09788723509122196
3.5475,-0.33294300711574754
3.548,-0.5471428313491984
3.5485,-0.7330154257656435
3.549,-0.8809481459097946
3.5495,-0.9308715627370292
3.5500000000000003,-0.7897113129493547
3.5505,-0.41298919268004436
3.551,0.1062132704752868
3.5515,0.5379028463605379
3.552,0.6513975693019527
3.5525,0.40258165478570707
3.553,0.0007851514898819419
3.5535,-0.24437000652713833
3.5540000000000003,-0.18547830599979723
3.5545,0.04787392153159465
3.555,0.20970613378730613
3.5555,0.19602744821444235
3.556,0.1182622583355899
3.5565,0.1427219406583557
3.557,0.30545695539663514
3.5575,0.4905021698409318
3.5580000000000003,0.5509419478662141
3.5585,0.4280809433768147
3.559,0.17385550592985755
3.5595,-0.11448519841005468
3.56,-0.3841368015676296
3.5605,-0.6582314103439976
3.561,-0.9576198697703182
3.5615,-1.1853276615389627
3.5620000000000003,-1.132814246963318
3.5625,-0.6583533661228395
3.563,0.11534560371546504
3.5635,0.8004737526796782
3.564,0.9993843030306152
3.5645000000000002,0.6271993980085754
3.565,0.00554477413962232
3.5655,-0.39068992054409957
3.5660000000000003,-0.31466918027422874
3.5665,0.09617878361799019
3.567,0.4963994048926723
3.5675,0.62218557442187
3.568,0.44058831623708505
3.5685000000000002,0.10723128569134982
3.569,-0.16986585549255484
3.5695,-0.2656745332058548
3.5700000000000003,-0.2137427518705366
3.5705,-0.16450645286750748
3.571,-0.22679736159118924
3.5715,-0.3339875780581134
3.572,-0.3038051244564884
3.5725000000000002,-0.04834622115703129
3.573,0.31109885509737495
3.5735,0.5572457268215819
3.5740000000000003,0.5726620314485479
3.5745,0.4122273822741917
3.575,0.22845679513160325
3.5755,0.1525756876250455
3.576,0.2009249911227944
3.5765000000000002,0.25522676756241625
3.577,0.17590929163575397
3.5775,-0.02357530576628272
3.5780000000000003,-0.16287679368289115
3.5785,-0.10237089176024583
3.579,0.0803674783847011
3.5795,0.1730856315598075
3.58,0.05669125306941601
3.5805000000000002,-0.1901105678985683
3.581,-0.38358846926113593
3.5815,-0.39592735607306345
3.5820000000000003,-0.2604123016477361
3.5825,-0.1626922280836082
3.583,-0.29243839145724165
3.5835,-0.6386832254018753
3.584,-0.9398380062605405
3.5845000000000002,-0.8980276645628035
3.585,-0.4701194475461962
3.5855,0.0709849241468778
3.586,0.3765855956000289
3.5865,0.32632252919886073
3.587,0.10595190617843855
3.5875,-0.00802771346377002
3.588,0.06423823025380201
3.5885000000000002,0.15700656101117463
3.589,0.10751594758632765
3.5895,-0.005969963714219319
3.59,0.04382227008198568
3.5905,0.3197639798295834
3.591,0.6063588391206047
3.5915,0.6521783879998968
3.592,0.44165972857019703
3.5925000000000002,0.1497498484539784
3.593,-0.11282562627307904
3.5935,-0.38332285221175316
3.594,-0.6575797772320041
3.5945,-0.7456626098175474
3.595,-0.453051621234287
3.5955,0.09960184891882615
3.596,0.46950772447812067
3.5965000000000003,0.30467250412084634
3.597,-0.2693418739525516
3.5975,-0.7571533082864682
3.598,-0.782291792454224
3.5985,-0.4092314670150858
3.599,-0.0015451690011484289
3.5995,0.1428500756243271
3.6,-0.003106563680496334
3.6005000000000003,-0.2430940502677782
3.601,-0.3239503401795921
3.6015,-0.11551246304736541
3.602,0.2780710702997584
3.6025,0.5929519881515687
3.603,0.6480655709654316
3.6035,0.5140770949748908
3.604,0.41077278453780225
3.6045000000000003,0.44596206576322417
3.605,0.4933507168495837
3.6055,0.3376729029078454
3.606,-0.0807607090061221
3.6065,-0.5656927469663676
3.607,-0.7830612507239387
3.6075,-0.5016323570001335
3.608,0.19441118442430907
3.6085000000000003,0.8804528388470626
3.609,1.0518132251009977
3.6095,0.5422598966906774
3.61,-0.2603275238586016
3.6105,-0.6792909089962086
3.611,-0.3389853128306638
3.6115,0.4571673375869961
3.612,0.9714374485437682
3.6125000000000003,0.7116437391373169
3.613,-0.11641508822277001
3.6135,-0.8349355577286826
3.614,-0.9422342592974474
3.6145,-0.5126859702813192
3.615,-0.005623353851378414
3.6155,0.20952316500013415
3.616,0.09116082830492839
3.6165000000000003,-0.19578651475781345
3.617,-0.4704217369519978
3.6175,-0.5990476890007528
3.618,-0.5328153064391624
3.6185,-0.3738432951505506
3.619,-0.31336591191701396
3.6195,-0.4272147262596451
3.62,-0.590319233457862
3.6205000000000003,-0.6288998241661488
3.621,-0.4865000850294354
3.6215,-0.2217062814073878
3.622,0.06675463497258162
3.6225,0.2788421506806108
3.623,0.3600241038117994
3.6235,0.3625490473130611
3.624,0.4155104725553271
3.6245000000000003,0.5857445524050274
3.625,0.7838075991955804
3.6255,0.8438226263394206
3.626,0.6946562006504939
3.6265,0.4222098401331126
3.6270000000000002,0.16148751282902446
3.6275,-0.02512162893081648
3.628,-0.13461359023442
3.6285000000000003,-0.15281738699351707
3.629,-0.08575857746826397
3.6295,-0.037739275788398606
3.63,-0.14426706750662674
3.6305,-0.39144043867425754
3.6310000000000002,-0.5816707866944609
3.6315,-0.5293844829918789
3.632,-0.25165024390470614
3.6325000000000003,0.05962061667917621
3.633,0.2153921498537013
3.6335,0.15983776588368082
3.634,-0.03261373534380263
3.6345,-0.24223649886600895
3.6350000000000002,-0.3820129890875002
3.6355,-0.42324743993388014
3.636,-0.38892478342382114
3.6365000000000003,-0.340496930369616
3.637,-0.33472556799443903
3.6375,-0.3490933961592856
3.638,-0.2634009223797232
3.6385,0.03932368109251844
3.6390000000000002,0.53736970347136
3.6395,1.0380099384773585
3.64,1.2804081992865
3.6405000000000003,1.1002237911540096
3.641,0.5531081284979896
3.6415,-0.09390608417188842
3.642,-0.5270843473981525
3.6425,-0.6012548496497658
3.6430000000000002,-0.4208111892425252
3.6435,-0.20763586869868322
3.644,-0.10156840556754342
3.6445000000000003,-0.10557003564267503
3.645,-0.1826771621949502
3.6455,-0.3167779665677227
3.646,-0.45174346238205954
3.6465,-0.4548215078555497
3.6470000000000002,-0.23388895341817284
3.6475,0.11254540902035196
3.648,0.33183614959465363
3.6485,0.2396179609725055
3.649,-0.11330207661313044
3.6495,-0.5035709182123972
3.65,-0.718936779292595
3.6505,-0.6504015474651196
3.6510000000000002,-0.2821663470078079
3.6515,0.283445808112903
3.652,0.7931646978396976
3.6525,0.9732052207389278
3.653,0.7783642882561526
3.6535,0.46202951535165077
3.654,0.33071881159828903
3.6545,0.42722166159971525
3.6550000000000002,0.4813152583600752
3.6555,0.18944622621981103
3.656,-0.4451095411991833
3.6565,-1.0503887616480314
3.657,-1.1826050795194374
3.6575,-0.7105539942089708
3.658,0.07004755748283532
3.6585,0.6817222631739291
3.6590000000000003,0.8273642147139072
3.6595,0.5592582527291508
3.66,0.1619131417201831
3.6605,-0.09548854263747635
3.661,-0.11937160791589826
3.6615,0.02607570441502775
3.662,0.23371326405591644
3.6625,0.4226362216396137
3.6630000000000003,0.5168669479520295
3.6635,0.4241569816099919
3.664,0.10526469837619676
3.6645,-0.32760838110225227
3.665,-0.6434112632084926
3.6655,-0.6796984277260748
3.666,-0.49086461077425925
3.6665,-0.28721706649769013
3.6670000000000003,-0.24153645256604528
3.6675,-0.3605464807865449
3.668,-0.5006957153483736
3.6685,-0.4816703860993726
3.669,-0.2267598181521711
3.6695,0.157924094945698
3.67,0.44206451208470826
3.6705,0.43347100173411873
3.6710000000000003,0.1141632087163253
3.6715,-0.3384410084694928
3.672,-0.6389061583773311
3.6725,-0.5522428507130757
3.673,-0.06914637773003433
3.6735,0.5283382519511507
3.674,0.8362044825508168
3.6745,0.6519367554000405
3.6750000000000003,0.15189391492420534
3.6755,-0.2845409590387944
3.676,-0.43860123032770487
3.6765,-0.4132517202473398
3.677,-0.4350058785452456
3.6775,-0.5679253231835907
3.678,-0.6806711628410093
3.6785,-0.6498602855050983
3.6790000000000003,-0.5033890567340162
3.6795,-0.3395779350030661
3.68,-0.1731561251162418
3.6805,0.055693972561198325
3.681,0.32073999753711024
3.6815,0.4572501972749182
3.682,0.3470052831330622
3.6825,0.10588430746795192
3.6830000000000003,-0.011419574604131176
3.6835,0.10639863482342382
3.684,0.3166251996116811
3.6845,0.4055015196715854
3.685,0.31501212307714
3.6855,0.16078022865365516
3.686,0.07754219440037163
3.6865,0.09771043798690332
3.6870000000000003,0.1706430046170596
3.6875,0.24814132974301845
3.688,0.3155382323346913
3.6885,0.35991052867275114
3.689,0.35450679233328003
3.6895000000000002,0.2891441377835082
3.69,0.19865868201791378
3.6905,0.14330012635511452
3.6910000000000003,0.151962365423608
3.6915,0.18962428352489527
3.692,0.19368211837862367
3.6925,0.14117337810732034
3.693,0.0686108755006436
3.6935000000000002,0.024013667048721522
3.694,0.007501378198258147
3.6945,-0.027513187059657697
3.6950000000000003,-0.10486014946407145
3.6955,-0.17916301159898343
3.696,-0.1974946267761741
3.6965,-0.19053340241478786
3.697,-0.23278635151680832
3.6975000000000002,-0.3073202792042947
3.698,-0.29765476216176817
3.6985,-0.15213287704457928
3.6990000000000003,0.023496194313864432
3.6995,0.09995704203663928
3.7,0.09262606666758148
3.7005,0.11490307238449202
3.701,0.1865919145969281
3.7015000000000002,0.1844525602663257
3.702,0.0243699571998213
3.7025,-0.1741199974482317
3.7030000000000003,-0.19780778178541641
3.7035,-0.02245189653863993
3.704,0.09780742274643289
3.7045,-0.10572529245965649
3.705,-0.5919395562562563
3.7055000000000002,-1.021497332458613
3.706,-1.0894262995227122
3.7065,-0.7852256964000061
3.7070000000000003,-0.331766663195281
3.7075,0.04099263948468121
3.708,0.22377159540960995
3.7085,0.21102966023781097
3.709,0.051426648240586785
3.7095000000000002,-0.16711939145731214
3.71,-0.327276677510187
3.7105,-0.34181704344358743
3.7110000000000003,-0.24174424860103066
3.7115,-0.17604886373109024
3.712,-0.2630997075760984
3.7125,-0.43114415287190055
3.713,-0.4528512033486121
3.7135000000000002,-0.17564472948566162
3.714,0.29333662752989625
3.7145,0.6557470267215848
3.715,0.67309860038407
3.7155,0.35907525880607694
3.716,-0.024751228437341427
3.7165,-0.14849821373951763
3.717,0.12971092325216826
3.7175000000000002,0.6160323808307877
3.718,0.9243526864171787
3.7185,0.8227286834019865
3.719,0.42639503876838425
3.7195,0.038905457337114355
3.72,-0.14020795669823455
3.7205,-0.11698829175453608
3.721,0.005984068038436551
3.7215000000000003,0.14121887029823238
3.722,0.23756060231347415
3.7225,0.2770433037323213
3.723,0.2776244705614495
3.7235,0.2677422850703535
3.724,0.2398357030386559
3.7245,0.13833825822996884
3.725,-0.08261749115450648
3.7255000000000003,-0.372573489175966
3.726,-0.5815139205859757
3.7265,-0.5904862202562127
3.727,-0.4382961036975043
3.7275,-0.26733742075499806
3.728,-0.148141896652357
3.7285,-0.021346205565964088
3.729,0.17043941401890664
3.7295000000000003,0.35095075977338713
3.73,0.35871153164940606
3.7305,0.12842200199778056
3.731,-0.1942665977899706
3.7315,-0.34191426502057837
3.732,-0.14835603726013713
3.7325,0.3071119559256846
3.733,0.7557504820989152
3.7335000000000003,0.9114576007087445
3.734,0.6223620167355715
3.7345,-0.04177460165624668
3.735,-0.7870265743909921
3.7355,-1.2298923887252133
3.736,-1.136389379649289
3.7365,-0.5949566794649641
3.737,0.03970400862441282
3.7375000000000003,0.4104011088999804
3.738,0.4033415202823548
3.7385,0.16021158929007467
3.739,-0.10066096753461808
3.7395,-0.23528098643585726
3.74,-0.20798441765813436
3.7405,-0.08866135926590943
3.741,-0.035176257090125625
3.7415000000000003,-0.17778955982070246
3.742,-0.44119905812539545
3.7425,-0.5344105227240382
3.743,-0.22486823322430255
3.7435,0.3637706590259122
3.744,0.80143151606576
3.7445,0.742020782927609
3.745,0.24398746551105874
3.7455000000000003,-0.3175980057344213
3.746,-0.6320964213617776
3.7465,-0.6962312458714642
3.747,-0.6742037124617946
3.7475,-0.6063111264311046
3.748,-0.36663850407042947
3.7485,0.08657580096783127
3.749,0.5234352941332694
3.7495000000000003,0.5947496503722217
3.75,0.17939469205060293
3.7505,-0.4480694670755708
3.751,-0.8157611082689189
3.7515,-0.6514594505314738
3.7520000000000002,-0.12272633797400608
3.7525,0.3194141800400689
3.753,0.36830353626703916
3.7535000000000003,0.13197512945725565
3.754,-0.0399856372180228
3.7545,0.04198765293580692
3.755,0.24640105914702534
3.7555,0.34871802733828067
3.7560000000000002,0.32475885724050557
3.7565,0.3499623282787638
3.757,0.5397613156368081
3.7575000000000003,0.7738894019331276
3.758,0.8155634838240295
3.7585,0.5697629564497132
3.759,0.18460797216039984
3.7595,-0.08736469556849165
3.7600000000000002,-0.09913413818808485
3.7605,0.09811050154016715
3.761,0.3226366086802921
3.7615000000000003,0.40899773343866813
3.762,0.3183465481565101
3.7625,0.13521764284324922
3.763,-0.035386968324504074
3.7635,-0.16149237931379434
3.7640000000000002,-0.2674092913496821
3.7645,-0.3522650421491516
3.765,-0.38533281095972943
3.7655000000000003,-0.3908850313980871
3.766,-0.464331995073093
3.7665,-0.644544036217213
3.767,-0.8032470915658977
3.7675,-0.7350716147412475
3.7680000000000002,-0.38621104108901494
3.7685,0.03315281680883692
3.769,0.20988585929599363
3.7695000000000003,0.03187913055659754
3.77,-0.27727943160851126
3.7705,-0.3652224296693629
3.771,-0.10552335811294658
3.7715,0.2877452310101327
3.7720000000000002,0.5086753651388528
3.7725,0.46064154010921293
3.773,0.2750697086768108
3.7735000000000003,0.10558433998461798
3.774,-0.011952074543956442
3.7745,-0.11176843672198977
3.775,-0.1826481257340028
3.7755,-0.15092210993211044
3.7760000000000002,-0.001966644878840232
3.7765,0.11282639124497068
3.777,-0.011633626799623075
3.7775,-0.3602010381242224
3.778,-0.6162562466036703
3.7785,-0.4631267486052774
3.779,0.04757464218211047
3.7795,0.5206309627082994
3.7800000000000002,0.624156989380929
3.7805,0.39404985002873805
3.781,0.10455656878835928
3.7815,-0.06875244474576897
3.782,-0.1613254345324424
3.7825,-0.24332204244595235
3.783,-0.2629777001641333
3.7835,-0.11836669854742823
3.7840000000000003,0.17511857166156167
3.7845,0.4538013659365299
3.785,0.5363015985716616
3.7855,0.3673982887227965
3.786,0.0643535696658961
3.7865,-0.1660860635203798
3.787,-0.21217859146735032
3.7875,-0.1840750954852231
3.7880000000000003,-0.30191960727625833
3.7885,-0.6266068291014503
3.789,-0.9364639477311613
3.7895,-0.901778100188474
3.79,-0.39954901873759285
3.7905,0.3201685749338928
3.791,0.7958936978258566
3.7915,0.7357725106648114
3.7920000000000003,0.2624082212821807
3.7925,-0.21830726955269963
3.793,-0.37172767732223416
3.7935,-0.16532120761871533
3.794,0.1850931927896273
3.7945,0.4311176651181757
3.795,0.4579487044631569
3.7955,0.3074611571817469
3.7960000000000003,0.11071582831804636
3.7965,0.007863207508764769
3.797,0.07216709609529942
3.7975,0.2502414513073011
3.798,0.38546353646329207
3.7985,0.3429266508220053
3.799,0.11945672615222945
3.7995,-0.1674520704273157
3.8000000000000003,-0.3738500154509291
3.8005,-0.42295281413186775
3.801,-0.3571833325502862
3.8015,-0.3087994525747063
3.802,-0.37681846225889143
3.8025,-0.5010407224147274
3.803,-0.47525321093589695
3.8035,-0.14052159195250927
3.8040000000000003,0.4030698724260348
3.8045,0.8207018941808798
3.805,0.8430737904036961
3.8055,0.5379161485893007
3.806,0.22845391154010905
3.8065,0.13429067861043129
3.807,0.15201567374667266
3.8075,0.032821626241290584
3.8080000000000003,-0.269125280875473
3.8085,-0.5143695526790607
3.809,-0.4653580305987525
3.8095,-0.1836370778077166
3.81,0.031901963370298464
3.8105,-0.013517317212414413
3.811,-0.2057392913129272
3.8115,-0.2855918113748896
3.8120000000000003,-0.1616765982862733
3.8125,-0.0005541575443841294
3.813,-0.01734528112873033
3.8135,-0.22635346031034045
3.814,-0.4206619285365925
3.8145000000000002,-0.39120859432818794
3.815,-0.16012404997275448
3.8155,0.008533550816169824
3.8160000000000003,-0.14602072142031536
3.8165,-0.5920679558733928
3.817,-0.9661605795133978
3.8175,-0.8818116114666679
3.818,-0.3192432096503533
3.8185000000000002,0.3228890982836175
3.819,0.6060636433227904
3.8195,0.46461637642488673
3.8200000000000003,0.20948078236742967
3.8205,0.15686060857063566
3.821,0.32826044928073334
3.8215,0.5205904149483823
3.822,0.5759263087011354
3.8225000000000002,0.5042732319112844
3.823,0.3854512744581538
3.8235,0.2568558405759671
3.8240000000000003,0.12547475167074462
3.8245,0.016908458975210226
3.825,-0.0502881122104261
3.8255,-0.11818793544675683
3.826,-0.2610851341416585
3.8265000000000002,-0.47856081400646944
3.827,-0.6301109397010559
3.8275,-0.5133201504585867
3.8280000000000003,-0.0552888248652577
3.8285,0.55529710543037
3.829,0.9636186296199449
3.8295,0.9228027578318991
3.83,0.494339544764512
3.8305000000000002,-0.0064409930181954424
3.831,-0.25586144811223177
3.8315,-0.14821085541288412
3.8320000000000003,0.16464066205278907
3.8325,0.4320207972753965
3.833,0.5217022781057394
3.8335,0.507585971002931
3.834,0.5390858025443938
3.8345000000000002,0.6163107945305798
3.835,0.5366671791390083
3.8355,0.12249828437650745
3.8360000000000003,-0.5119217996056914
3.8365,-0.9993298108783497
3.837,-1.0632777491245804
3.8375,-0.7789946830777215
3.838,-0.45574736102350966
3.8385000000000002,-0.3042668867891639
3.839,-0.28255272538218146
3.8395,-0.2561735247767128
3.84,-0.22165803523981611
3.8405,-0.2907525713415263
3.841,-0.468486698933167
3.8415,-0.5545252591194293
3.842,-0.3467001814299186
3.8425000000000002,0.09311519196554582
3.843,0.46014182696703654
3.8435,0.507108141028551
3.844,0.2807635630831849
3.8445,0.05012514553826426
3.845,0.029128432379780772
3.8455,0.18250958633928346
3.846,0.2960951585260866
3.8465000000000003,0.2220325447954243
3.847,0.02417671226767943
3.8475,-0.13208948993387332
3.848,-0.18890114602332705
3.8485,-0.23863320492305576
3.849,-0.37033089242698447
3.8495,-0.5417556730662824
3.85,-0.6387460918595436
3.8505000000000003,-0.6191560657963366
3.851,-0.5413026516222126
3.8515,-0.4619762260745913
3.852,-0.369160571437471
3.8525,-0.2377682619761407
3.853,-0.10408333203371326
3.8535,-0.02984685627928549
3.854,0.006416504841679178
3.8545000000000003,0.12842752281008202
3.855,0.42825044904339893
3.8555,0.8206874744849727
3.856,1.0653655596317406
3.8565,0.9631790510270858
3.857,0.5484291549283409
3.8575,0.08106958847789647
3.858,-0.16896561531337836
3.8585000000000003,-0.13640438693154133
3.859,0.026008979557471334
3.8595,0.1186013967234017
3.86,0.07196024368188315
3.8605,-0.01725630687612859
3.861,0.0018638715674158379
3.8615,0.18304810485097325
3.862,0.411518875569077
3.8625000000000003,0.46982905389478385
3.863,0.21452535049061994
3.8635,-0.2609608456506925
3.864,-0.6532726382184285
3.8645,-0.7089709137295327
3.865,-0.4818218109004762
3.8655,-0.2646752965764
3.866,-0.21743049579771562
3.8665000000000003,-0.14480523586713506
3.867,0.2373884813747591
3.8675,0.8487990958288937
3.868,1.2210538733399035
3.8685,0.9954869130014308
3.869,0.33738199458074103
3.8695,-0.23962804010629166
3.87,-0.3985141571575471
3.8705000000000003,-0.23306681162999315
3.871,-0.04395308873779747
3.8715,0.0003758701134879156
3.872,-0.07013326283175865
3.8725,-0.1944884429002065
3.873,-0.368517117486097
3.8735,-0.530885446633067
3.874,-0.47864147706539234
3.8745000000000003,-0.05572308796909275
3.875,0.5460780377583629
3.8755,0.8226092256586661
3.876,0.4461808904603897
3.8765,-0.30476786681753115
3.8770000000000002,-0.7412665812352381
3.8775,-0.4428648828646501
3.878,0.31451714272678627
3.8785000000000003,0.8387878849756117
3.879,0.6859188250885914
3.8795,0.02124601856642136
3.88,-0.6212743817514831
3.8805,-0.8463582510576749
3.8810000000000002,-0.6480603526237985
3.8815,-0.26702361515147827
3.882,0.06508687340698728
3.8825000000000003,0.23533540105745612
3.883,0.2266408052972812
3.8835,0.07849791034337081
3.884,-0.14019157632456047
3.8845,-0.3681789898575891
3.8850000000000002,-0.5801218115289087
3.8855,-0.7707124567113012
3.886,-0.9103382065513279
3.8865000000000003,-0.9241067721657488
3.887,-0.7224938983340183
3.8875,-0.2777460195552669
3.888,0.2989206295211264
3.8885,0.7724208561540818
3.8890000000000002,0.9368448935744783
3.8895,0.7887661740803261
3.89,0.529186255335189
3.8905000000000003,0.36529348358395886
3.891,0.31834079111678715
3.8915,0.24979202222141536
3.892,0.05628326836104229
3.8925,-0.21054773640238922
3.8930000000000002,-0.41539931340320135
3.8935,-0.4756282400267979
3.894,-0.4037831393831844
3.8945000000000003,-0.2508422841304988
3.895,-0.053157568877590426
3.8955,0.15547525921027694
3.896,0.30838507525219766
3.8965,0.31524816100433334
3.8970000000000002,0.12767104313290117
3.8975,-0.1845812353569219
3.898,-0.42673835907746394
3.8985000000000003,-0.39947794791894625
3.899,-0.08038901027188483
3.8995,0.31509652203088967
3.9,0.49502233656909467
3.9005,0.3402354680477337
3.9010000000000002,-0.004776333978825704
3.9015,-0.2753648962418821
3.902,-0.29459923066821514
3.9025000000000003,-0.055964205770604125
3.903,0.33015887606549854
3.9035,0.7221171160962825
3.904,0.9939372906282569
3.9045,1.042516425635833
3.9050000000000002,0.7987920198533623
3.9055,0.2871206631855362
3.906,-0.30952036618630274
3.9065,-0.7036929120791394
3.907,-0.7007369237722487
3.9075,-0.3600818066454673
3.908,0.05561341076885111
3.9085,0.28799554426672525
3.9090000000000003,0.2500721882958941
3.9095,0.04232677427301791
3.91,-0.15900565482535578
3.9105,-0.24969977261583343
3.911,-0.26176359633208995
3.9115,-0.28970294654403067
3.912,-0.3699886398155051
3.9125,-0.44472042324766453
3.9130000000000003,-0.4219530346075657
3.9135,-0.250631398689023
3.914,0.04201936454856446
3.9145,0.3468859506946135
3.915,0.5018601389659871
3.9155,0.3745337966298343
3.916,-0.016273515127934016
3.9165,-0.4488425782205819
3.9170000000000003,-0.632024986469415
3.9175,-0.4561647230335946
3.918,-0.10946293786653544
3.9185,0.0968430043984785
3.919,0.03506223138098984
3.9195,-0.12479258201326193
3.92,-0.11766760528833003
3.9205,0.12279972940363056
3.9210000000000003,0.40420032078994417
3.9215,0.4967637385583115
3.922,0.36569523106619717
3.9225,0.16707066740284393
3.923,0.05094127474437712
3.9235,0.009825221277171217
3.924,-0.06718117592560792
3.9245,-0.2172479695822858
3.9250000000000003,-0.3297912953855017
3.9255,-0.2661978439768723
3.926,-0.02838983103217393
3.9265,0.20513278433376345
3.927,0.21418292496034033
3.9275,-0.06060685717287121
3.928,-0.42666943478370056
3.9285,-0.5798427597825837
3.9290000000000003,-0.3748023078693221
3.9295,0.03738546351646103
3.93,0.34554325397310703
3.9305,0.3513473861930331
3.931,0.1145568420795973
3.9315,-0.1494978913660812
3.932,-0.284084367939455
3.9325,-0.28747493051487494
3.9330000000000003,-0.22540960563713344
3.9335,-0.10709213789433321
3.934,0.11441458761344225
3.9345,0.43499594708754885
3.935,0.7359389596947057
3.9355,0.844931031845562
3.936,0.6521124830448694
3.9365,0.1813909721404428
3.9370000000000003,-0.40773776324929595
3.9375,-0.8748249401854158
3.938,-1.0009636978758658
3.9385,-0.7009486298662247
3.939,-0.08102922035153598
3.9395000000000002,0.5881322573484609
3.94,0.9813205154999982
3.9405,0.8959037918506805
3.9410000000000003,0.4040292288705951
3.9415,-0.1785400305403919
3.942,-0.5302609823253075
3.9425,-0.5540843805356572
3.943,-0.3831002676774852
3.9435000000000002,-0.20411947788734375
3.944,-0.11008461392168625
3.9445,-0.08597646297043836
3.9450000000000003,-0.06838019931295324
3.9455,-0.004313659937182192
3.946,0.11158004644514287
3.9465,0.2408011530667991
3.947,0.34893859192383514
3.9475000000000002,0.4326710607561648
3.948,0.4777862870147665
3.9485,0.4238020332422525
3.9490000000000003,0.22443672259504355
3.9495,-0.06796392333161048
3.95,-0.33588033696894243
3.9505,-0.5157812686283382
3.951,-0.6270803407471796
3.9515000000000002,-0.6774409254056989
3.952,-0.6109923833557378
3.9525,-0.392822022397985
3.9530000000000003,-0.10278835545479176
3.9535,0.11083981328462557
3.954,0.17668638136190915
3.9545,0.17677939032867077
3.955,0.2664209903267526
3.9555000000000002,0.5119073591593907
3.956,0.7972794783640011
3.9565,0.89635800806936
3.9570000000000003,0.6700542672490145
3.9575,0.21853111147596047
3.958,-0.1816299132435658
3.9585,-0.32130419745065103
3.959,-0.23175273353827602
3.9595000000000002,-0.10655468506109968
3.96,-0.08908213688378584
3.9605,-0.16680676191730998
3.9610000000000003,-0.2335109034885051
3.9615,-0.19391266968770163
3.962,-0.024968129817357326
3.9625,0.1952679468923238
3.963,0.31647807339813877
3.9635000000000002,0.23247575019566433
3.964,-0.020306766780469374
3.9645,-0.3074999188134566
3.9650000000000003,-0.5203983103296007
3.9655,-0.6184778766622728
3.966,-0.5746230010416763
3.9665,-0.3536510266416335
3.967,0.005125777421965186
3.9675000000000002,0.31118052888768616
3.968,0.31619496105593925
3.9685,-0.04532629598688787
3.969,-0.5232786731561333
3.9695,-0.7367714195675791
3.97,-0.5376599634001376
3.9705,-0.15624110399425822
3.971,0.05747204484360404
3.9715000000000003,0.0016048315256686537
3.972,-0.12833228559511736
3.9725,-0.12533523599141247
3.973,-0.00934925272279569
3.9735,0.051907351261627786
3.974,0.004439700352475608
3.9745,0.01885814952860279
3.975,0.29876480288786855
3.9755000000000003,0.794770832102774
3.976,1.179520084240225
3.9765,1.148997453486855
3.977,0.7166666513710737
3.9775,0.18365327762361958
3.978,-0.14266814291854701
3.9785,-0.17001521977589928
3.979,-0.012244064448896455
3.9795000000000003,0.16311592483888843
3.98,0.2584136396526228
3.9805,0.2661144390541584
3.981,0.2300958923908088
3.9815,0.197227268895659
3.982,0.16053243929650593
3.9825,0.034177822873595734
3.983,-0.2635220857054167
3.9835000000000003,-0.672197729402454
3.984,-0.9747905856248126
3.9845,-0.959838473664612
3.985,-0.6044370031695441
3.9855,-0.11504159471149834
3.986,0.20028590465423346
3.9865,0.14963089909550667
3.987,-0.18779417990759922
3.9875000000000003,-0.5224396857467114
3.988,-0.6050344364822726
3.9885,-0.42633369254012266
3.989,-0.162343297427182
3.9895,0.0458220852631219
3.99,0.1947793579743183
3.9905,0.30627029708827974
3.991,0.31744787448255424
3.9915000000000003,0.16386502537812697
3.992,-0.07552579683966841
3.9925,-0.20521922399799825
3.993,-0.10000466408672416
3.9935,0.17041489256571998
3.994,0.4181092260750213
3.9945,0.5235945279879832
3.995,0.5307395362021085
3.9955000000000003,0.5600965489877009
3.996,0.6534869813201374
3.9965,0.7211601049246166
3.997,0.6209527606933393
3.9975,0.2725800934035056
3.998,-0.2604214529250831
3.9985,-0.7520019202085568
3.999,-0.9167339239595604
3.9995000000000003,-0.6214888110265245
4.0,-0.032644811285130415
4.0005,0.47229661968397163
4.001,0.5863798830341888
4.0015,0.30935979805267194
4.002,-0.08167461330620567
4.0025,-0.3046531843017963
4.003,-0.310224381221898
4.0035,-0.24866928286042347
4.0040000000000004,-0.25309834396009495
4.0045,-0.31131859111876303
4.005,-0.3304773236784626
4.0055000000000005,-0.26024854969728106
4.006,-0.12699358434590505
4.0065,0.017113614663458433
4.007,0.13813487038315503
4.0075,0.22567471654910998
4.008,0.28964622807176
4.0085,0.33819804494837075
4.009,0.3271743398930665
4.0095,0.169704824010086
4.01,-0.14342223234556262
4.0105,-0.4647711296295729
4.011,-0.6129724434394138
4.0115,-0.5768515134296623
4.0120000000000005,-0.5283980544358903
4.0125,-0.5999113104903885
4.013,-0.6904731992315657
4.0135000000000005,-0.5585747687726355
4.014,-0.11811046836525788
4.0145,0.4227187246606769
4.015,0.7710445115230582
4.0155,0.8528867106817205
4.016,0.839887261356823
4.0165,0.9065778078481508
4.017,1.0410068283745346
4.0175,1.0853693753879958
4.018,0.8859194976119238
4.0185,0.3926530972156557
4.019,-0.30881597646451564
4.0195,-1.006484651665749
4.0200000000000005,-1.4427067316867783
4.0205,-1.460159478809095
4.021,-1.0895876703659657
4.0215000000000005,-0.49545420353937847
4.022,0.11911438982184405
4.0225,0.5338867194081133
4.023,0.5385926934100231
4.0235,0.08244925908207537
4.024,-0.5672857547283657
4.0245,-0.9171210174725519
4.025,-0.6322481887872718
4.0255,0.11806101161954705
4.026,0.7524802218625235
4.0265,0.7907191085098465
4.027,0.30152563524706055
4.0275,-0.16646054646060113
4.0280000000000005,-0.10682860110529611
4.0285,0.4697638093133675
4.029,1.0507020370021398
4.0295000000000005,1.1092139226157023
4.03,0.5964724676611808
4.0305,-0.04767231435451101
4.031,-0.3627464572209588
4.0315,-0.31059866844078443
4.032,-0.24267158421355026
4.0325,-0.46342299407835746
4.033,-0.8560341125413382
4.0335,-0.9531412432200586
4.034,-0.41427225086349917
4.0345,0.5389397273530419
4.035,1.2148086862522862
4.0355,1.0704237945893142
4.0360000000000005,0.2564313859257636
4.0365,-0.5121497076660282
4.037,-0.6394663626442745
4.0375,-0.15556418575270972
4.038,0.42775456979985726
4.0385,0.6378259024234807
4.039,0.3823817619675023
4.0395,-0.08203605084128361
4.04,-0.3783088665964073
4.0405,-0.24721928533592327
4.041,0.2918971389349407
4.0415,0.9401890320613182
4.042,1.3053568413311891
4.0425,1.1480722662969824
4.043,0.5077553524028074
4.0435,-0.34266442791543056
4.0440000000000005,-1.0324907741592464
4.0445,-1.2579761439876642
4.045,-0.9575559239606484
4.0455,-0.39777710525427606
4.046,-0.02756651297442795
4.0465,-0.15150515908240694
4.047,-0.6958564860889962
4.0475,-1.2759951170174895
4.048,-1.4935862250005354
4.0485,-1.210695871379086
4.049,-0.6078441452700919
4.0495,-0.025786996433156805
4.05,0.2761249024000739
4.0505,0.29890321685084437
4.051,0.2910628325194922
4.0515,0.49594853832254493
4.0520000000000005,0.8577280146742027
4.0525,1.0318907845647614
4.053,0.7444779196101508
4.0535,0.10821711155730986
4.054,-0.45605669649078434
4.0545,-0.5964394553418501
4.055,-0.3208180752080182
4.0555,0.05631377740884288
4.056,0.217168971215832
4.0565,0.08485287851321976
4.057,-0.17266375076535057
4.0575,-0.3025922062963693
4.058,-0.14679422502459366
4.0585,0.24397929215624606
4.059,0.6350527180144624
4.0595,0.7892753030295895
4.0600000000000005,0.658699882977711
4.0605,0.3972489593696819
4.061,0.1950939903159332
4.0615,0.11810716402120286
4.062,0.09779587390168742
4.0625,0.048926880449931445
4.063,-0.015862394192780092
4.0635,0.009447375588206873
4.064,0.1959322481643879
4.0645,0.4652811629975969
4.065,0.6376025315287923
4.0655,0.5948624000133013
4.066,0.3661579296820707
4.0665000000000004,0.0665800114775794
4.067,-0.1988128518082512
4.0675,-0.37975829660320154
4.0680000000000005,-0.4842956516221196
4.0685,-0.5533493889383084
4.069,-0.6161901815948407
4.0695,-0.6668952386559969
4.07,-0.6767650939127301
4.0705,-0.6132055370939049
4.071,-0.4538742721160888
4.0715,-0.20669095125661152
4.072,0.07680324404658165
4.0725,0.3124473798126152
4.073,0.41677300407214807
4.0735,0.3584219704778875
4.074,0.20296823468523806
4.0745000000000005,0.08766932187179874
4.075,0.10674864166701109
4.0755,0.21127150130985772
4.0760000000000005,0.25401434439712234
4.0765,0.14982886536790696
4.077,-0.03269158946184266
4.0775,-0.15346179451581823
4.078,-0.14941083810237568
4.0785,-0.08451434362306143
4.079,-0.07163480514743055
4.0795,-0.15874508528085107
4.08,-0.28512055003667125
4.0805,-0.3492672017204103
4.081,-0.3202611829470041
4.0815,-0.26517969037530303
4.082,-0.2540001435837103
4.0825000000000005,-0.2512505290460003
4.083,-0.1371841354389671
4.0835,0.13695930540402657
4.0840000000000005,0.43923868268032107
4.0845,0.5606037478795958
4.085,0.4384101601393052
4.0855,0.22405236983942584
4.086,0.10618148680239006
4.0865,0.12356899738279155
4.087,0.1954846861434201
4.0875,0.27280232098912954
4.088,0.3633831848469182
4.0885,0.42652834437805814
4.089,0.35606720472935127
4.0895,0.11364950790476552
4.09,-0.19241371940554797
4.0905000000000005,-0.41759842089816607
4.091,-0.5301816748717046
4.0915,-0.6004450775769814
4.0920000000000005,-0.6672336597919373
4.0925,-0.6672574751206843
4.093,-0.5006145598539556
4.0935,-0.1387938444364279
4.094,0.335202740228504
4.0945,0.7638885486350085
4.095,0.9759579124502752
4.0955,0.85635256320706
4.096,0.43782318283240035
4.0965,-0.056542829791959494
4.097,-0.3309573208309051
4.0975,-0.2452056975666644
4.098,0.06772236572270215
4.0985000000000005,0.32469545428647284
4.099,0.3314016681784061
4.0995,0.10757531899166423
4.1,-0.18701560173706042
4.1005,-0.40543404346549633
4.101,-0.48940798631985355
4.1015,-0.449644525614219
4.102,-0.3303809581151246
4.1025,-0.1945682951707981
4.103,-0.09633201154671224
4.1035,-0.022863595117891815
4.104,0.1283607186915236
4.1045,0.4469796604672071
4.105,0.8404044387032993
4.1055,1.020821660129409
4.106,0.7488658157706848
4.1065000000000005,0.10904204481669706
4.107,-0.4972063021661707
4.1075,-0.6698208917703231
4.108,-0.34653704372612065
4.1085,0.15238045757438373
4.109,0.3957045141745011
4.1095,0.17121203383078049
4.11,-0.38682129286272066
4.1105,-0.9178503954485183
4.111,-1.0794304382807065
4.1115,-0.7664078207771154
4.112,-0.18906203189822546
4.1125,0.2488965549967046
4.113,0.22629674552842283
4.1135,-0.23798663431118033
4.114,-0.7669688045573535
4.1145000000000005,-0.9223502918521467
4.115,-0.5822648021708571
4.1155,-0.02003187576726338
4.116,0.39291231408475386
4.1165,0.5014696748728703
4.117,0.3797168684188838
4.1175,0.16770935085717162
4.118,0.010825139527600683
4.1185,0.0631386107128492
4.119,0.35985028921620277
4.1195,0.6763510397848712
4.12,0.6789507635236163
4.1205,0.2969278853872692
4.121,-0.1414695504845654
4.1215,-0.2255694921128649
4.122,0.11232215540402044
4.1225000000000005,0.5403804914385951
4.123,0.6823714046543073
4.1235,0.4723736687886343
4.124,0.14695454589207338
4.1245,-0.04583218998386754
4.125,-0.07024575921303687
4.1255,-0.06339332899039402
4.126,-0.13382424173079271
4.1265,-0.22636121215164826
4.127,-0.19005593780433205
4.1275,0.033894595258847034
4.128,0.3344262807500743
4.1285,0.5565015405088827
4.1290000000000004,0.6511215263412846
4.1295,0.6581076761244611
4.13,0.5932804263163944
4.1305000000000005,0.43450821864305816
4.131,0.21327334570979914
4.1315,0.038139110413738186
4.132,-0.02257972450361666
4.1325,-0.05371068719536032
4.133,-0.22916946162117854
4.1335,-0.5992903628964138
4.134,-0.9623254157626566
4.1345,-1.0119288888299272
4.135,-0.6471191573146287
4.1355,-0.10324596415797473
4.136,0.255642060796221
4.1365,0.2573660396806508
4.1370000000000005,0.033415619728348764
4.1375,-0.141296201441146
4.138,-0.09397378664568602
4.1385000000000005,0.12327424055950688
4.139,0.30934732529842496
4.1395,0.3034960059216324
4.14,0.11214755360226736
4.1405,-0.13554748037448794
4.141,-0.32952324320578225
4.1415,-0.4433018898347483
4.142,-0.47046022476225313
4.1425,-0.3798949455325537
4.143,-0.1969640115211607
4.1435,-0.0737641840232969
4.144,-0.17479645540623995
4.1445,-0.4772077483659594
4.1450000000000005,-0.750899418210445
4.1455,-0.7811344695898046
4.146,-0.5913056377351906
4.1465000000000005,-0.4017725930643274
4.147,-0.3611467410780039
4.1475,-0.36387474979461143
4.148,-0.18023128678171277
4.1485,0.24071033535741052
4.149,0.6550060850861706
4.1495,0.7647506815924138
4.15,0.5651919388604713
4.1505,0.37262517584193783
4.151,0.4552547091922167
4.1515,0.6936602098115524
4.152,0.7010366681358219
4.1525,0.2830070792038175
4.1530000000000005,-0.30202620412782594
4.1535,-0.5838313430368524
4.154,-0.3428140454035496
4.1545000000000005,0.20220736133427702
4.155,0.6310896660357138
4.1555,0.6943635313713454
4.156,0.4643534145379097
4.1565,0.19584957257795602
4.157,0.09969198913366827
4.1575,0.23372777404395995
4.158,0.5314270363109997
4.1585,0.8619052753745627
4.159,1.0579744749564697
4.1595,0.9600345828705932
4.16,0.5173408907921632
4.1605,-0.1346943730005314
4.1610000000000005,-0.7278234302936545
4.1615,-1.0191820012052446
4.162,-0.9301511968299894
4.1625,-0.5761878580417241
4.163,-0.17589661839613965
4.1635,0.10391613355784557
4.164,0.24283416896577079
4.1645,0.2993275107348465
4.165,0.26571036763343336
4.1655,0.06073294954347692
4.166,-0.3055743699937357
4.1665,-0.6295550564326718
4.167,-0.6550826432799769
4.1675,-0.32667758716288003
4.168,0.1320963608299733
4.1685,0.4151863425464659
4.1690000000000005,0.4008823177301439
4.1695,0.2127264191362748
4.17,0.04186859265882873
4.1705,-0.041579737465554455
4.171,-0.0972381840684241
4.1715,-0.20305512587348623
4.172,-0.384487308212465
4.1725,-0.5999194154547722
4.173,-0.7252273571840553
4.1735,-0.6039643738053215
4.174,-0.21767069335517358
4.1745,0.20142547615595002
4.175,0.31760870657295753
4.1755,-0.009790571613624245
4.176,-0.5794779943651283
4.1765,-0.9833766154783482
4.1770000000000005,-0.8954832112888002
4.1775,-0.30423912003164216
4.178,0.4685464717596842
4.1785,0.9955855953018417
4.179,1.0581047067270288
4.1795,0.7720596083670275
4.18,0.4152469905090978
4.1805,0.16038343179774603
4.181,0.004407769581675443
4.1815,-0.09063325512975971
4.182,-0.08998004700839124
4.1825,0.05422349418166217
4.183,0.3082838550771563
4.1835,0.5670891240015729
4.184,0.7195443787330413
4.1845,0.6767307427717847
4.1850000000000005,0.3898842314161832
4.1855,-0.0853547306612169
4.186,-0.5393809719292949
4.1865,-0.6957393717270614
4.187,-0.42329464171018155
4.1875,0.11957691127677654
4.188,0.5736810694067527
4.1885,0.6350506705561831
4.189,0.2644657068473906
4.1895,-0.28509746799540137
4.19,-0.6219529144543732
4.1905,-0.4827163688652565
4.191,0.04140585402046324
4.1915000000000004,0.5400503202233721
4.192,0.6198484838616621
4.1925,0.24178071392018552
4.1930000000000005,-0.28775588966659854
4.1935,-0.6433225825747622
4.194,-0.7472864043214708
4.1945,-0.7206432165136064
4.195,-0.6619139731364809
4.1955,-0.5445920149235831
4.196,-0.29973511946830506
4.1965,0.06742936892162879
4.197,0.4448547795293956
4.1975,0.6597658724309337
4.198,0.5729874029031862
4.1985,0.19469163041745985
4.199,-0.2648198449422259
4.1995000000000005,-0.5065235282794425
4.2,-0.368208402649658
4.2005,0.039221401041670594
4.2010000000000005,0.4240557267577018
4.2015,0.5374782292220213
4.202,0.32065452761499535
4.2025,-0.10042524889602834
4.203,-0.49818706399922497
4.2035,-0.6460904753406942
4.204,-0.4394171997766367
4.2045,0.01761691544880304
4.205,0.4649505406793483
4.2055,0.6768031552592182
4.206,0.6097758048390483
4.2065,0.3632722664468458
4.207,0.04775470969471436
4.2075000000000005,-0.2516052948988229
4.208,-0.4275023650327048
4.2085,-0.3761888072884577
4.2090000000000005,-0.10452082666018485
4.2095,0.2408982313527022
4.21,0.48694812765530426
4.2105,0.5639965499514247
4.211,0.5177546286711738
4.2115,0.42032927158005173
4.212,0.30347107147195596
4.2125,0.1753747923220635
4.213,0.05349948235893577
4.2135,-0.055189493609910975
4.214,-0.17772253520467987
4.2145,-0.32899336582953337
4.215,-0.4455479816184386
4.2155000000000005,-0.41228569849636565
4.216,-0.17696685443286253
4.2165,0.17212790249131227
4.2170000000000005,0.4391487570013486
4.2175,0.43600975651765067
4.218,0.1264841335933542
4.2185,-0.294212787722471
4.219,-0.515236987784449
4.2195,-0.38498229491845476
4.22,-0.05657866702821101
4.2205,0.1884722561884113
4.221,0.2270217558165631
4.2215,0.15461412702193414
4.222,0.11046443893921117
4.2225,0.12732371565926476
4.223,0.14738474400300441
4.2235000000000005,0.1092388980429365
4.224,-0.017319707538748404
4.2245,-0.23407959872102324
4.225,-0.47766837071585067
4.2255,-0.5809501899444802
4.226,-0.3646727893471975
4.2265,0.15687531415593506
4.227,0.6875730525510545
4.2275,0.8415485078181616
4.228,0.4738100267019368
4.2285,-0.16676971607880128
4.229,-0.6242148866790849
4.2295,-0.5961543796367397
4.23,-0.14835513756701135
4.2305,0.3653030537243945
4.231,0.568959689586445
4.2315000000000005,0.324015969205488
4.232,-0.17088131387239533
4.2325,-0.5240851866928515
4.233,-0.471609565088897
4.2335,-0.1073411176101425
4.234,0.2186830203605162
4.2345,0.23942017370091342
4.235,-0.008964330924066021
4.2355,-0.2830305266163248
4.236,-0.3856448842999211
4.2365,-0.3070625470915518
4.237,-0.16734868460093225
4.2375,-0.0742812507914993
4.238,-0.0399715290143558
4.2385,-0.0039052173734122446
4.239,0.08325403511633298
4.2395000000000005,0.19451140401368022
4.24,0.24274834230335454
4.2405,0.17727629855924917
4.241,0.06792909644682482
4.2415,0.0660718988034299
4.242,0.255163168528834
4.2425,0.5357538331185226
4.243,0.6675618010306613
4.2435,0.4540693692696905
4.244,-0.06800513705458054
4.2445,-0.6068815727413012
4.245,-0.824178547520612
4.2455,-0.6152881348219119
4.246,-0.19384551157969415
4.2465,0.10510724709600465
4.247,0.10002289273686103
4.2475000000000005,-0.1300534688894278
4.248,-0.34465560812852336
4.2485,-0.3261664242049711
4.249,-0.028374406665923054
4.2495,0.38958325760518103
4.25,0.6778648615944307
4.2505,0.6947180646670538
4.251,0.5259731459942757
4.2515,0.39448501119313434
4.252,0.42209436003183
4.2525,0.49059087880113816
4.253,0.380672973044238
4.2535,0.05302779525898006
4.2540000000000004,-0.26801414095355575
4.2545,-0.33640807379168786
4.255,-0.16858264609170445
4.2555000000000005,-0.013274537264413204
4.256,-0.04715555930906122
4.2565,-0.1839990154985514
4.257,-0.2211905610034756
4.2575,-0.11198843309073317
4.258,-0.01814991053644925
4.2585,-0.09848157632671681
4.259,-0.31263154404958954
4.2595,-0.47379757113758797
4.26,-0.4554384540961452
4.2605,-0.2794363227734356
4.261,-0.01567582029892104
4.2615,0.303308862984495
4.2620000000000005,0.6206163580354579
4.2625,0.7932018897373359
4.263,0.6936353840368088
4.2635000000000005,0.3706561927845692
4.264,0.04061757371050149
4.2645,-0.1091830254949274
4.265,-0.08233957093960519
4.2655,-0.02287429538621541
4.266,-0.0306338301076567
4.2665,-0.06524892054283878
4.267,-0.0378122344268271
4.2675,0.046044106127999924
4.268,0.08653762606727439
4.2685,0.02933991744066984
4.269,-0.051453474031281435
4.2695,-0.0423543654399713
4.2700000000000005,0.06851062180269203
4.2705,0.18148043506795086
4.271,0.2016350684102992
4.2715000000000005,0.11029523740995152
4.272,-0.08110311876068257
4.2725,-0.36932308626035065
4.273,-0.7016469174824737
4.2735,-0.9378332507006746
4.274,-0.9455770339021727
4.2745,-0.7303268233632418
4.275,-0.43263968436260264
4.2755,-0.19538460284299602
4.276,-0.05567644905683026
4.2765,0.02126939250802541
4.277,0.0258741188184995
4.2775,-0.11383161450401828
4.2780000000000005,-0.393318643361429
4.2785,-0.6200206984232496
4.279,-0.5178010858386589
4.2795000000000005,0.025706412004533576
4.28,0.8120190823608711
4.2805,1.43368198491216
4.281,1.5596372887558023
4.2815,1.1762630021095617
4.282,0.5815336377384593
4.2825,0.15633117370163196
4.283,0.11764162421411771
4.2835,0.4044483264715546
4.284,0.7239432350456411
4.2845,0.7472599582867243
4.285,0.3684253962614887
4.2855,-0.1828582855053693
4.2860000000000005,-0.5164342011163773
4.2865,-0.410506703125241
4.287,0.0011796292614986142
4.2875000000000005,0.339395020546999
4.288,0.2839234319554973
4.2885,-0.1684767859999259
4.289,-0.6932498384658637
4.2895,-0.8945370457656066
4.29,-0.6257070311435895
4.2905,-0.0987601961451523
4.291,0.30590573908149404
4.2915,0.3474142890458535
4.292,0.08616642953111607
4.2925,-0.20441604688375953
4.293,-0.27114868796286135
4.2935,-0.08084843493458616
4.2940000000000005,0.14906002519893016
4.2945,0.1357099167760614
4.295,-0.19117928979218846
4.2955,-0.5931002012982186
4.296,-0.7501933214620469
4.2965,-0.5905104089707012
4.297,-0.3546563990281684
4.2975,-0.315729305084936
4.298,-0.46183798573730156
4.2985,-0.49730912859764487
4.299,-0.17040322876875888
4.2995,0.4331015130554505
4.3,0.9542799478127398
4.3005,1.1000662647848665
4.301,0.8877272943330389
4.3015,0.5762634110832461
4.3020000000000005,0.4060835765605876
4.3025,0.4058118769887559
4.303,0.4139199011736185
4.3035,0.2705751205502961
4.304,-0.011529727018720024
4.3045,-0.2652090706255543
4.305,-0.33647625231530975
4.3055,-0.21456303706805177
4.306,-0.016085597369582403
4.3065,0.12936884508273683
4.307,0.18034542015031493
4.3075,0.18962536750751044
4.308,0.22192785633492004
4.3085,0.26782005627447475
4.309,0.23671303744523803
4.3095,0.045831291515901866
4.3100000000000005,-0.26300783560007124
4.3105,-0.49722299597370856
4.311,-0.4407300532486884
4.3115,-0.05605654641710634
4.312,0.4170320750695755
4.3125,0.5960605592554132
4.313,0.2617183941669568
4.3135,-0.41618502088338527
4.314,-0.9703650701475398
4.3145,-1.0140272367073866
4.315,-0.5709197279918927
4.3155,-0.026948695658487905
4.316,0.24857821900657737
4.3165000000000004,0.20979464450364038
4.317,0.07275293042756326
4.3175,0.025085832413100768
4.3180000000000005,0.061834681848986515
4.3185,0.0711291845366746
4.319,-0.016009347562467746
4.3195,-0.1836623494650897
4.32,-0.35607962631842327
4.3205,-0.41492782242090687
4.321,-0.2575330253660393
4.3215,0.08813321738743968
4.322,0.42724798654622925
4.3225,0.5300180244697313
4.323,0.31359953036014027
4.3235,-0.09354695272644256
4.324,-0.43309935457075494
4.3245000000000005,-0.47424326896387864
4.325,-0.17093802952952356
4.3255,0.28135495571659924
4.3260000000000005,0.5799587610093387
4.3265,0.5665331664296016
4.327,0.3563726311661397
4.3275,0.20666399823115178
4.328,0.2674138862098239
4.3285,0.46656162750245833
4.329,0.6128833177336548
4.3295,0.5916068561650764
4.33,0.4654307390692081
4.3305,0.38328513799251074
4.331,0.3867096100255771
4.3315,0.3382110452767226
4.332,0.07419188305463163
4.3325000000000005,-0.3969107512168879
4.333,-0.882816199207374
4.3335,-1.1591341871917258
4.3340000000000005,-1.0970313565256276
4.3345,-0.7043767185404068
4.335,-0.14225922135979185
4.3355,0.30611500081820603
4.336,0.40198704405625296
4.3365,0.17123195773557576
4.337,-0.07801518676872926
4.3375,-0.036553256529570796
4.338,0.29226349553930175
4.3385,0.5937074351283542
4.339,0.5583114011673241
4.3395,0.17177677561437493
4.34,-0.29251874929061883
4.3405000000000005,-0.5188320657136467
4.341,-0.392161725876971
4.3415,-0.0645320715884418
4.3420000000000005,0.17736485316264877
4.3425,0.13273155984685078
4.343,-0.16779075411294866
4.3435,-0.4902755085444941
4.344,-0.5744785315657782
4.3445,-0.3389831728380892
4.345,0.03996260290277902
4.3455,0.26260615650070507
4.346,0.16423188129591182
4.3465,-0.1290392323147283
4.347,-0.30478138282023554
4.3475,-0.14575513376581667
4.348,0.2733680988849835
4.3485000000000005,0.6600480160771488
4.349,0.7663370993833718
4.3495,0.5747763510775713
4.3500000000000005,0.24754316584586314
4.3505,-0.05537209215548448
4.351,-0.273492606118927
4.3515,-0.3926350527732056
4.352,-0.36276909296423304
4.3525,-0.12221625161197686
4.353,0.2805854178287903
4.3535,0.6287317217407585
4.354,0.6791790964922794
4.3545,0.4008262454320346
4.355,0.032671596060068274
4.3555,-0.13131732371548868
4.356,-0.0051585495354822195
4.3565000000000005,0.23721372082815312
4.357,0.3333277796814009
4.3575,0.15618302940504164
4.358,-0.1720219475221233
4.3585,-0.36985072652053486
4.359,-0.26075618234373144
4.3595,0.02584956726838434
4.36,0.17893601341725968
4.3605,0.056341745018796366
4.361,-0.16170597543296025
4.3615,-0.20385133027714458
4.362,-0.014817985778897843
4.3625,0.22318186303443358
4.363,0.3106136569506637
4.3635,0.19210252266379998
4.364,-0.0701536557369442
4.3645000000000005,-0.3837823503679185
4.365,-0.6521426674642
4.3655,-0.7743150768300868
4.366,-0.6906441112087995
4.3665,-0.44765526177892806
4.367,-0.19538238465574972
4.3675,-0.08722279269899663
4.368,-0.1590443283420967
4.3685,-0.29753566437458384
4.369,-0.3350416765343752
4.3695,-0.1993876596405842
4.37,0.02417478132923072
4.3705,0.20242651231954945
4.371,0.31214767244486
4.3715,0.43234130542840465
4.372,0.5857124042615521
4.3725000000000005,0.6773637404442729
4.373,0.6317351317487317
4.3735,0.5223590938763084
4.374,0.49255640180861865
4.3745,0.5683433224091035
4.375,0.6212175196257081
4.3755,0.5229608648704516
4.376,0.27900759827664695
4.3765,0.0005137494293028771
4.377,-0.1978132954170545
4.3775,-0.2543552137735506
4.378,-0.16408988520779977
4.3785,0.022173940251028014
4.3790000000000004,0.18043603632196628
4.3795,0.13376716540325156
4.38,-0.21128453884700518
4.3805000000000005,-0.6948563097738224
4.381,-0.9376984368905601
4.3815,-0.6505931750219105
4.382,0.05550776613499164
4.3825,0.7078995407718713
4.383,0.8676818036523645
4.3835,0.49396013964858804
4.384,-0.08947934036252463
4.3845,-0.5386419159840138
4.385,-0.7320840535913028
4.3855,-0.7084346771398843
4.386,-0.5084429578461869
4.3865,-0.17205236881457917
4.3870000000000005,0.1679693342643145
4.3875,0.3122842645312371
4.388,0.16926161138608675
4.3885000000000005,-0.12725833707010606
4.389,-0.3254602574685355
4.3895,-0.29042009372865113
4.39,-0.10032736317853307
4.3905,0.09334304953652883
4.391,0.23916981848323218
4.3915,0.3686602192149511
4.392,0.4549453376407773
4.3925,0.40058753807954417
4.393,0.19966615251091935
4.3935,0.018735362047876895
4.394,0.0368018657807398
4.3945,0.2435885497399954
4.3950000000000005,0.4559681651514488
4.3955,0.5110011766251932
4.396,0.39876860764788413
4.3965000000000005,0.22189056968720697
4.397,0.06898415233642763
4.3975,-0.05804552660700375
4.398,-0.20535237292176164
4.3985,-0.3753191295975848
4.399,-0.4890999582681251
4.3995,-0.4450021795604199
4.4,-0.21286455032635498
4.4005,0.11342639131320711
4.401,0.33905488805195977
4.4015,0.27758934529258883
4.402,-0.08943791246005572
4.4025,-0.5422607339027914
4.4030000000000005,-0.7676992469411624
4.4035,-0.6172971429618979
4.404,-0.21718581634521708
4.4045000000000005,0.16605848081546404
4.405,0.334104356631225
4.4055,0.255324374826801
4.406,0.03732846836594855
4.4065,-0.15750270748810274
4.407,-0.20958621288001975
4.4075,-0.11663922751054517
4.408,0.010894845958763022
4.4085,0.059000030596097076
4.409,0.041491844255795836
4.4095,0.09665128305880062
4.41,0.31261762854103214
4.4105,0.5749008330351543
4.4110000000000005,0.6446177221522238
4.4115,0.40517913833117575
4.412,0.004110523104935355
4.4125000000000005,-0.2642339640321864
4.413,-0.20709706335470152
4.4135,0.130354439046661
4.414,0.5427546597340384
4.4145,0.8417846079558821
4.415,0.9533311896120851
4.4155,0.8817326552730909
4.416,0.6363806376140821
4.4165,0.23398996699146368
4.417,-0.21841250474087767
4.4175,-0.4929126653730534
4.418,-0.39697361164642175
4.4185,-0.02211666855914398
4.4190000000000005,0.22377653713023363
4.4195,-0.0531843422909381
4.42,-0.8223003082215445
4.4205,-1.5752892030505175
4.421,-1.724105487455589
4.4215,-1.0916208827834504
4.422,-0.06163156480327238
4.4225,0.7168769936393691
4.423,0.8012392487254124
4.4235,0.23554672792758377
4.424,-0.5292490541981693
4.4245,-0.9745181296421961
4.425,-0.8611904662819629
4.4255,-0.3493505408867706
4.426,0.1784023870094227
4.4265,0.4272451665400653
4.4270000000000005,0.3811397716208934
4.4275,0.2564195455520958
4.428,0.28697652632704146
4.4285,0.5089298184747298
4.429,0.7247107630830357
4.4295,0.6990356352319184
4.43,0.40153749605851236
4.4305,0.042107320253932747
4.431,-0.12166860461300424
4.4315,0.014353978280296931
4.432,0.35986729855652266
4.4325,0.7067948015851858
4.433,0.8287007063494672
4.4335,0.6068157312374391
4.434,0.15334098504685212
4.4345,-0.2276259742357716
4.4350000000000005,-0.28681931507817754
4.4355,-0.04958940228157775
4.436,0.22208438415582277
4.4365,0.2677553163285218
4.437,0.04163724469912492
4.4375,-0.2586861759354778
4.438,-0.3682952490132734
4.4385,-0.20142065650353483
4.439,0.06220506854782668
4.4395,0.1555171719056849
4.44,-0.007941233114132387
4.4405,-0.2608948859784383
4.441,-0.3819808799451108
4.4415000000000004,-0.34134546142105454
4.442,-0.30336551449483684
4.4425,-0.3855857431184233
4.4430000000000005,-0.49329561867239247
4.4435,-0.46072364011928585
4.444,-0.30343138741239123
4.4445,-0.21570220765013193
4.445,-0.29973620448295724
4.4455,-0.3934668843094955
4.446,-0.24013981785736194
4.4465,0.19220528006883603
4.447,0.6146322413790769
4.4475,0.6683347650221692
4.448,0.278271546761861
4.4485,-0.2416850140809924
4.449,-0.44371374545566494
4.4495000000000005,-0.13751016066564276
4.45,0.4308444816396836
4.4505,0.789350550953049
4.4510000000000005,0.6717919857146409
4.4515,0.24876760304363463
4.452,-0.10339260856639057
4.4525,-0.22370437360251966
4.453,-0.2563561670853266
4.4535,-0.3468876172375652
4.454,-0.416537825557728
4.4545,-0.3118397657785855
4.455,-0.06529519128513325
4.4555,0.10516191221783
4.456,0.040941436605852054
4.4565,-0.1692851298523256
4.457,-0.2600697590886333
4.4575000000000005,-0.037385572768782335
4.458,0.4532793020327274
4.4585,0.9928425543280762
4.4590000000000005,1.3666311308005077
4.4595,1.446062835021789
4.46,1.1676306343369505
4.4605,0.5459260127775857
4.461,-0.2622704212424331
4.4615,-0.9578207398345979
4.462,-1.2204010106551888
4.4625,-0.8953271398681705
4.463,-0.1348589747505669
4.4635,0.6388319633147915
4.464,0.9977032510307445
4.4645,0.8241045310551799
4.465,0.37975120565939563
4.4655000000000005,0.03185408502465899
4.466,-0.0904464375387247
4.4665,-0.13792606191488585
4.4670000000000005,-0.2628671483951207
4.4675,-0.40461241567607054
4.468,-0.41783726010790884
4.4685,-0.32016545598400037
4.469,-0.27359410969722164
4.4695,-0.3376535052314774
4.47,-0.37104647092016385
4.4705,-0.21806777844897887
4.471,0.07834977483992864
4.4715,0.2938539131052984
4.472,0.23688643654589359
4.4725,-0.0624474959984287
4.473,-0.3647803717709139
4.4735000000000005,-0.42376952390383255
4.474,-0.20250645850170704
4.4745,0.08149442267174703
4.4750000000000005,0.13258791770283568
4.4755,-0.15408587194678283
4.476,-0.5707430975759799
4.4765,-0.7739924079397906
4.477,-0.6167573159382745
4.4775,-0.2821045692678596
4.478,-0.06193082534589944
4.4785,-0.04410562992311276
4.479,-0.06646832128505716
4.4795,0.06021502164762793
4.48,0.355851452722309
4.4805,0.6800181527545428
4.481,0.8596577387928528
4.4815000000000005,0.7961070450707972
4.482,0.5199653077105856
4.4825,0.19458342352311278
4.483,0.029280494110681808
4.4835,0.11780293006754931
4.484,0.3440622588439326
4.4845,0.486869789887399
4.485,0.43903828343561285
4.4855,0.2828898867739241
4.486,0.12758521556868477
4.4865,-0.0499795335768625
4.487,-0.3186068953788078
4.4875,-0.597078298309893
4.488,-0.6678484883149203
4.4885,-0.41837727681714854
4.489,0.003096762648117859
4.4895000000000005,0.32132171463959197
4.49,0.38873590404529706
4.4905,0.26707778376072316
4.491,0.09243395764647465
4.4915,-0.06318095005872319
4.492,-0.1808196518066161
4.4925,-0.22231552863385737
4.493,-0.15120388420900246
4.4935,-0.019902075617305125
4.494,0.043637708342955134
4.4945,-0.015811507567687927
4.495,-0.09371625464139866
4.4955,-0.05650246548409424
4.496,0.06701236005629035
4.4965,0.11558442691423862
4.497,0.02498589839857139
4.4975000000000005,-0.06732253226121887
4.498,-0.0028648824051501764
4.4985,0.17276498829203432
4.499,0.24604297097722377
4.4995,0.08710183739729567
4.5,-0.19464035135716998
4.5005,-0.35473259002231006
4.501,-0.24318297374565848
4.5015,0.06796902375852179
4.502,0.36075174707337265
4.5025,0.4650089401176953
4.503,0.37951607546323435
4.5035,0.21861433487142076
4.5040000000000004,0.0785337675563459
4.5045,-0.02087362718282974
4.505,-0.09320247508352576
4.5055000000000005,-0.1316255257132701
4.506,-0.10192687038987602
4.5065,0.0302812542445433
4.507,0.25227810086033975
4.5075,0.4561497512305112
4.508,0.4604509995498859
4.5085,0.14807834524496463
4.509,-0.37784859375523266
4.5095,-0.8058802162624535
4.51,-0.8480977904984497
4.5105,-0.4951201764142461
4.511,-0.03282991187414754
4.5115,0.20244247284956057
4.5120000000000005,0.09039344572493863
4.5125,-0.20443543525725555
4.513,-0.36761314906308107
4.5135000000000005,-0.15630219944458382
4.514,0.40618582309234064
4.5145,0.9875862933750851
4.515,1.1609806608403295
4.5155,0.7655377853902695
4.516,0.06608245660941117
4.5165,-0.48913920693177054
4.517,-0.6629876794607896
4.5175,-0.5555156375531952
4.518,-0.3797044789747607
4.5185,-0.207789584619525
4.519,0.015086358679552207
4.5195,0.2743918146928178
4.5200000000000005,0.41992358082175574
4.5205,0.3323089569408887
4.521,0.09511968383861474
4.5215000000000005,-0.05674351938073178
4.522,0.03690132015386883
4.5225,0.2991259129606565
4.523,0.482318355957474
4.5235,0.4030771325482722
4.524,0.11304322488421724
4.5245,-0.1677253690441691
4.525,-0.26975689649300144
4.5255,-0.20195000762563678
4.526,-0.08808428896220875
4.5265,-0.04045334771057626
4.527,-0.1020693922145966
4.5275,-0.24510473730948582
4.5280000000000005,-0.3804552490651615
4.5285,-0.3969076955625217
4.529,-0.24774820731500813
4.5295000000000005,-0.023839814560129374
4.53,0.09469358578569341
4.5305,0.01233220091905213
4.531,-0.16491137141557252
4.5315,-0.22958784195521995
4.532,-0.07894277353180323
4.5325,0.20606151748384902
4.533,0.4417648617690374
4.5335,0.4505063638582914
4.534,0.14984995900503847
4.5345,-0.35703099166595764
4.535,-0.773216037892894
4.5355,-0.7810335204424881
4.5360000000000005,-0.29294234015992476
4.5365,0.45323351592398914
4.537,1.044580125807702
4.5375000000000005,1.1662705051666902
4.538,0.8073370273288913
4.5385,0.25418357320085766
4.539,-0.13948186047550948
4.5395,-0.2197203212029758
4.54,-0.10019818260066707
4.5405,1.579640323017429e-05
4.541,-0.03643577956367566
4.5415,-0.15335884244068304
4.542,-0.20958647262316737
4.5425,-0.12392410163455439
4.543,0.05350873752364762
4.5435,0.20126856278974598
4.5440000000000005,0.2535115729487759
4.5445,0.25675196709126474
4.545,0.2896482005420726
4.5455,0.33901186920031995
4.546,0.28474164418121867
4.5465,0.02761651782634792
4.547,-0.36651445641169283
4.5475,-0.6737359683251588
4.548,-0.7004432372135088
4.5485,-0.4635031717935635
4.549,-0.1464251615929502
4.5495,0.10600304319600114
4.55,0.2752224727568784
4.5505,0.3581063333596071
4.551,0.29928180938683735
4.5515,0.11304843899435728
4.5520000000000005,-0.031164432146878644
4.5525,0.023929658921321297
4.553,0.21047700013093776
4.5535,0.29856847521607327
4.554,0.15474947295164077
4.5545,-0.1348376499006532
4.555,-0.36666984762476634
4.5555,-0.38141373954568186
4.556,-0.16550171510074355
4.5565,0.13060674507272615
4.557,0.2895987926415363
4.5575,0.21591877645600957
4.558,0.04127321527128947
4.5585,-0.018095217777517443
4.559,0.07166921801682559
4.5595,0.11309382892666396
4.5600000000000005,-0.05742793754712613
4.5605,-0.3317435131150009
4.561,-0.4482711707188505
4.5615,-0.313859977161114
4.562,-0.09940818906417136
4.5625,0.007570763747989146
4.563,0.05025395043896934
4.5635,0.21986591932109562
4.564,0.5533367926562662
4.5645,0.8086052210961728
4.565,0.7053571769979396
4.5655,0.2633236953264741
4.566,-0.18262566765753804
4.5665000000000004,-0.3292173731873553
4.567,-0.19261524337508545
4.5675,-0.005292938361785771
4.5680000000000005,0.09098993170156523
4.5685,0.14567402329277593
4.569,0.22538319683048583
4.5695,0.26525840311774784
4.57,0.1380522503126916
4.5705,-0.19332703560137543
4.571,-0.6165804953105414
4.5715,-0.9111826797565031
4.572,-0.8623820854271916
4.5725,-0.4377004356582937
4.573,0.11200424080202756
4.5735,0.40809590970510384
4.574,0.27984738775073076
4.5745000000000005,-0.059888163463271006
4.575,-0.22401543560091114
4.5755,-0.05405281858104147
4.5760000000000005,0.2347145262520208
4.5765,0.35078708114316703
4.577,0.2926906401153886
4.5775,0.30404642111453467
4.578,0.5010871282265267
4.5785,0.6940282954334934
4.579,0.6179365020830556
4.5795,0.24790025167447383
4.58,-0.1668829944446513
4.5805,-0.346746599674589
4.581,-0.23455525772843513
4.5815,-0.023618637789438464
4.582,0.04389825909079659
4.5825000000000005,-0.10712742257729005
4.583,-0.3583127608378938
4.5835,-0.5373431886731688
4.5840000000000005,-0.5433126766865921
4.5845,-0.36535608213872794
4.585,-0.06718362325848638
4.5855,0.20477413123191215
4.586,0.2735358239175402
4.5865,0.09102834815975056
4.587,-0.162734797340062
4.5875,-0.21579344460567076
4.588,0.030570905834827078
4.5885,0.38741324874953725
4.589,0.5410205424016901
4.5895,0.3477854898149761
4.59,-0.016617874360400884
4.5905000000000005,-0.21735216473402233
4.591,-0.0923332920996945
4.5915,0.1855306258520605
4.5920000000000005,0.2929445113868948
4.5925,0.08542571676388068
4.593,-0.27536792979680697
4.5935,-0.4916836561743591
4.594,-0.37697836966294657
4.5945,0.04806432444830416
4.595,0.6050332125095057
4.5955,1.0321778810668458
4.596,1.0705822105278828
4.5965,0.6105776165538291
4.597,-0.17695874822925975
4.5975,-0.8853503098424669
4.598,-1.1195072424934274
4.5985000000000005,-0.7713793755941823
4.599,-0.10285401661213169
4.5995,0.44909456550804905
4.6000000000000005,0.6037322900797443
4.6005,0.41491759781729926
4.601,0.14296177556021422
4.6015,-0.008271083945371483
4.602,-0.009513615233439044
4.6025,0.0700673078898399
4.603,0.16142052424698783
4.6035,0.19585664798073513
4.604,0.07893936132692804
4.6045,-0.23674044156826132
4.605,-0.6235178547693841
4.6055,-0.7944515242051238
4.606,-0.5398946187937304
4.6065000000000005,0.025546022878586316
4.607,0.498856963579673
4.6075,0.5379839067535619
4.6080000000000005,0.19707935243188318
4.6085,-0.12988798320637432
4.609,-0.130655968486008
4.6095,0.10377283840786912
4.61,0.21847571453914297
4.6105,0.0034152544042717345
4.611,-0.40721585752806055
4.6115,-0.707235827090184
4.612,-0.6876553825448624
4.6125,-0.3323331950097634
4.613,0.23238634294935406
4.6135,0.8036627710109785
4.614,1.1694334741556425
4.6145000000000005,1.19463261768522
4.615,0.8825133447968075
4.6155,0.3774680183935593
4.616,-0.09042121920554942
4.6165,-0.32266008371849964
4.617,-0.2778182194827058
4.6175,-0.0842468607405776
4.618,0.07884546306386743
4.6185,0.09774453818525022
4.619,-0.0467113910241705
4.6195,-0.2830918406250548
4.62,-0.4606692161352596
4.6205,-0.43809021220792216
4.621,-0.23470634594160877
4.6215,-0.06112507323069589
4.622,-0.11228621041103067
4.6225000000000005,-0.31354871611327517
4.623,-0.34978694906101293
4.6235,-0.01301455751399846
4.624,0.5057706264533702
4.6245,0.7444416397520882
4.625,0.42115913319405685
4.6255,-0.260187014416768
4.626,-0.7730956365305873
4.6265,-0.7300625230013998
4.627,-0.18822836341715612
4.6275,0.4502736101819093
4.628,0.7829938335183314
4.6285,0.6685974177979448
4.6290000000000004,0.24142495833995536
4.6295,-0.24105085894936973
4.63,-0.5539009750793936
4.6305000000000005,-0.583360425107349
4.631,-0.34958649739551695
4.6315,-0.00040235267487252497
4.632,0.24680914577468133
4.6325,0.22900312184637603
4.633,-0.04540404573232421
4.6335,-0.3992920074500632
4.634,-0.6170754474224212
4.6345,-0.5767236496439442
4.635,-0.28538587026131085
4.6355,0.1521914974624579
4.636,0.5756644978710563
4.6365,0.8252918834089857
4.6370000000000005,0.8163891120923553
4.6375,0.584087836525132
4.638,0.2542106873859742
4.6385000000000005,-0.04168401157422602
4.639,-0.2371295413827824
4.6395,-0.32572224918963066
4.64,-0.3015738976004799
4.6405,-0.13958920620840615
4.641,0.1499032968951615
4.6415,0.4769012994197367
4.642,0.7045666362809214
4.6425,0.7169340224055718
4.643,0.4806289218858933
4.6435,0.10445710499059202
4.644,-0.16974001471977396
4.6445,-0.13189074823830466
4.6450000000000005,0.18124511692682288
4.6455,0.4722589642933653
4.646,0.4435454327738293
4.6465000000000005,0.08429133880738617
4.647,-0.3239787694755163
4.6475,-0.49098737139018844
4.648,-0.3808208952849458
4.6485,-0.18984502017737667
4.649,-0.10768751576916907
4.6495,-0.13618845039602698
4.65,-0.12311279863063983
4.6505,0.0629127353473025
4.651,0.38027505933015776
4.6515,0.6100429594162997
4.652,0.5301534697123867
4.6525,0.12933247189771985
4.6530000000000005,-0.3762545695641778
4.6535,-0.755757624092287
4.654,-0.9438135642208775
4.6545000000000005,-0.9922564637363859
4.655,-0.9275668905596037
4.6555,-0.7361964127808849
4.656,-0.45590990156505795
4.6565,-0.1885245324017012
4.657,-0.002603367391877575
4.6575,0.1204717024560434
4.658,0.23188424263692603
4.6585,0.35706757414285495
4.659,0.494890902747322
4.6595,0.6228126764303303
4.66,0.6922194213406658
4.6605,0.6507771231468108
4.6610000000000005,0.47747706423288083
4.6615,0.19035181259050712
4.662,-0.15699853215156415
4.6625000000000005,-0.4610951535585326
4.663,-0.5787571565936391
4.6635,-0.42035585788023566
4.664,-0.06259146881676153
4.6645,0.27417916891725663
4.665,0.40199067964127017
4.6655,0.30201913485060317
4.666,0.08191052642742118
4.6665,-0.13587167495808233
4.667,-0.24423397909622466
4.6675,-0.15272957372325896
4.668,0.13671106283924478
4.6685,0.4622074258777431
4.6690000000000005,0.5930455433084666
4.6695,0.4344038968619588
4.67,0.12711998123538804
4.6705000000000005,-0.07825162280657988
4.671,-0.048407588937915455
4.6715,0.12961320350956282
4.672,0.25277479541998366
4.6725,0.1857456534830933
4.673,-0.05842091751774632
4.6735,-0.3705814885561415
4.674,-0.609224600108215
4.6745,-0.6198050888122246
4.675,-0.2997044198665993
4.6755,0.2693205519169192
4.676,0.7850092479497809
4.6765,0.9085507357765682
4.6770000000000005,0.5432166416509163
4.6775,-0.052040098942003336
4.678,-0.4455260945470014
4.6785,-0.3746192177502816
4.679,0.05561614508646535
4.6795,0.48736330488365504
4.68,0.6062978409466702
4.6805,0.35640420014588914
4.681,-0.059754127388827794
4.6815,-0.35621650035138763
4.682,-0.38382893327883255
4.6825,-0.22687770353520012
4.683,-0.08324034468338645
4.6835,-0.0484066956244941
4.684,-0.043459151008924966
4.6845,0.03921566622600764
4.6850000000000005,0.16305218312061973
4.6855,0.1646308581300014
4.686,-0.06302595469510913
4.6865,-0.44023621915612793
4.687,-0.7519572203728897
4.6875,-0.7960455871107679
4.688,-0.5002470567333405
4.6885,0.025429664450044923
4.689,0.516936519892472
4.6895,0.7064285741016724
4.69,0.527238149347073
4.6905,0.17033728564025039
4.691,-0.1022121090525112
4.6915000000000004,-0.1962830505940395
4.692,-0.2124527786569003
4.6925,-0.2585952059539711
4.6930000000000005,-0.3019446694893943
4.6935,-0.23565119765599754
4.694,-0.050790081180456914
4.6945,0.1130884475190559
4.695,0.1068502276528109
4.6955,-0.04693379913934983
4.696,-0.13640882021418166
4.6965,0.03183985582921821
4.697,0.38973551017535596
4.6975,0.615774727039903
4.698,0.4385483786071854
4.6985,-0.06772095852925022
4.699,-0.5252191595773257
4.6995000000000005,-0.6021877295658467
4.7,-0.30385879165901336
4.7005,0.08251184916254847
4.7010000000000005,0.29059862044757145
4.7015,0.2941363581991277
4.702,0.25050112793202917
4.7025,0.2816526686217806
4.703,0.35197475196260475
4.7035,0.35767307980186064
4.704,0.2739673621821097
4.7045,0.1603825488694858
4.705,0.06216489456516271
4.7055,-0.01547479683316248
4.706,-0.04924882681250423
4.7065,0.007660590546076397
4.707,0.14945645762856277
4.7075000000000005,0.269596622927877
4.708,0.22021985352784335
4.7085,-0.05485900006930258
4.7090000000000005,-0.43964587399731925
4.7095,-0.7338406036879063
4.71,-0.8414085852793001
4.7105,-0.8251896602739367
4.711,-0.7505461922514483
4.7115,-0.5600644816965864
4.712,-0.18615003215915468
4.7125,0.2704203132269904
4.713,0.5882021323801527
4.7135,0.6540595153229308
4.714,0.5636699742201723
4.7145,0.4774391437861023
4.715,0.4441597855066575
4.7155000000000005,0.40496433424549344
4.716,0.3286188691275073
4.7165,0.2820435618869216
4.7170000000000005,0.34491738699750707
4.7175,0.4725121918514672
4.718,0.4808659635317591
4.7185,0.20556543682713171
4.719,-0.2990612313606936
4.7195,-0.728921786552785
4.72,-0.7610374029164666
4.7205,-0.37094480274859065
4.721,0.10766478602928678
4.7215,0.2976029460879562
4.722,0.1387285907927385
4.7225,-0.11162644895634576
4.723,-0.20311648861075265
4.7235000000000005,-0.13262868666699254
4.724,-0.06639249106892421
4.7245,-0.11393867485220936
4.7250000000000005,-0.20759734011004297
4.7255,-0.15115092564412447
4.726,0.2130063276123612
4.7265,0.8076097896471555
4.727,1.273721859638482
4.7275,1.2165318571572705
4.728,0.589158294807468
4.7285,-0.18729613063781958
4.729,-0.5647263134691594
4.7295,-0.3546644773368117
4.73,0.14846697821573895
4.7305,0.4999443139139469
4.731,0.48362806183528784
4.7315000000000005,0.1711278844143243
4.732,-0.26547968993358123
4.7325,-0.6912680530488317
4.7330000000000005,-0.9873606106661716
4.7335,-1.0193940296187356
4.734,-0.7303369714713281
4.7345,-0.2611091669401085
4.735,0.0990521926151201
4.7355,0.1423115040410002
4.736,-0.06971109777394725
4.7365,-0.26983808284610716
4.737,-0.26206207482213983
4.7375,-0.1252456363539098
4.738,-0.09874119570884676
4.7385,-0.2651306306234877
4.739,-0.419232466714182
4.7395000000000005,-0.30331122692990603
4.74,0.06861740585162461
4.7405,0.3859004076277359
4.741,0.3491789341761401
4.7415,-0.022336421332476656
4.742,-0.3965523725660512
4.7425,-0.4276795660407853
4.743,-0.06273469480661753
4.7435,0.4092569920585946
4.744,0.6003558180493069
4.7445,0.35252986554131915
4.745,-0.13062184663761042
4.7455,-0.46756275730335295
4.746,-0.435015581414363
4.7465,-0.14857486025967398
4.747,0.07613793626756282
4.7475000000000005,0.03731157714956521
4.748,-0.1697019188331206
4.7485,-0.25903898206400505
4.749,-0.0254230338428484
4.7495,0.47310759119921153
4.75,0.9502568358895527
4.7505,1.0922880824309738
4.751,0.7981557894808121
4.7515,0.3028835722624911
4.752,0.03343747011003617
4.7525,0.23743543750732873
4.753,0.7135875222762424
4.7535,0.9652561518377113
4.7540000000000004,0.6801323295819688
4.7545,0.052205952603003994
4.755,-0.41503321340744526
4.7555000000000005,-0.43140539695937324
4.756,-0.19206899441775185
4.7565,-0.09932652950646764
4.757,-0.29408132090512995
4.7575,-0.5603075615340604
4.758,-0.6390897248744286
4.7585,-0.48314986889169853
4.759,-0.18226559925791755
4.7595,0.2010193731478957
4.76,0.6063483077010852
4.7605,0.8678044439275058
4.761,0.7812276416201697
4.7615,0.32449358969544423
4.7620000000000005,-0.24145952493055717
4.7625,-0.5433415306048427
4.763,-0.39942335822766173
4.7635000000000005,0.016087402922749416
4.764,0.31410801107304404
4.7645,0.2353380424897765
4.765,-0.12751736488800086
4.7655,-0.46061345261190695
4.766,-0.565527921282557
4.7665,-0.5294994481610973
4.767,-0.5576818072422972
4.7675,-0.679740165081004
4.768,-0.6822218436067702
4.7685,-0.36022935456987604
4.769,0.1969553173893289
4.7695,0.6294780274033189
4.7700000000000005,0.6266082543027922
4.7705,0.19684932249311918
4.771,-0.36066332243458366
4.7715000000000005,-0.7012170784627374
4.772,-0.6658832772054326
4.7725,-0.3486139857090361
4.773,0.013267401861794342
4.7735,0.2220280660736439
4.774,0.23925933707277014
4.7745,0.17543554368245287
4.775,0.17850917197116747
4.7755,0.31261904280227293
4.776,0.5215744630047401
4.7765,0.690930219359528
4.777,0.7286252319951658
4.7775,0.5991029938867115
4.7780000000000005,0.3300990081938403
4.7785,0.02272080103181425
4.779,-0.1713215888879908
4.7795000000000005,-0.14674174847150415
4.78,0.05669994111356317
4.7805,0.2881641604852667
4.781,0.4343851083543969
4.7815,0.4967087222098605
4.782,0.5151227690596918
4.7825,0.4769942560247921
4.783,0.3300531323075016
4.7835,0.04599173134943827
4.784,-0.34282990766320676
4.7845,-0.7281505052463819
4.785,-0.9439535063493163
4.7855,-0.8672373254971387
4.7860000000000005,-0.5439645058680413
4.7865,-0.18347369789155107
4.787,0.00606752786150877
4.7875000000000005,-0.03068614597141823
4.788,-0.19707383542532558
4.7885,-0.34334818192798716
4.789,-0.34689783113639755
4.7895,-0.1584360765779888
4.79,0.14651065696584284
4.7905,0.3570138368577917
4.791,0.26346926451266883
4.7915,-0.11355940086159502
4.792,-0.4800749120064985
4.7925,-0.5507944792875993
4.793,-0.35512360995143066
4.7935,-0.17583266512224988
4.7940000000000005,-0.2017916739943185
4.7945,-0.3319352486309288
4.795,-0.3223338030389183
4.7955000000000005,-0.04557951096485207
4.796,0.41624254204772443
4.7965,0.8698655444770695
4.797,1.1534417778783739
4.7975,1.2123881009632131
4.798,1.0916409118843657
4.7985,0.8781434009196711
4.799,0.6465872884217573
4.7995,0.4344964687901323
4.8,0.2273585529204408
4.8005,-0.03752658033530666
4.801,-0.3986980479429284
4.8015,-0.7637974621174105
4.8020000000000005,-0.9125486036384399
4.8025,-0.674970092188282
4.803,-0.13361608993233584
4.8035,0.38213838441380965
4.804,0.5536634462710277
4.8045,0.34620645010076434
4.805,0.009003657257188196
4.8055,-0.19944447009441024
4.806,-0.244356183080164
4.8065,-0.2559125840587043
4.807,-0.3140529681937296
4.8075,-0.381678370747765
4.808,-0.42040726871092104
4.8085,-0.45202735661161103
4.809,-0.46450825562451087
4.8095,-0.35742132415288314
4.8100000000000005,-0.08388676806785232
4.8105,0.20085271116864306
4.811,0.2691207648246245
4.8115,0.1166102609547604
4.812,0.0076471939833238824
4.8125,0.16973583614272875
4.813,0.5196537726774759
4.8135,0.742986548802427
4.814,0.5987616282633975
4.8145,0.11458813539115305
4.815,-0.46537189274924634
4.8155,-0.8550054348614302
4.816,-0.8632732969987222
4.8165000000000004,-0.47005050141199217
4.817,0.13436853962591883
4.8175,0.60933679170908
4.8180000000000005,0.6735186310035681
4.8185,0.3273214522987822
4.819,-0.13845527622912435
4.8195,-0.3841791250300139
4.82,-0.2919261484691459
4.8205,-0.023192664013381367
4.821,0.1676013483415894
4.8215,0.17800314219425542
4.822,0.11938989618767984
4.8225,0.13307515355713256
4.823,0.18782695750500467
4.8235,0.12595699238153896
4.824,-0.1033966630347306
4.8245000000000005,-0.34800697081845905
4.825,-0.4236470925262249
4.8255,-0.30548264018199917
4.8260000000000005,-0.08518075480721302
4.8265,0.20037101604422014
4.827,0.5895808016610734
4.8275,1.041645675095912
4.828,1.3547047814130275
4.8285,1.3085469945336685
4.829,0.8778700309907145
4.8295,0.25866816256241304
4.83,-0.31208788447233676
4.8305,-0.7100669491648334
4.831,-0.9096359338563299
4.8315,-0.9222232813588567
4.832,-0.8028984066203695
4.8325000000000005,-0.6448298751628935
4.833,-0.4985386093032181
4.8335,-0.3342211759447237
4.8340000000000005,-0.12635776814959773
4.8345,0.07076708508431154
4.835,0.17623688682151173
4.8355,0.16608973633792298
4.836,0.06174340857473993
4.8365,-0.1094251611862572
4.837,-0.28015300819059125
4.8375,-0.31571806390884
4.838,-0.10969225211291211
4.8385,0.27455884886335014
4.839,0.6037332164110102
4.8395,0.6618799405250146
4.84,0.4584631372881124
4.8405000000000005,0.23479545709842187
4.841,0.22985873129219123
4.8415,0.43796002798732
4.8420000000000005,0.6190920737221242
4.8425,0.5342633532142202
4.843,0.14647617098464796
4.8435,-0.37867568493476617
4.844,-0.8141327462177946
4.8445,-1.0045982767565043
4.845,-0.9091674199934999
4.8455,-0.5813391345881761
4.846,-0.14901222631675387
4.8465,0.20417993768861054
4.847,0.3047977837570092
4.8475,0.10765522513778505
4.848,-0.22518821238594008
4.8485000000000005,-0.4083659101162523
4.849,-0.27376571496208174
4.8495,0.05553900795046414
4.8500000000000005,0.29150435402958064
4.8505,0.30835715214589543
4.851,0.2747021157566366
4.8515,0.40470416397016995
4.852,0.6502423309883176
4.8525,0.7469384581073207
4.853,0.5456453922440788
4.8535,0.18603805765601583
4.854,-0.09395718199820285
4.8545,-0.2383286456648767
4.855,-0.3869355171045996
4.8555,-0.6324946301515023
4.856,-0.8407373172973737
4.8565000000000005,-0.7628258901097497
4.857,-0.3248133944964716
4.8575,0.23262611667730645
4.8580000000000005,0.5399437762029965
4.8585,0.42764902102972546
4.859,0.06114263364765733
4.8595,-0.23419547574433908
4.86,-0.26084734732402376
4.8605,-0.08921953521405634
4.861,0.041541056045700964
4.8615,-0.03304554115496786
4.862,-0.21993780926208048
4.8625,-0.2448665070049741
4.863,0.03594386203410759
4.8635,0.4236078613552576
4.864,0.5663720811579566
4.8645000000000005,0.37114692502329844
4.865,0.12118255198948927
4.8655,0.12922874708566226
4.866,0.3682037643029982
4.8665,0.5485678323496327
4.867,0.5063029648527801
4.8675,0.368855378269928
4.868,0.3109599928946134
4.8685,0.28999843765929467
4.869,0.143330445024777
4.8695,-0.12236767400910241
4.87,-0.2923924215983034
4.8705,-0.21733513127730214
4.871,-0.015864663915312868
4.8715,0.062485257488488904
4.872,-0.07611305071672221
4.8725000000000005,-0.2935024828744793
4.873,-0.4143226790095356
4.8735,-0.4216710144641836
4.874,-0.43060335661763977
4.8745,-0.5185440843884843
4.875,-0.6376180974324013
4.8755,-0.6874408002004133
4.876,-0.6269363146105298
4.8765,-0.4909707725525065
4.877,-0.32150501492989286
4.8775,-0.11767738387726122
4.878,0.14691218308092208
4.8785,0.4763187367615495
4.8790000000000004,0.807530205659639
4.8795,0.9987399580649986
4.88,0.9144933626375142
4.8805000000000005,0.582872328463942
4.881,0.23207672476604096
4.8815,0.09333616599201171
4.882,0.17212236376604031
4.8825,0.27516666680420426
4.883,0.2570780595423213
4.8835,0.15750424558738207
4.884,0.06646097687181643
4.8845,-0.04970545673241197
4.885,-0.2836681587183163
4.8855,-0.5758456483836776
4.886,-0.6899857959916221
4.8865,-0.46603069621943144
4.8870000000000005,-0.043130008172146246
4.8875,0.24687025808157742
4.888,0.19997825566956182
4.8885000000000005,-0.08370054305399213
4.889,-0.3082221920651033
4.8895,-0.22325345974757588
4.89,0.18499768290714821
4.8905,0.655978955128573
4.891,0.8125397258996534
4.8915,0.4389071996148715
4.892,-0.32546648412556334
4.8925,-1.0472245485350906
4.893,-1.2873899059506182
4.8935,-0.9032910349227518
4.894,-0.13793336893713184
4.8945,0.560831323593373
4.8950000000000005,0.8447422537105599
4.8955,0.6728006284937299
4.896,0.28770230177822104
4.8965000000000005,-0.005486085305412354
4.897,-0.07655784318761401
4.8975,-0.02926229000391661
4.898,-0.04896166606614278
4.8985,-0.2012584508996602
4.899,-0.3808768881173754
4.8995,-0.44432259732440543
4.9,-0.3648597082352045
4.9005,-0.24602135833230274
4.901,-0.20529206083890256
4.9015,-0.25521028680949487
4.902,-0.2710152690412201
4.9025,-0.07578656027543726
4.9030000000000005,0.37528697914824927
4.9035,0.85968166151453
4.904,1.0132190825809997
4.9045000000000005,0.6797815083830201
4.905,0.10477663437615087
4.9055,-0.3005667064090763
4.906,-0.36004551666595247
4.9065,-0.21330353828494422
4.907,-0.04471566654753037
4.9075,0.11418051586256417
4.908,0.28751147558227064
4.9085,0.4121809934503545
4.909,0.39247055761472927
4.9095,0.23650754633485788
4.91,0.06860172848063968
4.9105,0.02410119581279526
4.9110000000000005,0.14606604781812077
4.9115,0.34798730515066423
4.912,0.46238535363853317
4.9125000000000005,0.3646924872786734
4.913,0.08843652077685847
4.9135,-0.18671916106588005
4.914,-0.28788844695743304
4.9145,-0.19215814848347587
4.915,-0.009860528250568526
4.9155,0.14003252779249956
4.916,0.19008265201471228
4.9165,0.08869881051928025
4.917,-0.1958916223000668
4.9175,-0.5816247382071773
4.918,-0.842315345080849
4.9185,-0.7683551470601903
4.9190000000000005,-0.3817442703006312
4.9195,0.05140891704506165
4.92,0.2507603988952729
4.9205000000000005,0.1577790675622291
4.921,-0.05786507707295026
4.9215,-0.20514084037431632
4.922,-0.2559171610432513
4.9225,-0.3115388724949997
4.923,-0.42242735427073896
4.9235,-0.5102636646413965
4.924,-0.48535127170911063
4.9245,-0.37435424435524334
4.925,-0.2792533103259735
4.9255,-0.24310985000509167
4.926,-0.20868179169075313
4.9265,-0.09350583377800395
4.9270000000000005,0.14075256964115637
4.9275,0.46991487955360056
4.928,0.7905769971358177
4.9285,0.9408736755146868
4.929,0.8351859651344653
4.9295,0.6010674436471826
4.93,0.5001336036829297
4.9305,0.6560179251211589
4.931,0.893963051267004
4.9315,0.9002405881485493
4.932,0.5362820247261675
4.9325,-0.03666288288422935
4.933,-0.533133260566754
4.9335,-0.7857880718229556
4.934,-0.7896277409943077
4.9345,-0.5738685436801592
4.9350000000000005,-0.14159485674016123
4.9355,0.42144972359019517
4.936,0.8572692393361738
4.9365,0.8777123306219099
4.937,0.43752097492851494
4.9375,-0.18665495423548295
4.938,-0.6186460491939088
4.9385,-0.6590450928942504
4.939,-0.37763077743249646
4.9395,-0.030316181894615782
4.94,0.11214422671391852
4.9405,-0.04943588644576916
4.941,-0.3761606032491389
4.9415000000000004,-0.6240365203699967
4.942,-0.6473232407923267
4.9425,-0.4832134108741736
4.9430000000000005,-0.28410694935354164
4.9435,-0.19618178759018334
4.944,-0.27563655248266544
4.9445,-0.4646472393257237
4.945,-0.6164980939115252
4.9455,-0.5782977884943451
4.946,-0.3189057205613855
4.9465,0.011320209161313155
4.947,0.21034535474681
4.9475,0.24309413833295077
4.948,0.26599114285166475
4.9485,0.39140851313604
4.949,0.5063843237515528
4.9495000000000005,0.41198235388079507
4.95,0.10034263364243133
4.9505,-0.19765681204431954
4.9510000000000005,-0.23865057587463825
4.9515,0.010641812421221582
4.952,0.3668417633654294
4.9525,0.6027320699518423
4.953,0.6303088910828322
4.9535,0.5431002018207557
4.954,0.486280410564915
4.9545,0.49184851619357267
4.955,0.4666469910364782
4.9555,0.3398228802888225
4.956,0.16891499192180576
4.9565,0.06324655278780217
4.957,0.03574644731681785
4.9575000000000005,-0.011451815212234746
4.958,-0.15061650093318452
4.9585,-0.33058820927152627
4.9590000000000005,-0.44441864614984816
4.9595,-0.4550936280175851
4.96,-0.41264698243641523
4.9605,-0.3695397955718308
4.961,-0.31733108003071975
4.9615,-0.19896067146955365
4.962,0.030786192556146563
4.9625,0.33038759043809096
4.963,0.5408654586663638
4.9635,0.4810544998624803
4.964,0.1353664552576329
4.9645,-0.26377230729788337
4.965,-0.40485483611351836
4.9655000000000005,-0.19585783838485152
4.966,0.10805519240946125
4.9665,0.11808583949845898
4.9670000000000005,-0.3026414079945402
4.9675,-0.8642305290291157
4.968,-1.092093166256409
4.9685,-0.765519921172335
4.969,-0.11502488091740286
4.9695,0.41173526881427747
4.97,0.560081592118791
4.9705,0.4410384080584888
4.971,0.3352477361282655
4.9715,0.38404021608253164
4.972,0.4958007130607957
4.9725,0.5153911764929914
4.973,0.4217135416814727
4.9735000000000005,0.33707431173177943
4.974,0.37115013716403494
4.9745,0.4858837500837476
4.9750000000000005,0.5233854322255632
4.9755,0.37388110651911066
4.976,0.1111678567981939
4.9765,-0.07623526783879832
4.977,-0.1145022008264069
4.9775,-0.15829121646629962
4.978,-0.40671914247471325
4.9785,-0.8225483623296441
4.979,-1.1190081210732354
4.9795,-1.0546256723417615
4.98,-0.6819463004269223
4.9805,-0.26133302038057615
4.981,0.02265444362450974
4.9815000000000005,0.19251119840394915
4.982,0.34170897271490047
4.9825,0.43622778178609267
4.9830000000000005,0.30667610667649636
4.9835,-0.13127452545048898
4.984,-0.667369376366528
4.9845,-0.8875760058210066
4.985,-0.5391769145596113
4.9855,0.19725314903263985
4.986,0.8253856727680423
4.9865,0.945814823046771
4.987,0.588697109851618
4.9875,0.15862337789097414
4.988,0.04045868983691059
4.9885,0.2519821864067227
4.989,0.48007131537334624
4.9895000000000005,0.4277640837314218
4.99,0.0952624392760554
4.9905,-0.26052213169558797
4.9910000000000005,-0.3914281690184264
4.9915,-0.2673295954079498
4.992,-0.06260869466592377
4.9925,0.017914206548471676
4.993,-0.10452838215955372
4.9935,-0.35979911848932156
4.994,-0.6130670665896426
4.9945,-0.7533498033049996
4.995,-0.7262347173839634
4.9955,-0.5282663831696448
4.996,-0.20150434317898996
4.9965,0.16583738707464
4.997,0.4574845751650123
4.9975000000000005,0.5818682913512997
4.998,0.5326023944287789
4.9985,0.3971079175722329
4.999,0.2825044257645636
4.9995,0.2175552872298227
5.0,0.02522727095193839
5.0005,0.002142074101134733
5.001,-0.025190711552130655
5.0015,-0.03986335894607371
5.002,-0.030957231427843013
5.0025,0.001760393012707995
5.003,0.054089624176168916
5.0035,0.11803571453876693
5.0040000000000004,0.17254290962026966
5.0045,0.18281794814843919
5.005,0.12562165989851373
5.0055000000000005,0.022212949472245187
5.006,-0.06633537302995948
5.0065,-0.09183891424272632
5.007,-0.06497522851731664
5.0075,-0.0387055779900533
5.008,-0.0489252698988145
5.0085,-0.08235697612683962
5.009,-0.10105830076090201
5.0095,-0.08538603169345392
5.01,-0.04795961582042831
5.0105,-0.013065615352445617
5.011,0.00880597984542944
5.0115,0.023711312485334007
5.0120000000000005,0.0372214165434209
5.0125,0.04396713666505871
5.013,0.03744888872376566
5.0135000000000005,0.02445936862172103
5.014,0.023097567025411152
5.0145,0.04348757593358661
5.015,0.07069780110275416
5.0155,0.07235529268830834
5.016,0.029534588536472804
5.0165,-0.04158964958866661
5.017,-0.10308939312242608
5.0175,-0.12747539959646514
5.018,-0.11320771454885978
5.0185,-0.07390987193817926
5.019,-0.022372167275950677
5.0195,0.031029689993236534
5.0200000000000005,0.0705939914219079
5.0205,0.07764451254636523
5.021,0.046999056512870355
5.0215000000000005,-0.002720472983525103
5.022,-0.041509489448842286
5.0225,-0.0517693124210973
5.023,-0.03826571800695165
5.0235,-0.015729241463239518
5.024,0.007092601937656351
5.0245,0.025471692279068144
5.025,0.02864310572811708
5.0255,0.007260646539831651
5.026,-0.029466736260951303
5.0265,-0.05853191055256172
5.027,-0.06647199474940765
5.0275,-0.056322361757870115
5.0280000000000005,-0.032812408016076836
5.0285,0.0032383890592903447
5.029,0.0405230392751499
5.0295000000000005,0.05143253809964371
5.03,0.015801658862460544
5.0305,-0.049688690611935385
5.031,-0.09692366961753716
5.0315,-0.08714456356839548
5.032,-0.023599999777563684
5.0325,0.05400606539528394
5.033,0.09829704790939564
5.0335,0.08192497933767291
5.034,0.01702611589653623
5.0345,-0.044236109719413774
5.035,-0.04231945217559532
5.0355,0.0402571574731323
5.0360000000000005,0.1564069607234008
5.0365,0.22343172839807032
5.037,0.18450502323232484
5.0375000000000005,0.056412342925304414
5.038,-0.07778595147573444
5.0385,-0.13303115496132795
5.039,-0.09187672903431006
5.0395,-0.012511384383630504
5.04,0.03448341178443971
5.0405,0.0310573646317649
5.041,0.008300204734635845
5.0415,-0.007607440918926248
5.042,-0.023851512323083413
5.0425,-0.054848875947733966
5.043,-0.08963247065948647
5.0435,-0.09997797185202813
5.0440000000000005,-0.07298329880664542
5.0445,-0.024290740769537997
5.045,0.01632843277315424
5.0455000000000005,0.025251220252635202
5.046,-0.000627639178331689
5.0465,-0.038876477854350486
5.047,-0.05613544660067919
5.0475,-0.03794208768026353
5.048,-0.003228848027770844
5.0485,0.01456951436066637
5.049,-0.0013486805625436767
5.0495,-0.03846979982039702
5.05,-0.06663015244664289
5.0505,-0.059697041931880586
5.051,-0.013153540669081889
5.0515,0.04973664823735355
5.0520000000000005,0.0892415148296327
5.0525,0.07885272922832784
5.053,0.032833535570912266
5.0535000000000005,-0.0015046529102310663
5.054,0.011933973365225562
5.0545,0.06271014254758774
5.055,0.10693437690068266
5.0555,0.1119895266644984
5.056,0.08338883652174656
5.0565,0.05129216679303542
5.057,0.03840268660394934
5.0575,0.041637709197840156
5.058,0.03916105312088679
5.0585,0.011680000607439484
5.059,-0.04256758133852548
5.0595,-0.11076289560092081
5.0600000000000005,-0.17687220974867432
5.0605,-0.22657432392793647
5.061,-0.248600425466458
5.0615,-0.24085464027994996
5.062,-0.21152742924558937
5.0625,-0.16478978386841595
5.063,-0.0912289667065966
5.0635,0.011809560710828004
5.064,0.11329005466724439
5.0645,0.1637682766128989
5.065,0.1455318085788451
5.0655,0.09397906108612662
5.066,0.06296086638439408
5.0665000000000004,0.07797204552953242
5.067,0.12320226349670507
5.0675,0.1599026935092778
5.0680000000000005,0.15271648934623425
5.0685,0.09132195354434679
5.069,-0.0005424214330287365
5.0695,-0.07623623680903913
5.07,-0.09493145912717799
5.0705,-0.05112087072418202
5.071,0.019638572225501152
5.0715,0.06928815929826218
5.072,0.07481180778532953
5.0725,0.047522711178710264
5.073,0.013744242866347536
5.0735,-0.00374765584501108
5.074,0.00628891647671909
5.0745000000000005,0.03669451083860341
5.075,0.06382931501972085
5.0755,0.06831847710032082
5.0760000000000005,0.05239710625509711
5.0765,0.02940085214444095
5.077,0.002483555218913346
5.0775,-0.035753455721753064
5.078,-0.08506105465503046
5.0785,-0.1288061794156577
5.079,-0.1461717202068196
5.0795,-0.1294404801664862
5.08,-0.09029834526893184
5.0805,-0.05437926889675566
5.081,-0.0462947642845009
5.0815,-0.0690777686800759
5.082,-0.0965744379249744
5.0825000000000005,-0.09583163818058618
5.083,-0.06111490008687657
5.0835,-0.01918288091677637
5.0840000000000005,0.0008385126918222644
5.0845,-0.004900145319160073
5.085,-0.01880996858450202
5.0855,-0.024918605529258016
5.086,-0.024151002964570574
5.0865,-0.03006443924252425
5.087,-0.0502563556971191
5.0875,-0.07028273624247268
5.088,-0.0601028890018089
5.0885,-0.00517351741160711
5.089,0.06674796963518981
5.0895,0.10008429616033784
5.09,0.06575214301144279
5.0905000000000005,0.0006072382904234556
5.091,-0.02143132229167747
5.0915,0.03379333803034462
5.0920000000000005,0.12008859675551842
5.0925,0.15645662566722177
5.093,0.10972740998629471
5.0935,0.022821353372054157
5.094,-0.03738505352901816
5.0945,-0.0471630895065739
5.095,-0.03363277116179805
5.0955,-0.026386874131285706
5.096,-0.020735846096082554
5.0965,0.004800294443048882
5.097,0.04751814143141386
5.0975,0.07307919064581514
5.098,0.051545678926828306
5.0985000000000005,-0.007668472012285563
5.099,-0.061396194856559755
5.0995,-0.06899978289568261
5.1000000000000005,-0.02229492133077781
5.1005,0.05169005009281181
5.101,0.11013362739877659
5.1015,0.11915904444080049
5.102,0.06875414177988691
5.1025,-0.024466990167418205
5.103,-0.12014638538066376
5.1035,-0.16658481862150082
5.104,-0.13292639899950082
5.1045,-0.04420177071281582
5.105,0.02543749204157636
5.1055,0.015021633373675498
5.106,-0.060791993544525205
5.1065000000000005,-0.12086287721696139
5.107,-0.09859627506646164
5.1075,-0.011153622071854274
5.1080000000000005,0.06219199794069471
5.1085,0.06976794932019945
5.109,0.03897063731398658
5.1095,0.03103885146937954
5.11,0.06453525449403752
5.1105,0.10399096326730042
5.111,0.11229166452838647
5.1115,0.08808308158253814
5.112,0.05064094955372132
5.1125,0.010101444408521414
5.113,-0.03440428468909022
5.1135,-0.07606842086032146
5.114,-0.096702005152826
5.1145000000000005,-0.0871251065221727
5.115,-0.06157957859859467
5.1155,-0.04516064867021841
5.1160000000000005,-0.05305048326328817
5.1165,-0.08378382240278834
5.117,-0.122302846072244
5.1175,-0.1448990904548107
5.118,-0.13049935690731276
5.1185,-0.07708758554179082
5.119,-0.008044508234559145
5.1195,0.04221319002261701
5.12,0.05327006730549637
5.1205,0.03365834096510622
5.121,0.01471265614105879
5.1215,0.02620721523471051
5.122,0.06806201165553225
5.1225000000000005,0.10533844087422711
5.123,0.10196222057256793
5.1235,0.061126864688771564
5.124,0.021929311891128518
5.1245,0.015308996979694888
5.125,0.033862242822503684
5.1255,0.04535753874586534
5.126,0.025100436213756634
5.1265,-0.026245766689415896
5.127,-0.08490645159029771
5.1275,-0.11763704298343264
5.128,-0.10261126950827097
5.1285,-0.04935936331114461
5.1290000000000004,0.0018851754236854854
5.1295,0.01005005841002533
5.13,-0.031937598562967656
5.1305000000000005,-0.09186890341449479
5.131,-0.12511213588271403
5.1315,-0.10546319009180846
5.132,-0.038955192308804135
5.1325,0.04177428989188359
5.133,0.09996649766257705
5.1335,0.12024844123414603
5.134,0.11025420911802206
5.1345,0.0763721215756546
5.135,0.0128642314738621
5.1355,-0.07282970400249651
5.136,-0.13805766245104475
5.1365,-0.13225403063653454
5.1370000000000005,-0.04927803099180218
5.1375,0.060478021874082244
5.138,0.13155935304152125
5.1385000000000005,0.12780587496590498
5.139,0.05283173925971914
5.1395,-0.058638219712378745
5.14,-0.1505374525220565
5.1405,-0.16714145694635837
5.141,-0.09045135068283358
5.1415,0.03686979683179158
5.142,0.13501773063653372
5.1425,0.1466560003350626
5.143,0.08012051576133644
5.1435,-0.005940237528665001
5.144,-0.05746904907014688
5.1445,-0.061353767774412704
5.1450000000000005,-0.03806796401534207
5.1455,-0.016335169789372918
5.146,-0.01587673608845078
5.1465000000000005,-0.038775240887209614
5.147,-0.0687997276562082
5.1475,-0.0841182741778709
5.148,-0.07492290636822058
5.1485,-0.048263383184181274
5.149,-0.01787286301498689
5.1495,0.007550370882956514
5.15,0.028071168878270596
5.1505,0.04858689119110729
5.151,0.07029319302396674
5.1515,0.08406351806075688
5.152,0.07714625815970907
5.1525,0.0523440347743689
5.1530000000000005,0.0347687279397277
5.1535,0.04662583806094927
5.154,0.07448462116462226
5.1545000000000005,0.07705422186087701
5.155,0.03519309938093087
5.1555,-0.018605258506102486
5.156,-0.03728137166998755
5.1565,-0.019614695964156978
5.157,-0.013664773372730008
5.1575,-0.05537217478992506
5.158,-0.11920851683847132
5.1585,-0.14317886882834727
5.159,-0.09824966427186127
5.1595,-0.020539287165217798
5.16,0.026321366256467516
5.1605,0.01046782363599571
5.1610000000000005,-0.04919990194417943
5.1615,-0.11094397909613023
5.162,-0.14453396376251842
5.1625000000000005,-0.14092312407425125
5.163,-0.10490966937039095
5.1635,-0.05078896503446947
5.164,0.000780132227392219
5.1645,0.03496451387473842
5.165,0.05217477957714364
5.1655,0.058599024663007475
5.166,0.05345664528311225
5.1665,0.0365437707249962
5.167,0.0209770010449004
5.1675,0.020823934863333324
5.168,0.02536230674036892
5.1685,0.0020200741901153845
5.1690000000000005,-0.06513385702568099
5.1695,-0.14769739595461515
5.17,-0.19472034783161632
5.1705000000000005,-0.17826892766785726
5.171,-0.10805478058464435
5.1715,-0.010321143076811217
5.172,0.08661419482685559
5.1725,0.14706392270298152
5.173,0.13709113180827184
5.1735,0.05992265782756223
5.174,-0.02785336548508455
5.1745,-0.056845864145615696
5.175,-0.006323967932973133
5.1755,0.08132756844447234
5.176,0.1435981131992182
5.1765,0.14601416933156497
5.1770000000000005,0.09608018663010678
5.1775,0.030612477801721622
5.178,-0.007244903115749992
5.1785000000000005,0.0032934640933082494
5.179,0.04278397516245362
5.1795,0.06767302353519
5.18,0.05025053740117865
5.1805,0.0011547768207967844
5.181,-0.047054457988417356
5.1815,-0.07267696525697107
5.182,-0.0783545597415672
5.1825,-0.0763038994288994
5.183,-0.06865480480984461
5.1835,-0.04927045213379722
5.184,-0.022277323327054392
5.1845,-0.005817129065989775
5.1850000000000005,-0.010210404870264062
5.1855,-0.02177120295236711
5.186,-0.018182320486083866
5.1865,0.005149997021774218
5.187,0.030810405609270796
5.1875,0.03666953653716575
5.188,0.013559683141875894
5.1885,-0.028781725488688015
5.189,-0.06984739077362377
5.1895,-0.09512249955858885
5.19,-0.10480701366316063
5.1905,-0.10519868437299276
5.191,-0.09824144602136739
5.1915000000000004,-0.08622589001179409
5.192,-0.08055678863919358
5.1925,-0.09234137618140323
5.1930000000000005,-0.11124757244617114
5.1935,-0.10634750611009094
5.194,-0.059316421302077524
5.1945,0.008732996254941427
5.195,0.05401998671125204
5.1955,0.051632701195369515
5.196,0.014718142818274976
5.1965,-0.022541478839732308
5.197,-0.03376082075279739
5.1975,-0.016387806866636476
5.198,0.011269238218133575
5.1985,0.027346772259569132
5.199,0.026686950143670538
5.1995000000000005,0.027368558390453254
5.2,0.055400887156681844
5.2005,0.11871409999759883
5.2010000000000005,0.1913869871536362
5.2015,0.2237985921355375
5.202,0.17825120800220132
5.2025,0.0653965678274924
5.203,-0.0550390218863077
5.2035,-0.11889969306148744
5.204,-0.10924323376159505
5.2045,-0.0639335140051302
5.205,-0.03260719705474217
5.2055,-0.029425389574303903
5.206,-0.029536179966412786
5.2065,-0.007570076840550037
5.207,0.027953633073433317
5.2075000000000005,0.04218004151076027
5.208,0.01292314943652463
5.2085,-0.04242895161524631
5.2090000000000005,-0.08153814901115425
5.2095,-0.08067291920233846
5.21,-0.06258747177915658
5.2105,-0.07337851358361029
5.211,-0.1269092111943923
5.2115,-0.1797339281226542
5.212,-0.1707807399793933
5.2125,-0.08517190316540198
5.213,0.026674363054692785
5.2135,0.09430183893025926
5.214,0.09086052301524487
5.2145,0.05265490336615583
5.215,0.03568168292846056
5.2155000000000005,0.05484893135455708
5.216,0.07260717307242671
5.2165,0.04893651994639288
5.2170000000000005,-0.008476421398364957
5.2175,-0.053862834420129686
5.218,-0.057098043596937514
5.2185,-0.03457236904680062
5.219,-0.02471671747202661
5.2195,-0.042943010518468674
5.22,-0.06776005379502525
5.2205,-0.06769657054584462
5.221,-0.03468288707151572
5.2215,0.01010441703897383
5.222,0.03772469135072165
5.2225,0.03489155407177537
5.223,0.01009644319368698
5.2235000000000005,-0.015762460994840355
5.224,-0.023873192050272787
5.2245,-0.011296229731374157
5.2250000000000005,0.0042258351926471325
5.2255,0.00019311200900975242
5.226,-0.02339919378588283
5.2265,-0.04032345192340542
5.227,-0.030911682428089015
5.2275,-0.01201068831562926
5.228,-0.02120118880862644
5.2285,-0.07143820793372181
5.229,-0.13117146668259078
5.2295,-0.15104588740746552
5.23,-0.10513468845769368
5.2305,-0.010982071965703383
5.231,0.07847623114159243
5.2315000000000005,0.10621312440655528
5.232,0.05513418941896332
5.2325,-0.029043509972228904
5.2330000000000005,-0.07028227718589758
5.2335,-0.029022476339863764
5.234,0.06305972932234195
5.2345,0.13325509242768474
5.235,0.13001190447561078
5.2355,0.06392613820125058
5.236,-0.003033673183755364
5.2365,-0.014783416690608281
5.237,0.023777104514093525
5.2375,0.05425044130971287
5.238,0.031810052163058204
5.2385,-0.026234655821898014
5.239,-0.06610072661576404
5.2395000000000005,-0.05790172128142072
5.24,-0.015710210474469265
5.2405,0.03348374550577793
5.2410000000000005,0.07834605106664248
5.2415,0.11430991423651696
5.242,0.12348770033084612
5.2425,0.08348751955887429
5.243,-0.001822006508056596
5.2435,-0.09344061883414068
5.244,-0.1485611876963225
5.2445,-0.15759051369600055
5.245,-0.14453578381170987
5.2455,-0.1354954280931458
5.246,-0.13613550113617243
5.2465,-0.13768138330544083
5.247,-0.1307365970412746
5.2475000000000005,-0.1068906070768698
5.248,-0.058464190441661554
5.2485,0.008764370783914666
5.249,0.0635156305465046
5.2495,0.0637106534791478
5.25,-0.005908685158159543
5.2505,-0.11128211951245913
5.251,-0.18894442493082694
5.2515,-0.19110054996504156
5.252,-0.1165173609680938
5.2525,-0.00730881109942429
5.253,0.08002015463054123
5.2535,0.10827477752636341
5.2540000000000004,0.07934198604610739
5.2545,0.03147072601029184
5.255,0.014042380030682885
5.2555000000000005,0.049633836176664003
5.256,0.11039938931193051
5.2565,0.13614879179989586
5.257,0.08535172980634362
5.2575,-0.025869344901049685
5.258,-0.1325384547335827
5.2585,-0.1693862449748525
5.259,-0.11821863052366915
5.2595,-0.017957794055595402
5.26,0.06610703667780268
5.2605,0.08651894410414848
5.261,0.03852566271572848
5.2615,-0.04526932917751231
5.2620000000000005,-0.11588285488980339
5.2625,-0.12904613230035544
5.263,-0.06572925865292047
5.2635000000000005,0.05150914655044626
5.264,0.16451258375465674
5.2645,0.21440290170521317
5.265,0.18066991414743597
5.2655,0.0931852593830484
5.266,0.009472455799114477
5.2665,-0.025943191445000353
5.267,-0.010890681694813255
5.2675,0.02042369713877588
5.268,0.03243283494404502
5.2685,0.015654715408884003
5.269,-0.018293573161466924
5.2695,-0.05678489188586363
5.2700000000000005,-0.09096811365903193
5.2705,-0.10697711337294769
5.271,-0.08908530926580464
5.2715000000000005,-0.03918219571040501
5.272,0.01330399064931143
5.2725,0.02953671101635824
5.273,-0.007542768503215552
5.2735,-0.07873855166813179
5.274,-0.14207945633224803
5.2745,-0.16040881870573587
5.275,-0.12337967048332954
5.2755,-0.05310623226694858
5.276,0.00907770542983294
5.2765,0.029887466103787213
5.277,0.008599688233270463
5.2775,-0.023444521845324702
5.2780000000000005,-0.03267329114802694
5.2785,-0.014678280701399992
5.279,0.006673858252872969
5.2795000000000005,0.008468071829637778
5.28,-0.01169432287350554
5.2805,-0.04483575985019383
5.281,-0.08651867184804395
5.2815,-0.1353422049155353
5.282,-0.18023953501953996
5.2825,-0.19656605727334173
5.283,-0.1583303924879421
5.2835,-0.06049049344839668
5.284,0.06319579992357408
5.2845,0.1494815137259772
5.285,0.1515827127762826
5.2855,0.0865701178964351
5.2860000000000005,0.026437639101903526
5.2865,0.028866694931093655
5.287,0.08085596422504793
5.2875000000000005,0.11933031404275748
5.288,0.10000466321688263
5.2885,0.03434223669707224
5.289,-0.03351019480532695
5.2895,-0.06778643744466105
5.29,-0.05838282056189538
5.2905,-0.016340394252582026
5.291,0.03299167947667891
5.2915,0.05758594080387428
5.292,0.036202631110012914
5.2925,-0.022695254447476377
5.293,-0.08289642590124643
5.2935,-0.1076282269867447
5.2940000000000005,-0.08782091479551866
5.2945,-0.04390097340006999
5.295,-9.650651045819449e-05
5.2955000000000005,0.03888505044703565
5.296,0.07932154735623123
5.2965,0.10922053405371407
5.297,0.09353967332938082
5.2975,0.012183644873494937
5.298,-0.10311104079878859
5.2985,-0.18629818329978498
5.299,-0.19559941366892508
5.2995,-0.14599516234474202
5.3,-0.08340893659402744
5.3005,-0.04017280303724328
5.301,-0.021210862719680444
5.3015,-0.018545924318241033
5.3020000000000005,-0.02123522666099901
5.3025,-0.013653503096433582
5.303,0.016575092491047907
5.3035000000000005,0.058810019991386256
5.304,0.07810045493956087
5.3045,0.04735368033304686
5.305,-0.019051185119460128
5.3055,-0.07253239143932438
5.306,-0.07741375815489111
5.3065,-0.048580344653372784
5.307,-0.03258470116309742
5.3075,-0.047662242195256194
5.308,-0.05549761162422033
5.3085,-0.00690733581354387
5.309,0.0892683379040327
5.3095,0.15945698046272985
5.3100000000000005,0.13533686610247844
5.3105,0.025709621528937895
5.311,-0.08850536600105512
5.3115000000000006,-0.13129218620621014
5.312,-0.09899199273779707
5.3125,-0.05067051132891188
5.313,-0.03899221411641196
5.3135,-0.05940978869977459
5.314,-0.06745755048596522
5.3145,-0.034931224332070916
5.315,0.02089723894164456
5.3155,0.059182896246100555
5.316,0.05427239192490397
5.3165000000000004,0.011026125529379524
5.317,-0.04681948002989373
5.3175,-0.09345322470254842
5.3180000000000005,-0.10840762152216865
5.3185,-0.07878323489477937
5.319,-0.006609718670667282
5.3195,0.08119016432961287
5.32,0.13872726836568153
5.3205,0.13145932021869905
5.321,0.06598528888296588
5.3215,-0.014142057797118497
5.322,-0.06364084514943297
5.3225,-0.06614442773014856
5.323,-0.03692962326924804
5.3235,-0.005458071082786473
5.324,0.005851574265255927
5.3245000000000005,-0.0032838466382913
5.325,-0.013597669100187487
5.3255,-0.010659669606954199
5.3260000000000005,-0.005141529085540964
5.3265,-0.018268990685428324
5.327,-0.049726335171383806
5.3275,-0.07532130383673392
5.328,-0.07824513133252733
5.3285,-0.06835044268754258
5.329,-0.06535524576528906
5.3295,-0.0732247651745985
5.33,-0.07844927066407804
5.3305,-0.07013052708318573
5.331,-0.055327599921193744
5.3315,-0.05039810815149569
5.332,-0.05711158213614358
5.3325000000000005,-0.05460007684108196
5.333,-0.024400179187975147
5.3335,0.019687978614557185
5.3340000000000005,0.041696105442988844
5.3345,0.026657708464751607
5.335,-0.0020462221718710863
5.3355,-0.016212491831755618
5.336,-0.018167435532404456
5.3365,-0.028688562025709963
5.337,-0.049441066616082316
5.3375,-0.05596813155823276
5.338,-0.030463799520930857
5.3385,0.012022960520399584
5.339,0.03909373935652525
5.3395,0.03641991985760581
5.34,0.01977526004022176
5.3405000000000005,0.016278313393443593
5.341,0.03961320943958008
5.3415,0.07680328877074674
5.3420000000000005,0.09236701594047517
5.3425,0.05473037858233434
5.343,-0.02996696687981003
5.3435,-0.11417215292197012
5.344,-0.1468100968007505
5.3445,-0.11429140916251203
5.345,-0.0452162783493211
5.3455,0.01724247250918691
5.346,0.04579333093247094
5.3465,0.04107322416074746
5.347,0.021861985302040934
5.3475,0.0052061356609870955
5.348,-0.006495762131274332
5.3485000000000005,-0.02302422301055455
5.349,-0.05134220757589188
5.3495,-0.0805715276341941
5.3500000000000005,-0.08692015326712471
5.3505,-0.06174631211605506
5.351,-0.02971370862109437
5.3515,-0.026829212417886206
5.352,-0.0603373856788932
5.3525,-0.09766148279302474
5.353,-0.09503371905308337
5.3535,-0.036517872213678894
5.354,0.04758368482581048
5.3545,0.09783947430211379
5.355,0.07211133495752324
5.3555,-0.013792999973011411
5.356,-0.09228682066851987
5.3565000000000005,-0.09695156254609219
5.357,-0.016312061272875735
5.3575,0.09709050903295341
5.3580000000000005,0.16829105978053466
5.3585,0.1567399642498073
5.359,0.08121109924256717
5.3595,-0.0037400214077938304
5.36,-0.0512482923553402
5.3605,-0.046814713342404765
5.361,-0.005913066093949272
5.3615,0.038770228885730736
5.362,0.051762983745058826
5.3625,0.014563329046513822
5.363,-0.056836233437370334
5.3635,-0.11706221995392825
5.364,-0.12335614127341307
5.3645000000000005,-0.06925028501536874
5.365,0.008967263381145047
5.3655,0.05688259801229373
5.3660000000000005,0.0391193350090977
5.3665,-0.03521650189827804
5.367,-0.11897990669766724
5.3675,-0.16573032714219382
5.368,-0.16740872888144442
5.3685,-0.15178856034531402
5.369,-0.14495074461173638
5.3695,-0.14389614518169067
5.37,-0.12607212901828097
5.3705,-0.07758613248228051
5.371,-0.009390558795171578
5.3715,0.04869723394451174
5.372,0.06869170242308781
5.3725000000000005,0.04676899421773005
5.373,0.00958437045656403
5.3735,-0.00700878391938825
5.3740000000000006,0.007898734709064794
5.3745,0.027803853915536365
5.375,0.015450052536659133
5.3755,-0.03447599126326818
5.376,-0.08145278076012585
5.3765,-0.074655627385118
5.377,-0.00571058866279495
5.3775,0.07705223984467478
5.378,0.10874635323289018
5.3785,0.061639126369150546
5.3790000000000004,-0.034862537539271814
5.3795,-0.11798151371916231
5.38,-0.13918219443712151
5.3805000000000005,-0.1033158540305033
5.381,-0.06349177404137549
5.3815,-0.0663699690653049
5.382,-0.1004201897649245
5.3825,-0.10577036725722226
5.383,-0.03474918646426999
5.3835,0.101255917737957
5.384,0.23913999637694452
5.3845,0.3112660990720267
5.385,0.29005048745513257
5.3855,0.1980684573434742
5.386,0.08543762284965101
5.3865,-0.001726574949698809
5.3870000000000005,-0.04485352150674378
5.3875,-0.05961331513850201
5.388,-0.07548063283253123
5.3885000000000005,-0.09895920241351462
5.389,-0.10310795680406494
5.3895,-0.06494298129021338
5.39,-0.006433235144790942
5.3905,0.019562039106347347
5.391,-0.012878259322236053
5.3915,-0.07208258938761494
5.392,-0.10265307616334655
5.3925,-0.08261545894966961
5.393,-0.03981591153644702
5.3935,-0.015361514378899856
5.394,-0.021096951936016836
5.3945,-0.03895895815113906
5.3950000000000005,-0.05463496524855588
5.3955,-0.07457221003560911
5.396,-0.10219839936529586
5.3965000000000005,-0.11240975524671046
5.397,-0.07176984622074163
5.3975,0.012997306792030526
5.398,0.08340220198614196
5.3985,0.0789631691871917
5.399,-0.0036891369967909766
5.3995,-0.10644833613367288
5.4,-0.16202700553255875
5.4005,-0.148147575683714
5.401,-0.09482308655790755
5.4015,-0.04694133182211342
5.402,-0.025150648430721123
5.4025,-0.0199349261805438
5.4030000000000005,-0.0121811697646396
5.4035,0.008816663164197753
5.404,0.041796318993989195
5.4045000000000005,0.07500765957686857
5.405,0.08841948476165494
5.4055,0.06473482176319581
5.406,0.00724299927181055
5.4065,-0.056197611039921366
5.407,-0.09450974410599765
5.4075,-0.09964662985314054
5.408,-0.0883755183338198
5.4085,-0.07967821921011961
5.409,-0.07681715208663253
5.4095,-0.07318496838064736
5.41,-0.06597369034047468
5.4105,-0.05328487153230549
5.4110000000000005,-0.024271726501908057
5.4115,0.02900366847256889
5.412,0.08597387206317127
5.4125000000000005,0.10092065696791754
5.413,0.04594665107053978
5.4135,-0.05246153687908375
5.414,-0.12850828701206937
5.4145,-0.13167731176779068
5.415,-0.06655069773757558
5.4155,0.017536588981995158
5.416,0.06941095753564862
5.4165,0.069020775087261
5.417,0.0317968529609551
5.4175,-0.005183480034624737
5.418,-0.005161632175403369
5.4185,0.04337069063164197
5.4190000000000005,0.11479986335840954
5.4195,0.16302105821430493
5.42,0.15647149813949168
5.4205000000000005,0.1005942726367926
5.421,0.02705747230396125
5.4215,-0.03607735283769485
5.422,-0.0782894361705843
5.4225,-0.09537363127333093
5.423,-0.08164860864899982
5.4235,-0.04303523501649298
5.424,-0.006962202737394264
5.4245,-0.004048533935282758
5.425,-0.037713829360762036
5.4255,-0.07755014563328741
5.426,-0.08486784897893393
5.4265,-0.04441581560363946
5.4270000000000005,0.02429467219068908
5.4275,0.07898411283651836
5.428,0.07880095222082939
5.4285000000000005,0.009658413483410759
5.429,-0.1022360417938378
5.4295,-0.20051363570871267
5.43,-0.22917684738420796
5.4305,-0.1661563404845468
5.431,-0.042551816408659515
5.4315,0.06771725707453219
5.432,0.09491981555896682
5.4325,0.02967003266239993
5.433,-0.06749770057238874
5.4335,-0.1216768097140758
5.434,-0.10941053336829737
5.4345,-0.06761192802782003
5.4350000000000005,-0.04571640247697201
5.4355,-0.05958264972066722
5.436,-0.08874580130642258
5.4365000000000006,-0.10407622492580466
5.437,-0.0918702994867351
5.4375,-0.05911765818653628
5.438,-0.02334125936776378
5.4385,0.0021679841509834787
5.439,0.013667365194667666
5.4395,0.010319500975677031
5.44,-0.009303879209900105
5.4405,-0.04011370673855355
5.441,-0.0665125569334597
5.4415000000000004,-0.07142938491278286
5.442,-0.04820400994463863
5.4425,-0.0030409970048525608
5.4430000000000005,0.05005580959981632
5.4435,0.09392574758129243
5.444,0.112338618859018
5.4445,0.098224156023419
5.445,0.061784717173228795
5.4455,0.027550081878099937
5.446,0.020126138472870172
5.4465,0.049037651951270356
5.447,0.099230219579637
5.4475,0.1328180037997372
5.448,0.11150483614620654
5.4485,0.032152781602739704
5.449,-0.059506574675730374
5.4495000000000005,-0.10269140024644872
5.45,-0.07747028513822656
5.4505,-0.02398506499480552
5.4510000000000005,-0.0004505486730500027
5.4515,-0.02417651685843416
5.452,-0.058676962134014826
5.4525,-0.055218751494335874
5.453,-0.0008945166283420101
5.4535,0.07003702805202372
5.454,0.10355035997644117
5.4545,0.06708062716694423
5.455,-0.02461019214296857
5.4555,-0.119526046413878
5.456,-0.17010898938565733
5.4565,-0.1708423837686001
5.457,-0.15427714173816084
5.4575000000000005,-0.14949975308825028
5.458,-0.14950612819459222
5.4585,-0.12409471517411808
5.4590000000000005,-0.06231236947268431
5.4595,0.004913774811977607
5.46,0.029958945058237187
5.4605,-0.003421560001672877
5.461,-0.06267313090422637
5.4615,-0.09970251917157975
5.462,-0.09591060349647967
5.4625,-0.07184260564298474
5.463,-0.05910294973008405
5.4635,-0.06620941790072787
5.464,-0.06928979532224872
5.4645,-0.039295081562993064
5.465,0.01681458606761537
5.4655000000000005,0.051330672743723646
5.466,0.0278884783216329
5.4665,-0.025427560920900448
5.4670000000000005,-0.03600771679012149
5.4675,0.0324226758016421
5.468,0.13178071328028773
5.4685,0.1728702311179639
5.469,0.11346556779682243
5.4695,-0.0009410048543305669
5.47,-0.0810455849635237
5.4705,-0.0742193097800501
5.471,-0.00475163962283138
5.4715,0.0556657927259736
5.472,0.051128624350880766
5.4725,-0.01607930008732203
5.473,-0.08954562279025459
5.4735000000000005,-0.1029405028737938
5.474,-0.03613719495622089
5.4745,0.06276588811648107
5.4750000000000005,0.1184569817509468
5.4755,0.09768700138516774
5.476,0.03491939332020309
5.4765,-0.009440554936934447
5.477,-0.007944639368963852
5.4775,0.01818478610544627
5.478,0.033030522489722346
5.4785,0.025754745777758596
5.479,0.013270919496598359
5.4795,0.00873474694068953
5.48,-0.0005014873516844039
5.4805,-0.03490777387937374
5.481,-0.08788859547953831
5.4815000000000005,-0.12284497959388455
5.482,-0.11291328795073155
5.4825,-0.07733532968345982
5.4830000000000005,-0.065015721090186
5.4835,-0.09750857660909532
5.484,-0.13810650154838613
5.4845,-0.12858379838117903
5.485,-0.05684639628271898
5.4855,0.01989629415154462
5.486,0.02706375368286749
5.4865,-0.04937830688172078
5.487,-0.13954743313212653
5.4875,-0.1504744870359243
5.488,-0.05561645465574261
5.4885,0.07687526618838542
5.489,0.1477666639857059
5.4895000000000005,0.11545451446106865
5.49,0.01970111262383987
5.4905,-0.07037361367675744
5.4910000000000005,-0.11561841707898088
5.4915,-0.11746714438052203
5.492,-0.09187635487073964
5.4925,-0.05210355374887398
5.493,-0.017212929465667267
5.4935,-0.018350320799848892
5.494,-0.07475806055585885
5.4945,-0.16134676351264057
5.495,-0.21657153157497952
5.4955,-0.19355419634752474
5.496,-0.10105372209554053
5.4965,0.007534070627741803
5.497,0.0820135985422266
5.4975000000000005,0.11305449791072514
5.498,0.12857273621211007
5.4985,0.15692594151427988
5.4990000000000006,0.19407633524897416
5.4995,0.20690266065546564
5.5,0.16826314960362468
5.5005,0.0869552213278572
5.501,0.003331104348107459
5.5015,-0.041567533790924864
5.502,-0.03424893370723753
5.5025,0.0045810243730343096
5.503,0.03690959130547332
5.5035,0.036657452280593125
5.5040000000000004,0.007492466746480011
5.5045,-0.028058465644168508
5.505,-0.05376660855730028
5.5055000000000005,-0.06879873805833864
5.506,-0.0764417065021524
5.5065,-0.07560484319578802
5.507,-0.06622166495164616
5.5075,-0.054842154670707306
5.508,-0.05023461876000712
5.5085,-0.057542077430186835
5.509,-0.07904751044347294
5.5095,-0.11371836934605543
5.51,-0.14875951990379857
5.5105,-0.15754212697091294
5.511,-0.11988714569706785
5.5115,-0.04820426569467888
5.5120000000000005,0.01608166284144831
5.5125,0.03970601020901666
5.513,0.027140003155642925
5.5135000000000005,0.006670685876230452
5.514,-0.007281807555121892
5.5145,-0.02421611468856538
5.515,-0.05042243780592266
5.5155,-0.07019971094932526
5.516,-0.06325060775137932
5.5165,-0.028480763207787106
5.517,0.01779956778288589
5.5175,0.05662687434942058
5.518,0.07209338223393402
5.5185,0.0545424327690165
5.519,0.010334269872842725
5.5195,-0.0367967286856669
5.5200000000000005,-0.06292185909158021
5.5205,-0.06005526615883594
5.521,-0.03313450634065418
5.5215000000000005,0.010153484878223495
5.522,0.059184720705508884
5.5225,0.09537762429696389
5.523,0.0978043875921863
5.5235,0.059873580711952014
5.524,0.00022451652875798717
5.5245,-0.048153141920350286
5.525,-0.06434954386777463
5.5255,-0.055273259813700466
5.526,-0.04563569234488298
5.5265,-0.055338235970513634
5.527,-0.08408878820006613
5.5275,-0.1101179461506742
5.5280000000000005,-0.10405672590912014
5.5285,-0.05418542887002473
5.529,0.017152773826918957
5.5295000000000005,0.06721802548234812
5.53,0.06674081836273038
5.5305,0.02051434431444999
5.531,-0.041494120099364804
5.5315,-0.0879127198051877
5.532,-0.10309324851789715
5.5325,-0.08980067134373729
5.533,-0.06219009480871754
5.5335,-0.03594060870052729
5.534,-0.01975139536251195
5.5345,-0.01267534662283833
5.535,-0.010740224812462722
5.5355,-0.016230843413546952
5.5360000000000005,-0.03566458858819499
5.5365,-0.06566847095304788
5.537,-0.0864633939569979
5.5375000000000005,-0.07814539857256372
5.538,-0.04444440018196387
5.5385,-0.01216068049806698
5.539,-0.0017866068268284439
5.5395,-0.005019625751666385
5.54,0.0011694685169219652
5.5405,0.02308169747054199
5.541,0.04278493052246735
5.5415,0.04104529463805056
5.542,0.018949936845279514
5.5425,-0.004286662872726436
5.543,-0.008133662067244972
5.5435,0.014705232957545621
5.5440000000000005,0.05154653277016914
5.5445,0.07297469701517904
5.545,0.050185622877382555
5.5455000000000005,-0.018572392114265368
5.546,-0.09425709441001966
5.5465,-0.11895015421835745
5.547,-0.06581602661066009
5.5475,0.029023600956597763
5.548,0.09371871013819363
5.5485,0.08791639165804707
5.549,0.03931813273275344
5.5495,0.006346681876950999
5.55,0.009165178748943065
5.5505,0.011002087710452937
5.551,-0.030258412499213877
5.5515,-0.10581802362022105
5.5520000000000005,-0.15987143308355398
5.5525,-0.1439726311322485
5.553,-0.06349415267950277
5.5535000000000005,0.025291927715332486
5.554,0.06218054200232952
5.5545,0.030399081672690433
5.555,-0.03894716822870202
5.5555,-0.10211532754249293
5.556,-0.13405655955440626
5.5565,-0.1302338247396522
5.557,-0.09657911608639456
5.5575,-0.04862261836120201
5.558,-0.010221128724196204
5.5585,0.001815999344890071
5.559,-0.010305092446672905
5.5595,-0.036476659484705826
5.5600000000000005,-0.07181848090656996
5.5605,-0.10715151552111146
5.561,-0.12005776934304041
5.5615000000000006,-0.09415659188796857
5.562,-0.04076066991167628
5.5625,0.013495283214815237
5.563,0.05555153647415128
5.5635,0.08869403012210732
5.564,0.10907659345437311
5.5645,0.09595828712484923
5.565,0.03559377067103942
5.5655,-0.0493516032030197
5.566,-0.10548279196688402
5.5665000000000004,-0.09228837920246141
5.567,-0.021719032659923337
5.5675,0.048736222569394375
5.5680000000000005,0.0653506913472083
5.5685,0.02339644973802009
5.569,-0.031637470023143516
5.5695,-0.044590628779831956
5.57,0.0033908945404338958
5.5705,0.08125667565743784
5.571,0.136199180833999
5.5715,0.13676070200609536
5.572,0.09320574041142679
5.5725,0.04186275530339476
5.573,0.012031725884301044
5.5735,0.004599591340610441
5.574,-0.002302303897842352
5.5745000000000005,-0.02987979139217919
5.575,-0.08054561762841839
5.5755,-0.13746709117187045
5.5760000000000005,-0.17561555611631
5.5765,-0.17525110649128506
5.577,-0.13401381557814157
5.5775,-0.07046628708086702
5.578,-0.011837753271476653
5.5785,0.0245811486396004
5.579,0.036031610146934526
5.5795,0.023331814446236686
5.58,-0.013745690901586298
5.5805,-0.06472009164812262
5.581,-0.1016418904806826
5.5815,-0.09786050784177538
5.582,-0.05591785484041847
5.5825000000000005,-0.008893975593908834
5.583,0.01050183359078746
5.5835,-0.00237442392085096
5.5840000000000005,-0.030243223213508082
5.5845,-0.058394922072599095
5.585,-0.080684639173863
5.5855,-0.08501299455500491
5.586,-0.0522289769859198
5.5865,0.017698225792868852
5.587,0.0847751484201964
5.5875,0.09024538628063325
5.588,0.010502374883549532
5.5885,-0.10829929118168452
5.589,-0.17739384522005017
5.5895,-0.1395791738583696
5.59,-0.02306171162440551
5.5905000000000005,0.0804784593347453
5.591,0.09542811858831114
5.5915,0.025275280531104897
5.5920000000000005,-0.05521892553515166
5.5925,-0.06810080585796553
5.593,-0.001399149232709519
5.5935,0.08076187876881269
5.594,0.09922148624816352
5.5945,0.03682492709233416
5.595,-0.04659928111322905
5.5955,-0.07862928802742938
5.596,-0.04724385790964998
5.5965,-0.00208442424449903
5.597,0.010406024576559121
5.5975,-0.003335453764756262
5.598,-0.0038099382034369423
5.5985000000000005,0.026020181492416708
5.599,0.05933628972264763
5.5995,0.05826029255993048
5.6000000000000005,0.017427763586459113
5.6005,-0.03173935078313226
5.601,-0.05810617749841612
5.6015,-0.0635564688743102
5.602,-0.07197407464490166
5.6025,-0.0898932250692625
5.603,-0.09078952256329668
5.6035,-0.046533539956448725
5.604,0.029867751836815018
5.6045,0.08392587115135886
5.605,0.06863376258906478
5.6055,-0.007907623958246913
5.606,-0.0888022867670767
5.6065000000000005,-0.12376571393819198
5.607,-0.11429964486059756
5.6075,-0.10056825241256771
5.6080000000000005,-0.10813183763068761
5.6085,-0.11664736852143591
5.609,-0.08483321554204315
5.6095,-0.0018604984373194484
5.61,0.0921581805328738
5.6105,0.13783869459152537
5.611,0.10740662088242539
5.6115,0.027275604874236865
5.612,-0.04504765976804789
5.6125,-0.06729546445068964
5.613,-0.04186709561440235
5.6135,-0.005332344057439918
5.614,0.007925836974734203
5.6145000000000005,-0.0063723038409891
5.615,-0.024080872530765775
5.6155,-0.01948603977340303
5.6160000000000005,0.005497497719061488
5.6165,0.01859908243597762
5.617,-0.009528889889412237
5.6175,-0.06665708262138617
5.618,-0.10089833150700273
5.6185,-0.07030289951711005
5.619,0.007330649468032855
5.6195,0.060548542604485986
5.62,0.029589631700857627
5.6205,-0.07121798054124649
5.621,-0.16192553271384602
5.6215,-0.17283301464194475
5.622,-0.10911672692068122
5.6225000000000005,-0.03531988768540912
5.623,-0.000919918980544423
5.6235,0.006241836553358312
5.6240000000000006,0.03085753442003678
5.6245,0.08867675157238923
5.625,0.14552266278189455
5.6255,0.15367249733064384
5.626,0.09975268087520947
5.6265,0.016142249185568155
5.627,-0.047623115228958166
5.6275,-0.06237852161015426
5.628,-0.037331449915049816
5.6285,-0.00978429829440205
5.6290000000000004,-0.012877193272201585
5.6295,-0.04383480013634519
5.63,-0.06590145542835299
5.6305000000000005,-0.04893654045296912
5.631,-0.003128812175212576
5.6315,0.03608332167396383
5.632,0.04914862520805354
5.6325,0.04525349112171275
5.633,0.03870560998566502
5.6335,0.03029332700645577
5.634,0.016069116873109756
5.6345,-0.0026574370805344987
5.635,-0.029781859853391903
5.6355,-0.0808838846801201
5.636,-0.1597134480364482
5.6365,-0.23059833968197946
5.6370000000000005,-0.2337987465709046
5.6375,-0.14189300711007846
5.638,0.0015721876197742762
5.6385000000000005,0.10995368951892931
5.639,0.12587036147296266
5.6395,0.06488681102646972
5.64,-0.011364462731251492
5.6405,-0.05583898038807198
5.641,-0.06472646404169516
5.6415,-0.05951869491545534
5.642,-0.059969757827641586
5.6425,-0.07382453051251625
5.643,-0.09623267622137896
5.6435,-0.11257901484108045
5.644,-0.10901417807048336
5.6445,-0.08317907802638783
5.6450000000000005,-0.041950445413227136
5.6455,0.006447823058711723
5.646,0.04986339972101405
5.6465000000000005,0.06676815300328116
5.647,0.03981925355499173
5.6475,-0.017095815219334953
5.648,-0.05680286958863523
5.6485,-0.04118242519890416
5.649,0.013369619470954237
5.6495,0.046470822598263364
5.65,0.015255740456154717
5.6505,-0.06193189411888884
5.651,-0.12403808563736374
5.6515,-0.11976535682802113
5.652,-0.042687018884301334
5.6525,0.06858860780291297
5.6530000000000005,0.15561576520668483
5.6535,0.1765049937441269
5.654,0.1323719746290711
5.6545000000000005,0.06202280247259782
5.655,0.008541653644118219
5.6555,-0.010320989041750078
5.656,-0.0034622585278084378
5.6565,0.010827513709823483
5.657,0.017970066631814108
5.6575,0.01240535485779715
5.658,0.0012484065382548039
5.6585,0.0002653092933700259
5.659,0.01719686677337326
5.6595,0.03820954755433942
5.66,0.03633922127606527
5.6605,-0.004259159766695669
5.6610000000000005,-0.07248383483642336
5.6615,-0.13655626279203525
5.662,-0.16519846310124947
5.6625000000000005,-0.14692485589440094
5.663,-0.09508893062031548
5.6635,-0.03836510447865574
5.664,-0.004796853593788996
5.6645,-0.006291493062988501
5.665,-0.03007417982737272
5.6655,-0.04747659013030926
5.666,-0.03964517015667776
5.6665,-0.01616806904275313
5.667,-0.003326408004169781
5.6675,-0.013872180105988334
5.668,-0.035245220876347176
5.6685,-0.0496778126261546
5.6690000000000005,-0.05589229607881801
5.6695,-0.061959915101765045
5.67,-0.0645431613589575
5.6705000000000005,-0.04842873316414281
5.671,-0.006005810115084314
5.6715,0.04885594183595196
5.672,0.0847966838685534
5.6725,0.07234935630457487
5.673,0.010456062159087478
5.6735,-0.0607750974765044
5.674,-0.08372409394224205
5.6745,-0.03434356779722638
5.675,0.04817153109222505
5.6755,0.09402396647415102
5.676,0.07101153130840003
5.6765,0.011395990326840313
5.6770000000000005,-0.03378977083025615
5.6775,-0.05267058617723087
5.678,-0.07112742340208221
5.6785000000000005,-0.10463598198572091
5.679,-0.13391864805360218
5.6795,-0.13235192918895472
5.68,-0.10114283394247511
5.6805,-0.06508303034538776
5.681,-0.0396301299148306
5.6815,-0.015400217346822842
5.682,0.02230218652472127
5.6825,0.06811326406112707
5.683,0.09869541914402467
5.6835,0.09793920160258325
5.684,0.07340753524724156
5.6845,0.046137305831326116
5.6850000000000005,0.02824941795860015
5.6855,0.01406117106620193
5.686,-0.007952961451283455
5.6865000000000006,-0.038374546488759126
5.687,-0.06345639614610989
5.6875,-0.06657459619474827
5.688,-0.04279899727832627
5.6885,-0.005036887923042119
5.689,0.02300107002333754
5.6895,0.022388098435557273
5.69,-0.008973925063594176
5.6905,-0.056647564074349996
5.691,-0.10014563036410178
5.6915000000000004,-0.12497172684265352
5.692,-0.1280209432563969
5.6925,-0.1139011817582908
5.6930000000000005,-0.0885262966903706
5.6935,-0.05760677491426724
5.694,-0.029039659544438372
5.694500000000001,-0.012898034167371016
5.695,-0.015791867735555295
5.6955,-0.03239594019757479
5.696,-0.04262426788445548
5.6965,-0.021702519334077873
5.697,0.04032269805092814
5.6975,0.12243651677412368
5.698,0.17495300825857696
5.6985,0.15061764734072677
5.699,0.05124790806256606
5.6995000000000005,-0.05747267514667103
5.7,-0.09786835255710989
5.7005,-0.05582589997411725
5.7010000000000005,0.007770449176460382
5.7015,0.026170714949643348
5.702,-0.006959260664497274
5.7025,-0.04661600109485225
5.703,-0.054161644674964676
5.7035,-0.030354994302225595
5.704,-0.001662976212399062
5.7045,0.007225814347404066
5.705,-0.011045017994742399
5.7055,-0.043353672034437546
5.706,-0.06528621609632142
5.7065,-0.06136329138118311
5.707,-0.03805027315455995
5.7075000000000005,-0.012061846772490808
5.708,0.013038452024568976
5.7085,0.0499627351086239
5.7090000000000005,0.10272104044137967
5.7095,0.1452081170110641
5.71,0.13713967409494449
5.7105,0.06703897920933312
5.711,-0.026754175959924728
5.7115,-0.08700995737585165
5.712,-0.09022993592157619
5.7125,-0.0637253521304877
5.713,-0.05178489181140505
5.7135,-0.07167762958342827
5.714,-0.1036355816285245
5.7145,-0.11669528691840494
5.715,-0.09804165729404452
5.7155000000000005,-0.05842602604933923
5.716,-0.017648791417838726
5.7165,0.006868938954249588
5.7170000000000005,0.0012288843882280983
5.7175,-0.03912353239028675
5.718,-0.09607438100796986
5.7185,-0.13192968271442793
5.719,-0.11959456046079683
5.7195,-0.06830340967833808
5.72,-0.011902119630802904
5.7205,0.02527457541061154
5.721,0.04392289023603311
5.7215,0.05543890603988803
5.722,0.06249923834584326
5.7225,0.05763853305415373
5.723,0.03782320330943967
5.7235000000000005,0.014673066247241434
5.724,0.0036000828068805486
5.7245,0.002060528688377457
5.7250000000000005,-0.011189667403499082
5.7255,-0.04672626313930667
5.726,-0.08207587926772955
5.7265,-0.08229603553569687
5.727,-0.042269257338992484
5.7275,0.003667033514317618
5.728,0.017847566952656324
5.7285,-0.0035815130774540793
5.729,-0.03304732442823243
5.7295,-0.04294085689576118
5.73,-0.02995599442544803
5.7305,-0.014143840463879653
5.731,-0.01753616738042716
5.7315000000000005,-0.0376665368466239
5.732,-0.03926737363196002
5.7325,0.016048554247320736
5.7330000000000005,0.11852051568597867
5.7335,0.19587328871604456
5.734,0.1732140273685205
5.7345,0.05650606900787109
5.735,-0.05916414645924689
5.7355,-0.07901982499015416
5.736,0.0003808436805844539
5.7365,0.0970808429079377
5.737,0.12758639555900253
5.7375,0.07141751811890028
5.738,-0.03388001611017837
5.7385,-0.13440200758280207
5.739,-0.19126353351935801
5.7395000000000005,-0.1930966606445208
5.74,-0.15760795555037704
5.7405,-0.11790487634559241
5.7410000000000005,-0.09639375054834262
5.7415,-0.09037570601519597
5.742,-0.0815890421596928
5.7425,-0.053312774977056776
5.743,-0.0021409557121039166
5.7435,0.054035040797116046
5.744,0.08042896149425048
5.7445,0.05221456591962908
5.745,-0.0169752743656466
5.7455,-0.08026026489946313
5.746,-0.0965654936377166
5.7465,-0.06362706881078523
5.747,-0.013821218094097292
5.7475000000000005,0.015992921629911533
5.748,0.008947238191858534
5.7485,-0.02711920153283042
5.7490000000000006,-0.06763256023991408
5.7495,-0.08502573222396739
5.75,-0.06640521606693331
5.7505,-0.024972029201887107
5.751,0.010075975014085664
5.7515,0.02137560296927256
5.752,0.020771484535846416
5.7525,0.03440424499900711
5.753,0.07051059216153305
5.7535,0.10880932822086226
5.7540000000000004,0.12517083155553682
5.7545,0.11805595547129646
5.755,0.10129882273065852
5.7555000000000005,0.07800396875317778
5.756,0.03698698816375443
5.7565,-0.02374826029215687
5.757000000000001,-0.08243736282894533
5.7575,-0.10910252095208986
5.758,-0.09231775805034602
5.7585,-0.049068339408117
5.759,-0.01230095456230141
5.7595,-0.009588291522723566
5.76,-0.04583140437576177
5.7605,-0.09725790746378359
5.761,-0.12278576817496806
5.7615,-0.09223898459649338
5.7620000000000005,-0.014635535162161964
5.7625,0.060682856215083215
5.763,0.08272524158807665
5.7635000000000005,0.04891571127438568
5.764,0.009839968615801317
5.7645,0.012147653324177218
5.765,0.04470948730583774
5.7655,0.05841158719945581
5.766,0.030367163710629846
5.7665,-0.017074434695694293
5.767,-0.05755346963752678
5.7675,-0.08989537998628855
5.768,-0.11795673043773854
5.7685,-0.1265383503773688
5.769,-0.09550691584716617
5.7695,-0.03051671849322353
5.7700000000000005,0.03231747717100309
5.7705,0.05501583715081519
5.771,0.029676533108430755
5.7715000000000005,-0.018729531737052996
5.772,-0.059070651112424113
5.7725,-0.07806614319010939
5.773,-0.07881738927470552
5.7735,-0.06844667399356852
5.774,-0.05623411428511825
5.7745,-0.055108251362441865
5.775,-0.0713099030948109
5.7755,-0.09223347026642312
5.776,-0.0927368039077191
5.7765,-0.05740576755102445
5.777,0.0047587762566516315
5.7775,0.06874125117072906
5.7780000000000005,0.11377695312089839
5.7785,0.13207529372236104
5.779,0.12291459669848122
5.7795000000000005,0.09028088527064689
5.78,0.04847474327022225
5.7805,0.018735039026041914
5.781,0.012511343892740664
5.7815,0.021348107474739843
5.782,0.02756783708112867
5.7825,0.02294673327524691
5.783,0.01218247265296726
5.7835,-0.0015354509639195837
5.784,-0.025413688954569948
5.7845,-0.06319737123843099
5.785,-0.09703236899109934
5.7855,-0.09726207401181367
5.7860000000000005,-0.0563003706394571
5.7865,-0.0037281802712451524
5.787,0.02129564257508669
5.7875000000000005,0.008481842383952394
5.788,-0.018972571280414643
5.7885,-0.03179970010119865
5.789,-0.01776593146074111
5.7895,0.01591537925188912
5.79,0.04932655947621699
5.7905,0.06042403068750874
5.791,0.04223054762270647
5.7915,0.011325727801476339
5.792,-0.011086840345576433
5.7925,-0.02664336406414809
5.793,-0.05668836498779635
5.7935,-0.11034091888076517
5.7940000000000005,-0.16595003752296686
5.7945,-0.18661434673197366
5.795,-0.14906604713893193
5.7955000000000005,-0.0615814474081888
5.796,0.03555244133743968
5.7965,0.08909681991164281
5.797,0.07038775442359614
5.7975,0.004723002187901585
5.798,-0.0472149184372478
5.7985,-0.047701220184600074
5.799,-0.014889340875931667
5.7995,0.006712935412351761
5.8,-0.0035243951215608313
5.8005,-0.029070132710056165
5.801,-0.042972004719645726
5.8015,-0.036441865266596464
5.8020000000000005,-0.020637940308680824
5.8025,-0.006869871194893238
5.803,0.006586907762506158
5.8035000000000005,0.02454741858578982
5.804,0.0397745787542134
5.8045,0.03806997451782354
5.805,0.016078843531637133
5.8055,-0.014832172823098105
5.806,-0.040221821100662865
5.8065,-0.049896120477558044
5.807,-0.038214835985487146
5.8075,-0.00854128495516289
5.808,0.02448924727382623
5.8085,0.046270437173602616
5.809,0.054168710906793004
5.8095,0.05261627623323958
5.8100000000000005,0.040829143045154406
5.8105,0.013593692218194467
5.811,-0.025085445434624827
5.8115000000000006,-0.05490233296781402
5.812,-0.05262813091484173
5.8125,-0.01617089517140202
5.813,0.027441019233164922
5.8135,0.043057753639075255
5.814,0.01695423528681799
5.8145,-0.03485302722211301
5.815,-0.08211553243210713
5.8155,-0.09914895842934722
5.816,-0.07540485749877827
5.8165000000000004,-0.02137338492842046
5.817,0.03280015216400112
5.8175,0.055721072344653524
5.8180000000000005,0.04147900892603403
5.8185,0.015046853626537248
5.819,0.004769992395795475
5.819500000000001,0.012647253038714472
5.82,0.01831428663419296
5.8205,0.007786135687643362
5.821,-0.013656313862805863
5.8215,-0.03684841099688362
5.822,-0.061959805043667764
5.8225,-0.08943877854185481
5.823,-0.10916881077074381
5.8235,-0.10848608155709219
5.824,-0.08581417706022622
5.8245000000000005,-0.04957113073275386
5.825,-0.007768692939207462
5.8255,0.03420724813052329
5.8260000000000005,0.06847079543610309
5.8265,0.0862426594790563
5.827,0.08470542111902128
5.8275,0.06558920501680192
5.828,0.029517192686009722
5.8285,-0.019765033135703977
5.829,-0.06902843026435379
5.8295,-0.10278927424307421
5.83,-0.11347417811524348
5.8305,-0.0971916529548867
5.831,-0.04766947258088956
5.8315,0.031200390110644724
5.832,0.10828164922597605
5.8325000000000005,0.13667129286173063
5.833,0.09351008787617507
5.8335,0.007160129218909025
5.8340000000000005,-0.059739415956163534
5.8345,-0.056400608953151174
5.835,0.020759776462427444
5.8355,0.1263463622893736
5.836,0.19261537826429412
5.8365,0.16924933230321512
5.837,0.059540312885778574
5.8375,-0.0731280449569906
5.838,-0.1487363100204057
5.8385,-0.1378941272026209
5.839,-0.08725259564301532
5.8395,-0.07129071012548811
5.84,-0.11765750045509499
5.8405000000000005,-0.1832773009389745
5.841,-0.20287720833826023
5.8415,-0.1532083823411822
5.8420000000000005,-0.06593309046105941
5.8425,0.011147989018460609
5.843,0.05083391088908287
5.8435,0.04949639682568571
5.844,0.014928555389818271
5.8445,-0.035528632615659236
5.845,-0.07261256245825595
5.8455,-0.06928547908964688
5.846,-0.027243126810749668
5.8465,0.016852018758253214
5.847,0.022264864720951162
5.8475,-0.017507074174229652
5.848,-0.07062502269712717
5.8485000000000005,-0.09753237663869349
5.849,-0.08052462286681152
5.8495,-0.02805135332618997
5.8500000000000005,0.03788565640074685
5.8505,0.09355130374564784
5.851,0.12078246890859914
5.8515,0.11340812232563437
5.852,0.08065658768809932
5.8525,0.04413688351823153
5.853,0.029163333607571597
5.8535,0.05154106390968168
5.854,0.10434236237164303
5.8545,0.1571967551507589
5.855,0.17561690436635566
5.8555,0.14756791101740482
5.856,0.09287655558998707
5.8565000000000005,0.044087541367840155
5.857,0.014805235195434144
5.8575,-0.012020029845362984
5.8580000000000005,-0.06094293325276201
5.8585,-0.13082888812578405
5.859,-0.18937549119419533
5.8595,-0.20028326445022762
5.86,-0.15340539915719056
5.8605,-0.07205887423657466
5.861,0.0019119100801898506
5.8615,0.03143259772270547
5.862,0.0050731634006709655
5.8625,-0.05490618007048385
5.863,-0.10684924992997649
5.8635,-0.11842272843317386
5.864,-0.08525079273222497
5.8645000000000005,-0.027074092872518
5.865,0.026610708586779136
5.8655,0.04794520711557716
5.8660000000000005,0.02178242971997301
5.8665,-0.04089188700143196
5.867,-0.10317203561296212
5.8675,-0.1289643817459864
5.868,-0.1127163606934412
5.8685,-0.07582798701776164
5.869,-0.03656534745062053
5.8695,0.003981566095002704
5.87,0.046475627369002875
5.8705,0.0805208282797055
5.871,0.09626777074135495
5.8715,0.09827877716483871
5.872,0.09608589508220583
5.8725000000000005,0.08700480463751535
5.873,0.06195144971376343
5.8735,0.027301280961929453
5.8740000000000006,0.008371626029978322
5.8745,0.027249754680939424
5.875,0.08104444452307748
5.8755,0.13961707682991184
5.876,0.16174485435852134
5.8765,0.12241612724218952
5.877,0.03693139372698015
5.8775,-0.04158743338648302
5.878,-0.062145361699370696
5.8785,-0.026171907189620626
5.8790000000000004,0.004834546404711483
5.8795,-0.03452130734479934
5.88,-0.14430509906491842
5.8805000000000005,-0.2528661904342265
5.881,-0.2835129667968555
5.8815,-0.22310159222419712
5.882000000000001,-0.12461483961001334
5.8825,-0.0527806528226425
5.883,-0.03359724138044401
5.8835,-0.04738466357224018
5.884,-0.05686310718963087
5.8845,-0.039619543662138754
5.885,-0.0009306178298252267
5.8855,0.037988071439148015
5.886,0.060520683615559255
5.8865,0.06250533850422862
5.8870000000000005,0.045692279688948116
5.8875,0.01589351712977362
5.888,-0.008132652261541454
5.8885000000000005,0.0018662422549194516
5.889,0.054543237061245135
5.8895,0.11537511780762699
5.89,0.12865191634463366
5.8905,0.07289623609463175
5.891,-0.010957318439201296
5.8915,-0.0568354253696483
5.892,-0.04092330643568448
5.8925,-0.004964024399315692
5.893,-0.006703933499696376
5.8935,-0.051342688203378214
5.894,-0.08293972666779571
5.8945,-0.048068216633156184
5.8950000000000005,0.040457035205955776
5.8955,0.11336188607887998
5.896,0.11634609248663828
5.8965000000000005,0.06119329619512295
5.897,0.004038805054790581
5.8975,-0.013899685621083834
5.898,0.005248273457640864
5.8985,0.03524940336940902
5.899,0.05575695514672584
5.8995,0.06163368136111321
5.9,0.054528846127173784
5.9005,0.03355381399801793
5.901,-0.005906468060667248
5.9015,-0.0641525733251327
5.902,-0.1255220439781151
5.9025,-0.15861450874273478
5.9030000000000005,-0.13941338709022058
5.9035,-0.08013165973966928
5.904,-0.027923142874632843
5.9045000000000005,-0.024048261686753475
5.905,-0.06213791799815745
5.9055,-0.09244124129539706
5.906,-0.07126118769166713
5.9065,-0.005627895588151175
5.907,0.0519136867322679
5.9075,0.05324170829020914
5.908,0.001258015239569646
5.9085,-0.05182269931745204
5.909,-0.054355311975692405
5.9095,-0.0057979351432141495
5.91,0.04342813446850511
5.9105,0.04456385523657101
5.9110000000000005,0.0013786242082144008
5.9115,-0.03456711026223215
5.912,-0.017715698522149173
5.9125000000000005,0.046753436724440024
5.913,0.10989836234217006
5.9135,0.12309733691075897
5.914,0.07517984751472637
5.9145,-0.003330489397248504
5.915,-0.0655911452125655
5.9155,-0.08299425417469186
5.916,-0.062447662994802984
5.9165,-0.03239578448550267
5.917,-0.012604325947235288
5.9175,0.00132447829310271
5.918,0.02599780288653092
5.9185,0.06852278338447897
5.9190000000000005,0.1166937866219659
5.9195,0.143232840164189
5.92,0.11906610853440208
5.9205000000000005,0.0356888868069755
5.921,-0.07528675990019605
5.9215,-0.152171476797951
5.922,-0.1478955148756373
5.9225,-0.0729647156171045
5.923,0.006460597854290262
5.9235,0.020132861254247757
5.924,-0.04604367794395141
5.9245,-0.13503933964652967
5.925,-0.16674187967720988
5.9255,-0.10806835466516476
5.926,-0.0006605393413291511
5.9265,0.07796318600190356
5.9270000000000005,0.07895201006452782
5.9275,0.01239714065461697
5.928,-0.07275595463028484
5.9285000000000005,-0.12828579814907182
5.929,-0.13292105449133576
5.9295,-0.09426321199126121
5.93,-0.03240019042557833
5.9305,0.036518185212092
5.931,0.09981238457088652
5.9315,0.13863959056747543
5.932,0.1338715906576115
5.9325,0.08849887889134025
5.933,0.03554075229465628
5.9335,0.014221487238348781
5.934,0.0380505897529594
5.9345,0.08616684961465974
5.9350000000000005,0.12218776901116848
5.9355,0.12231554473999601
5.936,0.08931598842694362
5.9365000000000006,0.04112295753657946
5.937,-0.010128517149677475
5.9375,-0.061887633691040216
5.938,-0.10773703613092099
5.9385,-0.13304436760246502
5.939,-0.12883727506328335
5.9395,-0.09977154503320966
5.94,-0.05102184652790526
5.9405,0.02145739552707506
5.941,0.11261867242919282
5.9415000000000004,0.18479788514712142
5.942,0.18179053930097652
5.9425,0.07993853470654264
5.9430000000000005,-0.074661905577098
5.9435,-0.18942014305167454
5.944,-0.19721252141646514
5.944500000000001,-0.10945724608723634
5.945,0.0028737025730656927
5.9455,0.07516290537628718
5.946,0.09057836644282458
5.9465,0.06691677064770808
5.947,0.02310933804715607
5.9475,-0.03229199675856877
5.948,-0.08872398488783217
5.9485,-0.12644552930277134
5.949,-0.1318131172805668
5.9495000000000005,-0.11571666289923686
5.95,-0.1051684148240589
5.9505,-0.11272396270107406
5.9510000000000005,-0.12165878221625684
5.9515,-0.1062545104191567
5.952,-0.06122719054017346
5.9525,-0.005943560026092027
5.953,0.036467201210601985
5.9535,0.05876039783359918
5.954,0.07018348943214829
5.9545,0.08220459179290704
5.955,0.09534367797488458
5.9555,0.09981236917350073
5.956,0.08742300590172133
5.9565,0.060840182098927706
5.957,0.03374326633199485
5.9575000000000005,0.025173165437218044
5.958,0.0468538136465035
5.9585,0.08667786529254799
5.9590000000000005,0.11019807533378391
5.9595,0.09062868232866517
5.96,0.035888533088528164
5.9605,-0.02174532494491583
5.961,-0.05826076146866034
5.9615,-0.07213162833982768
5.962,-0.07134101894041717
5.9625,-0.05843440566852835
5.963,-0.032789192284976114
5.9635,-0.001896747768538605
5.964,0.019889141778908083
5.9645,0.028005062831511832
5.965,0.03349317022961644
5.9655000000000005,0.04248655369779204
5.966,0.038673577343886156
5.9665,0.0019635525777240573
5.9670000000000005,-0.056060465502445575
5.9675,-0.08973419916387558
5.968,-0.06333882666483155
5.9685,0.0033337923311552633
5.969,0.04579408038493158
5.9695,0.02226628789905558
5.97,-0.03611413993377086
5.9705,-0.05798872876746168
5.971,-0.014460028467929794
5.9715,0.04707623128196698
5.972,0.05816467690294395
5.9725,0.00566377183032282
5.973,-0.058003367290477476
5.9735000000000005,-0.07427881296914053
5.974,-0.036124859175776174
5.9745,0.012942261669346661
5.9750000000000005,0.026460015396605172
5.9755,-0.003639443436764047
5.976,-0.04709248316761944
5.9765,-0.06644906521067032
5.977,-0.043436960685855903
5.9775,0.017416089310912458
5.978,0.09257587550749044
5.9785,0.1385990097673154
5.979,0.10687887990325537
5.9795,-0.011161659067410611
5.98,-0.14928360027334697
5.9805,-0.20355544697060243
5.981,-0.12900403233584465
5.9815000000000005,0.006363052004354653
5.982,0.08450923473081032
5.9825,0.05567059913670234
5.9830000000000005,-0.02058616614733257
5.9835,-0.04999995541126864
5.984,0.0006999459222283644
5.9845,0.08623071234510638
5.985,0.13955798829856228
5.9855,0.12950800580233404
5.986,0.07024683452175393
5.9865,-0.0034431863126875243
5.987,-0.058624288896164375
5.9875,-0.07487844680948437
5.988,-0.05215980338778184
5.9885,-0.011034287224199354
5.989,0.022807136911063522
5.9895000000000005,0.03613128240143473
5.99,0.028463667343922354
5.9905,-1.1804810440524394e-05
5.9910000000000005,-0.051136986080231546
5.9915,-0.11616718680202155
5.992,-0.16709527027104198
5.9925,-0.1693021275005472
5.993,-0.10791884692466548
5.9935,-0.004470334246973799
5.994,0.09236423446787989
5.9945,0.13716124041246672
5.995,0.11651767788442127
5.9955,0.054983493017497595
5.996,-0.0030580176590996166
5.9965,-0.020668070791247273
5.997,0.011131596609444403
5.9975000000000005,0.06881632823181663
5.998,0.1097507078430469
5.9985,0.09893033048661865
5.9990000000000006,0.03475341916056572
5.9995,-0.04844313271336951
6.0,-1.342745589341619
6.0005,-1.5133218773551882
6.001,-1.0967279195778605
6.0015,-0.2130195485523452
6.002,0.9142273841106744
6.0025,1.8483122717385998
6.003,2.053474599636226
6.0035,1.2985205512764983
6.0040000000000004,-0.048252021931938865
6.0045,-1.211689118546624
6.005,-1.575410926917659
6.0055000000000005,-1.1244735352160795
6.006,-0.3897566276701633
6.0065,0.03471102236315317
6.007000000000001,-0.0333334131450333
6.0075,-0.3155965722522867
6.008,-0.4361939137859697
6.0085,-0.26034442130854407
6.009,0.10810546384701838
6.0095,0.5190730384596144
6.01,0.8653809118582773
6.0105,1.0543634803652506
6.011,1.0190833973976936
6.0115,0.7707229145904713
6.0120000000000005,0.3771019311868362
6.0125,-0.1025854291715414
6.013,-0.594410123948626
6.0135000000000005,-0.9320185529817092
6.014,-0.9190806931424318
6.0145,-0.5637976181691031
6.015000000000001,-0.19565426451760567
6.0155,-0.1938555701815305
6.016,-0.5454506729502293
6.0165,-0.7858738221586924
6.017,-0.48876849682024914
6.0175,0.21287028797047453
6.018,0.6987399416473271
6.0185,0.5101958556906349
6.019,-0.12564248025593375
6.0195,-0.5321782127729472
6.0200000000000005,-0.3655185648004224
6.0205,-0.022905500277193257
6.021,-0.14553330994754443
6.0215000000000005,-0.809201670319596
6.022,-1.4028105442267285
6.0225,-1.3077674272146993
6.023,-0.530695163114848
6.0235,0.3745686115348394
6.024,0.8774961557850712
6.0245,0.8895689199320251
6.025,0.6920376996869313
6.0255,0.5501620929754261
6.026,0.4385851608123136
6.0265,0.12849960868642432
6.027,-0.5055471679884205
6.0275,-1.2885764096458152
6.0280000000000005,-1.809940579764729
6.0285,-1.6578104601668817
6.029,-0.6841296206763103
6.0295000000000005,0.8045332891655315
6.03,2.0754924139957724
6.0305,2.3472379640730194
6.031,1.3924800996033646
6.0315,-0.10340241344054879
6.032,-0.9079962215569558
6.0325,-0.23670725769467102
6.033,1.4536935681636245
6.0335,2.755879806861208
6.034,2.5914917936704946
6.0345,1.221447555167722
6.035,-0.13464194403491955
6.0355,-0.61413367450921
6.0360000000000005,-0.42804741285693293
6.0365,-0.300012696761488
6.037,-0.49693603299951233
6.0375000000000005,-0.6047996033397308
6.038,-0.17392852918550644
6.0385,0.6252306979504473
6.039,1.1252549312241789
6.0395,0.8839253664357867
6.04,0.11868327271354329
6.0405,-0.5895027719551911
6.041,-0.8389968215574776
6.0415,-0.6021630264290809
6.042,-0.12336718818802088
6.0425,0.17924850189316577
6.043,-0.12130785648992602
6.0435,-1.0837995066837298
6.0440000000000005,-2.1358030349808237
6.0445,-2.4090396658632804
6.045,-1.5331582848071552
6.0455000000000005,-0.07495051060891258
6.046,0.9376825079888415
6.0465,0.9513754790933581
6.047,0.3017796855773165
6.0475,-0.2511892308083315
6.048,-0.28904521276095607
6.0485,-0.024020685457982208
6.049,0.08680786770362064
6.0495,-0.09152406811208103
6.05,-0.26348467120196145
6.0505,-0.12976670621681125
6.051,0.21690314354396723
6.0515,0.4166517451542096
6.0520000000000005,0.2957858216439653
6.0525,0.0626852227924981
6.053,0.019288861274250543
6.0535000000000005,0.17515951472907373
6.054,0.2554923694885502
6.0545,0.07668665840242765
6.055,-0.2084401778850973
6.0555,-0.3032329629567643
6.056,-0.12761449561129945
6.0565,0.09776445972613348
6.057,0.0958184286698118
6.0575,-0.197869197029604
6.058,-0.5892278296693402
6.0585,-0.8077852595304814
6.059,-0.7352128855030249
6.0595,-0.44924737463654935
6.0600000000000005,-0.04139791191067243
6.0605,0.5295610821419681
6.061,1.2920581247889678
6.0615000000000006,1.9833439201522063
6.062,2.084151207431628
6.0625,1.274436186935248
6.063,-0.17348905974216042
6.0635,-1.54758795558886
6.064,-2.243110107444289
6.0645,-2.149286981165661
6.065,-1.5909269852196275
6.0655,-0.9965851039252399
6.066,-0.6013282971059415
6.0665000000000004,-0.3556087170654361
6.067,-0.04929538388745414
6.0675,0.454773899342898
6.0680000000000005,1.0626705571908774
6.0685,1.5037066741927
6.069,1.5372348390686223
6.069500000000001,1.12727833855283
6.07,0.47752549333512656
6.0705,-0.0655623175181212
6.071,-0.19127295800611252
6.0715,0.20055154297598718
6.072,0.9323302304429221
6.0725,1.636893149687897
6.073,1.9593029024880926
6.0735,1.7607672633714857
6.074,1.1992822962123053
6.0745000000000005,0.6357734700282284
6.075,0.40744895280941285
6.0755,0.5705934661013171
6.0760000000000005,0.7955053104851327
6.0765,0.5992815498099033
6.077,-0.17625554036996624
6.077500000000001,-1.1168226318050087
6.078,-1.6020591746110213
6.0785,-1.472128282184273
6.079,-1.212241961519134
6.0795,-1.3827502560825242
6.08,-1.9379089142600345
6.0805,-2.2275787655047563
6.081,-1.6889641962648034
6.0815,-0.47394542626906094
6.082,0.63148699174452
6.0825000000000005,0.8882490425208845
6.083,0.24166544492724065
6.0835,-0.638015715821358
6.0840000000000005,-0.943373543491517
6.0845,-0.42624086599031047
6.085,0.4397080068206993
6.0855,0.9753946835718104
6.086,0.9493713985675086
6.0865,0.6757069037572412
6.087,0.4996285375615305
6.0875,0.35080038078928366
6.088,-0.07586425893065277
6.0885,-0.8090699715344014
6.089,-1.4628291392915282
6.0895,-1.6123375668341857
6.09,-1.1688522723223203
6.0905000000000005,-0.35233866504736777
6.091,0.5572869135752693
6.0915,1.3154866595617303
6.0920000000000005,1.661235001731666
6.0925,1.4150734550792046
6.093,0.7315648650294335
6.0935,0.09631223569936916
6.094,-0.12076440725727866
6.0945,-0.06739439253403098
6.095,-0.18357938237718552
6.0955,-0.581787622672392
6.096,-0.8634671955768534
6.0965,-0.6283919828713642
6.097,0.007248024721584867
6.0975,0.5285827839683088
6.098,0.5571772184303598
6.0985000000000005,0.14491157425337248
6.099,-0.3929278347772382
6.0995,-0.7666873458670689
6.1000000000000005,-0.8222915295544674
6.1005,-0.5391275735519573
6.101,-0.04282408830670024
6.1015,0.44483510696704287
6.102,0.7680995339787894
6.1025,0.9424535561114674
6.103,1.0690831761971342
6.1035,1.1755482830830382
6.104,1.1732597367399151
6.1045,0.9571562508548438
6.105,0.5225027100628109
6.1055,-0.0018946149187187202
6.106,-0.40167063299845773
6.1065000000000005,-0.4813524775155858
6.107,-0.20462831328492181
6.1075,0.22885848967489694
6.1080000000000005,0.4893732766310344
6.1085,0.3547495902073942
6.109,-0.12948558277738048
6.1095,-0.7061161324457832
6.11,-1.1176003027277115
6.1105,-1.2900439179819714
6.111,-1.3253066938308191
6.1115,-1.2919693525952092
6.112,-1.0522088012701158
6.1125,-0.42362367815242324
6.113,0.4317072688934361
6.1135,0.9649428809250543
6.114,0.7982434397435587
6.1145000000000005,0.2376530416462192
6.115,-0.012027833980586624
6.1155,0.3594470608062007
6.1160000000000005,0.9645879037546168
6.1165,1.2199020893219594
6.117,0.9372779018282447
6.1175,0.35627678364696425
6.118,-0.2045003723064507
6.1185,-0.595462198783258
6.119,-0.8569216994784923
6.1195,-1.1074789465164738
6.12,-1.352645098333471
6.1205,-1.3569295365009924
6.121,-0.8023293327847759
6.1215,0.3201704669501849
6.122,1.510295959567201
6.1225000000000005,2.093885710908111
6.123,1.8527645632239933
6.1235,1.2475027742219311
6.1240000000000006,0.8909057557244663
6.1245,0.8481630463508959
6.125,0.636956813381701
6.1255,-0.05782751959913807
6.126,-0.8878484264531155
6.1265,-1.2212435045312229
6.127,-0.9009680950536709
6.1275,-0.4197383810070347
6.128,-0.3374985362916016
6.1285,-0.6644383520918986
6.1290000000000004,-0.880283257522193
6.1295,-0.5402062539132589
6.13,0.17208100561578704
6.1305000000000005,0.5690999996791524
6.131,0.19755729896905164
6.1315,-0.6139960789490451
6.132000000000001,-1.0484359965106906
6.1325,-0.6305080206538053
6.133,0.29784062992517846
6.1335,0.9082692860647595
6.134,0.6284574635020467
6.1345,-0.4005291833778678
6.135,-1.4762379516060093
6.1355,-1.9040275065048937
6.136,-1.517595167397396
6.1365,-0.7399890685379048
6.1370000000000005,-0.1473560554752999
6.1375,0.04473286219495019
6.138,0.07040300045725423
6.1385000000000005,0.2384876097333859
6.139,0.5632574661585513
6.1395,0.7994122363692092
6.140000000000001,0.7570864225110667
6.1405,0.5006228544634862
6.141,0.2674029386575871
6.1415,0.2747478167350211
6.142,0.6191930941259567
6.1425,1.2529110049038568
6.143,1.925357569919147
6.1435,2.2001774719068554
6.144,1.7614448091204138
6.1445,0.8057237268035845
6.1450000000000005,-0.03167554073351079
6.1455,-0.27893227111066327
6.146,-0.06440251824803353
6.1465000000000005,0.14558119939847738
6.147,0.1273921680234371
6.1475,0.06388917508455022
6.148,0.19131637633185353
6.1485,0.4686467646030078
6.149,0.6356029584198359
6.1495,0.4762464328480703
6.15,-0.02902317753195033
6.1505,-0.7286549056206809
6.151,-1.4143692984371614
6.1515,-1.9362446482338673
6.152,-2.2265824836187846
6.1525,-2.222269065796312
6.1530000000000005,-1.8302669992262959
6.1535,-1.0422416306651554
6.154,-0.06513904634664351
6.1545000000000005,0.7356546762113244
6.155,1.0554529015586456
6.1555,0.8278312693820555
6.156,0.24608985088329452
6.1565,-0.34734832959114026
6.157,-0.6560010312431179
6.1575,-0.6252985018855479
6.158,-0.47533691020866536
6.1585,-0.4864408775499889
6.159,-0.7123009287987937
6.1595,-0.9033800002514991
6.16,-0.7177968598595795
6.1605,-0.0358511497235701
6.1610000000000005,0.8822500673273698
6.1615,1.5563768422454174
6.162,1.6828303941470384
6.1625000000000005,1.40974035156841
6.163,1.1724474459221577
6.1635,1.2403238776344045
6.164,1.4775971074756902
6.1645,1.5431416775732962
6.165,1.2335043890692705
6.1655,0.5987293250315256
6.166,-0.18864417335821596
6.1665,-0.9687322412003633
6.167,-1.579823539493429
6.1675,-1.8108070898145845
6.168,-1.5138850983504262
6.1685,-0.821175582863409
6.1690000000000005,-0.17599625266439525
6.1695,-0.021238962654922935
6.17,-0.37526477152043974
6.1705000000000005,-0.7520651716068538
6.171,-0.6078333945445819
6.1715,0.08998755590346237
6.172,0.7851830166760981
6.1725,0.8747725037441575
6.173,0.329211467072318
6.1735,-0.2693628434724152
6.174,-0.31782055468710646
6.1745,0.23618352019652308
6.175,0.9188531746784914
6.1755,1.2157994767459193
6.176,0.9684873264645238
6.1765,0.3864635201229583
6.1770000000000005,-0.19266279627602867
6.1775,-0.5201154973023768
6.178,-0.4957883852165946
6.1785000000000005,-0.14664550420764377
6.179,0.35553452980491307
6.1795,0.6856791400396506
6.18,0.5235799167440331
6.1805,-0.15782610617220344
6.181,-0.9682306783989734
6.1815,-1.3478953258056328
6.182,-1.0110237296610263
6.1825,-0.1823512988599895
6.183,0.5730957660522963
6.1835,0.759981937157143
6.184,0.2922738612525347
6.1845,-0.4569464937496841
6.1850000000000005,-0.9415480238112384
6.1855,-0.8607798483291845
6.186,-0.3456678846815552
6.1865000000000006,0.22938767213934277
6.187,0.564939242968513
6.1875,0.5967230129728475
6.188,0.44930833506634366
6.1885,0.2775025419217695
6.189,0.12935769654483834
6.1895,-0.035602522257448324
6.19,-0.19750425673952463
6.1905,-0.2162177697280735
6.191,0.008579645900302545
6.1915000000000004,0.35050684995339615
6.192,0.5338314843123484
6.1925,0.43264486789056644
6.1930000000000005,0.22577027869617028
6.1935,0.19731239570639572
6.194,0.4029143247135594
6.194500000000001,0.58144534229637
6.195,0.4214267521583732
6.1955,-0.0959221412389921
6.196,-0.6446783489348697
6.1965,-0.845337894324043
6.197,-0.5946572261839207
6.1975,-0.12756113844885678
6.198,0.2211729915384648
6.1985,0.34031669368716494
6.199,0.44237786330044543
6.1995000000000005,0.7716281623192489
6.2,1.1642705146210088
6.2005,1.0275401688398238
6.2010000000000005,-0.044785318708500915
6.2015,-1.644409113256424
6.202,-2.743665250942493
6.202500000000001,-2.62653703547527
6.203,-1.5477180501110166
6.2035,-0.420497170233884
6.204,0.06860420746714363
6.2045,-0.010827872460048502
6.205,-0.08250810138407845
6.2055,0.29346744219085485
6.206,1.0347097611854883
6.2065,1.70018249431805
6.207,1.9613383237494169
6.2075000000000005,1.8759623277499609
6.208,1.71101395017099
6.2085,1.5854735366555868
6.2090000000000005,1.3542594227032836
6.2095,0.7822844967775588
6.21,-0.22445707765150946
6.2105,-1.4699277643515773
6.211,-2.469831829295312
6.2115,-2.713530174395685
6.212,-2.0845559189837495
6.2125,-1.0350354872948417
6.213,-0.2684735566522093
6.2135,-0.19572619768912264
6.214,-0.6446073492471494
6.2145,-1.0388965270450703
6.215,-0.877638433229106
6.2155000000000005,-0.13968980291032798
6.216,0.7119923709563056
6.2165,1.14772244572679
6.2170000000000005,1.0445278957860045
6.2175,0.7601027107340164
6.218,0.7414584010608734
6.2185,1.0865628678866186
6.219,1.4871930421162785
6.2195,1.5368233440739698
6.22,1.0610924985963694
6.2205,0.2201814728701984
6.221,-0.6178150439983531
6.2215,-1.107973838937914
6.222,-1.1121548865888307
6.2225,-0.7118941792096434
6.223,-0.09342035077144378
6.2235000000000005,0.5165605688886953
6.224,0.8610678939997972
6.2245,0.797694423943581
6.2250000000000005,0.508473325810489
6.2255,0.3914810050815715
6.226,0.589140752993267
6.2265,0.7361923418926316
6.227,0.37399274061661314
6.2275,-0.41812017838207516
6.228,-1.0050504664692574
6.2285,-0.859152871018092
6.229,-0.11207506640051115
6.2295,0.6010441691334365
6.23,0.7514335181659066
6.2305,0.35511104923744263
6.231,-0.08849317047511553
6.2315000000000005,-0.07170259905366164
6.232,0.4186806887864469
6.2325,0.8597702117919711
6.2330000000000005,0.7140975640100219
6.2335,-0.03791922672610574
6.234,-0.9480172789843241
6.2345,-1.5807619600369998
6.235,-1.7933854575078938
6.2355,-1.6213070285963522
6.236,-1.1431557269489359
6.2365,-0.5555101996875657
6.237,-0.22139767051860143
6.2375,-0.44433482902756677
6.238,-1.1422185684128612
6.2385,-1.8326109720697508
6.239,-2.034286017181346
6.2395000000000005,-1.680046026825619
6.24,-1.0861674019881968
6.2405,-0.5336130884580104
6.2410000000000005,0.04764312630916316
6.2415,0.9239490535272346
6.242,2.0799375449163717
6.2425,2.968228962128599
6.243,2.88502673113758
6.2435,1.6849172953768647
6.244,0.06897496026150658
6.2445,-0.9260600541348655
6.245,-0.7524880338990894
6.2455,0.29515372346453433
6.246,1.445060448338225
6.2465,2.0913340843727775
6.247,2.123440688390255
6.2475000000000005,1.7486787826347583
6.248,1.1308646637026347
6.2485,0.31710004952543075
6.2490000000000006,-0.5010148798652427
6.2495,-0.8841390230949314
6.25,-0.5347529923798892
6.2505,0.2516948997766847
6.251,0.7262358181679026
6.2515,0.3321879264122954
6.252,-0.821687367012572
6.2525,-2.0345830394748043
6.253,-2.4685248466690615
6.2535,-1.7013699644372362
6.2540000000000004,-0.1123596012129297
6.2545,1.2473709635413144
6.255,1.4253657410312892
6.2555000000000005,0.43638405849867
6.256,-0.6706399767008533
6.2565,-0.7671529703647476
6.257000000000001,0.2899721388736455
6.2575,1.5840619421714635
6.258,2.0807565212844805
6.2585,1.5469273184641354
6.259,0.5582341197628458
6.2595,-0.23656054441641036
6.26,-0.711856585346589
6.2605,-1.1527246860053357
6.261,-1.7180573152220526
6.2615,-2.1614836255393852
6.2620000000000005,-2.077895937390705
6.2625,-1.3450799282901966
6.263,-0.3165824123881227
6.2635000000000005,0.40619182833101813
6.264,0.47502359970284186
6.2645,0.12939197406750572
6.265000000000001,-0.04893755395214532
6.2655,0.23500731918975407
6.266,0.6990575936003816
6.2665,0.8572774155499047
6.267,0.5433447725432499
6.2675,-0.02957916122353733
6.268,-0.5858468382379033
6.2685,-0.976817853493673
6.269,-1.1188172671435546
6.2695,-0.9700052227452108
6.2700000000000005,-0.6131126303703367
6.2705,-0.19825057311810024
6.271,0.23558715479152884
6.2715000000000005,0.722373874231181
6.272,1.1158122244638096
6.2725,1.0869280297438775
6.273,0.5337387023854518
6.2735,-0.12242521185970508
6.274,-0.24936025193681563
6.2745,0.3513035085790102
6.275,1.198588711565959
6.2755,1.5760495988313457
6.276,1.1929892584870558
6.2765,0.39240961092974724
6.277,-0.24234034015199152
6.2775,-0.41078059379722004
6.2780000000000005,-0.21249921639560973
6.2785,0.14117198066506653
6.279,0.5381562308750149
6.2795000000000005,0.8488881512796266
6.28,0.8155131847756566
6.2805,0.25613842621495264
6.281,-0.6708996989654596
6.2815,-1.5158247243092489
6.282,-1.8172577341764657
6.2825,-1.3221739801410146
6.283,-0.09471526755295445
6.2835,1.4188024486494726
6.284,2.477298039186403
6.2845,2.435886917650177
6.285,1.263662219688244
6.2855,-0.31141344728577014
6.2860000000000005,-1.3127854678095967
6.2865,-1.2947294286066686
6.287,-0.645663987457405
6.2875000000000005,-0.11875046801444168
6.288,-0.0949325768051601
6.2885,-0.33965752264558263
6.289,-0.4390096742068009
6.2895,-0.3474152419839689
6.29,-0.4073403840708591
6.2905,-0.8726106432854783
6.291,-1.5337588124452615
6.2915,-1.8513102832324102
6.292,-1.4176698161162964
6.2925,-0.30343572021660714
6.293,0.9627416716102298
6.2935,1.7076294763760014
6.2940000000000005,1.5004400680535737
6.2945,0.4371699408472368
6.295,-0.843076735566739
6.2955000000000005,-1.5489701158556273
6.296,-1.3370266954113095
6.2965,-0.5522630617983335
6.297,0.18147448185385037
6.2975,0.5566971418688891
6.298,0.6798072285198737
6.2985,0.6741291288488556
6.299,0.45381822052832793
6.2995,0.008061192700865359
6.3,-0.3067842360426111
6.3005,-0.04579564000910397
6.301,0.7322345259271203
6.3015,1.368803587669579
6.3020000000000005,1.2651225586007526
6.3025,0.5533229086964792
6.303,-0.06986562470783467
6.3035000000000005,-0.14563658434406118
6.304,0.130253632018392
6.3045,0.3388893644986663
6.305,0.4463177775400068
6.3055,0.7627693854009082
6.306,1.35081652760264
6.3065,1.6964946080729342
6.307,1.1100797593659117
6.3075,-0.5482927370999368
6.308,-2.5505691865448163
6.3085,-3.6903020834402347
6.309,-3.1142348400862563
6.3095,-1.0274021072663557
6.3100000000000005,1.3258240717994765
6.3105,2.565320121104059
6.311,2.2660172219047254
6.3115000000000006,1.1599380039585496
6.312,0.2285544973530692
6.3125,-0.268102001222046
6.313,-0.7302470714639404
6.3135,-1.3480290445686764
6.314,-1.640823133417898
6.3145,-1.0384164089840566
6.315,0.23930880119944656
6.3155,1.1777830599340753
6.316,0.9686639880451353
6.3165000000000004,-0.11093614200281043
6.317,-0.9907057547254332
6.3175,-0.9438605004978202
6.3180000000000005,-0.25383798199561997
6.3185,0.2724366030295078
6.319,0.253884488125836
6.319500000000001,0.061244736589664235
6.32,0.29804455429202603
6.3205,1.118270805424665
6.321,2.054194663501916
6.3215,2.4010828447641357
6.322,1.7635117509371843
6.3225,0.3632087203536368
6.323,-1.0942920096775983
6.3235,-1.8981987467926968
6.324,-1.7691592597334624
6.3245000000000005,-0.9386725987198559
6.325,0.06423103537390211
6.3255,0.7143161619314999
6.3260000000000005,0.7806401165390366
6.3265,0.4495714178789307
6.327,0.11537461545639552
6.327500000000001,0.004983357132561652
6.328,0.015688649864790932
6.3285,-0.10841130267160626
6.329,-0.47789812402200765
6.3295,-0.9200427620280477
6.33,-1.1209596291190436
6.3305,-0.9395839846080785
6.331,-0.5970117526068681
6.3315,-0.4665732162018171
6.332,-0.6062465408421628
6.3325000000000005,-0.6138196425006996
6.333,-0.08619919527259196
6.3335,0.8389294909645859
6.3340000000000005,1.5314437708967965
6.3345,1.467506893554935
6.335,0.734493963003886
6.335500000000001,-0.06659154268169333
6.336,-0.39410629351316023
6.3365,-0.20749868067192634
6.337,0.12603671436920735
6.3375,0.23617480900635607
6.338,0.013667100028371966
6.3385,-0.37728625993410897
6.339,-0.6075871320932887
6.3395,-0.4000346290312039
6.34,0.1754272472133337
6.3405000000000005,0.6360234273334325
6.341,0.4840652161870481
6.3415,-0.2705730470341393
6.3420000000000005,-1.0651155976701943
6.3425,-1.3017470067146604
6.343,-0.878592081257745
6.3435,-0.1964198545822115
6.344,0.31145566888929155
6.3445,0.5695049727679181
6.345,0.7354603455223571
6.3455,0.7988510828246062
6.346,0.5286171548322128
6.3465,-0.11762201593013968
6.347,-0.7410283230504487
6.3475,-0.8500373021017436
6.348,-0.39808440020044633
6.3485000000000005,0.17798985532363357
6.349,0.4525521455259471
6.3495,0.4484220824899242
6.3500000000000005,0.5711175263179387
6.3505,1.1519128605556237
6.351,2.044138283771199
6.3515,2.65165238126465
6.352,2.3964360702512306
6.3525,1.20989134507459
6.353,-0.3972539993808227
6.3535,-1.6953424644487392
6.354,-2.173033876050701
6.3545,-1.78237716444569
6.355,-0.9461567840408928
6.3555,-0.3168123884973417
6.356,-0.3336962833815825
6.3565000000000005,-0.8679506357999668
6.357,-1.3145592132033816
6.3575,-1.123197425562678
6.3580000000000005,-0.29721202025078736
6.3585,0.6193493427708132
6.359,1.0426097105569883
6.3595,0.84494299626671
6.36,0.412232744025804
6.3605,0.265815004546474
6.361,0.6003479356065349
6.3615,1.1149180925419957
6.362,1.2615251657390505
6.3625,0.7035622086856704
6.363,-0.36406834404894445
6.3635,-1.2746537759675138
6.364,-1.3557252154964412
6.3645000000000005,-0.520703841815737
6.365,0.5560980249669703
6.3655,0.974170709225649
6.3660000000000005,0.4072962114167101
6.3665,-0.6284326002417912
6.367,-1.2757425635411421
6.3675,-1.0444712064610098
6.368,-0.09683845380861594
6.3685,0.9488332804176729
6.369,1.4092151573069738
6.3695,0.9438862728596384
6.37,-0.16708363103378854
6.3705,-1.1472665625086642
6.371,-1.3102969854090574
6.3715,-0.645518978337189
6.372,0.20967090594101476
6.3725000000000005,0.6283565125360804
6.373,0.5614656381040988
6.3735,0.38934191774107846
6.3740000000000006,0.3462835322999751
6.3745,0.31359508624527793
6.375,0.1806752664457386
6.3755,0.1539692895988185
6.376,0.4909829889154653
6.3765,0.9906812883481683
6.377,0.9974654528061839
6.3775,0.0575381457275172
6.378,-1.474282251433867
6.3785,-2.5684489957985677
6.3790000000000004,-2.344582559174341
6.3795,-0.8804928388480107
6.38,0.765449162417793
6.3805000000000005,1.4470291631334913
6.381,0.9279317411579959
6.3815,-0.03324000011719679
6.382000000000001,-0.5552011890221443
6.3825,-0.4420933939203848
6.383,-0.10903024091689195
6.3835,0.04388121352739584
6.384,-0.03568901582296147
6.3845,-0.20967993553913716
6.385,-0.3392648789293029
6.3855,-0.2776103445622543
6.386,0.08679289835795277
6.3865,0.6371881713052379
6.3870000000000005,1.0050067817671249
6.3875,0.8860393537902018
6.388,0.3489498806349065
6.3885000000000005,-0.23637267534175108
6.389,-0.5322846356182384
6.3895,-0.44765563679128184
6.390000000000001,-0.07648883619781048
6.3905,0.47021892808430843
6.391,1.0934562770236074
6.3915,1.579549975749698
6.392,1.580437552009951
6.3925,0.8836110805254637
6.393,-0.25649104396278805
6.3935,-1.144735257536058
6.394,-1.1315286016309918
6.3945,-0.18418848834571314
6.3950000000000005,0.9989806262483458
6.3955,1.5353250080977245
6.396,1.1122507955085013
6.3965000000000005,0.1951279239096691
6.397,-0.4987405241117192
6.3975,-0.6295902822448445
6.398000000000001,-0.3600727467884722
6.3985,-0.08843001771466237
6.399,-0.18568173728046547
6.3995,-0.7865020652486427
6.4,-1.5940632353783613
6.4005,-1.9661440348421102
6.401,-1.4342242843739579
6.4015,-0.20532253398543077
6.402,0.9354499019396597
6.4025,1.2498818762731567
6.4030000000000005,0.5763393079184553
6.4035,-0.6348121612574715
6.404,-1.6554684377310085
6.4045000000000005,-1.8979616021863075
6.405,-1.21677449800022
6.4055,0.048444804521935274
6.406,1.2800324298313832
6.4065,1.8662124997218283
6.407,1.469727077142326
6.4075,0.28208995509174295
6.408,-0.9188844172496811
6.4085,-1.1895397083056856
6.409,-0.19233878032179286
6.4095,1.3735176076356885
6.41,2.2747392470674597
6.4105,1.8326002769884853
6.4110000000000005,0.5022953077731032
6.4115,-0.6572948965083771
6.412,-0.9924986965603756
6.4125000000000005,-0.6692561025842846
6.413,-0.2334072245367685
6.4135,0.0014161222682719417
6.414,0.07772422798915847
6.4145,0.0912597745125937
6.415,-0.036942250421009265
6.4155,-0.4325490578715544
6.416,-0.9710966258999726
6.4165,-1.2077164493766794
6.417,-0.7030961379002457
6.4175,0.5232510661574619
6.418,1.8748121119657681
6.4185,2.5773816768352575
6.4190000000000005,2.274724759974835
6.4195,1.2618182348416558
6.42,0.1387730207791988
6.4205000000000005,-0.712296052670738
6.421,-1.274600682744567
6.4215,-1.6213108529891784
6.422,-1.6592893186840931
6.4225,-1.2364068174205363
6.423,-0.46127420327515445
6.4235,0.21959697161452535
6.424,0.385255893418113
6.4245,0.08516287421176387
6.425,-0.16681974216261003
6.4255,0.10376375167840121
6.426,0.8674439457892195
6.4265,1.6566403255853683
6.4270000000000005,2.024356526933351
6.4275,1.847817607709698
6.428,1.2204181273471364
6.4285000000000005,0.21852018897551365
6.429,-1.0638178260772275
6.4295,-2.2560014103333197
6.43,-2.709582753476538
6.4305,-2.0104125301458544
6.431,-0.5182635939211531
6.4315,0.7815689032477543
6.432,1.0947336279363429
6.4325,0.48119951030642943
6.433,-0.3125558136478791
6.4335,-0.6250991722564604
6.434,-0.4203133007915355
6.4345,-0.11451565888147182
6.4350000000000005,-0.03248928501199822
6.4355,-0.12714328112317247
6.436,-0.1451843407803141
6.4365000000000006,0.0568303275202717
6.437,0.3543557085385066
6.4375,0.45356419652382374
6.438,0.16464592398236855
6.4385,-0.3957531770666358
6.439,-0.8918319937494057
6.4395,-1.0512817226345017
6.44,-0.836908427362819
6.4405,-0.37379539812863644
6.441,0.21566662110477056
6.4415000000000004,0.8510263746806094
6.442,1.3763189613536289
6.4425,1.5097116842119702
6.4430000000000005,1.0649309735984769
6.4435,0.24705650544457422
6.444,-0.41907082123646483
6.444500000000001,-0.5576586394379244
6.445,-0.27063783371940187
6.4455,0.0704356558360677
6.446,0.26870078914896794
6.4465,0.41179929133843357
6.447,0.5919495800892278
6.4475,0.7132518279735699
6.448,0.6499695775098332
6.4485,0.4416294839960765
6.449,0.1921178311942791
6.4495000000000005,-0.1347054504208965
6.45,-0.6381314931926878
6.4505,-1.1795408397589884
6.4510000000000005,-1.3230212622659434
6.4515,-0.7409345521159298
6.452,0.3251598145146303
6.452500000000001,1.148539016227222
6.453,1.1660706871183024
6.4535,0.5280549127525376
6.454,-0.06236867056079139
6.4545,-0.07145334812481184
6.455,0.35368886984319575
6.4555,0.6248446456568353
6.456,0.38965260266176327
6.4565,-0.14493305073029228
6.457,-0.5449105350290296
6.4575000000000005,-0.6281552858387535
6.458,-0.5180318761563298
6.4585,-0.36729203925361814
6.4590000000000005,-0.20315149691269788
6.4595,0.003053566127899243
6.46,0.2630506609254847
6.460500000000001,0.5823847115010907
6.461,0.9531385798934584
6.4615,1.2857953292483466
6.462,1.3685398710540857
6.4625,0.9658133551198287
6.463,0.04608991073084217
6.4635,-1.0624987250851772
6.464,-1.8183156190858745
6.4645,-1.8848812910041757
6.465,-1.4578783732539715
6.4655000000000005,-1.095413725350262
6.466,-1.1057200377512209
6.4665,-1.1517670615531457
6.4670000000000005,-0.654634129163876
6.4675,0.3674268191072796
6.468,1.080203087497209
6.4685,0.6604271568379493
6.469,-0.7124056762657277
6.4695,-1.8804488342627783
6.47,-1.7824348755063693
6.4705,-0.43093003809793384
6.471,1.18216482135084
6.4715,2.0285449108521654
6.472,1.8334602226839358
6.4725,1.0647253057962596
6.473,0.3463185370677
6.4735000000000005,-0.024166528450358774
6.474,-0.06602474394145781
6.4745,0.15895837103073748
6.4750000000000005,0.6393668959173562
6.4755,1.2595367310948313
6.476,1.7176081543185797
6.4765,1.7103145125720671
6.477,1.2065514254583125
6.4775,0.5112915356188383
6.478,0.017634576398747614
6.4785,-0.13995442919690243
6.479,-0.15147077440007287
6.4795,-0.21857940312766852
6.48,-0.285496852729951
6.4805,-0.20996648613974123
6.481,-0.09946427069057885
6.4815000000000005,-0.24293302330972594
6.482,-0.6751644406051579
6.4825,-1.0099736773798476
6.4830000000000005,-0.8487606810419288
6.4835,-0.27008262761387997
6.484,0.23423606486437162
6.4845,0.2926406506817054
6.485,-0.00861943159454021
6.4855,-0.33923273177363533
6.486,-0.5395735547531707
6.4865,-0.7106530129351327
6.487,-0.937472856300164
6.4875,-1.0776131314920046
6.488,-0.9196850352006013
6.4885,-0.48977472582887804
6.489,-0.0906175243707106
6.4895000000000005,-0.02069152953237496
6.49,-0.2787974174141446
6.4905,-0.5153227195471597
6.4910000000000005,-0.27192015910901957
6.4915,0.6172805781863094
6.492,1.759592251336964
6.4925,2.4004188464129017
6.493,2.022172958857354
6.4935,0.7855918138140929
6.494,-0.6223807174509014
6.4945,-1.500554670472587
6.495,-1.506885101672253
6.4955,-0.7722260885962479
6.496,0.14791677657386906
6.4965,0.5663348777571953
6.497,0.18756709297223312
6.4975000000000005,-0.5970502498593527
6.498,-1.0596603588765745
6.4985,-0.8223959279847558
6.4990000000000006,-0.13137976142836008
6.4995,0.5177959255307646
6.5,0.8723970619835217
6.5005,0.9861169552076068
6.501,0.9253295444755543
6.5015,0.5887638458135841
6.502,-0.0911431195984955
6.5025,-0.8120187452167935
6.503,-0.9414227866928585
6.5035,-0.0649904052416923
6.5040000000000004,1.4863781185784635
6.5045,2.7489626632737463
6.505,2.849178932013236
6.5055000000000005,1.6901858844614692
6.506,0.009365303843453323
6.5065,-1.2076622058224549
6.507000000000001,-1.4387829051419685
6.5075,-0.8886681420017442
6.508,-0.16467881491555197
6.5085,0.25516425736799203
6.509,0.27947811839134334
6.5095,0.07804400151296917
6.51,-0.1516178802672433
6.5105,-0.2870244267800368
6.511,-0.2895858784701461
6.5115,-0.21377325292664787
6.5120000000000005,-0.18161127916896752
6.5125,-0.29890209397418316
6.513,-0.568732771399174
6.5135000000000005,-0.8385785405111525
6.514,-0.8491200597781977
6.5145,-0.4646937450549921
6.515000000000001,0.07862328790865844
6.5155,0.25612198945345943
6.516,-0.2728297727307153
6.5165,-1.233595916632062
6.517,-1.8570936036368728
6.5175,-1.5288196469058613
6.518,-0.32958888763968247
6.5185,1.0582659282724938
6.519,1.887963401161705
6.5195,1.8003817918422398
6.5200000000000005,0.9760056870286845
6.5205,0.022824583382175287
6.521,-0.40265895439950683
6.5215000000000005,-0.0900983748703075
6.522,0.5568490176220107
6.5225,0.9168965928460292
6.523000000000001,0.7153830336417623
6.5235,0.16808333741126788
6.524,-0.33624449570359816
6.5245,-0.5584050241277602
6.525,-0.46473032091208916
6.5255,-0.15809720066750518
6.526,0.15132214687647297
6.5265,0.17916731365551342
6.527,-0.27808910334056697
6.5275,-1.0649886790760499
6.5280000000000005,-1.5474381424867005
6.5285,-1.03584762652369
6.529,0.4378980838976192
6.5295000000000005,1.8758182650383948
6.53,2.101976455113133
6.5305,0.8607769439329437
6.531,-0.921799633415392
6.5315,-1.9318691980072236
6.532,-1.5081169800275442
6.5325,-0.08716963415414662
6.533,1.1744480056934556
6.5335,1.2913819118525727
6.534,0.22264050000088514
6.5345,-1.1064019634650906
6.535,-1.5998442818127414
6.5355,-0.9004732960575728
6.5360000000000005,0.4023222447788159
6.5365,1.3662448082359333
6.537,1.470306995444338
6.5375000000000005,0.9150917132977304
6.538,0.3038071689198279
6.5385,0.07282529421590009
6.539,0.18965946075079354
6.5395,0.34324199146161516
6.54,0.3719172167274122
6.5405,0.45570517127293586
6.541,0.8538210050973193
6.5415,1.4692380827521774
6.542,1.7708328984833095
6.5425,1.2535417518705316
6.543,-0.014456340044102088
6.5435,-1.3558455226320376
6.5440000000000005,-2.0149354796418346
6.5445,-1.734021205194589
6.545,-0.8745053748394828
6.5455000000000005,-0.06923028748932153
6.546,0.22979210258873028
6.5465,-0.02024284984944328
6.547,-0.500098281411294
6.5475,-0.7281454834485155
6.548,-0.34482083882566206
6.5485,0.5689985140056528
6.549,1.4137053330375597
6.5495,1.5211743588071203
6.55,0.8299872710724864
6.5505,-0.0018267531751477784
6.551,-0.2823935993848797
6.5515,0.008033367493331814
6.5520000000000005,0.2996928230175841
6.5525,0.10161647797434775
6.553,-0.5617561060303511
6.5535000000000005,-1.2910308623904134
6.554,-1.692840673180714
6.5545,-1.6015207436296577
6.555,-1.0888045968554911
6.5555,-0.4161823036570102
6.556,0.03818873982219623
6.5565,-0.0004596687503997934
6.557,-0.4301733531861226
6.5575,-0.8258814066531618
6.558,-0.8734693601041887
6.5585,-0.638476192559207
6.559,-0.3108992153766628
6.5595,0.13007910378828702
6.5600000000000005,0.7754186511150337
6.5605,1.4014480644152523
6.561,1.5007663253216046
6.5615000000000006,0.8149544048024329
6.562,-0.2400088297767627
6.5625,-0.7829162530668278
6.563,-0.19811617791835087
6.5635,1.2403532213262434
6.564,2.47419449368396
6.5645,2.5176552456099843
6.565,1.3248346479629685
6.5655,-0.1657294259594652
6.566,-0.8704272014570783
6.5665000000000004,-0.5104215425996919
6.567,0.20991050692138863
6.5675,0.37010568396282983
6.5680000000000005,-0.23315657728904932
6.5685,-0.9690713945227822
6.569,-1.1306403918803658
6.569500000000001,-0.6534624197654022
6.57,-0.059405237886295564
6.5705,0.15068169424849367
6.571,-0.05967409132940911
6.5715,-0.3325930207759211
6.572,-0.29312356960378944
6.5725,0.1388744061446206
6.573,0.7099945287910847
6.5735,1.0386969081242774
6.574,0.8843590077458037
6.5745000000000005,0.3150331873436914
6.575,-0.30352503999768543
6.5755,-0.5340915549010681
6.5760000000000005,-0.21695948428684236
6.5765,0.3582132238057523
6.577,0.6643098633517258
6.577500000000001,0.35436618233083683
6.578,-0.4430727347243935
6.5785,-1.1330030302620588
6.579,-1.0512969715213447
6.5795,-0.10368148369061599
6.58,0.9651201650918685
6.5805,1.174907006361089
6.581,0.30640267778320834
6.5815,-0.7970678418494943
6.582,-1.0082104955827387
6.5825000000000005,-0.009249876216521947
6.583,1.3633050626039045
6.5835,1.8559710177633202
6.5840000000000005,0.9427475719332186
6.5845,-0.7083470569665312
6.585,-1.9004626100324156
6.585500000000001,-2.0112501394388196
6.586,-1.4198888384188724
6.5865,-0.9330074088902667
6.587,-0.9214488174307149
6.5875,-1.0530832372840875
6.588,-0.7931415775781093
6.5885,-0.05292928228398802
6.589,0.7157898773233083
6.5895,1.0214854343095867
6.59,0.8242980512379995
6.5905000000000005,0.48822153041792965
6.591,0.32312496212349534
6.5915,0.29739775137960955
6.5920000000000005,0.2088326546099297
6.5925,-0.0029194978660205474
6.593,-0.21051892717101764
6.5935,-0.2956358045804442
6.594,-0.2798416887933761
6.5945,-0.23248037428443888
6.595,-0.10765095651644135
6.5955,0.22050573250169575
6.596,0.7058932987242563
6.5965,1.0198477266926536
6.597,0.8496852769298239
6.5975,0.29117798331157957
6.598,-0.20822563923786297
6.5985000000000005,-0.3360627952023923
6.599,-0.2245560934080734
6.5995,-0.2011515791010556
6.6000000000000005,-0.3276933725711773
6.6005,-0.31953686848376284
6.601,0.08525541028323227
6.6015,0.7657135846685613
6.602,1.2576468462214547
6.6025,1.1588946534331062
6.603,0.5327229083368401
6.6035,-0.08623617114455857
6.604,-0.13503731007528724
6.6045,0.4912750606399282
6.605,1.3795534954689512
6.6055,1.9916089073773473
6.606,2.064436578974095
6.6065000000000005,1.6207750398149547
6.607,0.7435251422244118
6.6075,-0.4452673266579904
6.6080000000000005,-1.615557928061715
6.6085,-2.3096188696024487
6.609,-2.313797999823023
6.6095,-1.8297671558888278
6.61,-1.20955628836926
6.6105,-0.6205151573415345
6.611,-0.045897905933073
6.6115,0.4679716819120658
6.612,0.7307499775323653
6.6125,0.6282618752512029
6.613,0.2945547167634471
6.6135,-0.040819327677274364
6.614,-0.2837186937042652
6.6145000000000005,-0.45588539506615
6.615,-0.5484210042599634
6.6155,-0.5261635478950936
6.6160000000000005,-0.42282840831640517
6.6165,-0.3095789135009475
6.617,-0.18670088029322765
6.6175,-0.02309665053586736
6.618,0.08027191118169352
6.6185,-0.0901138381807782
6.619,-0.5661845055873826
6.6195,-1.0168033710891524
6.62,-1.013482046040325
6.6205,-0.46389224292645925
6.621,0.3120112106897803
6.6215,0.8947366027595547
6.622,1.0500525788248762
6.6225000000000005,0.7779973219762286
6.623,0.29520140557029334
6.6235,0.005859329335993997
6.6240000000000006,0.24991391735959237
6.6245,0.8962921207702403
6.625,1.306942617068445
6.6255,0.9079475850842982
6.626,-0.18144319123652874
6.6265,-1.1636826990620084
6.627,-1.2464465177079507
6.6275,-0.36798676451737344
6.628,0.6943846314500616
6.6285,0.9811347889163651
6.6290000000000004,0.23578092827109356
6.6295,-0.8286573966239634
6.63,-1.2248201757841377
6.6305000000000005,-0.7037552896946497
6.631,-0.0026577850689322316
6.6315,0.009247865084946974
6.632000000000001,-0.6367589847857473
6.6325,-1.015395338160473
6.633,-0.38103735420730867
6.6335,0.949056460504585
6.634,1.9034471757672755
6.6345,1.7257498494437244
6.635,0.6180705090182805
6.6355,-0.547281421312189
6.636,-0.9683489246986436
6.6365,-0.4470335530775374
6.6370000000000005,0.5598054044440578
6.6375,1.3254661352184502
6.638,1.401470678002244
6.6385000000000005,0.8948974561173392
6.639,0.24088296458972655
6.6395,-0.25979392410013363
6.640000000000001,-0.6364767415537794
6.6405,-1.0079108639821717
6.641,-1.252921578662103
6.6415,-1.0578765733634523
6.642,-0.33606601334058545
6.6425,0.5230418406418851
6.643,0.9746617679651489
6.6435,0.8769287575547435
6.644,0.6034185675674906
6.6445,0.571504474461924
6.6450000000000005,0.7726985672239615
6.6455,0.8450372231028015
6.646,0.538692360705482
6.6465000000000005,0.03003677952438225
6.647,-0.20844785243142472
6.6475,0.1517547562811197
6.648000000000001,0.9258241874732798
6.6485,1.4968628637044055
6.649,1.3611132085299773
6.6495,0.6212438217346402
6.65,-0.1367707545125863
6.6505,-0.488516697230164
6.651,-0.6041324938915211
6.6515,-0.9709490300139507
6.652,-1.7622001366093196
6.6525,-2.5870270567352827
6.6530000000000005,-2.850550866753706
6.6535,-2.2910091237067407
6.654,-1.18549906224929
6.6545000000000005,-0.1229403371201248
6.655,0.41062053109608193
6.6555,0.3346605697080205
6.656000000000001,-0.021344675909858463
6.6565,-0.20959565687419895
6.657,-0.026496369744768246
6.6575,0.35822439674100254
6.658,0.6005173376702431
6.6585,0.4967280770244517
6.659,0.12960573218225896
6.6595,-0.23527910687170134
6.66,-0.3632809178814275
6.6605,-0.2004698532791436
6.6610000000000005,0.10620004422887681
6.6615,0.2967746625198128
6.662,0.17077781526507496
6.6625000000000005,-0.22039976254430693
6.663,-0.5527850270614008
6.6635,-0.5066870355382955
6.664,-0.09909100384269563
6.6645,0.3359924736995622
6.665,0.5292208481705025
6.6655,0.562404881183401
6.666,0.6957367063485181
6.6665,0.9290310192479029
6.667,0.8822955663951494
6.6675,0.2729605508606405
6.668,-0.5484076780352897
6.6685,-0.803806419418613
6.6690000000000005,-0.1379950696924274
6.6695,0.924170864256134
6.67,1.527228271734929
6.6705000000000005,1.3855918341094247
6.671,0.9732292636508425
6.6715,0.8665499551827002
6.672,1.1072486121119023
6.6725,1.3006395820191181
6.673,1.1778781918442864
6.6735,0.855700666179645
6.674,0.5613208997744275
6.6745,0.3061087058389391
6.675,-0.048958301211843205
6.6755,-0.4918981164683888
6.676,-0.772918244065986
6.6765,-0.6818013092544462
6.6770000000000005,-0.37738857507510926
6.6775,-0.3315609317845672
6.678,-0.8432886618266171
6.6785000000000005,-1.6383868136342812
6.679,-2.079744210001703
6.6795,-1.819293022591324
6.68,-1.143337956566999
6.6805,-0.5931201622641247
6.681,-0.3488163091404818
6.6815,-0.16503469844709248
6.682,0.130313977970472
6.6825,0.34724117547729516
6.683,0.2667087900430217
6.6835,0.04254156798630891
6.684,0.02239759381520783
6.6845,0.24271485328909442
6.6850000000000005,0.36006341769809525
6.6855,0.12691011405239377
6.686,-0.2782908736491252
6.6865000000000006,-0.5118354203270727
6.687,-0.5110225894362845
6.6875,-0.5210032764560919
6.688,-0.7185531886384363
6.6885,-0.9539382010466958
6.689,-0.9212863631111037
6.6895,-0.5129683958458754
6.69,0.07073612675734793
6.6905,0.5324257000853386
6.691,0.7306364456819995
6.6915000000000004,0.7582202085461274
6.692,0.8490228463009396
6.6925,1.179822067561616
6.6930000000000005,1.6729562287992277
6.6935,1.9910797433546124
6.694,1.8043375195543936
6.694500000000001,1.1030497111856645
6.695,0.23166559674782133
6.6955,-0.389685761681783
6.696,-0.5686277353635836
6.6965,-0.40988281018744444
6.697,-0.16616905386200076
6.6975,-0.040082465812660575
6.698,-0.04006764024677139
6.6985,0.061952039539374934
6.699,0.5653587919439651
6.6995000000000005,1.4597091292667381
6.7,2.1864072146498708
6.7005,1.9941214591503917
6.7010000000000005,0.7079904412432756
6.7015,-0.9312644578284486
6.702,-1.8499108034193361
6.702500000000001,-1.5819406281254127
6.703,-0.6206282631946575
6.7035,0.06701820095934789
6.704,-0.17323576850878195
6.7045,-1.2122076976159295
6.705,-2.242803064597653
6.7055,-2.3748895547659394
6.706,-1.3291691908109233
6.7065,0.3106497192652005
6.707,1.5205300289696484
6.7075000000000005,1.5783644523774043
6.708,0.5350407227303402
6.7085,-0.8799777294114184
6.7090000000000005,-1.7843545413752024
6.7095,-1.7172227236680198
6.71,-0.8890536043136457
6.710500000000001,0.03557367779704732
6.711,0.4692435345279437
6.7115,0.35061484463687337
6.712,0.09672153091343405
6.7125,0.08280070027690627
6.713,0.22062600192729936
6.7135,0.11201906272550327
6.714,-0.41907939992789994
6.7145,-1.020344424480757
6.715,-1.083283232300141
6.7155000000000005,-0.36299641739362243
6.716,0.6843448038288674
6.7165,1.2548936372113053
6.7170000000000005,0.917128364957192
6.7175,-0.02042264672377731
6.718,-0.7825434647715352
6.718500000000001,-0.7168665548741542
6.719,0.24701749271928902
6.7195,1.5231251893755284
6.72,2.238865269998494
6.7205,1.8531958705857665
6.721,0.5757050977431714
6.7215,-0.7785837131096486
6.722,-1.3871327010592975
6.7225,-0.9603978757110749
6.723,0.15615106393284134
6.7235000000000005,1.2791217443430316
6.724,1.8397499415043141
6.7245,1.733692211665954
6.7250000000000005,1.3088188582002571
6.7255,0.9764481455042991
6.726,0.852314651688195
6.7265,0.7972123909064354
6.727,0.7046394756195679
6.7275,0.6425485658151248
6.728,0.7374847715282143
6.7285,0.9637660433302446
6.729,1.0399240964574177
6.7295,0.6001477037997757
6.73,-0.40632654134490326
6.7305,-1.5119235843858876
6.731,-2.089372144341285
6.7315000000000005,-1.9618390144197395
6.732,-1.5528189896957674
6.7325,-1.402251031035339
6.7330000000000005,-1.6346682152282452
6.7335,-1.9294129330713703
6.734,-1.9030651760071438
6.7345,-1.453242874603413
6.735,-0.7885805372680543
6.7355,-0.21226668365113502
6.736,0.10252872656283575
6.7365,0.18240112415235543
6.737,0.16435991480288487
6.7375,0.13780246888712797
6.738,0.07319466119215445
6.7385,-0.04792516567026266
6.739,-0.059686577427401064
6.7395000000000005,0.27352435797598085
6.74,0.8782038401004566
6.7405,1.2511372962780338
6.7410000000000005,0.933375507025327
6.7415,0.11398856235836925
6.742,-0.42506939192086185
6.7425,-0.07930584343127607
6.743,0.936627262115479
6.7435,1.7938017285394061
6.744,1.8234948980723649
6.7445,1.006942265360796
6.745,-0.18473147083235428
6.7455,-1.2047795059746156
6.746,-1.6614831910489642
6.7465,-1.3970835486532698
6.747,-0.5672887208618614
6.7475000000000005,0.4009792082707666
6.748,1.0828460090093597
6.7485,1.3188635165193594
6.7490000000000006,1.1938851186950272
6.7495,0.8377706858053716
6.75,0.34101457106785377
6.7505,-0.1713189350625281
6.751,-0.5232865658373431
6.7515,-0.6361838866629456
6.752,-0.6491936264392173
6.7525,-0.7947213833096949
6.753,-1.122431525425742
6.7535,-1.3841652242242992
6.7540000000000004,-1.2445076031747768
6.7545,-0.6408762600562364
6.755,0.09057007153435351
6.7555000000000005,0.5117651910579536
6.756,0.5018338752749218
6.7565,0.31782682206907625
6.757000000000001,0.24811301315178796
6.7575,0.30413951831321356
6.758,0.31084897154865887
6.7585,0.22451835380189833
6.759,0.2338290918724936
6.7595,0.5137501358795084
6.76,0.9282716150846235
6.7605,1.0203417191892619
6.761,0.37195505699347037
6.7615,-0.9174376473546567
6.7620000000000005,-2.115879863001991
6.7625,-2.3669944545205763
6.763,-1.4275618402419
6.7635000000000005,0.1180738402411265
6.764,1.4180688767826537
6.7645,2.0737924183932988
6.765000000000001,2.25527848380208
6.7655,2.230607902123576
6.766,2.0025991606122067
6.7665,1.4427361598332178
6.767,0.6003844456519036
6.7675,-0.24455062606810848
6.768,-0.7975308169600005
6.7685,-0.978073243747546
6.769,-0.9415809661479835
6.7695,-0.8619701675422148
6.7700000000000005,-0.7189987678036324
6.7705,-0.3987630843999135
6.771,-0.009867396941310873
6.7715000000000005,0.06676541510420933
6.772,-0.4213108009747173
6.7725,-1.2002164447561094
6.773000000000001,-1.5913661840081443
6.7735,-1.0708784174375459
6.774,0.28372919756369774
6.7745,1.8408674902650723
6.775,2.8456489423685047
6.7755,2.8672621389063653
6.776,1.9885192791198394
6.7765,0.6794704445358134
6.777,-0.5084649729443846
6.7775,-1.210698048572153
6.7780000000000005,-1.3679520897384005
6.7785,-1.2164792334948105
6.779,-1.1415351198017856
6.7795000000000005,-1.3747882447206685
6.78,-1.7465116540495271
6.7805,-1.8238732849519703
6.781000000000001,-1.3721098321325031
6.7815,-0.6251281185166099
6.782,-0.05219540773368006
6.7825,0.09413751933052049
6.783,-0.038491002173558594
6.7835,-0.11545025913576286
6.784,0.0634368961169549
6.7845,0.4559994409650791
6.785,0.9072495137945098
6.7855,1.2946418395717596
6.7860000000000005,1.5162609183722726
6.7865,1.398313441884463
6.787,0.7695491489051313
6.7875000000000005,-0.23504380158397128
6.788,-1.0189307544387738
6.7885,-0.9356507170836975
6.789,-0.0033508036936199075
6.7895,0.926121431523362
6.79,0.9150524385264508
6.7905,-0.11582156955138544
6.791,-1.2778081714037155
6.7915,-1.5646139786210533
6.792,-0.7728870918958715
6.7925,0.3728461470029488
6.793,0.9053857487652037
6.7935,0.45216863087658593
6.7940000000000005,-0.45836975782115424
6.7945,-0.8714795257359609
6.795,-0.2899943116551409
6.7955000000000005,0.8284870292599698
6.796,1.4751406725590823
6.7965,1.0347530882013283
6.797,-0.14178334226311776
6.7975,-1.0726219087002324
6.798,-1.0372282119575686
6.7985,-0.16534663580205886
6.799,0.8207801668068339
6.7995,1.4005105071881965
6.8,1.6842440073188047
6.8005,1.9704523545384138
6.801,2.0459813362779613
6.8015,1.289687344918441
6.8020000000000005,-0.40461947581101043
6.8025,-2.0853197958078318
6.803,-2.4414946180767405
6.8035000000000005,-1.1005156703568606
6.804,0.9004556794395924
6.8045,2.0281190880770814
6.805,1.6111396290066995
6.8055,0.27221179442706206
6.806,-0.875407419410891
6.8065,-1.29577861091325
6.807,-1.2718649470785846
6.8075,-1.2632722549767115
6.808,-1.2769883975678231
6.8085,-0.974185430705443
6.809,-0.2537971721183405
6.8095,0.4750557130323468
6.8100000000000005,0.6457603422428915
6.8105,0.09631027456706107
6.811,-0.7311462125332734
6.8115000000000006,-1.1288293934147997
6.812,-0.7085544545900847
6.8125,0.2368318473901614
6.813,0.9058981135151899
6.8135,0.6387404453775959
6.814,-0.4423722949677695
6.8145,-1.4434165326518889
6.815,-1.4742357764791771
6.8155,-0.47361761783043616
6.816,0.748833409981898
6.8165000000000004,1.270838206032821
6.817,0.8352324848601373
6.8175,-0.051145616508882226
6.8180000000000005,-0.6497400271655639
6.8185,-0.5692216932328299
6.819,0.05784899593667331
6.819500000000001,0.7845700062299172
6.82,1.1814971446554168
6.8205,1.0891568450803946
6.821,0.688385332274985
6.8215,0.3332448650234248
6.822,0.26367815495031593
6.8225,0.4792682832370396
6.823,0.8417224037524926
6.8235,1.1563535767404967
6.824,1.1556344765307234
6.8245000000000005,0.6242756492021639
6.825,-0.3388810295299634
6.8255,-1.304958424345014
6.8260000000000005,-1.8463332459375417
6.8265,-1.8027961583160828
6.827,-1.2247274108362765
6.827500000000001,-0.26491039606918204
6.828,0.755110642052717
6.8285,1.3700162636682074
6.829,1.3198113293047817
6.8295,0.8656599659162879
6.83,0.5815501533722608
6.8305,0.7754312202935573
6.831,1.1956396812730061
6.8315,1.3245306978604356
6.832,0.867482786442042
6.8325000000000005,-0.06861021092501336
6.833,-1.1305807094767621
6.8335,-1.929987713601793
6.8340000000000005,-2.208859726112689
6.8345,-1.9994918010351637
6.835,-1.6555032578868
6.835500000000001,-1.5793807837947083
6.836,-1.7963430602695911
6.8365,-1.8403073785087032
6.837,-1.200832651470084
6.8375,0.07282864444952324
6.838,1.31275106571833
6.8385,1.8476006744873907
6.839,1.6179459908708502
6.8395,1.1263314359904022
6.84,0.844537254211972
6.8405000000000005,0.7651052417505123
6.841,0.5453828334323172
6.8415,0.03157372737101221
6.8420000000000005,-0.44076095713184477
6.8425,-0.3474290048702341
6.843,0.39928061509856294
6.843500000000001,1.211775746488603
6.844,1.3308167086611726
6.8445,0.5961440015735303
6.845,-0.32792413856601654
6.8455,-0.5367417517444556
6.846,0.2593518590410265
6.8465,1.3998247961538313
6.847,1.7646126068362689
6.8475,0.6961489693745108
6.848,-1.350857703588155
6.8485000000000005,-2.9807775256703306
6.849,-2.8890695914097595
6.8495,-1.004246256699736
6.8500000000000005,1.3629280511078274
6.8505,2.602353103689707
6.851,2.0798582816363904
6.8515,0.44804324254511674
6.852,-1.0900424773684463
6.8525,-1.7370955977045235
6.853,-1.4964245383253942
6.8535,-0.8879077578443066
6.854,-0.4144639832821755
6.8545,-0.21974565650002556
6.855,-0.08119844053790179
6.8555,0.2998210888626166
6.856,0.8851640436412974
6.8565000000000005,1.1704047120694652
6.857,0.6378454006912702
6.8575,-0.5897993866492595
6.8580000000000005,-1.6965811585423636
6.8585,-1.8857647864254363
6.859,-1.070055203572014
6.8595,0.1708160179944809
6.86,1.1457629668750104
6.8605,1.492726473713402
6.861,1.2869815507743712
6.8615,0.9058056265546318
6.862,0.7089187441152441
6.8625,0.7460493884777405
6.863,0.8127320830189231
6.8635,0.7744487836091499
6.864,0.7074668859436667
6.8645000000000005,0.6981703039611941
6.865,0.624732460898223
6.8655,0.22330969823530464
6.8660000000000005,-0.6143754972721106
6.8665,-1.5944004884342036
6.867,-2.117727536672027
6.8675,-1.770332589750872
6.868,-0.7890484816697472
6.8685,0.0744524154886006
6.869,0.27018165549992523
6.8695,-0.030914067882487885
6.87,-0.24027360659969443
6.8705,-0.09738804768472059
6.871,0.07848221849522677
6.8715,-0.10305405506003204
6.872,-0.5429516590616654
6.8725000000000005,-0.7381692908111109
6.873,-0.3665869576194045
6.8735,0.3275664148696038
6.8740000000000006,0.7705676696067792
6.8745,0.6408227748764421
6.875,0.1430034353994888
6.8755,-0.30287989947474
6.876,-0.5195568139066522
6.8765,-0.6078032029178959
6.877,-0.6331570384595534
6.8775,-0.4964273254755558
6.878,-0.147929018062408
6.8785,0.22026226740934632
6.8790000000000004,0.30119648262190596
6.8795,0.009408356449152562
6.88,-0.31994410694628045
6.8805000000000005,-0.14664508919182626
6.881,0.7456991853915872
6.8815,1.930515850126807
6.882000000000001,2.6411304422103346
6.8825,2.4408390434471436
6.883,1.5771849023007019
6.8835,0.6763205057445666
6.884,0.1362545063831558
6.8845,-0.1219234675868891
6.885,-0.335525392064418
6.8855,-0.5091198568330068
6.886,-0.4786674440664612
6.8865,-0.2581900490177528
6.8870000000000005,-0.10271944182440157
6.8875,-0.1886584592670083
6.888,-0.3786844296177264
6.8885000000000005,-0.3940776765932811
6.889,-0.14679989487696868
6.8895,0.1940756826687194
6.890000000000001,0.4176967621740851
6.8905,0.42712011156941376
6.891,0.18989427011952634
6.8915,-0.3035991602673717
6.892,-0.9315262476719873
6.8925,-1.3577017780021452
6.893,-1.1918815504274698
6.8935,-0.35439085380918883
6.894,0.6604316796730455
6.8945,0.9980920744291641
6.8950000000000005,0.16715304895291036
6.8955,-1.3495266444802443
6.896,-2.371168370070735
6.8965000000000005,-2.0872108073946354
6.897,-0.837887758069318
6.8975,0.2386982180901966
6.898000000000001,0.3010750231459276
6.8985,-0.4999583339981738
6.899,-1.3348559627259429
6.8995,-1.5438959049075163
6.9,-1.1161958208883702
6.9005,-0.4549611200400752
6.901,0.13516750140257988
6.9015,0.6584603114973946
6.902,1.232161785126869
6.9025,1.8085127458765256
6.9030000000000005,2.1151120598632214
6.9035,1.860174494756048
6.904,1.0441598845585083
6.9045000000000005,0.07376925189372326
6.905,-0.5424685679866429
6.9055,-0.6662468499104802
6.906000000000001,-0.5932995658349876
6.9065,-0.5829640103414836
6.907,-0.46427252926921353
6.9075,0.1261217170327002
6.908,1.1682919021925147
6.9085,2.111405576851689
6.909,2.375749396101027
6.9095,1.926061056572483
6.91,1.2752923635419666
6.9105,0.9358819605990704
6.9110000000000005,0.920497862468847
6.9115,0.7931518739026796
6.912,0.15759250158592025
6.9125000000000005,-0.9289730894087369
6.913,-1.953865770944856
6.9135,-2.313702524340396
6.914,-1.7783326852036832
6.9145,-0.7087763011772173
6.915,0.1980697158695264
6.9155,0.4601804840353102
6.916,0.1400640946245787
6.9165,-0.3515606836472118
6.917,-0.6964719369707185
6.9175,-0.8354424244430504
6.918,-0.7627945941142604
6.9185,-0.3643803946456766
6.9190000000000005,0.38644258150034755
6.9195,1.1505739388460943
6.92,1.3779069745912373
6.9205000000000005,0.8624429532105812
6.921,0.02020069735997513
6.9215,-0.5321704167301078
6.922,-0.5982295567706335
6.9225,-0.46229487353539345
6.923,-0.4240849502165746
6.9235,-0.47409940945634726
6.924,-0.4160088976622299
6.9245,-0.1424329763243179
6.925,0.2500280757636711
6.9255,0.5451013708991822
6.926,0.5891348350967851
6.9265,0.3965017242596222
6.9270000000000005,0.04945687136545931
6.9275,-0.44548285422923267
6.928,-1.0644910337980382
6.9285000000000005,-1.543503885000367
6.929,-1.449154335385244
6.9295,-0.6098997582127986
6.93,0.5842456154660344
6.9305,1.424593753867638
6.931,1.4553955147450055
6.9315,0.8047535459551071
6.932,-0.007979523398939613
6.9325,-0.5369179103123441
6.933,-0.6778864957687131
6.9335,-0.5555914844714681
6.934,-0.2816076323306484
6.9345,0.09245142170534923
6.9350000000000005,0.4407665972854633
6.9355,0.5299884813057647
6.936,0.20853277890288116
6.9365000000000006,-0.39574169194708747
6.937,-0.9235488409640861
6.9375,-1.062237840017189
6.938,-0.7933006245482396
6.9385,-0.3516398365691608
6.939,0.05843695332552054
6.9395,0.41832592020126574
6.94,0.7131512791289851
6.9405,0.7421403992204277
6.941,0.32031637492834897
6.9415000000000004,-0.34019537373206155
6.942,-0.655975886366523
6.9425,-0.19939277014169585
6.9430000000000005,0.8529641836693879
6.9435,1.8298710470821626
6.944,2.0626682363076716
6.944500000000001,1.3304679955457857
6.945,0.033612147217438104
6.9455,-1.0046630093960933
6.946,-1.1272390442081175
6.9465,-0.4016407173811424
6.947,0.48806090444026706
6.9475,0.9490982366562037
6.948,0.954660034344651
6.9485,0.8147505529834783
6.949,0.7097521571790426
6.9495000000000005,0.6014921949456924
6.95,0.4645229957059699
6.9505,0.3774596459799166
6.9510000000000005,0.35582297314252415
6.9515,0.24881235728657392
6.952,-0.09439213659276847
6.952500000000001,-0.6065972596664457
6.953,-1.0303375738400578
6.9535,-1.1686634229761284
6.954,-1.0880445205848355
6.9545,-1.055928062060811
6.955,-1.2298576416353697
6.9555,-1.3928025846770904
6.956,-1.0976486674107955
6.9565,-0.1814620990705299
6.957,0.9071420753424906
6.9575000000000005,1.417091471333916
6.958,0.9794992047891361
6.9585,-0.03208597748069577
6.9590000000000005,-0.8350439054466643
6.9595,-0.9606894242577106
6.96,-0.6771311355883163
6.960500000000001,-0.6348570968874675
6.961,-1.0323677694526703
6.9615,-1.2621355857423582
6.962,-0.5852234504313961
6.9625,0.8795635420689599
6.963,2.0688274136941116
6.9635,1.969534763308979
6.964,0.6228958245836131
6.9645,-0.8984514167382525
6.965,-1.485754522877667
6.9655000000000005,-0.9614479167036069
6.966,-0.049224257857232376
6.9665,0.5441356495772356
6.9670000000000005,0.7939289225379981
6.9675,1.031433552170709
6.968,1.2395426807242762
6.968500000000001,0.9853788992897288
6.969,0.04684923546420984
6.9695,-1.1058809061727604
6.97,-1.6242834400600275
6.9705,-1.114082327881667
6.971,-0.07193927723339492
6.9715,0.5962460052670587
6.972,0.46904345049490376
6.9725,-0.03654441226178751
6.973,-0.17477353962765957
6.9735000000000005,0.3331893256438917
6.974,1.030789073387632
6.9745,1.235234167900074
6.9750000000000005,0.7748003725597536
6.9755,0.14451781358338647
6.976,-0.08987008511020489
6.9765,0.090137223110716
6.977,0.26970668990411123
6.9775,0.23240185520705697
6.978,0.2237713021258136
6.9785,0.5220475043012559
6.979,0.9496329358480046
6.9795,0.9778416563302677
6.98,0.29181582849227905
6.9805,-0.7997587168228605
6.981,-1.52449896076852
6.9815000000000005,-1.2861614096879739
6.982,-0.2424840477324422
6.9825,0.7670755438040331
6.9830000000000005,0.9413602595350181
6.9835,0.18340940123658384
6.984,-0.9232733951206709
6.9845,-1.689014457198482
6.985,-1.7984366114293018
6.9855,-1.335495630574838
6.986,-0.5527156653312052
6.9865,0.26753452336468725
6.987,0.8035490464915339
6.9875,0.729850076207598
6.988,-0.07985347716599858
6.9885,-1.3046587514646342
6.989,-2.1794206047277993
6.9895000000000005,-1.9507408264658033
6.99,-0.5550526283070516
6.9905,1.1315765726323526
6.9910000000000005,1.909075134062912
6.9915,1.3026924529835109
6.992,0.01609937267545628
6.9925,-0.7296769734179032
6.993,-0.3257733885027198
6.9935,0.7521410065838386
6.994,1.5125459426350265
6.9945,1.3908159846841515
6.995,0.6612543511079664
6.9955,0.05754283103799911
6.996,0.09097024628852216
6.9965,0.7000550991817127
6.997,1.400721573977582
6.9975000000000005,1.6730185462268732
6.998,1.3096586928820522
6.9985,0.5652131761136628
6.9990000000000006,-0.03587661305791534
6.9995,-0.17717938925537616
7.0,-0.08465328740267879
7.0005,-0.30334777106845057
7.001,-1.0842912412680046
7.0015,-2.022684132608601
7.002,-2.3653732540577126
7.0025,-1.7302542079230465
7.003,-0.5313996882681495
7.0035,0.35502380360975555
7.0040000000000004,0.38509685612159167
7.0045,-0.19808885952190486
7.005,-0.6893978516994358
7.0055000000000005,-0.6231197948186298
7.006,-0.10045295734345157
7.0065,0.47695148028686196
7.007000000000001,0.8231524704678376
7.0075,0.9068694995004273
7.008,0.8320513759057351
7.0085,0.6790119615491192
7.009,0.45240527587183216
7.0095,0.17575203102790066
7.01,0.008902285925389282
7.0105,0.16643535879797194
7.011,0.6398827337276961
7.0115,1.0541804595540127
7.0120000000000005,0.9194874761603328
7.0125,0.08937304041717575
7.013,-1.047611446883571
7.0135000000000005,-1.8707953677400897
7.014,-2.022313803958703
7.0145,-1.5832755850384779
7.015000000000001,-0.8307869009395941
7.0155,0.0050494189326136885
7.016,0.6780623532678819
7.0165,0.8240302273306835
7.017,0.21340173505826507
7.0175,-0.8299164731521129
7.018,-1.488776399990551
7.0185,-1.1667635502904852
7.019,-0.11471465242319022
7.0195,0.8287666320046267
7.0200000000000005,1.1442475899529938
7.0205,1.1456588352745307
7.021,1.5162289316912112
7.0215000000000005,2.3861122585080827
7.022,2.994777121075289
7.0225,2.4106130166527784
7.023000000000001,0.6146236500918798
7.0235,-1.2859925490438027
7.024,-2.0564477574789053
7.0245,-1.4868688300282698
7.025,-0.47232481175298136
7.0255,-0.03793105713432625
7.026,-0.42247329932604083
7.0265,-1.094274466802987
7.027,-1.4651567530988545
7.0275,-1.4127799813884327
7.0280000000000005,-1.1439789554937676
7.0285,-0.7801391443343109
7.029,-0.26549650045633816
7.0295000000000005,0.37230950376975774
7.03,0.8721305871243655
7.0305,0.934032345504175
7.031000000000001,0.5012953289441167
7.0315,-0.17338815983309744
7.032,-0.6932918641756046
7.0325,-0.793715801513949
7.033,-0.5722416658948274
7.0335,-0.41038958880888365
7.034,-0.5113163520005085
7.0345,-0.5514112480393958
7.035,-0.017467927227331887
7.0355,1.081542230649414
7.0360000000000005,2.0727930619467245
7.0365,2.2694412267086084
7.037,1.577350741797164
7.0375000000000005,0.4074842152072216
7.038,-0.7730336164616575
7.0385,-1.6335388056606228
7.039000000000001,-1.8853945650101902
7.0395,-1.3081558884950553
7.04,-0.025031292826728613
7.0405,1.350246935108272
7.041,2.035218774866711
7.0415,1.6652324977024084
7.042,0.6174189456856065
7.0425,-0.23845782893397163
7.043,-0.21065105953725463
7.0435,0.637588396188148
7.0440000000000005,1.5184317705929165
7.0445,1.588835229364275
7.045,0.6800309027931047
7.0455000000000005,-0.5923255594798018
7.046,-1.4175226143726145
7.0465,-1.4640976027222983
7.047,-1.0086459184017642
7.0475,-0.5368095989593881
7.048,-0.3261104715108928
7.0485,-0.3455030858055628
7.049,-0.4023690331929267
7.0495,-0.3507949099509521
7.05,-0.21404035791075224
7.0505,-0.12266108784123018
7.051,-0.15478665975095354
7.0515,-0.28091150600306325
7.0520000000000005,-0.41714923077200344
7.0525,-0.4467411391332278
7.053,-0.24975102595089801
7.0535000000000005,0.15688828829630774
7.054,0.5352850073910502
7.0545,0.6256924958866574
7.055,0.46326857045010583
7.0555,0.38212084996148304
7.056,0.6161313751976127
7.0565,0.9641649399321337
7.057,0.9833594950640894
7.0575,0.5100198334135873
7.058,-0.14678402079110386
7.0585,-0.5732097687994059
7.059,-0.6859363501693141
7.0595,-0.7032765481729693
7.0600000000000005,-0.7851916465050969
7.0605,-0.8849307774028466
7.061,-0.9476009560772147
7.0615000000000006,-1.0437198468603897
7.062,-1.2151691911193299
7.0625,-1.3343476961146188
7.063,-1.20992719977144
7.0635,-0.7550302842782003
7.064,-0.02808649506447638
7.0645,0.8023449582076978
7.065,1.5109980643187677
7.0655,1.9102755234950968
7.066,1.9462806750469033
7.0665000000000004,1.710097885356986
7.067,1.3521529920514124
7.0675,0.9591101828277169
7.0680000000000005,0.4822164158493294
7.0685,-0.1833272639718977
7.069,-0.988116675329277
7.069500000000001,-1.6203118491178377
7.07,-1.700833044827616
7.0705,-1.1332104937063316
7.071,-0.2336737186748789
7.0715,0.5128840428636602
7.072,0.8259192022863159
7.0725,0.7734389215633066
7.073,0.5937330308914043
7.0735,0.4213329720550036
7.074,0.20162659371218547
7.0745000000000005,-0.15418468766710502
7.075,-0.5972310183059051
7.0755,-0.9676622015039349
7.0760000000000005,-1.1425223880114432
7.0765,-1.087972691299973
7.077,-0.8193563155771368
7.077500000000001,-0.4184244218477665
7.078,-0.059945969280101624
7.0785,0.1017135748027539
7.079,0.08838789102884098
7.0795,0.06496894921379831
7.08,0.14336402104874252
7.0805,0.2894198872719162
7.081,0.4448211576895433
7.0815,0.6553056204371794
7.082,0.9897214059372567
7.0825000000000005,1.3600446703447862
7.083,1.518087386591237
7.0835,1.273004249693192
7.0840000000000005,0.6826876297905723
7.0845,-0.008112409584775196
7.085,-0.5974387102179444
7.085500000000001,-1.0171332033559641
7.086,-1.2017943964634363
7.0865,-1.0226858151436427
7.087,-0.4641037728642234
7.0875,0.2202906200214481
7.088,0.6555108850957092
7.0885,0.6460931622766476
7.089,0.2928558715311682
7.0895,-0.12948712609842025
7.09,-0.35690243851842246
7.0905000000000005,-0.27132752717009007
7.091,0.048859468717643226
7.0915,0.4052480671637984
7.0920000000000005,0.6388736762454187
7.0925,0.726729251228721
7.093,0.7319483141351717
7.093500000000001,0.6735193040979917
7.094,0.45855303661120833
7.0945,-0.024685200486823995
7.095,-0.7104874752525504
7.0955,-1.2698601805227687
7.096,-1.3024319439270682
7.0965,-0.6907242915273362
7.097,0.20974320654668413
7.0975,0.7454733227009599
7.098,0.4133432858326029
7.0985000000000005,-0.7116760337047188
7.099,-1.9186884709953833
7.0995,-2.3183515221242486
7.1000000000000005,-1.5021426164124922
7.1005,0.1470533188701145
7.101,1.7066471140935318
7.101500000000001,2.2723993620676555
7.102,1.487555732119503
7.1025,-0.20973416138470394
7.103,-1.8496949183992333
7.1035,-2.5984959457198045
7.104,-2.2295743161529553
7.1045,-0.9998225841476704
7.105,0.6912775507934023
7.1055,2.3230607802610717
7.106,3.1333237038888435
7.1065000000000005,2.443523461124391
7.107,0.38146892316818065
7.1075,-1.8517639904306211
7.1080000000000005,-2.7498774314723526
7.1085,-1.7270796375177435
7.109,0.38432731812195536
7.1095,2.0545115755389807
7.11,2.295082043985435
7.1105,1.3077616188836305
7.111,0.10579790354808523
7.1115,-0.40608904168559473
7.112,-0.09895094034524628
7.1125,0.422038525520834
7.113,0.4669159214901196
7.1135,-0.05911711357236851
7.114,-0.5982710753605367
7.1145000000000005,-0.5821987903004411
7.115,-0.08119172926370816
7.1155,0.2724578169525852
7.1160000000000005,0.006768728544184281
7.1165,-0.6299102746524045
7.117,-0.9121815815811178
7.1175,-0.44740885878604764
7.118,0.3536524028946898
7.1185,0.7069881160341519
7.119,0.2973126195643817
7.1195,-0.42023130381090706
7.12,-0.7233101750237423
7.1205,-0.3244057966145426
7.121,0.3875305132603838
7.1215,0.6916519770995379
7.122,0.16734714102565337
7.1225000000000005,-0.8678760160051954
7.123,-1.556781172437878
7.1235,-1.2769715575840106
7.1240000000000006,-0.2661290977979693
7.1245,0.5802505036426392
7.125,0.5649103279798823
7.1255,-0.16989045411390089
7.126,-0.8545351541757882
7.1265,-0.8875404935504998
7.127,-0.34103474014463775
7.1275,0.2936954563523067
7.128,0.6802513531703603
7.1285,0.8352173889214223
7.1290000000000004,0.8840944026204751
7.1295,0.8402594057216373
7.13,0.6606192910445817
7.1305000000000005,0.39759150183791214
7.131,0.2220350955653211
7.1315,0.2953997002094136
7.132000000000001,0.5985652605383469
7.1325,0.8680502662033172
7.133,0.7557124855126308
7.1335,0.14076841435827628
7.134,-0.6811561954502104
7.1345,-1.1579657435076138
7.135,-0.9082371873544403
7.1355,-0.05869147977321916
7.136,0.8246258652156997
7.1365,1.1624895319029154
7.1370000000000005,0.7620331007814394
7.1375,-0.12282522544615314
7.138,-1.0251953722777734
7.1385000000000005,-1.5410184609702622
7.139,-1.4850919574804846
7.1395,-0.9331616067939471
7.140000000000001,-0.1807400905956896
7.1405,0.40080662904518743
7.141,0.5586183815031049
7.1415,0.2617495708956539
7.142,-0.3198781102258806
7.1425,-0.8743502890431896
7.143,-1.0450206142694525
7.1435,-0.6289463242949274
7.144,0.22184093522530943
7.1445,1.0264794678358788
7.1450000000000005,1.3063172462905452
7.1455,0.9908099628281293
7.146,0.5179588539092584
7.1465000000000005,0.45300286118543004
7.147,0.9214514744198042
7.1475,1.4419005187675935
7.148000000000001,1.4019735130440105
7.1485,0.7037412135819439
7.149,-0.12790941445534307
7.1495,-0.49096187930988006
7.15,-0.30869421627135957
7.1505,-0.060894090087310955
7.151,-0.2495317736557471
7.1515,-0.9009686705763131
7.152,-1.6071195649502483
7.1525,-1.9342177109004803
7.1530000000000005,-1.678107823172309
7.1535,-0.8478733107969038
7.154,0.333229913569647
7.1545000000000005,1.3640771829650087
7.155,1.6499833262377708
7.1555,0.9830453463172829
7.156000000000001,-0.17043710232008807
7.1565,-1.006566258680588
7.157,-1.0804142480212622
7.1575,-0.6379977632457282
7.158,-0.24624145466526415
7.1585,-0.18471647066043395
7.159,-0.3033110992253077
7.1595,-0.4081584186141511
7.16,-0.5573671851228406
7.1605,-0.8646112622634547
7.1610000000000005,-1.1683903847676533
7.1615,-1.106836332827892
7.162,-0.5451207019502263
7.1625000000000005,0.1882190917542918
7.163,0.5845032446182931
7.1635,0.47922165316606025
7.164000000000001,0.22673114532653216
7.1645,0.283513522069841
7.165,0.6590521990398425
7.1655,0.9208833890449839
7.166,0.7778089423161735
7.1665,0.486950154060607
7.167,0.5393338279308235
7.1675,1.0359131878718495
7.168,1.5345152460225382
7.1685,1.5022543737094713
7.1690000000000005,0.8245721909961992
7.1695,-0.11788263692708498
7.17,-0.7849044952488071
7.1705000000000005,-0.8774103558445899
7.171,-0.5047824835855755
7.1715,-0.045379445851820174
7.172,0.1708780382897066
7.1725,0.10233593047923328
7.173,-0.050252318108276815
7.1735,-0.10325551981985392
7.174,-0.06627179224467207
7.1745,-0.07553785203473487
7.175,-0.21256965589590612
7.1755,-0.4002385956047745
7.176,-0.45703511630205584
7.1765,-0.28330588377235655
7.1770000000000005,-0.016797859682172286
7.1775,0.07038342328897589
7.178,-0.10982234608566668
7.1785000000000005,-0.3318902832183054
7.179,-0.34768382598748865
7.1795,-0.23370453625700183
7.18,-0.2878589356671843
7.1805,-0.5751217582611966
7.181,-0.7410051370036591
7.1815,-0.3788072938382871
7.182,0.48317971924851055
7.1825,1.331010654578962
7.183,1.578745330805361
7.1835,1.0382826007024228
7.184,0.06824126881044136
7.1845,-0.6845981169483688
7.1850000000000005,-0.7439340764934562
7.1855,-0.12385540310018316
7.186,0.7046788495001138
7.1865000000000006,1.153942755563735
7.187,0.9355141006196847
7.1875,0.27427848973843877
7.188,-0.27585559499997603
7.1885,-0.32384854042957933
7.189,0.007353852931774728
7.1895,0.2563845419488475
7.19,0.12024853356407554
7.1905,-0.30443180871119224
7.191,-0.7220052528474538
7.1915000000000004,-0.9230414636417913
7.192,-0.8585735693830433
7.1925,-0.5907271677044087
7.1930000000000005,-0.26149500143978194
7.1935,-0.03618370169343356
7.194,-0.0016548924253857369
7.194500000000001,-0.15180052167974378
7.195,-0.49216853722406495
7.1955,-1.051585949781598
7.196,-1.6966625466027567
7.1965,-2.0474996293026915
7.197,-1.7737973308532722
7.1975,-0.9837508049703307
7.198,-0.18093399552679537
7.1985,0.20772866888564326
7.199,0.20035294183626398
7.1995000000000005,0.1689556101261373
7.2,0.4656472424616507
7.2005,1.1314160474370207
7.2010000000000005,1.8506240614609115
7.2015,2.1427212716842363
7.202,1.7236777975437894
7.202500000000001,0.8142742368429966
7.203,0.0682894813206471
7.2035,0.05949633275161813
7.204,0.7365071372040165
7.2045,1.401681336245199
7.205,1.323799342579421
7.2055,0.424805117688567
7.206,-0.6429413159891669
7.2065,-1.0808462870550992
7.207,-0.5980999495566202
7.2075000000000005,0.4210092829083495
7.208,1.2758481483499569
7.2085,1.4648973473498528
7.2090000000000005,0.9628073489594342
7.2095,0.12555243334773225
7.21,-0.6186276500408503
7.210500000000001,-1.024749031580576
7.211,-1.0680184381821396
7.2115,-0.822414966239106
7.212,-0.39271132439019774
7.2125,0.023290108998617824
7.213,0.1333700337255933
7.2135,-0.24104306218683502
7.214,-0.9412857999705001
7.2145,-1.527280399612326
7.215,-1.5893768871920095
7.2155000000000005,-1.032001769008742
7.216,-0.13418332162422106
7.2165,0.6298298263809761
7.2170000000000005,0.9064454133810157
7.2175,0.6712831043519555
7.218,0.14099138885307164
7.218500000000001,-0.4564942529689961
7.219,-0.9568222167019028
7.2195,-1.191572339544952
7.22,-1.0314650557116256
7.2205,-0.5665663712595269
7.221,-0.12364428243705497
7.2215,0.03948413252296364
7.222,0.03543738419165081
7.2225,0.21147047131321006
7.223,0.6830894490392649
7.2235000000000005,1.1240982527063126
7.224,1.1235259975249843
7.2245,0.7024305080546651
7.2250000000000005,0.3489006050045518
7.2255,0.49872775408404874
7.226,1.0487320688423232
7.226500000000001,1.4325593549664597
7.227,1.149441488885766
7.2275,0.2062285392171432
7.228,-0.8963595683565254
7.2285,-1.5654053256782485
7.229,-1.5600825747757292
7.2295,-1.1114319957522751
7.23,-0.6160763465281568
7.2305,-0.2568740642997739
7.231,0.004107005171123914
7.2315000000000005,0.1519706841856208
7.232,0.05567229924698103
7.2325,-0.2883161168155838
7.2330000000000005,-0.6317702470001713
7.2335,-0.699705458760467
7.234,-0.4600118066724868
7.2345,-0.08999349770928035
7.235,0.2727173351536692
7.2355,0.6312349210365562
7.236,0.9583014986904973
7.2365,1.0552564252544825
7.237,0.7369143349008302
7.2375,0.15764922736171244
7.238,-0.18869529125001133
7.2385,0.08161939425689715
7.239,0.7963940021690613
7.2395000000000005,1.3406772316208087
7.24,1.2759807747658967
7.2405,0.7486462780528284
7.2410000000000005,0.20880592270907086
7.2415,-0.11643336233985485
7.242,-0.29948977601119015
7.2425,-0.4013913833414805
7.243,-0.3582550082524557
7.2435,-0.21064747842363832
7.244,-0.24096664463455464
7.2445,-0.7223963621748606
7.245,-1.5393754409492384
7.2455,-2.1439399287553735
7.246,-1.9820491600613883
7.2465,-1.0398746330233464
7.247,0.044953988170426076
7.2475000000000005,0.526528409400907
7.248,0.2639179934622399
7.2485,-0.18765660911052348
7.2490000000000006,-0.23356861317419292
7.2495,0.16198755546867907
7.25,0.6157787632226056
7.2505,0.8515175055432936
7.251,0.8745790219710523
7.2515,0.7485742639337708
7.252,0.47139196394023464
7.2525,0.11773988330558947
7.253,-0.08783096961017507
7.2535,0.02607384797568698
7.2540000000000004,0.3748199363268411
7.2545,0.7036258944876607
7.255,0.7969567626333636
7.2555000000000005,0.5337710482349443
7.256,-0.1194396197427072
7.2565,-0.9905758716975916
7.257000000000001,-1.6379738193336095
7.2575,-1.615457622913995
7.258,-0.8867455463367492
7.2585,0.09875883418236138
7.259,0.7985222220166235
7.2595,1.0128034525503546
7.26,0.9182543404296512
7.2605,0.7423573433304698
7.261,0.4931015773750848
7.2615,0.03230528701632764
7.2620000000000005,-0.6284802196028452
7.2625,-1.1680011553254208
7.263,-1.1433738933896107
7.2635000000000005,-0.3826646292302602
7.264,0.7778640371819077
7.2645,1.6525572854988466
7.265000000000001,1.6697399997910918
7.2655,0.7882891697615386
7.266,-0.4643922914049581
7.2665,-1.3639929137484543
7.267,-1.4662034733614446
7.2675,-0.8253322422395593
7.268,0.14597415016220344
7.2685,0.9677827974579608
7.269,1.2869614529524813
7.2695,0.9518947715590071
7.2700000000000005,0.08079174269403448
7.2705,-0.9222292484986201
7.271,-1.5774771203275648
7.2715000000000005,-1.6902461899051586
7.272,-1.4678460605692558
7.2725,-1.1996443705388726
7.273000000000001,-0.8809475796519083
7.2735,-0.2936211294612749
7.274,0.5328081756739994
7.2745,1.1128565919777456
7.275,0.9323946366789589
7.2755,0.08422287540133555
7.276,-0.6807908913746372
7.2765,-0.6593913397019409
7.277,0.08929693261533668
7.2775,0.8267071854879464
7.2780000000000005,0.9058965810103661
7.2785,0.3734409911355231
7.279,-0.16801584638575573
7.2795000000000005,-0.17486213346387908
7.28,0.38362020990058876
7.2805,1.0728891309779665
7.281000000000001,1.4120294877310418
7.2815,1.2715139897606609
7.282,0.8866813942314355
7.2825,0.5028864182900646
7.283,0.12013908501696689
7.2835,-0.32412879052907523
7.284,-0.665971934946929
7.2845,-0.6502305205893316
7.285,-0.34429694849857395
7.2855,-0.1680087040047877
7.2860000000000005,-0.38591440233005153
7.2865,-0.7112871359971281
7.287,-0.5880477197172204
7.2875000000000005,0.13748342749259712
7.288,0.950391669719007
7.2885,1.1526640682082814
7.289000000000001,0.5751688786879664
7.2895,-0.27354453679939206
7.29,-0.7401353430650731
7.2905,-0.6063731335208392
7.291,-0.15980069326886207
7.2915,0.15902466442969618
7.292,0.10485195921666672
7.2925,-0.27314736778690935
7.293,-0.7262732652628215
7.2935,-0.9675753129039987
7.2940000000000005,-0.8544945818557099
7.2945,-0.5206556322092244
7.295,-0.31120995523418854
7.2955000000000005,-0.5163349382654442
7.296,-1.107343750804286
7.2965,-1.674068767615276
7.297,-1.6468275047416903
7.2975,-0.7524395454995783
7.298,0.6314329250175491
7.2985,1.6919135898592572
7.299,1.9037499771688506
7.2995,1.483321141326182
7.3,1.016650656378024
7.3005,0.7486216306649043
7.301,0.44792048819840574
7.3015,-0.06293726462014913
7.3020000000000005,-0.5294894371306356
7.3025,-0.5819202783603825
7.303,-0.26852465149305665
7.3035000000000005,-0.020283920471682336
7.304,-0.08275084948036421
7.3045,-0.20707897685177828
7.305,-0.00635808943395921
7.3055,0.5369462323602904
7.306,1.0572128472889626
7.3065,1.2168965339850402
7.307,1.0071440495679798
7.3075,0.6601528483824817
7.308,0.3514687933857966
7.3085,0.03445527472107471
7.309,-0.4228106580222942
7.3095,-0.9707566594676375
7.3100000000000005,-1.3181790999487808
7.3105,-1.1674986199501203
7.311,-0.494664892328671
7.3115000000000006,0.3751979290469569
7.312,0.9242174763193989
7.3125,0.7553445688704177
7.313,-0.05968702064745695
7.3135,-0.8793455351086173
7.314,-0.9064983096211515
7.3145,0.09119976238477795
7.315,1.4376033767000984
7.3155,2.015570323749911
7.316,1.1895431545701403
7.3165000000000004,-0.6338160098012898
7.317,-2.3116968233939326
7.3175,-2.866668212972332
7.3180000000000005,-2.178139886076941
7.3185,-0.9151412473629453
7.319,0.07361474886992854
7.319500000000001,0.3099343768197782
7.32,-0.14459583668590767
7.3205,-0.836335239611207
7.321,-1.230522104544832
7.3215,-1.0463719606899657
7.322,-0.42797813953515496
7.3225,0.20284937117096535
7.323,0.5340773371090649
7.3235,0.6435520572368587
7.324,0.853528693913345
7.3245000000000005,1.288535306041672
7.325,1.6507925567783375
7.3255,1.5010725333962172
7.3260000000000005,0.7494513856489425
7.3265,-0.17320904797354547
7.327,-0.6729482404768472
7.327500000000001,-0.5553532860910445
7.328,-0.20052407979094308
7.3285,-0.11087003411561268
7.329,-0.3025622088793703
7.3295,-0.24199999122845917
7.33,0.5635307089014485
7.3305,1.9463575457671847
7.331,3.0874137614607684
7.3315,3.1500029887958703
7.332,1.9563482068448923
7.3325000000000005,0.16185425419852958
7.333,-1.1882462108952896
7.3335,-1.4106931341429954
7.3340000000000005,-0.678893043053029
7.3345,0.18780817417213935
7.335,0.4845724157157692
7.335500000000001,0.1887679682638885
7.336,-0.2332773182679
7.3365,-0.49451963355543754
7.337,-0.7966339950020509
7.3375,-1.4069420391794754
7.338,-2.0928724234476954
7.3385,-2.243482110994395
7.339,-1.6005913159957248
7.3395,-0.6415051004939132
7.34,-0.07828905348984182
7.3405000000000005,-0.10646675415203431
7.341,-0.32824303493724516
7.3415,-0.3607230472114211
7.3420000000000005,-0.2836753310512841
7.3425,-0.3568800519055209
7.343,-0.4609617700469888
7.343500000000001,-0.13232687250419867
7.344,0.7601152478585605
7.3445,1.608615812439369
7.345,1.5562479120700103
7.3455,0.37591007792776815
7.346,-1.2148222681738146
7.3465,-2.0921078946793874
7.347,-1.5893606634817457
7.3475,0.015156013749156136
7.348,1.7067159745931495
7.3485000000000005,2.4421968402796854
7.349,1.829389484973077
7.3495,0.3239774988991627
7.3500000000000005,-1.1021641565113225
7.3505,-1.5559941045973562
7.351,-0.7920706127030295
7.351500000000001,0.5547431782082165
7.352,1.3840927385820172
7.3525,1.0337018909086177
7.353,-0.1421573928237725
7.3535,-1.1568643550812296
7.354,-1.354990884477066
7.3545,-0.9406572352328777
7.355,-0.5612477449499491
7.3555,-0.48466697148686144
7.356,-0.34121614049857074
7.3565000000000005,0.2987725245535404
7.357,1.2747022922609503
7.3575,1.9297327762181649
7.3580000000000005,1.775223030581789
7.3585,0.8975962091413177
7.359,-0.2259854480142386
7.359500000000001,-1.094823956273505
7.36,-1.377088403529496
7.3605,-1.0096822910259016
7.361,-0.2602910108953614
7.3615,0.4355657728731376
7.362,0.8205768024034583
7.3625,0.937533835015736
7.363,0.8747104010395117
7.3635,0.5462802222331189
7.364,-0.13703003567318583
7.3645000000000005,-0.9627783263325718
7.365,-1.443874576783265
7.3655,-1.2004890080563373
7.3660000000000005,-0.3137981144989783
7.3665,0.6778367589342682
7.367,1.1573934121515703
7.3675,0.8926075545942983
7.368,0.20546664740616857
7.3685,-0.29703723860567954
7.369,-0.21991176256852898
7.3695,0.3016730324060047
7.37,0.7521143150805236
7.3705,0.7274816754192265
7.371,0.29323326676381617
7.3715,-0.13681077283168622
7.372,-0.2494144026475556
7.3725000000000005,-0.13032972307163815
7.373,-0.10487074049832278
7.3735,-0.3301079594578305
7.3740000000000006,-0.6435584247006327
7.3745,-0.8246883678595519
7.375,-0.870941471612014
7.3755,-0.9321709511558693
7.376,-1.065047804506378
7.3765,-1.1535616744653054
7.377,-1.043038363586585
7.3775,-0.6871458497307162
7.378,-0.1751919829657297
7.3785,0.3293914613410857
7.3790000000000004,0.6848018941107009
7.3795,0.8769413166950433
7.38,1.0333951954556082
7.3805000000000005,1.2450274231986243
7.381,1.3733329227030704
7.3815,1.1707486213525053
7.382000000000001,0.6378998262865296
7.3825,0.10923586054624529
7.383,-0.12069519450728468
7.3835,-0.13965961278786815
7.384,-0.2687544613575619
7.3845,-0.6508250312204497
7.385,-1.09180765957342
7.3855,-1.2565763672440609
7.386,-0.9418814758834265
7.3865,-0.21130844616029587
7.3870000000000005,0.6313374905437723
7.3875,1.1824778981181114
7.388,1.1422888754735543
7.3885000000000005,0.51707195937295
7.389,-0.3143919755721314
7.3895,-0.8241358743121397
7.390000000000001,-0.743268987265384
7.3905,-0.23595452708422238
7.391,0.36784371418413064
7.3915,0.8976214114891026
7.392,1.2922932798494173
7.3925,1.370436797090521
7.393,0.897665222848729
7.3935,-0.09818805343510419
7.394,-1.236884093051235
7.3945,-2.0527617926245623
7.3950000000000005,-2.2925182343188286
7.3955,-2.0001018576436773
7.396,-1.4282310050981715
7.3965000000000005,-0.8661370904679182
7.397,-0.4586955030310495
7.3975,-0.15177194333636865
7.398000000000001,0.17027780901960626
7.3985,0.4906830131306595
7.399,0.6158717854686978
7.3995,0.35900002198523756
7.4,-0.18112022381451426
7.4005,-0.5472638855362842
7.401,-0.24770216144451132
7.4015,0.7513642203054884
7.402,1.8589077751610765
7.4025,2.2833549894841885
7.4030000000000005,1.7646783011310498
7.4035,0.9028417558621102
7.404,0.6126280686321103
7.4045000000000005,1.1731489256315326
7.405,1.9092532413976224
7.4055,1.8639887604566878
7.406000000000001,0.7033530024786446
7.4065,-1.0482014168803833
7.407,-2.4980053630812717
7.4075,-3.0072951037940854
7.408,-2.496344409626808
7.4085,-1.4030406537145839
7.409,-0.40517028604290345
7.4095,-0.010672489945084965
7.41,-0.24525819870140675
7.4105,-0.7111063388603323
7.4110000000000005,-0.9681461847141841
7.4115,-0.8483269892963977
7.412,-0.44451559930487916
7.4125000000000005,0.10126939062142078
7.413,0.7376752191134137
7.4135,1.4401649181365002
7.414000000000001,2.055957420690249
7.4145,2.2947646848761103
7.415,1.9396183556983226
7.4155,1.0740618286488783
7.416,0.07485868684342922
7.4165,-0.6380921390613269
7.417,-0.8581743810921857
7.4175,-0.65078166264888
7.418,-0.22766471922770662
7.4185,0.21411006628612556
7.4190000000000005,0.5319485873595815
7.4195,0.5392548926539469
7.42,0.011941330127505603
7.4205000000000005,-1.0125228638749302
7.421,-1.975416519737153
7.4215,-2.0942003543254737
7.422000000000001,-1.0848892921662048
7.4225,0.46429074622167177
7.423,1.5390355925314267
7.4235,1.5568295056599133
7.424,0.8046286149730834
7.4245,0.05450138402046345
7.425,-0.22912049415534877
7.4255,-0.2729802409397217
7.426,-0.5993580211704161
7.4265,-1.339224896409577
7.4270000000000005,-2.0376608981833484
7.4275,-2.132579958916955
7.428,-1.5347834259435917
7.4285000000000005,-0.6904819435319292
7.429,-0.12202861429785075
7.4295,0.026679657701513797
7.43,-0.004982360506167443
7.4305,0.043161140011009694
7.431,0.19199486759994336
7.4315,0.347585014876612
7.432,0.5446205373423261
7.4325,0.8838849243646563
7.433,1.244966978054675
7.4335,1.2766823543671741
7.434,0.8066275746988583
7.4345,0.15661623093483243
7.4350000000000005,-0.11977147688907537
7.4355,0.17340803499289034
7.436,0.6659559448025424
7.4365000000000006,0.8368495192138736
7.437,0.523802516484731
7.4375,-0.01740640405894471
7.438,-0.39038639113525586
7.4385,-0.30027181416181076
7.439,0.27729685280705374
7.4395,0.957664548343429
7.44,1.0863272560515933
7.4405,0.28994618588233484
7.441,-1.0221482569090194
7.4415000000000004,-1.8539142028681925
7.442,-1.4787163000203705
7.4425,-0.12304957861841385
7.4430000000000005,1.2365486509987034
7.4435,1.7434496267742838
7.444,1.322515417596406
7.444500000000001,0.5627208361782196
7.445,0.06161695107270279
7.4455,-0.08114799962974667
7.446,-0.19471401845217512
7.4465,-0.5685568777759574
7.447,-1.1082748652557253
7.4475,-1.451391957298417
7.448,-1.368910676869001
7.4485,-0.9703285610474938
7.449,-0.49992227141760737
7.4495000000000005,-0.048983313322696585
7.45,0.4203196335455028
7.4505,0.8352845352643787
7.4510000000000005,0.9647905000262608
7.4515,0.6567519321996554
7.452,0.04337992707090571
7.452500000000001,-0.5181720341073535
7.453,-0.6825863371608731
7.4535,-0.3573195972198581
7.454,0.19095047630937614
7.4545,0.4934497287118039
7.455,0.24834954756670424
7.4555,-0.4054405975107542
7.456,-0.9686253318733276
7.4565,-0.9662858876732364
7.457,-0.34554784040443176
7.4575000000000005,0.4486666898925357
7.458,0.8455014135754462
7.4585,0.6727101556476934
7.4590000000000005,0.3043551675404739
7.4595,0.23548520491335026
7.46,0.5152085854574043
7.460500000000001,0.6734354109175689
7.461,0.26246687682409664
7.4615,-0.5847104894596139
7.462,-1.2543790153812
7.4625,-1.30584694664902
7.463,-0.8877152333307402
7.4635,-0.48891298017443346
7.464,-0.4394154870627259
7.4645,-0.6965905704722015
7.465,-0.9552625719832394
7.4655000000000005,-0.8870025004704357
7.466,-0.3950690765258486
7.4665,0.2649745355670581
7.4670000000000005,0.6725716272052299
7.4675,0.6367477634944934
7.468,0.4026401682485695
7.468500000000001,0.42038684973011936
7.469,0.8978960237478963
7.4695,1.5795848429538866
7.47,1.9456830394186044
7.4705,1.639924192538807
7.471,0.7460021845107989
7.4715,-0.3214997538244302
7.472,-1.1627142273433042
7.4725,-1.6081473638320207
7.473,-1.6504461601834435
7.4735000000000005,-1.281413922772035
7.474,-0.48639578985711207
7.4745,0.5891941428264449
7.4750000000000005,1.5502241368897716
7.4755,1.9504873470894784
7.476,1.626532278413268
7.476500000000001,0.7995424393348893
7.477,-0.13650003558917467
7.4775,-0.8435210895172781
7.478,-1.0803402475357893
7.4785,-0.7181250394854827
7.479,0.09203705007003964
7.4795,0.794164582391064
7.48,0.7002885230567928
7.4805,-0.3866275478974696
7.481,-1.799584782243266
7.4815000000000005,-2.4293371921668308
7.482,-1.689287407323002
7.4825,-0.09060064332915284
7.4830000000000005,1.1894506137155074
7.4835,1.3341835406008948
7.484,0.5197397167411278
7.484500000000001,-0.35763746404141133
7.485,-0.475401035974551
7.4855,0.3148630238182662
7.486,1.4373841163720669
7.4865,2.00755452800209
7.487,1.4443101599197927
7.4875,-0.06536398644168437
7.488,-1.6131373619625264
7.4885,-2.216968852902308
7.489,-1.6096875090565523
7.4895000000000005,-0.4377471357033578
7.49,0.36552699359881813
7.4905,0.41013062539011624
7.4910000000000005,0.047752537590268436
7.4915,-0.16057652043898316
7.492,-0.02021970835226643
7.4925,0.26779886551751514
7.493,0.4763280562525527
7.4935,0.577823849312996
7.494,0.6265822126149224
7.4945,0.5919468079935252
7.495,0.4073318791567167
7.4955,0.10195229862699257
7.496,-0.2200771171292547
7.4965,-0.4944706420097553
7.497,-0.7058225226166629
7.4975000000000005,-0.8201283669203726
7.498,-0.8290750355679412
7.4985,-0.8714939066609283
7.4990000000000006,-1.1489037939776183
7.4995,-1.5896828171357382
7.5,-1.7039402458742239
7.5005,-0.9876714601006311
7.501,0.4837749035405437
7.5015,1.9747555514371373
7.502,2.6472123457564924
7.5025,2.1842659196086354
7.503,0.9507091467105805
7.5035,-0.31407545902135947
7.5040000000000004,-0.9893246389200605
7.5045,-0.959744568102228
7.505,-0.595201727508885
7.5055000000000005,-0.27330128198238374
7.506,0.029001262456081294
7.5065,0.5162675148775451
7.507000000000001,1.0419256388745988
7.5075,1.1039933256858911
7.508,0.4521684903543519
7.5085,-0.5394069685191601
7.509,-1.251373801012075
7.5095,-1.4290159440022807
7.51,-1.2761766683631
7.5105,-1.0541616457894438
7.511,-0.7881776272336692
7.5115,-0.38266716017957114
7.5120000000000005,0.1258624054875308
7.5125,0.5160849719200682
7.513,0.5690592938907589
7.5135000000000005,0.3211378319600988
7.514,0.11992443033234046
7.5145,0.34016496992908235
7.515000000000001,1.0198205509493266
7.5155,1.839405416902409
7.516,2.4188409549398426
7.5165,2.5243950774653166
7.517,2.0613284073385723
7.5175,1.0800965532510216
7.518,-0.14243148329298694
7.5185,-1.120816228699804
7.519,-1.3706427261217977
7.5195,-0.7543705605747177
7.5200000000000005,0.2638656421720111
7.5205,0.830587322890489
7.521,0.39107397376913366
7.5215000000000005,-0.815691811722272
7.522,-2.0280871530886144
7.5225,-2.634968997467645
7.523000000000001,-2.457135345183439
7.5235,-1.5567066833426901
7.524,-0.17606334653468605
7.5245,1.0750788504044544
7.525,1.4289670012024733
7.5255,0.7217381298023715
7.526,-0.24564518415403575
7.5265,-0.46554379804485835
7.527,0.1663131971618519
7.5275,0.7355635819516808
7.5280000000000005,0.35712190647023967
7.5285,-0.8182556959986949
7.529,-1.7604877951900948
7.5295000000000005,-1.669711222951132
7.53,-0.7900755818838701
7.5305,-0.05067117661922101
7.531000000000001,0.0028313081126063967
7.5315,-0.26654385890166477
7.532,-0.1710741648760496
7.5325,0.3935223665513714
7.533,0.8521274813026086
7.5335,0.7215696684141154
7.534,0.21616043165427232
7.5345,-0.04817317633817897
7.535,0.19562017508818957
7.5355,0.589944624244893
7.5360000000000005,0.59373976126572
7.5365,0.06865858846582375
7.537,-0.5884076341001729
7.5375000000000005,-0.8286981743088657
7.538,-0.4504776345916828
7.5385,0.2686281706873732
7.539000000000001,0.9082580559679669
7.5395,1.2693386782069125
7.54,1.332464013379573
7.5405,1.0066635270674829
7.541,0.16762033881910035
7.5415,-1.0102421359223785
7.542,-1.9361830796839128
7.5425,-1.9890569697343874
7.543,-1.0706716985033677
7.5435,0.2573155644660635
7.5440000000000005,1.2342596485654223
7.5445,1.5077229185534107
7.545,1.2768015452408337
7.5455000000000005,0.9055875834519359
7.546,0.5333178489412604
7.5465,0.10622249307806683
7.547000000000001,-0.33816306041385114
7.5475,-0.5814097353635824
7.548,-0.4574501471479564
7.5485,-0.10236682686096348
7.549,0.12010486756324638
7.5495,-0.022081628892113545
7.55,-0.3800789778263567
7.5505,-0.5656420509410005
7.551,-0.31070975506157417
7.5515,0.3242851688006032
7.5520000000000005,1.0172777487100926
7.5525,1.3951712248165578
7.553,1.2544445934132682
7.5535000000000005,0.6996224278585103
7.554,0.07774310721514587
7.5545,-0.3142799418151122
7.555,-0.5048607381113256
7.5555,-0.7865974664445543
7.556,-1.355122117619789
7.5565,-2.0569233808930067
7.557,-2.5199655205392655
7.5575,-2.4905465487896437
7.558,-2.0045400118584733
7.5585,-1.248792439243324
7.559,-0.3402471457164538
7.5595,0.6730418250989488
7.5600000000000005,1.6356542073064877
7.5605,2.2527534055791807
7.561,2.2985052048519425
7.5615000000000006,1.8160608475049058
7.562,1.0887082569344806
7.5625,0.4345047608133382
7.563,0.014701183797543635
7.5635,-0.20866693326124133
7.564,-0.3480792335241057
7.5645,-0.4299522225535261
7.565,-0.3991156576798614
7.5655,-0.28881432801149165
7.566,-0.29132231393702906
7.5665000000000004,-0.5696495191207107
7.567,-1.0147788834170743
7.5675,-1.2435816041102323
7.5680000000000005,-0.873241972171174
7.5685,0.12818678163997074
7.569,1.2845888315166136
7.569500000000001,1.8536631853850913
7.57,1.3824014712942245
7.5705,0.12548742874363583
7.571,-1.0905386278202676
7.5715,-1.4795293696862841
7.572,-0.8777795807766743
7.5725,0.1627829896138532
7.573,0.8180878363293963
7.5735,0.6113989022494851
7.574,-0.26737221214407075
7.5745000000000005,-1.1545099383646042
7.575,-1.4071047629777467
7.5755,-0.8049339728665509
7.5760000000000005,0.36623217562412086
7.5765,1.5217113134316669
7.577,2.1248196930811476
7.577500000000001,1.9969721468635524
7.578,1.4126590125084486
7.5785,0.8752071067757506
7.579,0.690081894877588
7.5795,0.6866204400413621
7.58,0.3852611018448405
7.5805,-0.4961161510368513
7.581,-1.6724655054693673
7.5815,-2.4472672978335783
7.582,-2.292828534384182
7.5825000000000005,-1.3367168105670328
7.583,-0.2900402424660287
7.5835,0.146605463192861
7.5840000000000005,-0.13430903631488977
7.5845,-0.5999923214848226
7.585,-0.5813763899646631
7.585500000000001,0.12019285543780597
7.586,1.0230399173296776
7.5865,1.3570101755412505
7.587,0.780655164595627
7.5875,-0.2391027406459061
7.588,-0.8371610757849616
7.5885,-0.5862557541662237
7.589,0.12387545990463124
7.5895,0.5591348769458768
7.59,0.4275125132444069
7.5905000000000005,0.13967342716078945
7.591,0.2923840182034897
7.5915,0.9431472253709287
7.5920000000000005,1.4777211479198071
7.5925,1.24193343044712
7.593,0.23873559495840285
7.593500000000001,-0.8846450172096081
7.594,-1.4700901332741523
7.5945,-1.3384576354414544
7.595,-0.737379675331814
7.5955,-0.05725631607402067
7.596,0.3397669033878548
7.5965,0.2236940374204686
7.597,-0.37299792024692763
7.5975,-1.1317481262686901
7.598,-1.639326758063632
7.5985000000000005,-1.634674710494521
7.599,-1.091379529321287
7.5995,-0.15632370658319192
7.6000000000000005,0.9041891646956985
7.6005,1.7517442109406878
7.601,2.1082390116668335
7.601500000000001,1.9055967171851365
7.602,1.2927012736780783
7.6025,0.5236480919812473
7.603,-0.11962205375518406
7.6035,-0.3826965892479298
7.604,-0.1881793042118659
7.6045,0.2222463831605947
7.605,0.41260462785850355
7.6055,0.1376116345884813
7.606,-0.39706546728748526
7.6065000000000005,-0.7133278819450711
7.607,-0.5202568480218974
7.6075,-0.020029377937245876
7.6080000000000005,0.2121788156107689
7.6085,-0.2857078487883365
7.609,-1.3749776188309284
7.609500000000001,-2.313722042757235
7.61,-2.3694990198031283
7.6105,-1.495858930907023
7.611,-0.33908214987968155
7.6115,0.43970988623250906
7.612,0.7429014622637173
7.6125,0.8977793750867554
7.613,1.0929442490911507
7.6135,1.1252627270743658
7.614,0.6867326649618407
7.6145000000000005,-0.22320924642089024
7.615,-1.1862405529920454
7.6155,-1.6131676221748714
7.6160000000000005,-1.1765865166435086
7.6165,-0.14079047824286703
7.617,0.7534566730284024
7.6175,0.8987250891641442
7.618,0.3875795294996358
7.6185,-0.10573065490677885
7.619,-0.02635577157037338
7.6195,0.5687424541723021
7.62,1.2162266842080574
7.6205,1.5817938371569753
7.621,1.660882356613098
7.6215,1.527113291277849
7.622,1.1115905031822908
7.6225000000000005,0.35740337174873055
7.623,-0.5129331191498868
7.6235,-1.0483106321015014
7.6240000000000006,-0.944343457918364
7.6245,-0.3615324819673821
7.625,0.17390001382793024
7.6255,0.2626172165689497
7.626,0.026511064205248812
7.6265,-0.06175802207524231
7.627,0.26404996544857917
7.6275,0.7544082414148545
7.628,0.9062145481518773
7.6285,0.49163062365679455
7.6290000000000004,-0.2048410377669282
7.6295,-0.6840246637053062
7.63,-0.7395666444559759
7.6305000000000005,-0.604575636485647
7.631,-0.5668172143543055
7.6315,-0.5442500971135259
7.632000000000001,-0.2160316280445394
7.6325,0.40544260372098934
7.633,0.7378224767512357
7.6335,0.16840451417200913
7.634,-1.1752775343724098
7.6345,-2.355641851102074
7.635,-2.4613600672977793
7.6355,-1.5219043869101236
7.636,-0.4868178814662129
7.6365,-0.21756657038080265
7.6370000000000005,-0.582837594468395
7.6375,-0.7022681689518144
7.638,-0.04745639976807124
7.6385000000000005,0.9233805191505893
7.639,1.3179969303909107
7.6395,0.8305594605359412
7.640000000000001,0.05380800283318465
7.6405,-0.17608506586263994
7.641,0.38044132206393216
7.6415,1.1875199988118506
7.642,1.482362778773492
7.6425,0.9350133943292587
7.643,-0.14488639716889246
7.6435,-1.1103401161923128
7.644,-1.4748790322935499
7.6445,-1.2171025261163175
7.6450000000000005,-0.6541058966041178
7.6455,-0.03360158262533228
7.646,0.6703948099653129
7.6465000000000005,1.4984443177342193
7.647,2.1549877510721873
7.6475,2.1222183884242947
7.648000000000001,1.2065682174683299
7.6485,-0.11997880672705578
7.649,-1.0494211188413067
7.6495,-1.1466954026553435
7.65,-0.6979039677563922
7.6505,-0.34553571197916905
7.651,-0.4272548112775863
7.6515,-0.7016874258566644
7.652,-0.6779955999272778
7.6525,-0.14855925229472763
7.6530000000000005,0.6178179026316752
7.6535,1.1532401703956718
7.654,1.1873705525941822
7.6545000000000005,0.7789276922967026
7.655,0.15593809471422837
7.6555,-0.48002632714819027
7.656000000000001,-0.9796830097374156
7.6565,-1.1700849827716342
7.657,-0.9158538882679512
7.6575,-0.3291206807814945
7.658,0.21291249938613227
7.6585,0.4150917589427997
7.659,0.37757388697150707
7.6595,0.42263301540533005
7.66,0.6544204013152017
7.6605,0.8751873046116843
7.6610000000000005,0.9418671320178944
7.6615,0.9644599037469525
7.662,1.028427841404623
7.6625000000000005,0.9380840922789153
7.663,0.4648394719881645
7.6635,-0.2517296910578703
7.664000000000001,-0.774245711349831
7.6645,-0.8370568804600071
7.665,-0.6137943777666582
7.6655,-0.5153327084098718
7.666,-0.8007165672071382
7.6665,-1.3629866491650888
7.667,-1.8157702549850288
7.6675,-1.8121958816799069
7.668,-1.3762732829777218
7.6685,-0.9202699413010319
7.6690000000000005,-0.8236171591800471
7.6695,-0.9748883728801038
7.67,-0.8777534287911415
7.6705000000000005,-0.28437043934647854
7.671,0.4250865766795258
7.6715,0.6302706721570236
7.672000000000001,0.17816708827483135
7.6725,-0.40239141406565015
7.673,-0.42626860044537734
7.6735,0.20049454766394315
7.674,0.8056949757822922
7.6745,0.6384023793462231
7.675,-0.2555027610693379
7.6755,-0.9869151564735871
7.676,-0.7239457598856539
7.6765,0.4521570214631915
7.6770000000000005,1.6366098066554817
7.6775,1.9636165154436214
7.678,1.3588208130875354
7.6785000000000005,0.54227607459635
7.679,0.35277626256314804
7.6795,1.0192523209830404
7.68,2.027068500960339
7.6805,2.636839867424393
7.681,2.4701272685395224
7.6815,1.6347867665509055
7.682,0.4689216677020258
7.6825,-0.6950247272476697
7.683,-1.569055763166281
7.6835,-1.8912136851792822
7.684,-1.5243451675549504
7.6845,-0.6431104021870511
7.6850000000000005,0.22130969399389075
7.6855,0.4749355799616184
7.686,-0.05438780957542445
7.6865000000000006,-0.9179546529938403
7.687,-1.4265975724271578
7.6875,-1.2770574172768294
7.688,-0.7592101925134754
7.6885,-0.33898529191861737
7.689,-0.16054385339462263
7.6895,-0.07779110931710084
7.69,-0.07396565735354586
7.6905,-0.3710986714472993
7.691,-0.9956089808324846
7.6915000000000004,-1.4428115224154183
7.692,-1.0761681369397675
7.6925,0.09029848558208926
7.6930000000000005,1.214953058881517
7.6935,1.4126894227539872
7.694,0.6842737574379767
7.694500000000001,-0.08593450089636415
7.695,-0.10498372665339115
7.6955,0.47570473245776684
7.696,0.8044817060509901
7.6965,0.38741948050960356
7.697,-0.29316345616181144
7.6975,-0.37268253714534805
7.698,0.297795823390446
7.6985,0.9356193664686471
7.699,0.7677134049183134
7.6995000000000005,-0.07479912232688901
7.7,-0.7746763942427808
7.7005,-0.7838907285725428
7.7010000000000005,-0.36273853299682973
7.7015,-0.18469428370489108
7.702,-0.5329352472816
7.702500000000001,-0.9814885978021146
7.703,-0.9021267685609095
7.7035,-0.22633606563613337
7.704,0.41563801943950784
7.7045,0.37644600093506564
7.705,-0.2467350147936387
7.7055,-0.657720863350173
7.706,-0.21140378399024995
7.7065,0.8935369719445027
7.707,1.8474564257015433
7.7075000000000005,2.0206723273453395
7.708,1.3964794973222416
7.7085,0.3839727272619261
7.7090000000000005,-0.5318128088511076
7.7095,-0.9891842219546001
7.71,-0.8738427389170232
7.710500000000001,-0.3669225143882877
7.711,0.19160027215228992
7.7115,0.5150683551418378
7.712,0.4795569987116469
7.7125,0.1567284628766683
7.713,-0.19524473089299757
7.7135,-0.2899021958488382
7.714,-0.083920862245777
7.7145,0.1327182126398559
7.715,-0.0029672581107297036
7.7155000000000005,-0.5642666047340743
7.716,-1.2615535169979908
7.7165,-1.7135646962067634
7.7170000000000005,-1.735189667275614
7.7175,-1.3673010696405656
7.718,-0.7409935129401258
7.718500000000001,-0.0178573601253436
7.719,0.5894548193096132
7.7195,0.9109587683345945
7.72,1.0063357790008647
7.7205,1.1182962087497936
7.721,1.3020274020416067
7.7215,1.22844614151506
7.722,0.5917669920693254
7.7225,-0.3301523279908902
7.723,-0.8112245932873013
7.7235000000000005,-0.4788604308835993
7.724,0.2254399305027287
7.7245,0.5518809794239173
7.7250000000000005,0.28121216843309904
7.7255,-0.1365447436545788
7.726,-0.22436046031296356
7.726500000000001,-0.029246837130124763
7.727,0.03905068722865022
7.7275,-0.24929160482553964
7.728,-0.7084307575973969
7.7285,-0.9647001358122981
7.729,-0.7738561944433642
7.7295,-0.14941561642570686
7.73,0.662280916017675
7.7305,1.2787757550362668
7.731,1.33827663366348
7.7315000000000005,0.6919215474241363
7.732,-0.4395391653860455
7.7325,-1.4856866482452546
7.7330000000000005,-1.8395667890229777
7.7335,-1.301966716470341
7.734,-0.24973076130226424
7.734500000000001,0.6657308046143438
7.735,0.9995710326529733
7.7355,0.7354129631182742
7.736,0.164770794565926
7.7365,-0.31559530433978195
7.737,-0.34224457364438465
7.7375,0.23313472228847198
7.738,1.1317448194807371
7.7385,1.69505560950141
7.739,1.3431847737691545
7.7395000000000005,0.10432715550739653
7.74,-1.3209767207501466
7.7405,-2.073590706590197
7.7410000000000005,-1.766587479462855
7.7415,-0.702527799239586
7.742,0.4177010803185161
7.742500000000001,0.992383818242674
7.743,0.8707027797816508
7.7435,0.3569834388201441
7.744,-0.11055779870867816
7.7445,-0.31184420200952756
7.745,-0.29117982103061796
7.7455,-0.14486755628013342
7.746,0.07781768597574536
7.7465,0.2547557140703617
7.747,0.18330938557824422
7.7475000000000005,-0.15857022922506192
7.748,-0.4572026126284442
7.7485,-0.33291064619998495
7.7490000000000006,0.24520520931327233
7.7495,0.8723565821715934
7.75,1.0270576816357764
7.7505,0.5267446447628699
7.751,-0.2351807371496445
7.7515,-0.5555455362100614
7.752,-0.07987936845816795
7.7525,0.7843744461187863
7.753,1.2208964087933551
7.7535,0.8103526039042803
7.7540000000000004,-0.057644839319999225
7.7545,-0.5905156131984516
7.755,-0.3973519881422777
7.7555000000000005,0.11700809310318289
7.756,0.1748660012135961
7.7565,-0.5577319622452932
7.757000000000001,-1.6007617847758806
7.7575,-2.095255767395073
7.758,-1.5781301118497841
7.7585,-0.37992650608962386
7.759,0.6360063689179732
7.7595,0.753991881486035
7.76,0.018421593295235156
7.7605,-0.7328837423843478
7.761,-0.5868821263386911
7.7615,0.5387668296040397
7.7620000000000005,1.738366622052514
7.7625,1.9499532707005207
7.763,0.9398127293995088
7.7635000000000005,-0.540329727686812
7.764,-1.489226962195357
7.7645,-1.49799965120547
7.765000000000001,-0.9579655169880418
7.7655,-0.5852696567644528
7.766,-0.7792668833948823
7.7665,-1.3308206234875983
7.767,-1.620174297017997
7.7675,-1.1365327722214749
7.768,0.02456437227786926
7.7685,1.1473881124048124
7.769,1.522330594602485
7.7695,1.1296193050802064
7.7700000000000005,0.6038957249117741
7.7705,0.5373165642212995
7.771,0.9477363719745248
7.7715000000000005,1.4110554220651246
7.772,1.530238840747635
7.7725,1.2126902409318625
7.773000000000001,0.6449075592424879
7.7735,0.1343839752291317
7.774,-0.07432086441018937
7.7745,0.04364139361410014
7.775,0.2727421978242606
7.7755,0.32051288979785114
7.776,0.03682051929671425
7.7765,-0.474608241408448
7.777,-0.9074720235761534
7.7775,-0.9593299651335502
7.7780000000000005,-0.599588096134636
7.7785,-0.1484306375286342
7.779,-0.001011684675245983
7.7795000000000005,-0.23472827768812815
7.78,-0.5403671868736478
7.7805,-0.5658870846000006
7.781000000000001,-0.27492869825975114
7.7815,0.0734452199588732
7.782,0.25427321420737503
7.7825,0.3038146952379835
7.783,0.3818316100904887
7.7835,0.47188641013764115
7.784,0.36134033716571196
7.7845,-0.018525019268119503
7.785,-0.37067044688194684
7.7855,-0.33407111595234845
7.7860000000000005,0.02549633964227896
7.7865,0.2410195184323502
7.787,0.02179492784452247
7.7875000000000005,-0.39252387164491603
7.788,-0.5730499380127357
7.7885,-0.42259903837564217
7.789000000000001,-0.1841412476329184
7.7895,-0.06039336788589117
7.79,-0.06793084173594334
7.7905,-0.23846278306030758
7.791,-0.6810797360534876
7.7915,-1.3208849083153864
7.792,-1.7567792300339757
7.7925,-1.5454822684775806
7.793,-0.6157429047241819
7.7935,0.5944762181162621
7.7940000000000005,1.3721334322572318
7.7945,1.2185995026214467
7.795,0.30022582768034284
7.7955000000000005,-0.5875412786412602
7.796,-0.6725490412210109
7.7965,0.08974337155797285
7.797000000000001,1.0168486667118362
7.7975,1.4259976230220266
7.798,1.259837755066544
7.7985,0.9246034782345528
7.799,0.6614238430926328
7.7995,0.32633085556257946
7.8,-0.19264618118415225
7.8005,-0.6074822854647226
7.801,-0.4889411642698681
7.8015,0.1699334957207153
7.8020000000000005,0.8160482652694344
7.8025,0.826592601170244
7.803,0.1197150491057799
7.8035000000000005,-0.7405296128894554
7.804,-1.0549348599945418
7.8045,-0.6113071780625716
7.805000000000001,0.17724651709524933
7.8055,0.6869437529747493
7.806,0.5890524492116697
7.8065,0.023706291080673698
7.807,-0.5729258648836418
7.8075,-0.7852179789741471
7.808,-0.5055051408955976
7.8085,-0.012837661002620005
7.809,0.27336348540052713
7.8095,0.16815555063298132
7.8100000000000005,-0.1384958434420311
7.8105,-0.2678064299282203
7.811,0.02040182105436695
7.8115000000000006,0.5642376467264758
7.812,0.8287793928349578
7.8125,0.3660081673169771
7.813,-0.6451401626888319
7.8135,-1.4351645129674602
7.814,-1.3376448323435495
7.8145,-0.4021229038585982
7.815,0.7182796043173247
7.8155,1.3898729578244926
7.816,1.4351038352065721
7.8165000000000004,1.0473332891061695
7.817,0.4587736489352889
7.8175,-0.19330579916157203
7.8180000000000005,-0.7133708410260098
7.8185,-0.7668689999580495
7.819,-0.18355376909101853
7.819500000000001,0.6782013382213343
7.82,1.1450842591432944
7.8205,0.9234777703252033
7.821,0.3873265562170846
7.8215,0.07042828071928331
7.822,0.06363712384396672
7.8225,0.05751892420284921
7.823,-0.16511009380185854
7.8235,-0.47854808721413644
7.824,-0.6443617392899021
7.8245000000000005,-0.6513860538641022
7.825,-0.7378893568368765
7.8255,-1.0706512478852825
7.8260000000000005,-1.4578445777562241
7.8265,-1.4897766646477777
7.827,-1.0257884681353076
7.827500000000001,-0.444587921438463
7.828,-0.27563672794216587
7.8285,-0.6043229688777362
7.829,-0.9574344329472777
7.8295,-0.797546670540484
7.83,-0.07933889814939667
7.8305,0.6762400350706806
7.831,0.8251989622928564
7.8315,0.16534169004350724
7.832,-0.8459542419846142
7.8325000000000005,-1.4217767229251863
7.833,-1.0716256052460067
7.8335,0.01563391451948689
7.8340000000000005,1.158694612572359
7.8345,1.7293510526625298
7.835,1.5595020885907693
7.835500000000001,0.937472716760013
7.836,0.3292152744337414
7.8365,0.10457417574254942
7.837,0.37996582930099754
7.8375,0.9566492466698991
7.838,1.4135016227313602
7.8385,1.3999598643503801
7.839,0.920921117794328
7.8395,0.31329365102056106
7.84,-0.07863401583676675
7.8405000000000005,-0.19056318772722786
7.841,-0.2027982696560962
7.8415,-0.27066328824798136
7.8420000000000005,-0.37480657950589047
7.8425,-0.44872150660390675
7.843,-0.5307063999881801
7.843500000000001,-0.6716731176949657
7.844,-0.7308750402260931
7.8445,-0.4119639702776727
7.845,0.38663860072034006
7.8455,1.2840169809651778
7.846,1.6197962133639354
7.8465,1.0515745413220956
7.847,-0.083238359069996
7.8475,-1.0788936230662376
7.848,-1.4989946382142123
7.8485000000000005,-1.4164218536737088
7.849,-1.082111955684348
7.8495,-0.5708494383921464
7.8500000000000005,0.1181181237955
7.8505,0.7420166706369765
7.851,0.8741599811067163
7.851500000000001,0.40252232894826445
7.852,-0.2024738717590142
7.8525,-0.32319490124187894
7.853,0.13660339645623895
7.8535,0.6470763087795204
7.854,0.6000368227817147
7.8545,-0.09900903499768178
7.855,-0.9328693712319793
7.8555,-1.2131024472702163
7.856,-0.6789581040768332
7.8565000000000005,0.2842804533361999
7.857,1.0365678771859466
7.8575,1.2595048420661255
7.8580000000000005,1.079356220923292
7.8585,0.7265698895516417
7.859,0.30865104819180006
7.859500000000001,-0.07595993976164274
7.86,-0.2739715089248046
7.8605,-0.2576151208677521
7.861,-0.19280141047568342
7.8615,-0.21730094712911927
7.862,-0.3026098932616764
7.8625,-0.42654761205266395
7.863,-0.6938856688391429
7.8635,-1.103700209040072
7.864,-1.3188458693908003
7.8645000000000005,-0.9343037098347294
7.865,-0.04162470316117608
7.8655,0.6672225156760219
7.8660000000000005,0.5424860267456834
7.8665,-0.3160987828173675
7.867,-1.1239757767460383
7.867500000000001,-1.1757396648989158
7.868,-0.4598667020395203
7.8685,0.44483137924082794
7.869,0.942284667512479
7.8695,0.8478464397507031
7.87,0.3633398878608408
7.8705,-0.20620519429359435
7.871,-0.622703651784122
7.8715,-0.7011133384892805
7.872,-0.34322055602071033
7.8725000000000005,0.3361312010788881
7.873,1.0310950565917338
7.8735,1.4502719124137329
7.8740000000000006,1.4447892433921077
7.8745,0.9931084995853018
7.875,0.2288582682104156
7.8755,-0.512602940722181
7.876,-0.85753142876398
7.8765,-0.710801821163466
7.877,-0.36690296393733174
7.8775,-0.25637405685778325
7.878,-0.5643635748496827
7.8785,-1.0528080200459242
7.8790000000000004,-1.2262292470878093
7.8795,-0.7257464003574354
7.88,0.3466052959446334
7.8805000000000005,1.4408003169566213
7.881,1.918121276264677
7.8815,1.501235668698932
7.882000000000001,0.4914067437243132
7.8825,-0.42670592862550843
7.883,-0.6945811142060463
7.8835,-0.323234805901693
7.884,0.15140780818494973
7.8845,0.21454349091278763
7.885,-0.1223406057751288
7.8855,-0.3936115902058826
7.886,-0.2065383318903786
7.8865,0.38594975293617506
7.8870000000000005,1.0049095010937212
7.8875,1.305787754256076
7.888,1.1682434694202328
7.8885000000000005,0.6517701369334188
7.889,-0.05581078065532743
7.8895,-0.6213618190526935
7.890000000000001,-0.6766898126740586
7.8905,-0.1254548851294872
7.891,0.6642068069229017
7.8915,1.0922682274416744
7.892,0.8023729179741186
7.8925,-0.0966105178588169
7.893,-1.2262000539067086
7.8935,-2.2201511483421976
7.894,-2.805576832251032
7.8945,-2.791526861027126
7.8950000000000005,-2.1505359598056364
7.8955,-1.1123779174908053
7.896,-0.08726508905189873
7.8965000000000005,0.5696431826741305
7.897,0.7648750003749571
7.8975,0.6898169051341276
7.898000000000001,0.655173144309134
7.8985,0.850322745249597
7.899,1.1824688668005885
7.8995,1.3307055290622278
7.9,1.0175100924764
7.9005,0.2718048708506259
7.901,-0.5824054615694766
7.9015,-1.178361615868627
7.902,-1.3063399806082285
7.9025,-0.9343310647274097
7.9030000000000005,-0.22251039595524538
7.9035,0.42279877230613516
7.904,0.5342308881727643
7.9045000000000005,0.04260913161893716
7.905,-0.5391591555363283
7.9055,-0.5754097471718168
7.906000000000001,0.08968531298558535
7.9065,1.0713643832320596
7.907,1.8530596477916512
7.9075,2.1187135850733188
7.908,1.7932459339917193
7.9085,0.987139171260521
7.909,0.012516048898713711
7.9095,-0.6351628635537138
7.91,-0.5396053286603151
7.9105,0.21836904010399896
7.9110000000000005,0.9683773108790168
7.9115,0.9853413385672268
7.912,0.20379617813172485
7.9125000000000005,-0.6848125169859662
7.913,-0.9015260933424999
7.9135,-0.3086375298036626
7.914000000000001,0.5312687044627041
7.9145,0.9531011533108348
7.915,0.7799984210935288
7.9155,0.3294070442457451
7.916,-0.046865885332993046
7.9165,-0.298592714491743
7.917,-0.5764747030345598
7.9175,-0.9188504486317829
7.918,-1.1098795915222075
7.9185,-0.8863940624542458
7.9190000000000005,-0.3170258962039131
7.9195,0.09571568456083199
7.92,-0.16403654448695734
7.9205000000000005,-1.0659558623163914
7.921,-1.980599134593096
7.9215,-2.242804698213404
7.922000000000001,-1.7537077417566431
7.9225,-1.0154013768494774
7.923,-0.5937885626144909
7.9235,-0.5751505093083729
7.924,-0.5658256069106299
7.9245,-0.19717343386667527
7.925,0.44507972059061796
7.9255,0.9346831311309204
7.926,0.9942794728495941
7.9265,0.7683441343650009
7.9270000000000005,0.5636281954738924
7.9275,0.4188620880577143
7.928,0.10096198982716664
7.9285000000000005,-0.4603383795975164
7.929,-0.9266887628805467
7.9295,-0.8754000417513047
7.930000000000001,-0.2805002988279046
7.9305,0.45952402593154335
7.931,0.9321441925791036
7.9315,1.0347369370410966
7.932,0.9183704124179136
7.9325,0.7578204625921362
7.933,0.6514863979057256
7.9335,0.6823003902838461
7.934,0.9518951181894196
7.9345,1.4495448409062488
7.9350000000000005,1.8795925791494765
7.9355,1.7565610869162742
7.936,0.837956185333321
7.9365000000000006,-0.5253481547019145
7.937,-1.591630389016172
7.9375,-1.851629572218939
7.938,-1.4116268877919913
7.9385,-0.7466536485860513
7.939,-0.18526005246496724
7.9395,0.26416288692183104
7.94,0.6575375422647728
7.9405,0.8720474798537525
7.941,0.7178824688159164
7.9415000000000004,0.2338933267686063
7.942,-0.2692217910118049
7.9425,-0.5121207799066109
7.9430000000000005,-0.48946193073027394
7.9435,-0.34902965725216656
7.944,-0.1544761887794575
7.944500000000001,0.11088643862203953
7.945,0.370184271704366
7.9455,0.4196760363397434
7.946,0.13265418442615332
7.9465,-0.31257210766691773
7.947,-0.4816263311282197
7.9475,-0.06337874259171279
7.948,0.764660141765725
7.9485,1.3963816013019137
7.949,1.274993480229643
7.9495000000000005,0.355694193192984
7.95,-0.8405160039466714
7.9505,-1.586551681062456
7.9510000000000005,-1.4277123133637772
7.9515,-0.4793899631332309
7.952,0.6125573996992653
7.952500000000001,1.0732998666679034
7.953,0.5816758938551632
7.9535,-0.4268446755033269
7.954,-1.1199621020894903
7.9545,-1.020396566555751
7.955,-0.38034153867089276
7.9555,0.16938898619438075
7.956,0.22132926089278998
7.9565,-0.15789564050379226
7.957,-0.5810984383858491
7.9575000000000005,-0.646713375014401
7.958,-0.2705238904742241
7.9585,0.13854914409816083
7.9590000000000005,-0.008427041796278562
7.9595,-0.7858448869345025
7.96,-1.4817778936765393
7.960500000000001,-1.2823768721160855
7.961,-0.22733100175893362
7.9615,0.7394730306386901
7.962,0.7244007591206475
7.9625,-0.25708141494804476
7.963,-1.3773399952228582
7.9635,-1.7670235832084304
7.964,-1.147300888475712
7.9645,0.09101758427449397
7.965,1.2360533058127945
7.9655000000000005,1.710234173096677
7.966,1.3658355727913851
7.9665,0.5131186980210128
7.9670000000000005,-0.2662690330634672
7.9675,-0.4411457807789127
7.968,0.08710457880867752
7.968500000000001,0.8135891090483687
7.969,1.0359634460403717
7.9695,0.6328955557340945
7.97,0.2950655960671375
7.9705,0.7285651773665518
7.971,1.7199980846141139
7.9715,2.2921830514652983
7.972,1.801836502375833
7.9725,0.6191134151085312
7.973,-0.3636778937054618
7.9735000000000005,-0.6752155205913973
7.974,-0.5543188542126747
7.9745,-0.42421743177150834
7.9750000000000005,-0.3109939094891356
7.9755,0.11746957877845082
7.976,1.006527975214881
7.976500000000001,1.9505621949102656
7.977,2.2573277726287895
7.9775,1.5553419998027713
7.978,0.10572941832217816
7.9785,-1.4318901819362244
7.979,-2.4501883208530892
7.9795,-2.645313958137433
7.98,-2.036025110224683
7.9805,-0.9531003234771673
7.981,0.008520362063582261
7.9815000000000005,0.2577747671018655
7.982,-0.3916532515293545
7.9825,-1.5734806185559749
7.9830000000000005,-2.6416399445771783
7.9835,-3.069421673866472
7.984,-2.6325565300393317
7.984500000000001,-1.4029459947062934
7.985,0.23983475177419233
7.9855,1.6320206176085514
7.986,2.1326710182316284
7.9865,1.608646909536595
7.987,0.5680261996814685
7.9875,-0.2657517142859322
7.988,-0.4690357289282422
7.9885,-0.0652405060263524
7.989,0.619379062079037
7.9895000000000005,1.16947050503602
7.99,1.3189341352957724
7.9905,1.1055668897830615
7.9910000000000005,0.7547146087324474
7.9915,0.40699480810967986
7.992,0.04344464810295852
7.992500000000001,-0.3424264793887842
7.993,-0.6365254654896639
7.9935,-0.7157931884504845
7.994,-0.5859307052894457
7.9945,-0.33593146538249075
7.995,0.01589629350327411
7.9955,0.5184791410234548
7.996,1.0642266975901145
7.9965,1.2669030165934885
7.997,0.7410762984848078
7.9975000000000005,-0.42362935046848216
7.998,-1.544053580299736
7.9985,-1.837642881582221
7.9990000000000006,-1.141078202359934
7.9995,-0.12426298789267559
8.0,0.34123961450363816
8.0005,0.08720655249464775
8.001,-0.19871128867190216
8.0015,0.19723513089971145
8.002,1.1740832871070175
8.0025,1.9223237956624424
8.003,1.7566108707030734
8.0035,0.7308782935287972
8.004,-0.46018327592250413
8.0045,-1.0433245863556038
8.005,-0.7015514329662339
8.0055,0.2612618872419981
8.006,1.202730589960129
8.0065,1.6269150175385958
8.007,1.4736416145438447
8.0075,1.0302571733086336
8.008000000000001,0.6310664144958319
8.0085,0.4179645402490818
8.009,0.29686697145090024
8.009500000000001,0.06523602996391532
8.01,-0.39323887855600337
8.0105,-0.9893390549246048
8.011000000000001,-1.4953343936457675
8.0115,-1.7337996187072897
8.012,-1.669037773231958
8.0125,-1.3302243924309403
8.013,-0.7624539920060949
8.0135,-0.11359363192750639
8.014,0.3401582725977394
8.0145,0.37901723749056454
8.015,0.04306669975312536
8.0155,-0.3860616897140661
8.016,-0.5705556767242546
8.0165,-0.2904254092190745
8.017,0.42227197532723115
8.0175,1.2054304823006616
8.018,1.4998243160109537
8.0185,0.9398751532682416
8.019,-0.274606831478145
8.0195,-1.4171504200540348
8.02,-1.77366659617385
8.0205,-1.2558753127467452
8.021,-0.46496537468918153
8.0215,-0.09346873733843529
8.022,-0.30127566323175303
8.0225,-0.710257560766415
8.023,-0.8853301610656276
8.0235,-0.6763729435230833
8.024000000000001,-0.1675428320940474
8.0245,0.47192550903432606
8.025,0.9860518805033426
8.025500000000001,1.0353834342819215
8.026,0.42884774892876165
8.0265,-0.5751554982798331
8.027000000000001,-1.3163039212995733
8.0275,-1.2305480588122095
8.028,-0.3407748922169464
8.0285,0.7680240460826846
8.029,1.418903372303008
8.0295,1.2682118927677053
8.03,0.43558211595415003
8.0305,-0.5604053957934889
8.031,-1.0339287095475382
8.0315,-0.5868166079332328
8.032,0.4948128623584173
8.0325,1.401555161936282
8.033,1.5174391329069785
8.0335,0.9909930259985367
8.034,0.5349342826441156
8.0345,0.6664907362583126
8.035,1.2051725013446921
8.0355,1.5279129123670527
8.036,1.2369751955286916
8.0365,0.4906325330566302
8.037,-0.2768249971083365
8.0375,-0.7867516514144615
8.038,-0.990818402797803
8.0385,-0.8793949799310459
8.039,-0.44200964970565776
8.0395,0.15323031431231018
8.040000000000001,0.5150818729836175
8.0405,0.32918285200184916
8.041,-0.2935283450141821
8.041500000000001,-0.8651761885612281
8.042,-0.9531661418396271
8.0425,-0.5297869314875673
8.043000000000001,0.07662962189855861
8.0435,0.48685235668283283
8.044,0.5231356973279252
8.0445,0.24730570471702149
8.045,-0.1723766364284052
8.0455,-0.5943018567051259
8.046,-0.9171942009649641
8.0465,-1.0302363811715367
8.047,-0.8199497155077996
8.0475,-0.2570204445901581
8.048,0.5271243643160898
8.0485,1.2779445892227408
8.049,1.7479772293268874
8.0495,1.786444726989359
8.05,1.3572323674609967
8.0505,0.571158759815973
8.051,-0.2971802120148419
8.0515,-0.916023416949596
8.052,-1.0761907487272016
8.0525,-0.8081387293150445
8.053,-0.3901813355728663
8.0535,-0.21438547170395086
8.054,-0.4919466155221138
8.0545,-1.0121862347215391
8.055,-1.2982733906872295
8.0555,-1.1193006282949785
8.056000000000001,-0.7957057194349288
8.0565,-0.8574890788844546
8.057,-1.3751908089447005
8.057500000000001,-1.7465249923172117
8.058,-1.266012933843108
8.0585,0.07099702734731847
8.059000000000001,1.403585747998198
8.0595,1.7426463442123932
8.06,0.9173821949442654
8.0605,-0.23916230291295773
8.061,-0.6795577515414473
8.0615,-0.10814214950608758
8.062,0.8530226139819624
8.0625,1.3964727472696767
8.063,1.2926255586499849
8.0635,0.8996670079823896
8.064,0.608876377532847
8.0645,0.4889749022984079
8.065,0.4400609748171225
8.0655,0.4678955271014348
8.066,0.6561580409035411
8.0665,0.9207897148490983
8.067,0.9353063197095781
8.0675,0.3936696425607139
8.068,-0.6376856635632359
8.0685,-1.6613343990704263
8.069,-2.089069599212091
8.0695,-1.6921666339652741
8.07,-0.7658665989061014
8.070500000000001,0.12824193593166236
8.071,0.6049370594810307
8.0715,0.6803125126981384
8.072000000000001,0.6052175166476059
8.0725,0.5548061260261896
8.073,0.5390711788430759
8.073500000000001,0.5670567689541902
8.074,0.7538780700129449
8.0745,1.1570835163716322
8.075,1.5564013492913105
8.0755,1.5546427288949873
8.076,0.9739304644958797
8.0765,0.0860744467832164
8.077,-0.6157669346148162
8.0775,-0.864419501772878
8.078,-0.8180196407137529
8.0785,-0.815822332717187
8.079,-0.9603868743590898
8.0795,-0.9925607424130302
8.08,-0.6140336124599413
8.0805,0.08605817769993745
8.081,0.5845514538427681
8.0815,0.37124028173999757
8.082,-0.536234710866003
8.0825,-1.5660713012852627
8.083,-2.0990214447532267
8.0835,-1.9724791451369128
8.084,-1.5119585789017018
8.0845,-1.1618935105576216
8.085,-1.1021025979090238
8.0855,-1.1169209941245901
8.086,-0.7552610767558853
8.086500000000001,0.30044926209278505
8.087,1.8420091307935555
8.0875,3.0595323080391035
8.088000000000001,3.0486598801201383
8.0885,1.627533610639568
8.089,-0.31560889845544365
8.089500000000001,-1.42421079184803
8.09,-0.9790795032322357
8.0905,0.497314972203767
8.091,1.7359930683274574
8.0915,1.8699970834104005
8.092,1.1093856229076078
8.0925,0.30624040652229656
8.093,-0.015613568449232146
8.0935,-0.058542205056887765
8.094,-0.23520355717375588
8.0945,-0.49996726094694594
8.095,-0.39524451405632566
8.0955,0.2819304555134183
8.096,1.0829054226191015
8.0965,1.3148629107746634
8.097,0.7700241284113432
8.0975,-0.09181837968790228
8.098,-0.6811029970825463
8.0985,-0.8473328809985968
8.099,-0.8434408359802914
8.0995,-0.8828881262003353
8.1,-0.9248204034663353
8.1005,-0.8590526393151631
8.101,-0.7323205286970489
8.1015,-0.7352526754814788
8.102,-0.9916313108394302
8.102500000000001,-1.3583604828905962
8.103,-1.455996098850658
8.1035,-0.9715827700598594
8.104000000000001,-0.0030790089347047887
8.1045,0.8862698256452793
8.105,1.0617292728303538
8.105500000000001,0.41036234786997894
8.106,-0.4486833824985804
8.1065,-0.6643692076204755
8.107,0.05407617347654815
8.1075,1.1564556865662101
8.108,1.7980773598204347
8.1085,1.6571144956758594
8.109,1.1556754941132223
8.1095,0.8740178061037217
8.11,0.8777721726424428
8.1105,0.7439252768537479
8.111,0.17292493408365786
8.1115,-0.602724108210545
8.112,-1.0342045148796795
8.1125,-0.7518819715392449
8.113,0.1496980883343861
8.1135,1.1430214203349158
8.114,1.5409885860214518
8.1145,0.9660136370949199
8.115,-0.26558241292435314
8.1155,-1.3107109013893181
8.116,-1.5091423046397052
8.1165,-0.945694406929206
8.117,-0.27560720843495873
8.1175,-0.04317936891770176
8.118,-0.2348492035431085
8.118500000000001,-0.45304138349221823
8.119,-0.39997633876804084
8.1195,-0.11528621803341876
8.120000000000001,0.2140672549672106
8.1205,0.5334486761038121
8.121,0.8967272671638655
8.121500000000001,1.2264406012117937
8.122,1.2748466905124602
8.1225,0.8853835414535972
8.123,0.19952290854493152
8.1235,-0.4551250665728609
8.124,-0.8316859820696052
8.1245,-0.8872810977767652
8.125,-0.7070490202380121
8.1255,-0.4035074448716073
8.126,-0.11909279288238081
8.1265,-0.03135398687706945
8.127,-0.21227110085057674
8.1275,-0.48553105751679326
8.128,-0.5826524242783166
8.1285,-0.49427978956334273
8.129,-0.5085234069763572
8.1295,-0.7927493638688433
8.13,-1.0705431970329227
8.1305,-0.8926924647072242
8.131,-0.2124966171405825
8.1315,0.44655239558990845
8.132,0.4619655819590569
8.1325,-0.2590115078951672
8.133000000000001,-1.118273462039808
8.1335,-1.3091941851739335
8.134,-0.5424470342917794
8.134500000000001,0.6514932948744816
8.135,1.3990737469423224
8.1355,1.32689182372453
8.136000000000001,0.8756796679304498
8.1365,0.7172862458888997
8.137,0.9724991299295103
8.1375,1.1605353001283756
8.138,0.8736047654180533
8.1385,0.31360653505348274
8.139,0.08122181452388816
8.1395,0.5108047882150607
8.14,1.3022189272462916
8.1405,1.7926318832002808
8.141,1.506532830945281
8.1415,0.4479809657132515
8.142,-0.9798483472678239
8.1425,-2.2039587134227827
8.143,-2.721239855381758
8.1435,-2.3440878489597594
8.144,-1.3422829156239928
8.1445,-0.29392357853619555
8.145,0.31676575503318793
8.1455,0.41058381537911637
8.146,0.23436996993597464
8.1465,0.017887560343241606
8.147,-0.21266549445743568
8.1475,-0.4867678299092528
8.148,-0.6863535158256695
8.1485,-0.5984399332989176
8.149000000000001,-0.14320959166402467
8.1495,0.5084473376887806
8.15,1.024800841197556
8.150500000000001,1.126619721954281
8.151,0.8099806337247513
8.1515,0.3980283146924331
8.152000000000001,0.2943945977964183
8.1525,0.6245666385126686
8.153,1.1185178322719969
8.1535,1.3403396572706179
8.154,1.0497618205211925
8.1545,0.4093600244111565
8.155,-0.12571865950276864
8.1555,-0.18141556595827554
8.156,0.2024660429507212
8.1565,0.6177127133826676
8.157,0.686370713109248
8.1575,0.3900754668560506
8.158,-0.011671241834133282
8.1585,-0.33892071434957416
8.159,-0.6812872036706455
8.1595,-1.1924238513419902
8.16,-1.7493931188341376
8.1605,-1.9181320536097612
8.161,-1.3266863147292653
8.1615,-0.09314795764178979
8.162,1.1287674221916342
8.1625,1.5880199754464106
8.163,1.0237330164064293
8.1635,-0.1081031483436007
8.164,-1.0050432029939305
8.1645,-1.1821527429751657
8.165000000000001,-0.8337613816052448
8.1655,-0.5656807456722042
8.166,-0.7626788837351479
8.166500000000001,-1.2209244554789225
8.167,-1.3944885204690491
8.1675,-0.9246933546003452
8.168000000000001,0.11892451438927984
8.1685,1.3832681640976345
8.169,2.4338428354623605
8.1695,2.850771809291317
8.17,2.3546335681885973
8.1705,1.0173657679286219
8.171,-0.6425246944221853
8.1715,-1.8711399055704834
8.172,-2.112288807132073
8.1725,-1.374321419486292
8.173,-0.26142386426480946
8.1735,0.4244617396296182
8.174,0.2907199170446533
8.1745,-0.3372428489585221
8.175,-0.7494254263335619
8.1755,-0.5306833734235767
8.176,0.10516653319357244
8.1765,0.6187885927389382
8.177,0.6742543741386818
8.1775,0.3387913382204024
8.178,-0.11862398566632391
8.1785,-0.4860603424816241
8.179,-0.6691945954816829
8.1795,-0.6171561209168422
8.18,-0.29627516016259114
8.1805,0.23103676517584223
8.181000000000001,0.7340675282470067
8.1815,0.913757657516587
8.182,0.6798301320236884
8.182500000000001,0.31793558305872693
8.183,0.252285991701888
8.1835,0.5916765666712935
8.184000000000001,1.0021520617949047
8.1845,1.0652359477547104
8.185,0.6671124186684699
8.1855,0.0005502248372617679
8.186,-0.6783479780887286
8.1865,-1.1616754451194382
8.187,-1.2491514569419158
8.1875,-0.8170091057620282
8.188,0.0034654356557191936
8.1885,0.8205913551748315
8.189,1.2297545685504376
8.1895,1.083295199479871
8.19,0.555659004176071
8.1905,-0.03745211845169981
8.191,-0.4909600406306257
8.1915,-0.7594141004194517
8.192,-0.7966464636376861
8.1925,-0.5222258213161208
8.193,-0.05402985006130977
8.1935,0.16712573717312532
8.194,-0.27757848322134754
8.1945,-1.2495309812335826
8.195,-2.002981989140205
8.195500000000001,-1.8048829631949297
8.196,-0.5908969497104507
8.1965,1.0313781840409306
8.197000000000001,2.3432814815333214
8.1975,2.974455984834648
8.198,2.901060118789611
8.198500000000001,2.258501652399085
8.199,1.2944068851732893
8.1995,0.35374102767047366
8.2,-0.29830776675659393
8.2005,-0.6499907092307923
8.201,-0.8485828468343382
8.2015,-0.9561869247017268
8.202,-0.9014117544963333
8.2025,-0.6458575284183657
8.203,-0.267629262308477
8.2035,0.10630272498135385
8.204,0.3148650353025347
8.2045,0.15250262822821453
8.205,-0.4526640291571577
8.2055,-1.2307120709182933
8.206,-1.7208335231331937
8.2065,-1.6858596162753738
8.207,-1.2655206657426938
8.2075,-0.7058375543005283
8.208,-0.08440313655852608
8.2085,0.6108608957162902
8.209,1.2484537698633416
8.2095,1.5705858589671409
8.21,1.448210471616006
8.2105,1.009056856961729
8.211,0.5079789920727008
8.211500000000001,0.15350934481431985
8.212,0.03324989679122577
8.2125,0.0931106973112283
8.213000000000001,0.16817591261569914
8.2135,0.0934581094408615
8.214,-0.1985789958143841
8.214500000000001,-0.6806408983973359
8.215,-1.2611361809802253
8.2155,-1.7650128201711408
8.216,-1.9387156041990745
8.2165,-1.5833515499995818
8.217,-0.7632043781960673
8.2175,0.12116554068541424
8.218,0.5492896502601706
8.2185,0.2637936946801598
8.219,-0.4954949060327645
8.2195,-1.1129008369928395
8.22,-1.0242257881240595
8.2205,-0.17953060909469132
8.221,0.8425735634198224
8.2215,1.2789372402523727
8.222,0.8874528098604169
8.2225,0.23093521495428615
8.223,0.15719086302059002
8.2235,0.9311760888194975
8.224,1.9130963436127004
8.2245,2.142089592936917
8.225,1.2683362393468554
8.2255,-0.06342676224911521
8.226,-0.7581721282955571
8.2265,-0.2428534947990485
8.227,1.0423219423473125
8.227500000000001,2.055706003703448
8.228,2.032029273044448
8.2285,1.0470052086242378
8.229000000000001,-0.1312534621959259
8.2295,-0.6978232278544034
8.23,-0.41265276551789454
8.230500000000001,0.323094068738734
8.231,0.9114281643601394
8.2315,1.045960151032096
8.232,0.786385932929154
8.2325,0.27169374257644036
8.233,-0.4745349977810582
8.2335,-1.3960620851935113
8.234,-2.175370568583568
8.2345,-2.3298466964486484
8.235,-1.6590162884311481
8.2355,-0.6134694192361037
8.236,-0.08895544291597417
8.2365,-0.6377685362655088
8.237,-1.8021612544117902
8.2375,-2.3842724147913663
8.238,-1.5679539292628466
8.2385,0.2174235141071309
8.239,1.6579436364002378
8.2395,1.8046377231791924
8.24,0.8810221716400242
8.2405,-0.14668789440951577
8.241,-0.5814383349169815
8.2415,-0.40715280262488934
8.242,0.0868530586560997
8.2425,0.67786219432866
8.243,1.1372788517933454
8.243500000000001,1.1343600703459704
8.244,0.5129275277497376
8.2445,-0.39054520287900746
8.245000000000001,-0.9250639503229416
8.2455,-0.7031974425594341
8.246,0.047402234727527665
8.246500000000001,0.719449407871394
8.247,0.8772724525802285
8.2475,0.5856628940029568
8.248,0.2497197550209663
8.2485,0.18136488140593598
8.249,0.3344354150909929
8.2495,0.4250896161763737
8.25,0.2593292809787288
8.2505,-0.07830976594146129
8.251,-0.3510839481880687
8.2515,-0.446579785307343
8.252,-0.4647424023159298
8.2525,-0.5186089215063044
8.253,-0.5427916533254198
8.2535,-0.40893967454040514
8.254,-0.21081639139887012
8.2545,-0.28110240419228366
8.255,-0.7925070009973127
8.2555,-1.3792817620767577
8.256,-1.3326276751024078
8.2565,-0.3088984397030557
8.257,1.1778615017938936
8.2575,2.086399900033783
8.258000000000001,1.761010460845808
8.2585,0.5369075340858492
8.259,-0.5625972401326127
8.259500000000001,-0.7211186340444227
8.26,0.0376874154801018
8.2605,0.9918892251829738
8.261000000000001,1.4037503582858142
8.2615,1.096516036786102
8.262,0.4809145409109763
8.2625,0.11317024361820245
8.263,0.21791373228647895
8.2635,0.5557686979597927
8.264,0.6946715727427634
8.2645,0.4087508500663182
8.265,-0.16639245036731454
8.2655,-0.7105995690484102
8.266,-0.9622295408315364
8.2665,-0.8156435147384403
8.267,-0.3583535258901539
8.2675,0.09588273665804069
8.268,0.15503029613926322
8.2685,-0.2946780013744464
8.269,-0.8885956007240812
8.2695,-1.0412282935531243
8.27,-0.4466310275344921
8.2705,0.6326995778692504
8.271,1.4859658637587616
8.2715,1.4030816027438286
8.272,0.23405320818533717
8.2725,-1.3454596975295148
8.273,-2.242117881341814
8.2735,-1.8353036527853555
8.274000000000001,-0.5401051418003607
8.2745,0.5712384706378999
8.275,0.74757026939703
8.275500000000001,0.16010887084476721
8.276,-0.3985082059754499
8.2765,-0.2915365386350981
8.277000000000001,0.46369017022240383
8.2775,1.2864766350579635
8.278,1.5103439684498903
8.2785,0.8790475774966641
8.279,-0.23832031988804678
8.2795,-1.0665558541795996
8.28,-1.0005820897701196
8.2805,-0.11946560315467214
8.281,0.878702253085548
8.2815,1.2970404270983331
8.282,0.9640327578684343
8.2825,0.19648596625892495
8.283,-0.5620394363805779
8.2835,-0.9839396955447496
8.284,-0.9228405330094392
8.2845,-0.4692820094369391
8.285,0.040032097553184154
8.2855,0.22337483902092956
8.286,-0.03182351018843094
8.2865,-0.48533177362802205
8.287,-0.8216686561128234
8.2875,-0.9650344519724915
8.288,-1.0423116641282293
8.2885,-1.0771697659435926
8.289,-0.8577477408124782
8.2895,-0.1570747808190662
8.290000000000001,0.9672080258554842
8.2905,2.0978062260970463
8.291,2.6636116004233696
8.291500000000001,2.317908237137715
8.292,1.2394781646036088
8.2925,0.03940965972391371
8.293000000000001,-0.7160377672674996
8.2935,-0.8801874554725383
8.294,-0.6198517672135639
8.2945,-0.09563591788632658
8.295,0.5667611744567159
8.2955,1.0616106856280747
8.296,0.9714107187380131
8.2965,0.23859461289054498
8.297,-0.5737764759367068
8.2975,-0.7464109480615988
8.298,-0.17851999016368666
8.2985,0.4577503221542073
8.299,0.4450845995925706
8.2995,-0.19270278901224444
8.3,-0.771578088868245
8.3005,-0.7536212066549246
8.301,-0.2899367360849319
8.3015,0.05312708111126177
8.302,-0.07278627206063987
8.3025,-0.5361583256305432
8.303,-0.9695295227053229
8.3035,-1.1044768748310239
8.304,-0.8740700111676287
8.3045,-0.35674820789207784
8.305,0.25492049514286486
8.3055,0.6834938570960208
8.306000000000001,0.7154497597992717
8.3065,0.40426346358730025
8.307,0.07471215797441562
8.307500000000001,0.03252612153987126
8.308,0.27665750220824764
8.3085,0.5689360149037843
8.309000000000001,0.7415012573698201
8.3095,0.7949095577370718
8.31,0.7072650910172184
8.3105,0.3663672708370887
8.311,-0.17476159383310302
8.3115,-0.533418206703886
8.312,-0.330494690619621
8.3125,0.3087369554060333
8.313,0.7762104330418721
8.3135,0.5692234257963844
8.314,-0.24663518765065318
8.3145,-1.1599448372743353
8.315,-1.6277845953518786
8.3155,-1.3412081723176272
8.316,-0.3400733774050526
8.3165,0.9026152598724371
8.317,1.6083168751516443
8.3175,1.204258734853156
8.318,-0.10755055655075894
8.3185,-1.3478481340715047
8.319,-1.514328813817112
8.3195,-0.4792026183311901
8.32,0.8548645612145791
8.320500000000001,1.3613256449052367
8.321,0.7098024315860341
8.3215,-0.39192917353659745
8.322000000000001,-0.9382531067064035
8.3225,-0.5677189439574085
8.323,0.19947793823965612
8.323500000000001,0.5543680903931526
8.324,0.17135867862364682
8.3245,-0.5523209938086167
8.325,-0.9381915335891972
8.3255,-0.6701321651488916
8.326,-0.019470378166952462
8.3265,0.4956026550594581
8.327,0.5803995903256182
8.3275,0.2911398233229898
8.328,-0.15858904889095138
8.3285,-0.5529886765394509
8.329,-0.6662740415299793
8.3295,-0.323199117289084
8.33,0.37771408547114455
8.3305,0.9917751720356164
8.331,1.0705617136076264
8.3315,0.6308670735411489
8.332,0.1769909683301265
8.3325,0.16864112660735106
8.333,0.5179859140785437
8.3335,0.7071762795557441
8.334,0.38658573208010716
8.3345,-0.22925260582391493
8.335,-0.5872379951822205
8.3355,-0.3871745295358665
8.336,0.08527348333343787
8.336500000000001,0.2459739441579348
8.337,-0.16343610717777707
8.3375,-0.7675357763354437
8.338000000000001,-0.9018792214055205
8.3385,-0.2767139670570823
8.339,0.7002534564229612
8.339500000000001,1.2635168564296249
8.34,0.9714249033558234
8.3405,0.09544387809656306
8.341,-0.6357439863165653
8.3415,-0.6883706941367136
8.342,-0.15540584044246944
8.3425,0.4201862516325567
8.343,0.6089431398994527
8.3435,0.4469888190342396
8.344,0.2429493726297471
8.3445,0.14498675831461239
8.345,0.029266007580475463
8.3455,-0.20156241544200829
8.346,-0.39132691730593994
8.3465,-0.3193821008704527
8.347,-0.019457118679247855
8.3475,0.23021177815386892
8.348,0.19455732683403157
8.3485,-0.16055564523450758
8.349,-0.7431027982152265
8.3495,-1.3718216503119152
8.35,-1.7125805962115321
8.3505,-1.4204477032725442
8.351,-0.5325548084088445
8.3515,0.3995140553425696
8.352,0.772740563872223
8.352500000000001,0.5258574720743473
8.353,0.14465077136340343
8.3535,0.07455501804761687
8.354000000000001,0.2821528065403849
8.3545,0.47108049350637604
8.355,0.560972514897114
8.355500000000001,0.7496559658013549
8.356,1.1294979831313108
8.3565,1.4145484757712674
8.357,1.1529083369941633
8.3575,0.21912896160526865
8.358,-0.9432888194683806
8.3585,-1.6311189998406752
8.359,-1.4604182104313446
8.3595,-0.6284040650642475
8.36,0.3414912891682216
8.3605,0.9917105827442635
8.361,1.092719433750438
8.3615,0.6501277729755063
8.362,-0.07310991858231997
8.3625,-0.6265146185106781
8.363,-0.6565973882788643
8.3635,-0.19989792285567176
8.364,0.35017857250743384
8.3645,0.6177620499153821
8.365,0.5744967363766227
8.3655,0.4632565352047333
8.366,0.4417241182385058
8.3665,0.42194723604360246
8.367,0.2729438575402378
8.3675,0.02473837838040266
8.368,-0.21590755085095556
8.368500000000001,-0.42412683728623035
8.369,-0.6091713622745979
8.3695,-0.6982592229584152
8.370000000000001,-0.618004731803391
8.3705,-0.46995211650652857
8.371,-0.4795581991078379
8.371500000000001,-0.7186960748118926
8.372,-0.9706208345037711
8.3725,-0.9337973490002003
8.373,-0.5083010935766494
8.3735,0.1402576920508346
8.374,0.7158212903959036
8.3745,0.9528187858984124
8.375,0.7328352671946301
8.3755,0.1507689489778702
8.376,-0.48299572018136533
8.3765,-0.7311027750088224
8.377,-0.24972554192808116
8.3775,0.911448378194388
8.378,2.1670866683563323
8.3785,2.6565742389270124
8.379,1.856871232623237
8.3795,0.09953062695720898
8.38,-1.562997632608189
8.3805,-2.183494073004785
8.381,-1.7014696311543547
8.3815,-0.876988609452986
8.382,-0.46589841505986257
8.3825,-0.5294334057906004
8.383000000000001,-0.5472418343050471
8.3835,-0.09094561597603677
8.384,0.7244499597851431
8.384500000000001,1.4238438147279462
8.385,1.6617544745134205
8.3855,1.4771824021911346
8.386000000000001,1.1696253253082318
8.3865,1.011398124233216
8.387,1.0372692722827077
8.3875,1.054313040007762
8.388,0.8580173588996629
8.3885,0.42852375751648153
8.389,-0.1101713958841407
8.3895,-0.6736048356190246
8.39,-1.258871908850413
8.3905,-1.781659715625715
8.391,-1.970932134932123
8.3915,-1.566999075611969
8.392,-0.6740150782769976
8.3925,0.18826915085131837
8.393,0.5083400041832035
8.3935,0.2352989387756818
8.394,-0.271730804207548
8.3945,-0.678649968814386
8.395,-0.9198976859744233
8.3955,-1.0382556780261467
8.396,-0.9761189546515819
8.3965,-0.6467952527175337
8.397,-0.1624947498731606
8.3975,0.12978865817500967
8.398,-0.062427089704452245
8.3985,-0.6179303764036631
8.399000000000001,-0.9868385805081428
8.3995,-0.6303052417395298
8.4,0.4735601771883347
8.400500000000001,1.7474670031293107
8.401,2.4210965586580753
8.4015,2.0659727440628886
8.402000000000001,0.8802111179101262
8.4025,-0.4193742570198426
8.403,-1.0232564070538501
8.4035,-0.5422123146880464
8.404,0.7262093036160653
8.4045,2.0006709315958657
8.405,2.5433363712365855
8.4055,2.096437481780835
8.406,0.9458467259158015
8.4065,-0.34419355441795224
8.407,-1.290948144335187
8.4075,-1.7054020393840945
8.408,-1.6503414684444118
8.4085,-1.2553455037923134
8.409,-0.5921965342866605
8.4095,0.3004773644835779
8.41,1.288040582948914
8.4105,2.018335621777156
8.411,1.9978230601956897
8.4115,0.9723519354336619
8.412,-0.6787871539645215
8.4125,-2.0473477480902735
8.413,-2.3494316403177717
8.4135,-1.5355528236289215
8.414,-0.28885024033887174
8.4145,0.5339559650262117
8.415000000000001,0.5094684504351699
8.4155,-0.13063499218710423
8.416,-0.7734434015681126
8.416500000000001,-0.9821175466358182
8.417,-0.859667230199237
8.4175,-0.8298050787444794
8.418000000000001,-1.047838569953468
8.4185,-1.1455060932506895
8.419,-0.6493344980281412
8.4195,0.4260426991112893
8.42,1.508066224323512
8.4205,1.97916269672092
8.421,1.7282176796634083
8.4215,1.2072787465021761
8.422,0.9351889028208661
8.4225,0.9468339854986938
8.423,0.8097449356727208
8.4235,0.23048331668334146
8.424,-0.4596067106576726
8.4245,-0.5759942276606266
8.425,0.1385715155704731
8.4255,1.1190742440181718
8.426,1.461089594567996
8.4265,0.7861354769753127
8.427,-0.4167743109761158
8.4275,-1.2844569864090276
8.428,-1.3623469010982765
8.4285,-0.9297468558543333
8.429,-0.6386096718021911
8.4295,-0.8479061052158839
8.43,-1.2551137907396615
8.4305,-1.18459223291262
8.431000000000001,-0.31069450081594296
8.4315,0.9057184497794064
8.432,1.5833119082621163
8.432500000000001,1.2540660847325482
8.433,0.29598113428070505
8.4335,-0.4688734558243262
8.434000000000001,-0.5562896241360338
8.4345,-0.1746996299487712
8.435,0.13284972118164382
8.4355,0.07584491021096647
8.436,-0.19101763288955637
8.4365,-0.33996013903573996
8.437,-0.19774736808757049
8.4375,0.17955472412700674
8.438,0.6134569098853861
8.4385,0.9036447494301427
8.439,0.9120898799659161
8.4395,0.6594120136277052
8.44,0.30187175014595363
8.4405,-0.049355149369318486
8.441,-0.406536769758169
8.4415,-0.7364727766963666
8.442,-0.8409789095333866
8.4425,-0.5623230830416177
8.443,-0.07469576896378893
8.4435,0.17051887977163935
8.444,-0.1394238591304965
8.4445,-0.837862486139963
8.445,-1.3894467058335966
8.445500000000001,-1.35180145862775
8.446,-0.7454296232706794
8.4465,-0.02505945791596476
8.447000000000001,0.2848736899274351
8.4475,-0.002506816406844605
8.448,-0.584355489067253
8.448500000000001,-0.8774062960971595
8.449,-0.42993961395325553
8.4495,0.7347959449087393
8.45,2.055341677084958
8.4505,2.7394200429487525
8.451,2.2953315656354736
8.4515,0.8882678019830045
8.452,-0.7649707920693499
8.4525,-1.8212438389780163
8.453,-1.7462099715003352
8.4535,-0.6269201783996519
8.454,0.7686742123594514
8.4545,1.428733777107548
8.455,0.8981082372398
8.4555,-0.26750926930530244
8.456,-0.9361414072676414
8.4565,-0.4014046057796573
8.457,0.9599779777831035
8.4575,2.021579537896227
8.458,1.955925616009131
8.4585,0.9712048503921868
8.459,0.014889973490671804
8.4595,-0.16654267525254807
8.46,0.3829792709101904
8.4605,1.0630450824374391
8.461,1.3587764809899587
8.461500000000001,1.1996930493810534
8.462,0.7886206074105715
8.4625,0.224905732493072
8.463000000000001,-0.6007813439316994
8.4635,-1.7137412049069365
8.464,-2.7271398300655743
8.464500000000001,-2.9398681443621113
8.465,-1.8985576257989565
8.4655,0.047551083786874046
8.466,1.773695577418933
8.4665,2.1350582352145886
8.467,0.9221590915860655
8.4675,-0.8428815144330425
8.468,-1.6737791906122357
8.4685,-0.8959981727041508
8.469,0.7085896586435464
8.4695,1.571633564164708
8.47,0.769427854601669
8.4705,-1.1678723504907327
8.471,-2.8382744691488715
8.4715,-3.236519940428991
8.472,-2.4195234980445197
8.4725,-1.1356023595299285
8.473,-0.05207145813775754
8.4735,0.6180678168883228
8.474,0.9255481478288251
8.4745,0.9008087742407217
8.475,0.5811056780068803
8.4755,0.17353780454406417
8.476,-0.02067152125034964
8.4765,0.1250826138790351
8.477,0.45456827002109595
8.477500000000001,0.6971681959929747
8.478,0.6935143457942547
8.4785,0.4805089104413336
8.479000000000001,0.2334095591198206
8.4795,0.12961578925546974
8.48,0.21980439312504504
8.480500000000001,0.41642102895717975
8.481,0.5860678826901072
8.4815,0.611496368864974
8.482,0.41027602494530646
8.4825,0.014809938793676914
8.483,-0.33886937468811296
8.4835,-0.3163081181991629
8.484,0.20940726365119633
8.4845,0.9563662021231238
8.485,1.3974616803583013
8.4855,1.1683033670904843
8.486,0.3601032414808998
8.4865,-0.5366132025760565
8.487,-0.9871709895241026
8.4875,-0.7939393739962689
8.488,-0.20414673817655332
8.4885,0.31688682318027633
8.489,0.41547095246546284
8.4895,0.03277186913806863
8.49,-0.6054963169502099
8.4905,-1.129714404760534
8.491,-1.2446521107181652
8.4915,-0.926152605314736
8.492,-0.4278020787675014
8.4925,-0.03699603462035591
8.493,0.20701153196731345
8.493500000000001,0.5161027723338764
8.494,1.0480750743859937
8.4945,1.632545406739426
8.495000000000001,1.8510139800171919
8.4955,1.4182783356670543
8.496,0.4841328391812063
8.496500000000001,-0.4868571024740809
8.497,-1.1629873069674903
8.4975,-1.6040853085666755
8.498,-2.005503672295933
8.4985,-2.2822304991196813
8.499,-2.0900317930689054
8.4995,-1.277502862485129
8.5,-0.14738770661716954
8.5005,0.8345868790967099
8.501,1.4937196215035822
8.5015,1.9958581621873586
8.502,2.494693995975902
8.5025,2.8553002327267425
8.503,2.7549609662129324
8.5035,1.9849600958574485
8.504,0.6284561428282998
8.5045,-0.9466147985735818
8.505,-2.158680280665862
8.5055,-2.3824576218198534
8.506,-1.3168590315487791
8.5065,0.6596902224903304
8.507,2.5542316988134535
8.5075,3.3243066136352915
8.508000000000001,2.5409791184691426
8.5085,0.6476930578812674
8.509,-1.3647625657760087
8.509500000000001,-2.6073409650126127
8.51,-2.7744139928531384
8.5105,-2.1340347387928893
8.511000000000001,-1.164989965495878
8.5115,-0.27775228262231283
8.512,0.18840706178941913
8.5125,-0.0300619474173823
8.513,-0.871596668518994
8.5135,-1.7588314722494427
8.514,-1.9396165045707
8.5145,-1.1873186785094492
8.515,-0.06959577067375416
8.5155,0.6081853925295233
8.516,0.5707460585565411
8.5165,0.19542596154354266
8.517,-0.015452555658958048
8.5175,0.09165958178278676
8.518,0.32475381237349393
8.5185,0.4313645629003329
8.519,0.31973192612705204
8.5195,0.08990307150185227
8.52,-0.07213445382228804
8.5205,-0.04762961880685078
8.521,0.11756800435683104
8.5215,0.27850401205119707
8.522,0.3743958231334694
8.5225,0.4797750725225871
8.523,0.6129915282047925
8.5235,0.5989086078014448
8.524000000000001,0.2806481485036385
8.5245,-0.15624183613965614
8.525,-0.23484661547646735
8.525500000000001,0.347691206278748
8.526,1.3205212365158727
8.5265,1.9434856742410707
8.527000000000001,1.573746124380099
8.5275,0.22483625868134177
8.528,-1.3764327011825255
8.5285,-2.3195217545938926
8.529,-2.17747374328645
8.5295,-1.2211557948404692
8.53,-0.060409637263322095
8.5305,0.83648534944866
8.531,1.3026297357379253
8.5315,1.3399444036062647
8.532,0.9960918697970395
8.5325,0.39670148760543683
8.533,-0.19623867282699134
8.5335,-0.48218612709757136
8.534,-0.33535102854780446
8.5345,0.10705660451322528
8.535,0.5709016044630014
8.5355,0.7884921263265593
8.536,0.5450221482038955
8.5365,-0.20754352309221913
8.537,-1.1532154447898029
8.5375,-1.6803341445370743
8.538,-1.3573656940822671
8.5385,-0.35805264702095935
8.539,0.6581906790890399
8.5395,1.0894568305239685
8.540000000000001,0.8320830317142975
8.5405,0.29853945436806417
8.541,0.06874576537275148
8.541500000000001,0.41858755182162155
8.542,1.0629153730471108
8.5425,1.3928504237598764
8.543000000000001,1.0456981095193223
8.5435,0.22211186963960014
8.544,-0.5595858061854547
8.5445,-0.9280659885079534
8.545,-0.8594807650492972
8.5455,-0.5427665349608898
8.546,-0.17031480158294957
8.5465,0.12761368279871038
8.547,0.2375462266302982
8.5475,0.0805305314681753
8.548,-0.28432246129383587
8.5485,-0.6581168806979074
8.549,-0.894214079199826
8.5495,-1.0727668688745022
8.55,-1.3915719460368865
8.5505,-1.8423117034841971
8.551,-2.0666735896371
8.5515,-1.6422302215075657
8.552,-0.5255348737029041
8.5525,0.8599797704986578
8.553,1.9790756311393272
8.5535,2.5497374086879905
8.554,2.5844401853594317
8.5545,2.2271936569396336
8.555,1.6274363504744866
8.5555,0.9050699522166566
8.556000000000001,0.16838391998252397
8.5565,-0.4403015710679761
8.557,-0.7368179062452002
8.557500000000001,-0.6061616044989079
8.558,-0.17642438637048827
8.5585,0.1700942752176536
8.559000000000001,0.09253230351620416
8.5595,-0.3355650916659838
8.56,-0.6300514265803681
8.5605,-0.3814720761967757
8.561,0.27745532126943556
8.5615,0.7829494409133925
8.562,0.7375384979571074
8.5625,0.31158847399570444
8.563,-0.012051344341750349
8.5635,-0.026437828417080658
8.564,-0.0023125098769361807
8.5645,-0.268754746890136
8.565,-0.7238325492280359
8.5655,-0.9255007237578035
8.566,-0.6489184832932413
8.5665,-0.1618242893906584
8.567,0.12780547834601869
8.5675,0.13596913998504434
8.568,0.09699384476941014
8.5685,0.20450549553342626
8.569,0.38291882850812176
8.5695,0.3837903757069438
8.57,0.046837323845928355
8.570500000000001,-0.5152300145342259
8.571,-0.9586461043773681
8.5715,-0.9651405155148
8.572000000000001,-0.5256359687660449
8.5725,0.006145653953741538
8.573,0.19526640334847678
8.573500000000001,-0.07878605164911685
8.574,-0.516402433823664
8.5745,-0.7221990434718144
8.575000000000001,-0.5992423114375929
8.5755,-0.3463241380970446
8.576,-0.10229799873780021
8.5765,0.2269833626028439
8.577,0.6849474938377246
8.5775,0.9715765804967054
8.578,0.7033525510615051
8.5785,0.0049268653803256224
8.579,-0.4093304812373541
8.5795,0.027417195621713512
8.58,1.0027510469059344
8.5805,1.573675079662251
8.581,1.1392254107482036
8.5815,-0.051014126548799374
8.582,-1.3116149836859015
8.5825,-2.1109491347119067
8.583,-2.185582237842321
8.5835,-1.446061797446387
8.584,-0.07887704852095799
8.5845,1.3554476691067385
8.585,2.186756188589115
8.5855,2.1229956241306276
8.586,1.4599194240175704
8.586500000000001,0.7612053341230833
8.587,0.33089607803795984
8.5875,0.04669764093460695
8.588000000000001,-0.2886648533400597
8.5885,-0.5456063528188743
8.589,-0.3603757202868966
8.589500000000001,0.35060945816772615
8.59,1.1275326690805743
8.5905,1.382290970992755
8.591,1.0210917752653472
8.5915,0.480674174801835
8.592,0.16314791757758132
8.5925,0.026085405879621458
8.593,-0.2093743126060243
8.5935,-0.6067860188515668
8.594,-0.9182135282986844
8.5945,-0.885832438147169
8.595,-0.5180622230475094
8.5955,-0.08336509627324334
8.596,0.10181659744513494
8.5965,-0.059722117769948575
8.597,-0.29476954415380463
8.5975,-0.12594521829658034
8.598,0.6538238267275356
8.5985,1.5948113820797363
8.599,1.7975462317733595
8.5995,0.7196459326835983
8.6,-1.1557721338512876
8.6005,-2.5870452265471915
8.601,-2.6492295238302095
8.6015,-1.572386356628345
8.602,-0.47934608212250346
8.602500000000001,-0.27757253175294205
8.603,-0.8317493134307233
8.6035,-1.237299980885654
8.604000000000001,-0.8329373018044584
8.6045,0.1504830234155733
8.605,0.8996335797663608
8.605500000000001,0.8442145777824018
8.606,0.1659572128280178
8.6065,-0.42106628998696904
8.607,-0.3868289346756757
8.6075,0.06837345788429577
8.608,0.21950424945050395
8.6085,-0.3641354570776727
8.609,-1.2355183510755523
8.6095,-1.402203307841132
8.61,-0.3144660812617677
8.6105,1.466789986495923
8.611,2.639417178047623
8.6115,2.284100538823424
8.612,0.7159618794614555
8.6125,-0.7308908448952509
8.613,-0.8272993444498282
8.6135,0.4970428065933619
8.614,2.1150239407757745
8.6145,2.711859838742453
8.615,1.9097166215340964
8.6155,0.4822788085880215
8.616,-0.48901004317576297
8.6165,-0.6331057990797696
8.617,-0.4596775587507045
8.6175,-0.6234026405540325
8.618,-1.1832499242323624
8.618500000000001,-1.6169142530644631
8.619,-1.4433103898549433
8.6195,-0.716094592866836
8.620000000000001,0.11363463672718356
8.6205,0.7242609773574691
8.621,1.1680212596781885
8.621500000000001,1.5820671714326653
8.622,1.828558996529198
8.6225,1.5659351702236242
8.623,0.654415007834952
8.6235,-0.5971248283069008
8.624,-1.6089869789367919
8.6245,-1.9300206057183542
8.625,-1.5106404921381882
8.6255,-0.7156707534861331
8.626,-0.10452823309259617
8.6265,-0.04032608739131882
8.627,-0.3675108314673579
8.6275,-0.5369260093247463
8.628,-0.18415750241166767
8.6285,0.4401528189790027
8.629,0.7298765033008237
8.6295,0.403072542950389
8.63,-0.17496662353324582
8.6305,-0.3632437261852352
8.631,0.10011399201294166
8.6315,0.8129780339218392
8.632,1.08479155616364
8.6325,0.6339949566872777
8.633000000000001,-0.10848929677362774
8.6335,-0.45673111894377766
8.634,-0.214598220821694
8.634500000000001,0.14292531233117786
8.635,0.08255898374138815
8.6355,-0.2938772122014315
8.636000000000001,-0.3231042331908487
8.6365,0.4200680984570443
8.637,1.5258245313530638
8.637500000000001,2.082428420825685
8.638,1.5745678876851714
8.6385,0.33794173765378177
8.639,-0.8541551211384091
8.6395,-1.5075331508459475
8.64,-1.6836055975059756
8.6405,-1.7208971340272408
8.641,-1.8286985375681994
8.6415,-1.9405966351212276
8.642,-1.8517857281447123
8.6425,-1.4318084064016798
8.643,-0.7434432984950511
8.6435,-0.023600121757476014
8.644,0.4532687882961184
8.6445,0.5501629565518766
8.645,0.35152309639000656
8.6455,0.10368114013870933
8.646,0.0859146058113959
8.6465,0.4729285555263737
8.647,1.1991473765744758
8.6475,1.9241168395086077
8.648,2.2294983205889
8.6485,1.9491065623583288
8.649000000000001,1.3207745385762442
8.6495,0.7854295276276123
8.65,0.6063243947362749
8.650500000000001,0.6549102126023968
8.651,0.5514748362399363
8.6515,0.0419207609617188
8.652000000000001,-0.7060005913884286
8.6525,-1.183992348373334
8.653,-1.0179171096902226
8.6535,-0.41407079122602125
8.654,-0.04011230238915021
8.6545,-0.3629961538087701
8.655,-1.1444925273064863
8.6555,-1.6651310514137905
8.656,-1.4033869106410943
8.6565,-0.43488024401484965
8.657,0.735654403943612
8.6575,1.5737429348595569
8.658,1.7920241813028812
8.6585,1.4543228186408037
8.659,0.8966874135695945
8.6595,0.4442806529495473
8.66,0.16692166458854268
8.6605,-0.036654183825009186
8.661,-0.20281455573877635
8.6615,-0.31024641732331343
8.662,-0.44894852837227167
8.6625,-0.737587561688346
8.663,-1.026818805486394
8.6635,-0.9150427381199203
8.664,-0.23928336332712594
8.6645,0.5546953887024271
8.665000000000001,0.7509350077428377
8.6655,0.11948262226397968
8.666,-0.7783389238451376
8.666500000000001,-1.1035678412472032
8.667,-0.5281507947145349
8.6675,0.48293730769409643
8.668000000000001,1.1085116624633176
8.6685,0.8777764677978177
8.669,0.029345850830135262
8.6695,-0.7431788524332745
8.67,-0.9034953566256672
8.6705,-0.5140384265450683
8.671,-0.13197627523982763
8.6715,-0.23898284364163516
8.672,-0.7337950674608074
8.6725,-1.024967089399279
8.673,-0.6564580426177784
8.6735,0.20817515865589972
8.674,0.9566445116761809
8.6745,1.131559401853469
8.675,0.8219993041543893
8.6755,0.4850022194093139
8.676,0.4325327105433447
8.6765,0.5332142351618303
8.677,0.43089054308438596
8.6775,-0.0007867460498496032
8.678,-0.5190490098474573
8.6785,-0.8327886076048254
8.679,-0.9489611489568971
8.6795,-1.1029679957587424
8.68,-1.366192314511593
8.6805,-1.420879603048665
8.681000000000001,-0.8291770254111097
8.6815,0.4178534221862976
8.682,1.687441430073643
8.682500000000001,2.2018577931850416
8.683,1.8124077681713742
8.6835,1.1747072145934907
8.684000000000001,1.0528493108680095
8.6845,1.4827329556878581
8.685,1.7154687753690052
8.6855,1.0126778997158608
8.686,-0.5407425803213022
8.6865,-2.018392504887162
8.687,-2.412858703128659
8.6875,-1.4529272036313554
8.688,0.21810796911884278
8.6885,1.5799934875614405
8.689,1.952496458820037
8.6895,1.325746969816223
8.69,0.2310399117936827
8.6905,-0.6001225290174536
8.691,-0.6506508242689818
8.6915,0.01788407232521054
8.692,0.7702062212208324
8.6925,0.9068284554804777
8.693,0.2627782881165457
8.6935,-0.6779196172564703
8.694,-1.2413053002527534
8.6945,-1.1320137775943597
8.695,-0.6144587379575089
8.695500000000001,-0.2469735355798145
8.696,-0.4525097438281109
8.6965,-1.195627399921029
8.697000000000001,-1.9473970456198542
8.6975,-2.046093196740038
8.698,-1.269221736290349
8.698500000000001,-0.10437038893923543
8.699,0.6277459901521453
8.6995,0.5080613832449048
8.700000000000001,-0.08968130557382836
8.7005,-0.35367356318381044
8.701,0.1768774692025084
8.7015,1.1322127980121595
8.702,1.6290276154531278
8.7025,1.1274545574886035
8.703,0.0025417191121442934
8.7035,-0.7811941093265775
8.704,-0.5920642695413123
8.7045,0.31402616231938996
8.705,1.148415385602388
8.7055,1.371360648916398
8.706,1.0636061913822803
8.7065,0.6598754154620129
8.707,0.47418965695437704
8.7075,0.48110041238365925
8.708,0.45253398331753125
8.7085,0.2395708023377403
8.709,-0.08927485685885365
8.7095,-0.3779595483495979
8.71,-0.6092065618543634
8.7105,-0.9201153336028431
8.711,-1.3516026839094357
8.711500000000001,-1.6635475982729129
8.712,-1.5322164877355664
8.7125,-0.9575582127898423
8.713000000000001,-0.35639335926667054
8.7135,-0.13369046096700532
8.714,-0.1953229073900954
8.714500000000001,-0.02095561151041492
8.715,0.7297437982814327
8.7155,1.758082670043723
8.716,2.3437601148371434
8.7165,2.034610880032641
8.717,1.107154326475143
8.7175,0.3105295946067246
8.718,0.14238512260058278
8.7185,0.42598697674511765
8.719,0.6205209046537309
8.7195,0.44759796922592543
8.72,0.11565166848901928
8.7205,-0.008022823234546216
8.721,0.18266712564970494
8.7215,0.4411279279831157
8.722,0.4106834812598257
8.7225,-0.05674051006688808
8.723,-0.7877538718450403
8.7235,-1.478808774050647
8.724,-1.9468782851508937
8.7245,-2.1214709500193183
8.725,-1.8845026447784288
8.7255,-1.1381836083539387
8.726,-0.08336504987780506
8.7265,0.7621521935034069
8.727,0.9857554886115607
8.727500000000001,0.6504410957170511
8.728,0.1193151456451888
8.7285,-0.40294659643050856
8.729000000000001,-0.9619680187093284
8.7295,-1.5087539455118417
8.73,-1.7022298829272478
8.730500000000001,-1.211458931318927
8.731,-0.1391582938388597
8.7315,1.000762454933323
8.732,1.7509986490804128
8.7325,2.062906892408282
8.733,2.1221665918988184
8.7335,1.9273603854305057
8.734,1.2568579454452036
8.7345,0.13448396162193207
8.735,-0.8733097448509896
8.7355,-1.1031009399766725
8.736,-0.5808826681583967
8.7365,-0.14966792385341113
8.737,-0.5957075724048034
8.7375,-1.664108626597943
8.738,-2.171526604871832
8.7385,-1.2471814500927405
8.739,0.6548730762738867
8.7395,2.1370492792099993
8.74,2.1917920471365173
8.7405,1.0580806918557049
8.741,-0.12790987867224635
8.7415,-0.34413860449240075
8.742,0.590342806722357
8.7425,1.9987869502563445
8.743,2.865597488674548
8.743500000000001,2.5077241841296085
8.744,1.0326041046670014
8.7445,-0.7258276883677727
8.745000000000001,-1.8344921496770208
8.7455,-1.987004357305804
8.746,-1.664055601186442
8.746500000000001,-1.5774604672348944
8.747,-1.9522415500584076
8.7475,-2.3248052582547674
8.748,-2.030573811626786
8.7485,-0.9135850946497158
8.749,0.4673520193595388
8.7495,1.3847723990364351
8.75,1.6237999830077445
8.7505,1.5129160272582134
8.751,1.3820099172958935
8.7515,1.2201139836578845
8.752,0.8913555779937455
8.7525,0.49258418978986523
8.753,0.35957764854313196
8.7535,0.7194713489351442
8.754,1.3571203398810805
8.7545,1.6549512336437415
8.755,1.0691980125545293
8.7555,-0.3056637996780563
8.756,-1.6457727504650776
8.7565,-2.0142658711679435
8.757,-1.1846893512563474
8.7575,0.1536421288739626
8.758000000000001,1.0161017996164659
8.7585,0.9158644840691375
8.759,0.10106796140307989
8.759500000000001,-0.825013651401506
8.76,-1.4087990356738072
8.7605,-1.5489799204507004
8.761000000000001,-1.3870620866662047
8.7615,-1.1217420245472716
8.762,-0.8948786131427807
8.762500000000001,-0.7367011319490313
8.763,-0.5669434930331592
8.7635,-0.3000225557665321
8.764,0.021563211933591384
8.7645,0.25097916132522236
8.765,0.30751375179848683
8.7655,0.2503838483071092
8.766,0.1561460150303847
8.7665,-0.009128879231882103
8.767,-0.33864510329216835
8.7675,-0.8029886148233908
8.768,-1.1471264458914427
8.7685,-1.0476565105921403
8.769,-0.45574172209955915
8.7695,0.24658532839194316
8.77,0.5435649093206047
8.7705,0.28775544731963276
8.771,-0.13047244612180903
8.7715,-0.1643056328143579
8.772,0.31844158079411505
8.7725,0.8833285474448874
8.773,1.0130082830226201
8.7735,0.7258681886766926
8.774000000000001,0.6010226329749083
8.7745,1.1214794883872794
8.775,2.0581578527819717
8.775500000000001,2.612110659058443
8.776,2.186124428477403
8.7765,0.9554509348735581
8.777000000000001,-0.33586700096255623
8.7775,-1.048514924773678
8.778,-1.064738345238845
8.7785,-0.6735687497539687
8.779,-0.23584554963553442
8.7795,0.0332902890414901
8.78,0.10847331503301076
8.7805,0.09284982641188422
8.781,0.10607223010921699
8.7815,0.17232170114574216
8.782,0.17934677246550432
8.7825,-0.007009152543025705
8.783,-0.3159351844698287
8.7835,-0.41337514116954055
8.784,-0.01256729596118228
8.7845,0.7405374583496137
8.785,1.3136905972257817
8.7855,1.2736032316829604
8.786,0.6608640731939145
8.7865,-0.12588122818838238
8.787,-0.6957601654959745
8.7875,-0.84778913896754
8.788,-0.5441890490060347
8.7885,0.0739413813035403
8.789,0.6402261888052992
8.7895,0.7236325495579825
8.790000000000001,0.16417014893681106
8.7905,-0.747032887435463
8.791,-1.4474397330628164
8.791500000000001,-1.5306026706587417
8.792,-1.0879609994042334
8.7925,-0.6103142051727203
8.793000000000001,-0.46149346595394497
8.7935,-0.4774785149369584
8.794,-0.20837221455624147
8.7945,0.44813458848780396
8.795,1.0151006680013415
8.7955,0.9255364460765639
8.796,0.15860026765864024
8.7965,-0.7069594008102134
8.797,-1.0687417110363637
8.7975,-0.9018189769825955
8.798,-0.7618637801470316
8.7985,-1.1352960182921987
8.799,-1.7915553269541216
8.7995,-1.911492441332135
8.8,-0.9650263051194345
8.8005,0.5997114610555047
8.801,1.6817328911817833
8.8015,1.5852050026491558
8.802,0.6594247083599635
8.8025,-0.1870456419909889
8.803,-0.4647223328807026
8.8035,-0.3815269377100066
8.804,-0.2577280200745283
8.8045,-0.07517053916197668
8.805,0.24150566050855476
8.8055,0.45730243063567655
8.806000000000001,0.3123987187201868
8.8065,0.04247936904795473
8.807,0.212004709552565
8.807500000000001,0.9575514243807878
8.808,1.7065071511438656
8.8085,1.8194576451324258
8.809000000000001,1.324332569698118
8.8095,0.8227572901617463
8.81,0.7611980146565115
8.8105,0.9902854745669767
8.811,1.0467169168899213
8.8115,0.6985531056744428
8.812,0.12944157433958098
8.8125,-0.31539849307820167
8.813,-0.45791388808754047
8.8135,-0.3915700487607221
8.814,-0.35932878565518167
8.8145,-0.5571039964981971
8.815,-0.9778517260929377
8.8155,-1.3765408937824375
8.816,-1.4196886193259834
8.8165,-0.9578703576904894
8.817,-0.21678883508482671
8.8175,0.2891300083498256
8.818,0.14696780720526004
8.8185,-0.525454409266649
8.819,-1.0851078458889314
8.8195,-0.9723437331322063
8.82,-0.33581172410198956
8.820500000000001,0.12624726545166914
8.821,-0.008088236084145798
8.8215,-0.42027538460945374
8.822000000000001,-0.5079752431612771
8.8225,-0.10531457413892199
8.823,0.4344830479278556
8.823500000000001,0.7613923336962325
8.824,0.8915081975893743
8.8245,1.0090720041695447
8.825000000000001,1.1174529662110781
8.8255,1.063489041443357
8.826,0.8321479283140234
8.8265,0.6363388371989462
8.827,0.6670294816428038
8.8275,0.8280368340508714
8.828,0.7956787814585162
8.8285,0.37971685047366055
8.829,-0.21463970448125888
8.8295,-0.5821858758633733
8.83,-0.5740240700917874
8.8305,-0.4266122338498063
8.831,-0.39346721478519464
8.8315,-0.40090843320202224
8.832,-0.20304153560210408
8.8325,0.19491016125426716
8.833,0.43479250478370485
8.8335,0.17350931845863946
8.834,-0.5262925588512767
8.8345,-1.2144844888415987
8.835,-1.417528382545325
8.8355,-0.9846081290021431
8.836,-0.16889208160554808
8.836500000000001,0.5595489816705409
8.837,0.8190556436906742
8.8375,0.5398308095995663
8.838000000000001,-0.033230412438761216
8.8385,-0.5350866669347457
8.839,-0.7151092589695071
8.839500000000001,-0.5644396105830871
8.84,-0.27058769921448556
8.8405,-0.016978652170511598
8.841,0.20574160716180073
8.8415,0.5398599274390757
8.842,0.9872678699629347
8.8425,1.2844183966670735
8.843,1.1197364367418068
8.8435,0.4377888428684198
8.844,-0.49452316189607626
8.8445,-1.2801972287720793
8.845,-1.6486572140303517
8.8455,-1.581949271293652
8.846,-1.2504614309865913
8.8465,-0.8741208810494479
8.847,-0.6256058850621613
8.8475,-0.5526947633105556
8.848,-0.5385737672156236
8.8485,-0.4271192236762664
8.849,-0.23904792767465546
8.8495,-0.15572136321209343
8.85,-0.19215402609332735
8.8505,0.00992114497127895
8.851,0.8521708101140271
8.8515,2.1881953058266728
8.852,3.2420147939035515
8.852500000000001,3.2987393621343726
8.853,2.4343016271239017
8.8535,1.4113458679653421
8.854000000000001,0.8549875667198064
8.8545,0.6742198928491938
8.855,0.34930237626106125
8.855500000000001,-0.34996975370513295
8.856,-1.089199597078159
8.8565,-1.3709529432790108
8.857,-1.05748314444793
8.8575,-0.4648513703293153
8.858,-0.03787695886174305
8.8585,0.014497351114659881
8.859,-0.19369494700879633
8.8595,-0.4232526558412733
8.86,-0.5466051231637514
8.8605,-0.6093018233759718
8.861,-0.7017501371506036
8.8615,-0.7627602584320891
8.862,-0.5272399388099162
8.8625,0.20061307321372998
8.863,1.150899761148736
8.8635,1.6317078078054796
8.864,1.1683343215114903
8.8645,0.04383452008447878
8.865,-0.9611171912905517
8.8655,-1.332062218345211
8.866,-1.1919028838841441
8.8665,-0.9654606902992217
8.867,-0.8560823253496591
8.8675,-0.709587636505243
8.868,-0.3117004254977645
8.868500000000001,0.24257548630019804
8.869,0.4941394139460509
8.8695,0.01041886487392003
8.870000000000001,-1.0727640748620966
8.8705,-1.9569104304596667
8.871,-1.8330756803312467
8.871500000000001,-0.7352356111706094
8.872,0.3807204320044152
8.8725,0.5638221548419271
8.873,-0.1610449146146206
8.8735,-0.851737058799453
8.874,-0.6264860886900242
8.8745,0.5276708195371108
8.875,1.845832483123744
8.8755,2.4748936946084266
8.876,2.0478626681074124
8.8765,0.8247989804403637
8.877,-0.49107453128202044
8.8775,-1.1122516231778514
8.878,-0.6103287263036017
8.8785,0.746175049018959
8.879,2.07751492493086
8.8795,2.5325879849769835
8.88,2.0282414924941192
8.8805,1.2924443856335137
8.881,1.0345795344424888
8.8815,1.1284768758274308
8.882,0.8051407000200528
8.8825,-0.3207636714699778
8.883000000000001,-1.6277801825715967
8.8835,-2.0742960369624748
8.884,-1.3528997060097478
8.884500000000001,-0.2714346538844073
8.885,0.09517511673945456
8.8855,-0.457858209093954
8.886000000000001,-1.0918335257459089
8.8865,-0.9004368388892933
8.887,0.04546531833637571
8.887500000000001,0.7594742006754406
8.888,0.440279765397113
8.8885,-0.6635920648745951
8.889,-1.5811988087034663
8.8895,-1.6399238718223783
8.89,-0.9743692007658163
8.8905,-0.130070390537196
8.891,0.5541734695558778
8.8915,1.0769521190422635
8.892,1.4868533642959951
8.8925,1.6978969192557285
8.893,1.610191918563279
8.8935,1.2606432001508154
8.894,0.7611978131763958
8.8945,0.15542186510902184
8.895,-0.5668663812974578
8.8955,-1.3068145700584224
8.896,-1.7746604829947967
8.8965,-1.6677505839601967
8.897,-1.0001656950492264
8.8975,-0.21145486621585757
8.898,0.1598831553980014
8.8985,-0.052207059460199115
8.899000000000001,-0.5127887384476454
8.8995,-0.7181533581305792
8.9,-0.4527576228229757
8.900500000000001,0.04796028520910955
8.901,0.35063132927840734
8.9015,0.22440189536485586
8.902000000000001,-0.18478585671402567
8.9025,-0.5152766163522232
8.903,-0.4933635287753282
8.9035,-0.1253636335835113
8.904,0.33719776268572266
8.9045,0.5914964349445525
8.905,0.479139011031644
8.9055,0.07467981510415074
8.906,-0.36565372584267025
8.9065,-0.5780219079357548
8.907,-0.4771766367532855
8.9075,-0.18538378976085934
8.908,0.12826811999525262
8.9085,0.41159382389611
8.909,0.6950791645458361
8.9095,0.9108787190312367
8.91,0.8435964814070729
8.9105,0.3559367194193326
8.911,-0.34874317156448587
8.9115,-0.7836492118197493
8.912,-0.5729966103389822
8.9125,0.19343844776593327
8.913,1.0025352596274306
8.9135,1.3222262705141261
8.914,1.0164152999791178
8.9145,0.44106095756262975
8.915000000000001,0.14799053625187641
8.9155,0.41334048316876437
8.916,0.9795719986511348
8.916500000000001,1.2837567108146566
8.917,0.990693055481838
8.9175,0.27421851912664147
8.918000000000001,-0.4412612369491692
8.9185,-0.9165573707257582
8.919,-1.1999450746741227
8.9195,-1.3810527791831173
8.92,-1.391973096027152
8.9205,-1.1129706199642333
8.921,-0.6179397467564002
8.9215,-0.20724941985077242
8.922,-0.13337174708978483
8.9225,-0.3263557977112341
8.923,-0.4676804634934892
8.9235,-0.3344232634955375
8.924,0.01080238082592091
8.9245,0.3606126166426325
8.925,0.5631342275041294
8.9255,0.5584219071900559
8.926,0.3614747758327148
8.9265,0.0916658303405308
8.927,-0.07285261137766294
8.9275,-0.05121586163629102
8.928,0.0745638829714517
8.9285,0.1781784990417336
8.929,0.2087458574749136
8.9295,0.17840100425953415
8.93,0.12474706456423987
8.9305,0.14119314689513657
8.931000000000001,0.35524821672189877
8.9315,0.7388104642031021
8.932,0.9571453962374966
8.932500000000001,0.6063051151276291
8.933,-0.2754319744365297
8.9335,-1.057664882391403
8.934000000000001,-1.0558389470925573
8.9345,-0.2288528805580295
8.935,0.7286483072447462
8.9355,0.9833755806727483
8.936,0.2442612275007086
8.9365,-1.0391198372906851
8.937,-2.0269601742263674
8.9375,-2.089614913972561
8.938,-1.2532596701062537
8.9385,-0.1495561024318645
8.939,0.5456170792931139
8.9395,0.7124761514763293
8.94,0.8179299650949184
8.9405,1.2898893750615543
8.941,1.9052707792071322
8.9415,1.9711673671049132
8.942,1.187003181849909
8.9425,0.1283881911075247
8.943,-0.3531346184968725
8.9435,-0.11329047332701374
8.944,0.18362102631634292
8.9445,-0.047014193402760626
8.945,-0.6150475235951137
8.945500000000001,-0.8864169503880017
8.946,-0.5821779706102107
8.9465,-0.00835129619630755
8.947000000000001,0.41060424679176677
8.9475,0.5464697659895017
8.948,0.45810259227778616
8.948500000000001,0.1070932172837868
8.949,-0.5859743481290732
8.9495,-1.422735609320407
8.950000000000001,-1.8663818237326486
8.9505,-1.4649102461467243
8.951,-0.3556291289209816
8.9515,0.7340441528260924
8.952,1.0669900518226372
8.9525,0.5057474165476729
8.953,-0.42343154493913376
8.9535,-1.0178922125517067
8.954,-0.961210386038988
8.9545,-0.4984202000796501
8.955,-0.11162650679590984
8.9555,-0.002485779484171252
8.956,0.08294998298156357
8.9565,0.4520649278075955
8.957,0.9560317446918065
8.9575,1.068532507000629
8.958,0.5187154150228221
8.9585,-0.3233523839805751
8.959,-0.7972636457632019
8.9595,-0.5662944395877076
8.96,0.19815685138477898
8.9605,1.0563188632178948
8.961,1.5450784843750305
8.961500000000001,1.3443904513558413
8.962,0.4914546825763809
8.9625,-0.5302111226706913
8.963000000000001,-1.0889755365083191
8.9635,-0.9145348258820967
8.964,-0.32033757567906884
8.964500000000001,0.09771930212333539
8.965,0.00585621160761362
8.9655,-0.3838479883417875
8.966,-0.5491334326833129
8.9665,-0.20018625111654723
8.967,0.378608913976644
8.9675,0.5600874272131542
8.968,0.03225757351018779
8.9685,-0.7728638646943929
8.969,-1.0343976195448497
8.9695,-0.40598020209694013
8.97,0.5645721247864898
8.9705,0.983897630043972
8.971,0.5331482883214566
8.9715,-0.2579335004391584
8.972,-0.6121739765287332
8.9725,-0.2634017679121847
8.973,0.3751117794022539
8.9735,0.6906286294651058
8.974,0.4637087334778021
8.9745,0.0010013928873087317
8.975,-0.25267054647683834
8.9755,-0.14081646097370837
8.976,0.16173512856797023
8.9765,0.4016680476536196
8.977,0.4535008052766938
8.977500000000001,0.3166454712671182
8.978,0.008471137382773821
8.9785,-0.441325713071356
8.979000000000001,-0.857334787133457
8.9795,-0.8908807566756486
8.98,-0.2958435322124113
8.980500000000001,0.7293919368168713
8.981,1.5778251959858698
8.9815,1.7081594212965667
8.982,1.128291063107565
8.9825,0.43506507442366277
8.983,0.3418914657602715
8.9835,1.033803109523203
8.984,1.8689687678188238
8.9845,1.7818922463691913
8.985,0.21885149532601092
8.9855,-2.16853097565208
8.986,-3.8628507973347253
8.9865,-3.713359321965729
8.987,-1.8990690696904529
8.9875,0.3208052566732652
8.988,1.7058480862716008
8.9885,1.8452874431980133
8.989,1.1068567246676588
8.9895,0.09461897706268364
8.99,-0.7802516532803949
8.9905,-1.3832606817137059
8.991,-1.701996759702236
8.9915,-1.672566799693191
8.992,-1.1874337689192678
8.9925,-0.3150993424165039
8.993,0.5273581923167598
8.993500000000001,0.7900453197711742
8.994,0.32778419424557553
8.9945,-0.3261378201811303
8.995000000000001,-0.40130999767603337
8.9955,0.30466547115852205
8.996,1.1396775003144926
8.996500000000001,1.2469111676297433
8.997,0.5104837406370563
8.9975,-0.29006154351388924
8.998,-0.3405531630651619
8.9985,0.3439065955721655
8.999,1.0403058400342005
8.9995,1.135899619036951
9.0,0.04803511658905147
9.0005,-0.017867178474633757
9.001,-0.08359590137470577
9.0015,-0.12695760457740068
9.002,-0.12155599517143555
9.0025,-0.05117657250315043
9.003,0.06316811584785852
9.0035,0.1617115359582998
9.004,0.18605165737451365
9.0045,0.12728069279874152
9.005,0.03278430931648977
9.0055,-0.03633878706004291
9.006,-0.05447218354873589
9.0065,-0.04149040498981757
9.007,-0.031324249822294745
9.0075,-0.03640063919511419
9.008000000000001,-0.04181833954258011
9.0085,-0.02752611162173265
9.009,0.00871385098542451
9.009500000000001,0.04747572038121371
9.01,0.06134511380614438
9.0105,0.03387868808168792
9.011000000000001,-0.028729303611647872
9.0115,-0.10112311173903582
9.012,-0.1527418325745374
9.012500000000001,-0.16075182744050398
9.013,-0.12036164000175695
9.0135,-0.05281093454585482
9.014,0.0040400745660736145
9.0145,0.02823628413206398
9.015,0.03530854616936223
9.0155,0.054728297974543275
9.016,0.08748649562309173
9.0165,0.1020454496739636
9.017,0.07311489545968855
9.0175,0.011000362428849627
9.018,-0.04989398692604405
9.0185,-0.07962297209183564
9.019,-0.06629304529910608
9.0195,-0.01509831473292413
9.02,0.05325752391048002
9.0205,0.10724097997318399
9.021,0.12200901233056098
9.0215,0.09983310137118268
9.022,0.06719753974689811
9.0225,0.043992953392598025
9.023,0.0209397127907429
9.0235,-0.020227157976560564
9.024000000000001,-0.06602206061493096
9.0245,-0.06977136384857707
9.025,-0.004368006470022379
9.025500000000001,0.09297106651685345
9.026,0.14595238131628885
9.0265,0.1100438057240803
9.027000000000001,0.009332233078576564
9.0275,-0.09289755840303562
9.028,-0.1486632113907404
9.0285,-0.15367011431057542
9.029,-0.13474902175374617
9.0295,-0.11446886144660617
9.03,-0.08884164201026142
9.0305,-0.04320619914613606
9.031,0.013615798347345675
9.0315,0.04461149626947239
9.032,0.021808412652990928
9.0325,-0.03711444365597702
9.033,-0.0771232850912551
9.0335,-0.053556967469731084
9.034,0.026901582013647167
9.0345,0.11129589391303608
9.035,0.1457550757574759
9.0355,0.11664615536252375
9.036,0.05293955697407622
9.0365,-0.0023809940700775453
9.037,-0.02361233882970514
9.0375,-0.018122709461311094
9.038,-0.0177283845833081
9.0385,-0.04591047102216574
9.039,-0.08639537094807415
9.0395,-0.09146931693512154
9.040000000000001,-0.030822859939311362
9.0405,0.07119688296468854
9.041,0.15418295771805612
9.041500000000001,0.1749621386637986
9.042,0.1378835451789673
9.0425,0.07821117033814652
9.043000000000001,0.026435691492737758
9.0435,-0.009840235158844053
9.044,-0.03982381200916594
9.0445,-0.07508932016534837
9.045,-0.11756862355328816
9.0455,-0.15287641090916992
9.046,-0.15576568121562376
9.0465,-0.1113236085410237
9.047,-0.036620058209978996
9.0475,0.023609042563626947
9.048,0.032769198033126785
9.0485,-0.003081222674109374
9.049,-0.04062658337701042
9.0495,-0.04012978302546015
9.05,0.0008501779614364674
9.0505,0.05053053969080867
9.051,0.07376729437424948
9.0515,0.06074940398517546
9.052,0.03061007887373101
9.0525,0.010638193221013989
9.053,0.010821145923665903
9.0535,0.013991413257071558
9.054,-0.008665251868790544
9.0545,-0.0648356846581599
9.055,-0.12297641327656789
9.0555,-0.1378529919206144
9.056000000000001,-0.09946601401959325
9.0565,-0.04662811893738662
9.057,-0.02264378164163155
9.057500000000001,-0.0245263553036125
9.058,-0.01008449315542115
9.0585,0.04434866057281587
9.059000000000001,0.10755121151269821
9.0595,0.12406960784937583
9.06,0.07635855936603075
9.0605,0.00805105738732067
9.061,-0.016693506110910895
9.0615,0.02414322229252964
9.062,0.0874531638231355
9.0625,0.10328281009261031
9.063,0.038198574064474786
9.0635,-0.073937567108368
9.064,-0.15916423777930758
9.0645,-0.1618236088340112
9.065,-0.08397569643638259
9.0655,0.02365051981765086
9.066,0.10564039156792004
9.0665,0.137983205839447
9.067,0.12683604088701045
9.0675,0.0852941851814045
9.068,0.023967507392707962
9.0685,-0.0392543245416811
9.069,-0.0773196270495954
9.0695,-0.07211558522266673
9.07,-0.03006378854232062
9.070500000000001,0.025401819572878084
9.071,0.07268248523279665
9.0715,0.09957335166200731
9.072000000000001,0.09955180718890307
9.0725,0.07150017853768185
9.073,0.0235575764303312
9.073500000000001,-0.029456661633386408
9.074,-0.07330528422181419
9.0745,-0.09610804500165641
9.075000000000001,-0.08822280427550344
9.0755,-0.05140790732367501
9.076,-0.009564837547323214
9.0765,0.0008124922051303265
9.077,-0.039306093517862746
9.0775,-0.11083469980542875
9.078,-0.1682386534818454
9.0785,-0.17191098408102304
9.079,-0.11432735851051128
9.0795,-0.025783896866823138
9.08,0.043137134203604495
9.0805,0.057601558390205164
9.081,0.026867508731123778
9.0815,-0.008119526561778834
9.082,-0.01797722346750842
9.0825,-0.006941999738877802
9.083,0.008260954481896864
9.0835,0.02461890172449891
9.084,0.048457634690807355
9.0845,0.07616673099734644
9.085,0.09197369772272344
9.0855,0.08394005390230577
9.086,0.05628834348470892
9.086500000000001,0.024857473762122245
9.087,0.0026406578145243753
9.0875,-0.00805645659973085
9.088000000000001,-0.010094077345217025
9.0885,-0.004506782570051375
9.089,0.005221291759080747
9.089500000000001,0.005905780941942548
9.09,-0.01696347199282358
9.0905,-0.05703624472532078
9.091,-0.07931182187626877
9.0915,-0.04910975133839368
9.092,0.022926435362654592
9.0925,0.0738575029185422
9.093,0.042600994181682804
9.0935,-0.06351977310365997
9.094,-0.16113028552007375
9.0945,-0.15659527492339534
9.095,-0.030788131178308614
9.0955,0.1305715092549972
9.096,0.1961726657268321
9.0965,0.09846992127426928
9.097,-0.10181878390667194
9.0975,-0.26076082912330845
9.098,-0.2697445511227835
9.0985,-0.14116510345611172
9.099,0.013818808691507586
9.0995,0.08900726111233721
9.1,0.06834100461934252
9.1005,0.018963622671696715
9.101,0.013791745040679863
9.1015,0.06709116592104156
9.102,0.13793340829911419
9.102500000000001,0.17981388304941537
9.103,0.17686095809424682
9.1035,0.14100191400103756
9.104000000000001,0.09249230674429047
9.1045,0.04665595400568844
9.105,0.0069068093601289335
9.105500000000001,-0.03495202115031388
9.106,-0.08547185796572503
9.1065,-0.13503653017077316
9.107,-0.16151423805863854
9.1075,-0.14995345099691992
9.108,-0.10784601785956555
9.1085,-0.062039255962591855
9.109,-0.039523335899586204
9.1095,-0.04567425526810557
9.11,-0.05759568338170344
9.1105,-0.041098910017899296
9.111,0.02026905665073523
9.1115,0.10676260792544548
9.112,0.16903257206833347
9.1125,0.15777892822267056
9.113,0.05882136047983766
9.1135,-0.09093611890746807
9.114,-0.22033292690706796
9.1145,-0.2649332274207393
9.115,-0.2055707161745264
9.1155,-0.07691990668260783
9.116,0.05898930502502687
9.1165,0.14981836359988737
9.117,0.17276227038968844
9.1175,0.13428164052765848
9.118,0.06236205277914516
9.118500000000001,-0.004750920099756254
9.119,-0.035583318136894054
9.1195,-0.02174704108250402
9.120000000000001,0.01783095049249922
9.1205,0.04838622955349074
9.121,0.040582567328854624
9.121500000000001,-0.008973832235947965
9.122,-0.07100089980567001
9.1225,-0.10155220224799567
9.123,-0.07785663224034739
9.1235,-0.020122894176233447
9.124,0.026294384485322463
9.1245,0.03133540929331138
9.125,0.002834624894972172
9.1255,-0.02448602664862671
9.126,-0.018269630167538586
9.1265,0.02517643340511508
9.127,0.07423979909033973
9.1275,0.08372996962417728
9.128,0.03239235183882234
9.1285,-0.0551900918644965
9.129,-0.12322139694728923
9.1295,-0.12618558793801007
9.13,-0.06668756406623305
9.1305,0.001936874255050616
9.131,0.01871504204642743
9.1315,-0.02806079465096132
9.132,-0.08711480483239246
9.1325,-0.09361632552668929
9.133000000000001,-0.033063948752592824
9.1335,0.04646109591631825
9.134,0.08287315938247963
9.134500000000001,0.05558512259356857
9.135,-0.00503090202996684
9.1355,-0.05261736261746481
9.136000000000001,-0.0622583351731612
9.1365,-0.03909484772365089
9.137,-0.0015082633510152162
9.137500000000001,0.03802791684474212
9.138,0.07608320642590476
9.1385,0.10734708359912626
9.139,0.11767938873870809
9.1395,0.09252014598582237
9.14,0.032917924648673325
9.1405,-0.03714724913719201
9.141,-0.08256166173087376
9.1415,-0.08287374122554658
9.142,-0.05013649637856629
9.1425,-0.018518082852312528
9.143,-0.012290895915139955
9.1435,-0.024111564624847523
9.144,-0.02689038631063235
9.1445,-0.0055656837854594216
9.145,0.026178802276495813
9.1455,0.03971844937506531
9.146,0.01982504637261387
9.1465,-0.019180658934191935
9.147,-0.04612488819299135
9.1475,-0.044813887166125804
9.148,-0.029585582599597673
9.1485,-0.02450947597136554
9.149000000000001,-0.033805496855223105
9.1495,-0.04130428204194925
9.15,-0.0345218097206898
9.150500000000001,-0.019875045301504142
9.151,-0.013024257137604722
9.1515,-0.018036896453974716
9.152000000000001,-0.01997430509001537
9.1525,-0.0021711243088444673
9.153,0.03028851659835271
9.1535,0.05217632982101008
9.154,0.04565991258022495
9.1545,0.018722606382057742
9.155,-0.00682082097177306
9.1555,-0.0171527266802832
9.156,-0.013218339085467892
9.1565,-0.007176331697610694
9.157,-0.018056203742047954
9.1575,-0.05774823510792395
9.158,-0.11031240637449558
9.1585,-0.1354566360971121
9.159,-0.10639345171892892
9.1595,-0.04136302360402713
9.16,0.011141980902257324
9.1605,0.017250112022254807
9.161,-0.017147422937103807
9.1615,-0.06206069540126517
9.162,-0.09219006155485629
9.1625,-0.09524650750757929
9.163,-0.06507602248931142
9.1635,-0.005348843518442092
9.164,0.058236927989028874
9.1645,0.08497811174576678
9.165000000000001,0.053055108242372015
9.1655,-0.011891898917377425
9.166,-0.05197142877919501
9.166500000000001,-0.030081056898584257
9.167,0.03391521608286389
9.1675,0.08609691741792141
9.168000000000001,0.09578175082607224
9.1685,0.08357734697775855
9.169,0.0932137650793658
9.1695,0.14194329485485616
9.17,0.19929940217241046
9.1705,0.21003599934620457
9.171,0.1393346349006337
9.1715,0.004701808131587161
9.172,-0.12983341464265763
9.1725,-0.19574151723361113
9.173,-0.16985638147342183
9.1735,-0.09162927571261929
9.174,-0.028572290911265286
9.1745,-0.01954662350601305
9.175,-0.05041643285327138
9.1755,-0.08043315915190376
9.176,-0.08335451524607264
9.1765,-0.061521318713088274
9.177,-0.030796167855603844
9.1775,-0.0023191550373523624
9.178,0.022366482791388233
9.1785,0.04549343365583747
9.179,0.06296152934090157
9.1795,0.056546953586319525
9.18,0.002500337087079316
9.1805,-0.09838085880885439
9.181000000000001,-0.19849384318894556
9.1815,-0.2283888800967133
9.182,-0.15789119266471077
9.182500000000001,-0.028670827018514103
9.183,0.0817890680762825
9.1835,0.12458070729472735
9.184000000000001,0.10305800826346206
9.1845,0.04645183464487409
9.185,-0.018244465089243163
9.1855,-0.06958132617323261
9.186,-0.09185794957785885
9.1865,-0.08660107049214986
9.187,-0.07350694115266168
9.1875,-0.0669824479144346
9.188,-0.05528287154279704
9.1885,-0.014026026645654636
9.189,0.05787131639176612
9.1895,0.12406066519229798
9.19,0.13918762205240548
9.1905,0.09069155200261299
9.191,0.00899785653221842
9.1915,-0.06262712940483053
9.192,-0.10192621534722732
9.1925,-0.10936188968722352
9.193,-0.08749224602710441
9.1935,-0.035045802702549325
9.194,0.036557570996679424
9.1945,0.09536650583107584
9.195,0.1091292385260367
9.195500000000001,0.07249463277882676
9.196,0.013468330570509987
9.1965,-0.023386643279068427
9.197000000000001,-0.007151462763470201
9.1975,0.050388343963400875
9.198,0.09628832613826692
9.198500000000001,0.08316421896555577
9.199,0.019287378551153703
9.1995,-0.037127438223882196
9.200000000000001,-0.037146138530188506
9.2005,0.009366203117343467
9.201,0.04484952705788123
9.2015,0.02354890379116087
9.202,-0.043371109012357766
9.2025,-0.10642267927886762
9.203,-0.1345428597203968
9.2035,-0.1371615771287265
9.204,-0.13174566863669102
9.2045,-0.11560124295478894
9.205,-0.08340261935295294
9.2055,-0.0512988755112163
9.206,-0.0406324577396887
9.2065,-0.047439500728953636
9.207,-0.048367234211695795
9.2075,-0.032083639435385336
9.208,-0.008565788048155156
9.2085,0.008562032834814543
9.209,0.013034794946630303
9.2095,0.0019237016387494525
9.21,-0.022148931871120686
9.2105,-0.04243211581367218
9.211,-0.03702721315846688
9.211500000000001,-0.003856763491751099
9.212,0.03169332844874444
9.2125,0.04135793495983873
9.213000000000001,0.023735615858739765
9.2135,0.004712195249154847
9.214,0.009240604144942172
9.214500000000001,0.038145497374984086
9.215,0.07206936315209961
9.2155,0.08818808311873233
9.216000000000001,0.07007367187464675
9.2165,0.015555010401357133
9.217,-0.051843979059292854
9.2175,-0.08722580359194519
9.218,-0.059138431443017066
9.2185,0.013666593629688395
9.219,0.07007404641741113
9.2195,0.059873772411428175
9.22,-0.010860411053759057
9.2205,-0.08654491129704654
9.221,-0.10879098773296941
9.2215,-0.05884107471365519
9.222,0.03126531895051573
9.2225,0.09799045967091673
9.223,0.08627217243361272
9.2235,-0.006667769160150008
9.224,-0.11788706623441372
9.2245,-0.16204483176849827
9.225,-0.10314918076402006
9.2255,0.014853959866272533
9.226,0.10959346442990545
9.2265,0.1278820908288521
9.227,0.07432160599980339
9.227500000000001,-0.011751845554394819
9.228,-0.09248991810542623
9.2285,-0.14600454668460974
9.229000000000001,-0.16141096301581326
9.2295,-0.13564339865581237
9.23,-0.07883687604632893
9.230500000000001,-0.015227319627308123
9.231,0.03109376608962022
9.2315,0.053408857009338374
9.232,0.06056346517070246
9.2325,0.058528356714689936
9.233,0.0415243363275288
9.2335,0.004632977826415074
9.234,-0.03938475066906952
9.2345,-0.0622342639208819
9.235,-0.04422260726892828
9.2355,0.0037701346884004517
9.236,0.04991919542486858
9.2365,0.07682982381195423
9.237,0.09703797917667593
9.2375,0.12249622967304981
9.238,0.12904440909802564
9.2385,0.07568371050363246
9.239,-0.03361388825016729
9.2395,-0.1281967285856157
9.24,-0.13362460715386937
9.2405,-0.055696849602115635
9.241,0.014203819828918034
9.2415,-0.013924964918503643
9.242,-0.13897460710449847
9.2425,-0.2677967896404788
9.243,-0.300867553403213
9.243500000000001,-0.21614697301181637
9.244,-0.07361690102810628
9.2445,0.04604594101905541
9.245000000000001,0.09499652591598626
9.2455,0.06596133745926444
9.246,-0.01897978593937452
9.246500000000001,-0.10995762355837144
9.247,-0.13927021476099194
9.2475,-0.06549456208177869
9.248,0.0775210295804384
9.2485,0.19075245443990232
9.249,0.18903380244863288
9.2495,0.0756326021422225
9.25,-0.06352885494233931
9.2505,-0.13767989205233636
9.251,-0.12170626281293595
9.2515,-0.057771577476910044
9.252,-0.0028019630193555868
9.2525,0.01826034663845307
9.253,0.01893379670053434
9.2535,0.02897221131281861
9.254,0.06691082411186677
9.2545,0.12086502514766939
9.255,0.15116015653531995
9.2555,0.12419941091711052
9.256,0.05291387960560705
9.2565,-0.007003570925339318
9.257,-0.014018473201782775
9.2575,0.01240076221644966
9.258000000000001,0.015469853641127653
9.2585,-0.029831123858991077
9.259,-0.08498063033789215
9.259500000000001,-0.09110906090833758
9.26,-0.03469469543173061
9.2605,0.039111629882236584
9.261000000000001,0.07184841616784256
9.2615,0.03815489069121756
9.262,-0.04677873438494133
9.262500000000001,-0.14450726447705875
9.263,-0.20972950038917662
9.2635,-0.20662026895999203
9.264,-0.13257226192302193
9.2645,-0.03076232762226986
9.265,0.03631469102385122
9.2655,0.03874004689730549
9.266,0.00222364407712415
9.2665,-0.023039659200830842
9.267,-0.009766514341081329
9.2675,0.030279316883099996
9.268,0.06499658686835516
9.2685,0.06887936408545392
9.269,0.03735624757214395
9.2695,-0.015198894655437958
9.27,-0.06626710743583729
9.2705,-0.0959651356522164
9.271,-0.09485592639298018
9.2715,-0.06740945024594164
9.272,-0.026678291840092922
9.2725,0.01704253075441088
9.273,0.05917364574208461
9.2735,0.09070115263211415
9.274000000000001,0.09256682441467776
9.2745,0.049229019765029434
9.275,-0.030652319221835294
9.275500000000001,-0.1104497736037877
9.276,-0.14839746060345027
9.2765,-0.13142148676483228
9.277000000000001,-0.08710844690562751
9.2775,-0.05688122009225773
9.278,-0.0573228664958969
9.278500000000001,-0.0719952506627994
9.279,-0.07686466884058418
9.2795,-0.06300651439752959
9.28,-0.03410395158059257
9.2805,0.004585773754188118
9.281,0.04593448815393867
9.2815,0.07752262016746597
9.282,0.0884779708919947
9.2825,0.07876528460981569
9.283,0.057719535894426716
9.2835,0.03434286632877767
9.284,0.011225990694374856
9.2845,-0.011798846486264114
9.285,-0.02955510027920868
9.2855,-0.030231874080487588
9.286,-0.005238910279712879
9.2865,0.038159177665072014
9.287,0.07453807414046802
9.2875,0.07576788281882142
9.288,0.036496403795071665
9.2885,-0.015445376868528864
9.289,-0.0421252144304051
9.2895,-0.03287412819425987
9.290000000000001,-0.013738838680853838
9.2905,-0.016279655903894144
9.291,-0.040802251211881455
9.291500000000001,-0.05491634637836493
9.292,-0.028404350187660143
9.2925,0.030609717188676052
9.293000000000001,0.07271053821188916
9.2935,0.04532920448360503
9.294,-0.05531236707050936
9.2945,-0.1688330976193647
9.295,-0.21740465160571634
9.2955,-0.1739672161638197
9.296,-0.0820629832963096
9.2965,-0.00904969600986266
9.297,0.014791608225389056
9.2975,0.010501557670099365
9.298,0.013448916936145142
9.2985,0.033644662501582864
9.299,0.054227847372826765
9.2995,0.05800077445037699
9.3,0.04516303656559822
9.3005,0.027167275108249747
9.301,0.011319708766804314
9.3015,-0.0058634646345691885
9.302,-0.03317948756459722
9.3025,-0.0752535668673488
9.303,-0.12595449934827188
9.3035,-0.16612688187045066
9.304,-0.17037286252529193
9.3045,-0.12677740594285497
9.305,-0.053597199554486406
9.3055,0.010566289075759286
9.306000000000001,0.036949991131034615
9.3065,0.02613847827103694
9.307,0.0016812280518269185
9.307500000000001,-0.011978231771359978
9.308,-0.010975672369258624
9.3085,-0.01569185080833241
9.309000000000001,-0.046223818464437086
9.3095,-0.09108492815172181
9.31,-0.10969364135471031
9.3105,-0.0720949941411224
9.311,0.008208089897177839
9.3115,0.08333119231348818
9.312,0.11072348762270935
9.3125,0.08658519819667651
9.313,0.04514332536262523
9.3135,0.02550100700288779
9.314,0.038085067613787646
9.3145,0.06325217010002349
9.315,0.07814139850450214
9.3155,0.07769005873414125
9.316,0.06967318805537925
9.3165,0.058237086254635424
9.317,0.03911373097822906
9.3175,0.007472326284008798
9.318,-0.037295050055686334
9.3185,-0.09289888876692554
9.319,-0.14959326127713038
9.3195,-0.18360886116420921
9.32,-0.17016199231414741
9.320500000000001,-0.11143641367067836
9.321,-0.04074904062774941
9.3215,0.010440332751405247
9.322000000000001,0.04117189483945065
9.3225,0.0679024153550156
9.323,0.09135592378989033
9.323500000000001,0.09016171020848654
9.324,0.04827276780053843
9.3245,-0.020187003646033916
9.325000000000001,-0.07850015102383893
9.3255,-0.09952099896634388
9.326,-0.09081990351357962
9.3265,-0.08706175161052608
9.327,-0.11208873330590105
9.3275,-0.14717928423782353
9.328,-0.14606654406456585
9.3285,-0.08810097901641899
9.329,-0.006936683539566316
9.3295,0.04567122667245035
9.33,0.057350048990274315
9.3305,0.06077167621927952
9.331,0.08605986387358822
9.3315,0.1258529837417576
9.332,0.1491849547700471
9.3325,0.13378297329342206
9.333,0.07986723995978093
9.3335,0.005970009076704995
9.334,-0.06013335351527956
9.3345,-0.09544185997768503
9.335,-0.09811128600832086
9.3355,-0.0886896490947595
9.336,-0.08793109880192876
9.336500000000001,-0.09364911549028454
9.337,-0.08640319698429841
9.3375,-0.05905278156354892
9.338000000000001,-0.03121485347129239
9.3385,-0.026550421222119733
9.339,-0.04153526249315696
9.339500000000001,-0.04922262359844697
9.34,-0.035421972607830705
9.3405,-0.020095720617825354
9.341000000000001,-0.03503911431079425
9.3415,-0.08306940895954609
9.342,-0.12638970285215195
9.3425,-0.12067142417326122
9.343,-0.05983172527435329
9.3435,0.01883236358822496
9.344,0.07326032219961177
9.3445,0.09112963123668202
9.345,0.08610015777204541
9.3455,0.07467373811057433
9.346,0.06366785069367085
9.3465,0.04824517348103943
9.347,0.01409122249102771
9.3475,-0.046715764776638684
9.348,-0.11169054824412683
9.3485,-0.12985001702092508
9.349,-0.06320669607231694
9.3495,0.06912728465708505
9.35,0.19034669922808795
9.3505,0.21632492751369972
9.351,0.12186327086687443
9.3515,-0.03372339003229996
9.352,-0.15447114669495315
9.352500000000001,-0.18819382554008007
9.353,-0.15577630207137863
9.3535,-0.1064924069478325
9.354000000000001,-0.06466547756088264
9.3545,-0.026731140243382648
9.355,0.009243571373152798
9.355500000000001,0.030993920880739566
9.356,0.026693389854135552
9.3565,0.001520817891976495
9.357,-0.022589847083981224
9.3575,-0.024000906765118544
9.358,-0.002992761739074896
9.3585,0.013269988038996627
9.359,-0.005948824508992864
9.3595,-0.06272827537001922
9.36,-0.12233340525892894
9.3605,-0.13787525634880854
9.361,-0.08680000026200795
9.3615,0.007528863018715736
9.362,0.08564565374902748
9.3625,0.09333077017412804
9.363,0.028768441010967517
9.3635,-0.04895342967688156
9.364,-0.07083312901331672
9.3645,-0.027754713761247527
9.365,0.014600183182744322
9.3655,-0.019245674119119927
9.366,-0.13219946782215117
9.3665,-0.24224782939501638
9.367,-0.2549524365287033
9.3675,-0.14813904700881617
9.368,0.009703059382764483
9.368500000000001,0.11739393203217507
9.369,0.1222335955988921
9.3695,0.05867931033136026
9.370000000000001,0.01294735444545306
9.3705,0.042050902660040815
9.371,0.12009360557840909
9.371500000000001,0.1650676038306795
9.372,0.12224066487124888
9.3725,0.020450040675798326
9.373,-0.05660643327311827
9.3735,-0.052635187341463774
9.374,0.011939112482771401
9.3745,0.06938600020793732
9.375,0.07364931087893072
9.3755,0.03679859198698775
9.376,0.003560727801832665
9.3765,-0.002010114408087309
9.377,0.00023469580715064064
9.3775,-0.024235724761947998
9.378,-0.07892119571263237
9.3785,-0.125798730425977
9.379,-0.12070072366406198
9.3795,-0.05892698315717283
9.38,0.01319636882890442
9.3805,0.035381291268271706
9.381,-0.012112261682471853
9.3815,-0.08974760212086798
9.382,-0.13635998536074792
9.3825,-0.1243135258639541
9.383000000000001,-0.07616201321368907
9.3835,-0.032592617921432844
9.384,-0.01202423315776718
9.384500000000001,-0.0027419513715259865
9.385,0.01068566008473067
9.3855,0.0206451680678469
9.386000000000001,0.002588322879216745
9.3865,-0.05190151762192029
9.387,-0.11569698667840164
9.387500000000001,-0.1460353413676651
9.388,-0.12316310246914208
9.3885,-0.06727657742658175
9.389,-0.01779795568364991
9.3895,0.0038000836845543187
9.39,0.010603885530881946
9.3905,0.028222758662867345
9.391,0.05693883806583727
9.3915,0.06279799489898
9.392,0.014056164926753156
9.3925,-0.07329663315225977
9.393,-0.1345149423975493
9.3935,-0.11145526476696123
9.394,-0.014365773655248212
9.3945,0.07705972904879492
9.395,0.08508478928329707
9.3955,0.009853824034672058
9.396,-0.07197935671587977
9.3965,-0.08695236754071661
9.397,-0.03528865839914687
9.3975,0.023026696718628725
9.398,0.04132599022043109
9.3985,0.029545791003107
9.399000000000001,0.025553030701786144
9.3995,0.04030769176087395
9.4,0.04479874175854283
9.400500000000001,0.010805006837383557
9.401,-0.046642784254512785
9.4015,-0.08046269595160553
9.402000000000001,-0.06498981509907988
9.4025,-0.02252706518679832
9.403,0.010289484293009363
9.403500000000001,0.026042507904919413
9.404,0.0415778007510025
9.4045,0.060206869703967006
9.405,0.05910111833676469
9.4055,0.01823019391846646
9.406,-0.04817262863844458
9.4065,-0.09642112224169333
9.407,-0.09192733570879641
9.4075,-0.04432692233983983
9.408,-0.001831765031454677
9.4085,-0.00564069128316961
9.409,-0.049758314854231
9.4095,-0.08829859070866423
9.41,-0.0793491788255599
9.4105,-0.019243121811572058
9.411,0.05778998180014519
9.4115,0.10493186913669975
9.412,0.09443964538756768
9.4125,0.03706567536984303
9.413,-0.027817129687109872
9.4135,-0.06571360150471164
9.414,-0.07196651793553045
9.4145,-0.06577271778764714
9.415000000000001,-0.06702223393316734
9.4155,-0.08385573200148955
9.416,-0.11543231432997582
9.416500000000001,-0.1524011717041867
9.417,-0.1715777416358335
9.4175,-0.14455214654851317
9.418000000000001,-0.06600347559835115
9.4185,0.028564574195274927
9.419,0.08578681230706457
9.4195,0.08189283708134691
9.42,0.04507482387015714
9.4205,0.028569566873457262
9.421,0.06192918340264529
9.4215,0.12461399423449235
9.422,0.16151667696291794
9.4225,0.12926543364898155
9.423,0.03908703580376911
9.4235,-0.04631143944925116
9.424,-0.07023264146274726
9.4245,-0.03887050501551159
9.425,-0.011656274895417085
9.4255,-0.03393503395156379
9.426,-0.09069285863231744
9.4265,-0.1311690155338659
9.427,-0.1257595950813384
9.4275,-0.08582864606779328
9.428,-0.03780909185097022
9.4285,-0.0013631139326002583
9.429,0.00512338338550709
9.4295,-0.03513278867827309
9.43,-0.11065310081680906
9.4305,-0.1673701877015387
9.431000000000001,-0.14764958183601648
9.4315,-0.05324700675045726
9.432,0.04327645313260244
9.432500000000001,0.06293075893754456
9.433,-0.006259550027508419
9.4335,-0.10463646976416918
9.434000000000001,-0.16027520780971538
9.4345,-0.1439765374640806
9.435,-0.07733076655940954
9.4355,-0.006875365247058597
9.436,0.027591950953868467
9.4365,0.015656779763849618
9.437,-0.01846621538211374
9.4375,-0.03360105568658427
9.438,-0.004577392990188478
9.4385,0.05416579792538785
9.439,0.09927958568471058
9.4395,0.09905657240639298
9.44,0.06356787093086494
9.4405,0.03077222538058514
9.441,0.02632918094447647
9.4415,0.0443435774072103
9.442,0.06488549545112186
9.4425,0.07979249913614372
9.443,0.09521609220218037
9.4435,0.11070332056694313
9.444,0.10461170866731981
9.4445,0.05218145492940505
9.445,-0.03918014673726579
9.445500000000001,-0.12282061406139405
9.446,-0.150419869512612
9.4465,-0.11680955433852656
9.447000000000001,-0.06373731335778801
9.4475,-0.0377799696576022
9.448,-0.04722458720298596
9.448500000000001,-0.06295301547969531
9.449,-0.05600512546137816
9.4495,-0.025271892640299467
9.450000000000001,0.008043164206945683
9.4505,0.01951989007898243
9.451,-0.006193228852706257
9.4515,-0.0645431576259258
9.452,-0.11952100917760847
9.4525,-0.11662983993552406
9.453,-0.03320621092199141
9.4535,0.08195314398183916
9.454,0.14188239057959698
9.4545,0.10430922832304652
9.455,0.006965334430760903
9.4555,-0.08431990199885198
9.456,-0.14231874927294308
9.4565,-0.18095165346714362
9.457,-0.20996664460554026
9.4575,-0.21180308082653337
9.458,-0.16418107682058194
9.4585,-0.07041996837003353
9.459,0.037539223169968855
9.4595,0.11817801116272189
9.46,0.14139965177410374
9.4605,0.10331328454468623
9.461,0.030243508458609597
9.461500000000001,-0.036637475044639364
9.462,-0.07144815826770277
9.4625,-0.08211335564371434
9.463000000000001,-0.09630536169652881
9.4635,-0.1287898354848705
9.464,-0.16454186791714573
9.464500000000001,-0.17148411882774775
9.465,-0.12635971195746143
9.4655,-0.03355317991612606
9.466000000000001,0.07207713583828541
9.4665,0.14397280517277608
9.467,0.15864191152755636
9.4675,0.1339681220286537
9.468,0.10414580820033537
9.4685,0.07921134062783519
9.469,0.04336283286541816
9.4695,-0.006397152464139246
9.47,-0.03813884472715772
9.4705,-0.01658170808460583
9.471,0.04627738350055928
9.4715,0.08879668449856765
9.472,0.06133016062262175
9.4725,-0.013646079527380577
9.473,-0.05814747487047381
9.4735,-0.02188308865523484
9.474,0.0589298578788701
9.4745,0.09384787616177544
9.475,0.028839523175771348
9.4755,-0.09746320234649207
9.476,-0.1868301936710713
9.4765,-0.16971341574473356
9.477,-0.06429758992801832
9.477500000000001,0.04438825102638961
9.478,0.07853591271762336
9.4785,0.025325315360487856
9.479000000000001,-0.06581337042872402
9.4795,-0.1326176036119719
9.48,-0.1478800144974543
9.480500000000001,-0.1290647568011413
9.481,-0.10940228576568896
9.4815,-0.10029134651719995
9.482,-0.07994710140439786
9.4825,-0.020081835397941103
9.483,0.07352458912926754
9.4835,0.14878354345608805
9.484,0.14405685001035662
9.4845,0.04601729796424535
9.485,-0.08850507662696769
9.4855,-0.17492616104981984
9.486,-0.17082448743171688
9.4865,-0.10648686423428301
9.487,-0.0494197241467621
9.4875,-0.04164580111020029
9.488,-0.06944494215687258
9.4885,-0.0866680916354567
9.489,-0.06259714463396494
9.4895,-0.009393685510331411
9.49,0.03360758402971622
9.4905,0.04035233905771184
9.491,0.019470264619968706
9.4915,-0.002844491474183561
9.492,-0.010653736816796835
9.4925,-0.0039087401479224425
9.493,0.014613217960022422
9.493500000000001,0.0466044687292791
9.494,0.08829808769278392
9.4945,0.11593237439631605
9.495000000000001,0.09122222953693529
9.4955,-0.00477614771013786
9.496,-0.13708294575014374
9.496500000000001,-0.2249200457635702
9.497,-0.2021395301511744
9.4975,-0.08032761936125525
9.498,0.053292033795997285
9.4985,0.11133307498999626
9.499,0.08190609531591092
9.4995,0.02737613167046886
9.5,0.013804232604543396
9.5005,0.04951351067906797
9.501,0.08814227946122762
9.5015,0.07771273527927387
9.502,0.0037351755200908023
9.5025,-0.10077996043748752
9.503,-0.17470070677301117
9.5035,-0.16770507645256338
9.504,-0.08194077616943071
9.5045,0.020281449551847304
9.505,0.06595098875718705
9.5055,0.03715696673511019
9.506,-0.019132389644738644
9.5065,-0.045706378919684716
9.507,-0.026035690892787528
9.5075,0.017700770921036262
9.508000000000001,0.05530192213610406
9.5085,0.06620770915366835
9.509,0.04197838498515594
9.509500000000001,-0.010584287478540712
9.51,-0.06911133394159506
9.5105,-0.10765631244446126
9.511000000000001,-0.11144159452635598
9.5115,-0.0813571678753999
9.512,-0.03324444295335803
9.512500000000001,0.003875027505237048
9.513,0.0019956186451181076
9.5135,-0.04070081461969223
9.514,-0.09060843971036701
9.5145,-0.10260326682311191
9.515,-0.05970231489269054
9.5155,0.007326892470494024
9.516,0.043157071785214815
9.5165,0.017956325698682725
9.517,-0.04463789335386389
9.5175,-0.09200280718462793
9.518,-0.09170232300066633
9.5185,-0.05420485214659746
9.519,-0.0147120213553791
9.5195,0.0005368187870026381
9.52,-0.005424493198427792
9.5205,-0.006650801620688941
9.521,0.01825080540057853
9.5215,0.061399887740168003
9.522,0.08839502034895258
9.5225,0.06929902889653651
9.523,0.011166478078209937
9.5235,-0.04084885807583489
9.524000000000001,-0.042647095524256044
9.5245,0.002975727792843349
9.525,0.04500053580655491
9.525500000000001,0.03569355674910625
9.526,-0.020601152988095565
9.5265,-0.07703445147480721
9.527000000000001,-0.09674330614328334
9.5275,-0.08490758879573639
9.528,-0.07152267718884166
9.528500000000001,-0.07459723625515631
9.529,-0.08465154353631749
9.5295,-0.08258951914170853
9.53,-0.06968039671595565
9.5305,-0.07257477335835481
9.531,-0.10982158594569306
9.5315,-0.15671164031462229
9.532,-0.1584741581852429
9.5325,-0.08659544882170898
9.533,0.026178524024557302
9.5335,0.1159579291894435
9.534,0.14617905758111346
9.5345,0.12602945993681014
9.535,0.07977824976811511
9.5355,0.01905414733006456
9.536,-0.04855672785788948
9.5365,-0.09853939847459947
9.537,-0.0954794142714563
9.5375,-0.029000892640316182
9.538,0.060311220770817686
9.5385,0.10546071521068573
9.539,0.07451352325451249
9.5395,0.004145874535722999
9.540000000000001,-0.03615125980987732
9.5405,-0.012301907964249837
9.541,0.04679870962940062
9.541500000000001,0.08503334292609258
9.542,0.0710229593617422
9.5425,0.01551887632454655
9.543000000000001,-0.04651012815834885
9.5435,-0.08162356245624347
9.544,-0.07629146435113437
9.5445,-0.043886606573554046
9.545,-0.014759906403652248
9.5455,-0.013363626431647672
9.546,-0.0422707638196878
9.5465,-0.086701873341006
9.547,-0.1288213240337387
9.5475,-0.15417122544685147
9.548,-0.15075964206253994
9.5485,-0.1120446060673158
9.549,-0.043960629800399414
9.5495,0.033628124778277244
9.55,0.09485822998748783
9.5505,0.11944810075062269
9.551,0.10099279780682185
9.5515,0.05123906801859355
9.552,0.00029308711216644804
9.5525,-0.016411972523952822
9.553,0.012514331402650626
9.5535,0.05534846254388644
9.554,0.060781999558889056
9.5545,0.009116592657845157
9.555,-0.06555734362778966
9.5555,-0.10953897192113701
9.556000000000001,-0.10144492487772333
9.5565,-0.06689439126531321
9.557,-0.04661935975309397
9.557500000000001,-0.05503145368047165
9.558,-0.06975508052014695
9.5585,-0.059485275359860694
9.559000000000001,-0.02065409144756857
9.5595,0.015193312481485454
9.56,0.013328037734683267
9.5605,-0.024910818281203756
9.561,-0.059277640423484476
9.5615,-0.04906084728433067
9.562,0.006952571306263103
9.5625,0.06582719055455981
9.563,0.07282497334730081
9.5635,0.006971301601576172
9.564,-0.09433354304192414
9.5645,-0.1594512757244535
9.565,-0.1437638406253053
9.5655,-0.07072384488883744
9.566,-0.0072960652803791765
9.5665,0.0005981982671992699
9.567,-0.03760372256285454
9.5675,-0.0821166650388731
9.568,-0.10459498909556636
9.5685,-0.0972112240535707
9.569,-0.05679579171401684
9.5695,0.015475248663286131
9.57,0.09385190596209601
9.570500000000001,0.1287024171579203
9.571,0.09162426476966275
9.5715,0.018458890455773244
9.572000000000001,-0.016367222937919205
9.5725,0.020222466057808183
9.573,0.07936650173449462
9.573500000000001,0.08144674468939511
9.574,0.0015368516225742488
9.5745,-0.10377209214137362
9.575000000000001,-0.15142787110788491
9.5755,-0.10930025207784122
9.576,-0.020583578308950364
9.5765,0.04322602483091854
9.577,0.046772165725519455
9.5775,0.0072048067806038864
9.578,-0.04074141030770426
9.5785,-0.07783503241015251
9.579,-0.09812620185291125
9.5795,-0.09458056867638963
9.58,-0.06312320160570604
9.5805,-0.014849919918134061
9.581,0.02728448535127718
9.5815,0.04244319680663254
9.582,0.021030976102716096
9.5825,-0.027359661172139806
9.583,-0.06669227971309082
9.5835,-0.051138742229786274
9.584,0.02963270273418353
9.5845,0.12319509376767301
9.585,0.1494172994398897
9.5855,0.07222461788532533
9.586,-0.06439777524080106
9.586500000000001,-0.17227950620731558
9.587,-0.18975563380356958
9.5875,-0.12309461061634382
9.588000000000001,-0.03248531768041055
9.5885,0.015756510768835663
9.589,-0.004550183197600234
9.589500000000001,-0.06261350556739821
9.59,-0.09806801110728532
9.5905,-0.07591840444578625
9.591000000000001,-0.017637386353853975
9.5915,0.026786037513355936
9.592,0.03357512273946383
9.5925,0.022026231109927498
9.593,0.021129212692347965
9.5935,0.03550988731824531
9.594,0.04827587412725731
9.5945,0.04613685329897725
9.595,0.03410843175888642
9.5955,0.026576769540445702
9.596,0.026304893269113262
9.5965,0.016522651374210592
9.597,-0.02038781965698159
9.5975,-0.0757902437948145
9.598,-0.11161055548857306
9.5985,-0.09044510126768447
9.599,-0.01354613173889606
9.5995,0.07094029810712177
9.6,0.10350840822360084
9.6005,0.0636057888618499
9.601,-0.014175900053209636
9.6015,-0.0752509804302434
9.602,-0.09485350463329131
9.602500000000001,-0.09086743546657532
9.603,-0.09149764294602314
9.6035,-0.10120465568480695
9.604000000000001,-0.10459633795449207
9.6045,-0.09475331131175677
9.605,-0.08214906666652028
9.605500000000001,-0.07325370750619307
9.606,-0.0548615273708327
9.6065,-0.012275052941822025
9.607,0.042205504603988586
9.6075,0.07331422335816618
9.608,0.05942442075657685
9.6085,0.01733623734111821
9.609,-0.014363269395740083
9.6095,-0.012557145235124401
9.61,0.012858044653724691
9.6105,0.03363835061285131
9.611,0.029078987672871467
9.6115,-0.002000823888227669
9.612,-0.047679688233712186
9.6125,-0.09309861518664297
9.613,-0.12315969780763568
9.6135,-0.1250161512793044
9.614,-0.09861572646907929
9.6145,-0.06153529231448547
9.615,-0.03233460085798742
9.6155,-0.011388317240772954
9.616,0.01027195569869194
9.6165,0.02894094865225225
9.617,0.03402687423267381
9.6175,0.03352603659270342
9.618,0.049146593491722686
9.618500000000001,0.07731863234042043
9.619,0.07599678768941633
9.6195,0.010813083436119742
9.620000000000001,-0.09086069842091564
9.6205,-0.1516560458792311
9.621,-0.11822037295714113
9.621500000000001,-0.014896012332471198
9.622,0.08160888696317146
9.6225,0.11116478056003165
9.623,0.06935814156756144
9.6235,-0.005279512438322695
9.624,-0.06553340471593119
9.6245,-0.08180663263351688
9.625,-0.05293157124024867
9.6255,-0.002855724311147077
9.626,0.03518111421711345
9.6265,0.04025306518617476
9.627,0.015753136741485672
9.6275,-0.01947925287197219
9.628,-0.04957965556395781
9.6285,-0.06552674191552098
9.629,-0.054293263876132106
9.6295,-0.0019330699599315881
9.63,0.0799370414046473
9.6305,0.1401973253033489
9.631,0.12032783948137848
9.6315,0.009877144056526566
9.632,-0.13222595498631332
9.6325,-0.21675618023232585
9.633000000000001,-0.19142687275690007
9.6335,-0.07915301256862085
9.634,0.0432420136814736
9.634500000000001,0.10528222255417155
9.635,0.08913884594116231
9.6355,0.02525880333976206
9.636000000000001,-0.04816328073627932
9.6365,-0.11449698603455415
9.637,-0.17135510989191188
9.637500000000001,-0.20844152611783567
9.638,-0.2056586892889995
9.6385,-0.15447179194884772
9.639,-0.07348945905352162
9.6395,0.002092829637334674
9.64,0.04308899921117541
9.6405,0.037844490751462276
9.641,-0.005430484105119237
9.6415,-0.056487491824792437
9.642,-0.07543160842356951
9.6425,-0.04767612107007555
9.643,-0.004253011350582501
9.6435,0.009467378793738278
9.644,-0.014652057531386254
9.6445,-0.04030980792622236
9.645,-0.029582048242369617
9.6455,0.020732890326421616
9.646,0.08407220177831021
9.6465,0.12760122607795898
9.647,0.12626502445332732
9.6475,0.07365537765208922
9.648,-0.004099626641043157
9.6485,-0.05484825162116137
9.649000000000001,-0.03959489120507817
9.6495,0.030810453031391564
9.65,0.10361458775663555
9.650500000000001,0.13094408050114448
9.651,0.10850498917911525
9.6515,0.06927536351159853
9.652000000000001,0.04338107972690314
9.6525,0.030075301840001564
9.653,0.009490555758602403
9.653500000000001,-0.0259932232190487
9.654,-0.059800842571367016
9.6545,-0.07088093845299881
9.655,-0.06098239814197448
9.6555,-0.05693025408916646
9.656,-0.08172291271960161
9.6565,-0.12468648381449844
9.657,-0.14689739821227443
9.6575,-0.12040277284842407
9.658,-0.05871557125964901
9.6585,-0.0031599256078810242
9.659,0.018470334925033787
9.6595,0.010840937756445155
9.66,-0.010831535349694287
9.6605,-0.045073676823368374
9.661,-0.09262421552136701
9.6615,-0.13084637198314986
9.662,-0.1241488776664783
9.6625,-0.06808570858015724
9.663,-0.006987293669624223
9.6635,0.00814510492905899
9.664,-0.024149077347296415
9.6645,-0.05322741843540621
9.665000000000001,-0.03204657654788094
9.6655,0.030512161583052307
9.666,0.07638457947288886
9.666500000000001,0.05673415547721204
9.667,-0.016498779246825235
9.6675,-0.07862108502401446
9.668000000000001,-0.07669226756742584
9.6685,-0.02645982398807898
9.669,0.004258264939631024
9.6695,-0.02668393981420277
9.67,-0.08433659512183532
9.6705,-0.09115139645533767
9.671,-0.008719358215015202
9.6715,0.12003745244520964
9.672,0.20715866087953086
9.6725,0.193838207868617
9.673,0.09304564202825502
9.6735,-0.028325196990908706
9.674,-0.10067642979301322
9.6745,-0.09490116416809508
9.675,-0.03615622105154507
9.6755,0.01651284137381101
9.676,0.01666334014161252
9.6765,-0.029666646903027817
9.677,-0.07291509128956208
9.6775,-0.07521418511390142
9.678,-0.050540106612898004
9.6785,-0.04257449940495849
9.679,-0.07007896264903084
9.6795,-0.1056391265917731
9.68,-0.10804681283144275
9.6805,-0.06826597429553041
9.681000000000001,-0.020256768484054805
9.6815,-0.007277357542081377
9.682,-0.03790066707255487
9.682500000000001,-0.07595790762246069
9.683,-0.07578313672766938
9.6835,-0.027872632659985522
9.684000000000001,0.03262299792422216
9.6845,0.06386071550551845
9.685,0.05869414013085909
9.6855,0.04254906611816384
9.686,0.036205087865039946
9.6865,0.03402518343287509
9.687,0.020315130469035846
9.6875,-0.004361297316513418
9.688,-0.019516351854658026
9.6885,-0.004744455214073549
9.689,0.03701343408148296
9.6895,0.0750022962997665
9.69,0.07512479626936008
9.6905,0.035249043841501675
9.691,-0.009736102878671592
9.6915,-0.027977814682898765
9.692,-0.029250996398823108
9.6925,-0.04739739853547008
9.693,-0.08711372166378954
9.6935,-0.1100336999390237
9.694,-0.08286009916530952
9.6945,-0.024761541291362283
9.695,0.00851422397107404
9.695500000000001,-0.013296012147019814
9.696,-0.05894838670096737
9.6965,-0.06761820560515149
9.697000000000001,-0.01483276972879802
9.6975,0.05890555320890403
9.698,0.08784651086373568
9.698500000000001,0.046188758609555625
9.699,-0.030046766585459316
9.6995,-0.08231355978153054
9.700000000000001,-0.08209343075703442
9.7005,-0.04520219397949801
9.701,-0.007095179835399574
9.7015,0.006831394237207997
9.702,-0.007322820109395975
9.7025,-0.03758967836677027
9.703,-0.06800503074566921
9.7035,-0.0882740187805114
9.704,-0.096756941641998
9.7045,-0.0970184873872577
9.705,-0.0933949102847492
9.7055,-0.08856847682055834
9.706,-0.07879509877799411
9.7065,-0.04903369445827408
9.707,0.016453729159986847
9.7075,0.10655218102894311
9.708,0.1708346907288298
9.7085,0.15230720710442278
9.709,0.044405027604838346
9.7095,-0.08820193172935524
9.71,-0.15613754331698287
9.7105,-0.11838305326772192
9.711,-0.01137280914077754
9.711500000000001,0.08758093614343487
9.712,0.11935518502163578
9.7125,0.07535548276500896
9.713000000000001,-0.006129141553929726
9.7135,-0.06634520811955218
9.714,-0.06508505022989401
9.714500000000001,-0.011860130279100402
9.715,0.04328588039449529
9.7155,0.058681698812718064
9.716000000000001,0.03740864701390195
9.7165,0.010190098278017869
9.717,-0.007060358014377532
9.7175,-0.02480170502077605
9.718,-0.054027679726519826
9.7185,-0.08448010318432282
9.719,-0.092832825361779
9.7195,-0.0666346056725948
9.72,-0.01789734429030082
9.7205,0.025930112625446543
9.721,0.04495031167081513
9.7215,0.040407934816902594
9.722,0.02533101305433156
9.7225,0.007153983901269992
9.723,-0.013663384283843037
9.7235,-0.030485031203237672
9.724,-0.028714107527504508
9.7245,-0.006763868361590332
9.725,0.006296059063031105
9.7255,-0.03037666103377108
9.726,-0.12224996448697602
9.7265,-0.21509370519888718
9.727,-0.23166490333866607
9.727500000000001,-0.14452487030964045
9.728,-0.01248975889085565
9.7285,0.0674104945836932
9.729000000000001,0.05342798991834332
9.7295,-0.004036439116301785
9.73,-0.028858810803256595
9.730500000000001,-0.0072744455825298395
9.731,0.010237238766712106
9.7315,-0.0183246021621783
9.732,-0.07902878107519021
9.7325,-0.12426605078705144
9.733,-0.12008922954202988
9.7335,-0.06791203420776681
9.734,0.005789631570538446
9.7345,0.07236316096763755
9.735,0.11699170839358769
9.7355,0.13784850651980093
9.736,0.13381699968310265
9.7365,0.0989962291694625
9.737,0.0356604709263142
9.7375,-0.028637247443587317
9.738,-0.05023442370882325
9.7385,-0.00895140671839983
9.739,0.06400672293513028
9.7395,0.1082548860559465
9.74,0.08575763584684887
9.7405,0.009280894405908176
9.741,-0.07184027903765335
9.7415,-0.10766811608406984
9.742,-0.0782034616285567
9.7425,-0.0032362655519046725
9.743,0.0717683378278395
9.743500000000001,0.10459686080510232
9.744,0.0812789850486413
9.7445,0.02140148982958335
9.745000000000001,-0.037317476993952825
9.7455,-0.06497245176990493
9.746,-0.06155335264994774
9.746500000000001,-0.0561511046634
9.747,-0.07514330039472017
9.7475,-0.10804590987539295
9.748,-0.11462651785974343
9.7485,-0.0717385934938483
9.749,-0.007053898027569155
9.7495,0.020645374582556112
9.75,-0.023457525423921394
9.7505,-0.11305951439071203
9.751,-0.17646370966529762
9.7515,-0.1527196680246185
9.752,-0.04116756683753649
9.7525,0.09549505371949582
9.753,0.17397271447323476
9.7535,0.14636912419263892
9.754,0.034110291920885494
9.7545,-0.08476270309019471
9.755,-0.13436767531573893
9.7555,-0.10242960590696162
9.756,-0.046226481698902144
9.7565,-0.033649895616407244
9.757,-0.07643232875887736
9.7575,-0.12333838729234943
9.758000000000001,-0.1195999044913793
9.7585,-0.06515457316379555
9.759,-0.006137301558238604
9.759500000000001,0.022206926897266336
9.76,0.026667196831357064
9.7605,0.032646956094350865
9.761000000000001,0.050163306379711156
9.7615,0.07152194510185804
9.762,0.08929681756936417
9.762500000000001,0.10138525784225962
9.763,0.09950807202994047
9.7635,0.06759880572932045
9.764,0.0019374394517845204
9.7645,-0.07177912845235529
9.765,-0.11125557881738997
9.7655,-0.09190785487776841
9.766,-0.029459341074385186
9.7665,0.03211863199694531
9.767,0.05741013757144585
9.7675,0.044904799419581816
9.768,0.01647414404942754
9.7685,-0.011245173145159552
9.769,-0.03730410898627039
9.7695,-0.062100513746123784
9.77,-0.07491972342562954
9.7705,-0.06315754674826529
9.771,-0.03145341035722742
9.7715,-0.004623596521925668
9.772,-0.0066048343766538075
9.7725,-0.03665718327425074
9.773,-0.06877488638557952
9.7735,-0.07412084702308112
9.774000000000001,-0.043280413339233714
9.7745,0.00901811731782203
9.775,0.0561998294566891
9.775500000000001,0.08001283686598722
9.776,0.0843782191942496
9.7765,0.08683186201319301
9.777000000000001,0.09087875765019165
9.7775,0.07273008846666626
9.778,0.008620887430786482
9.778500000000001,-0.08412673621307026
9.779,-0.14782965343650767
9.7795,-0.1353496741555617
9.78,-0.05556927485622027
9.7805,0.035412962977897755
9.781,0.08294996504955478
9.7815,0.0719604061964137
9.782,0.02670917302632487
9.7825,-0.016483286356724948
9.783,-0.03829583550274959
9.7835,-0.04853442754359278
9.784,-0.07248928388579051
9.7845,-0.1208388369577065
9.785,-0.17377565413250531
9.7855,-0.199521126750201
9.786,-0.18534495542964047
9.7865,-0.14368718669358935
9.787,-0.09174387395783733
9.7875,-0.03607577419777463
9.788,0.0216086726777062
9.7885,0.07282927936948848
9.789,0.10079304364038619
9.7895,0.08972721635281525
9.790000000000001,0.041149602315030176
9.7905,-0.015446928957915404
9.791,-0.037143087481124486
9.791500000000001,-0.0016587659279712638
9.792,0.07584049441033451
9.7925,0.16093458449493586
9.793000000000001,0.2246037099612104
9.7935,0.2455094803827109
9.794,0.20538824583440468
9.7945,0.10295930599691931
9.795,-0.0306545818853044
9.7955,-0.1457883956679464
9.796,-0.20553405872251174
9.7965,-0.20095039195044267
9.797,-0.1457327281152198
9.7975,-0.0661610629281041
9.798,0.007824439946800228
9.7985,0.051289932893373844
9.799,0.05099448575443257
9.7995,0.010160584860053327
9.8,-0.04889939994978928
9.8005,-0.09167413450592446
9.801,-0.09337436799543952
9.8015,-0.060808636584981215
9.802,-0.025247301836808567
9.8025,-0.005825067884007161
9.803,0.01093652916249495
9.8035,0.042779854302969225
9.804,0.07282463118979411
9.8045,0.061010620685897535
9.805,-0.0026610985241432832
9.8055,-0.07298308169152516
9.806000000000001,-0.08995608203019625
9.8065,-0.043698233679548205
9.807,0.008304418714453846
9.807500000000001,-0.003229078373474648
9.808,-0.08573426793795813
9.8085,-0.17382097658800247
9.809000000000001,-0.19321685515587456
9.8095,-0.12830298900155196
9.81,-0.027340733649346055
9.8105,0.045730717233788
9.811,0.06003191553660861
9.8115,0.03222328227155708
9.812,0.005602404750657592
9.8125,0.012968594025843215
9.813,0.05296301528208722
9.8135,0.09959026667551274
9.814,0.12920027901661624
9.8145,0.1313269532029434
9.815,0.10054560946074084
9.8155,0.03665324236033662
9.816,-0.04184036767543547
9.8165,-0.09985675046428001
9.817,-0.1150922129424425
9.8175,-0.10009727645864273
9.818,-0.08228943731610619
9.8185,-0.06526416337299429
9.819,-0.028206589828043728
9.8195,0.03334952871096458
9.82,0.08684304291565847
9.820500000000001,0.09468284399183725
9.821,0.05465546820175693
9.8215,-0.0024428712088511943
9.822000000000001,-0.04750767719435772
9.8225,-0.07486286776895358
9.823,-0.09260184146914976
9.823500000000001,-0.1025190736510013
9.824,-0.09674016226098049
9.8245,-0.07273434038157515
9.825000000000001,-0.042750299510032244
9.8255,-0.02038185005019353
9.826,-0.0017724716181944096
9.8265,0.02882904877156681
9.827,0.07370235662996336
9.8275,0.1108318303790933
9.828,0.11299625545278688
9.8285,0.07499359770059741
9.829,0.020010804802984505
9.8295,-0.019762628762788968
9.83,-0.02838381656134698
9.8305,-0.015789530402010497
9.831,-0.008034228611000411
9.8315,-0.027926664395254933
9.832,-0.07684203341362816
9.8325,-0.1282763006523496
9.833,-0.14169578016281273
9.8335,-0.09151768282973063
9.834,0.009730158587823895
9.8345,0.11375518060362481
9.835,0.16530390697350916
9.8355,0.13898496290554124
9.836,0.05822416327718182
9.836500000000001,-0.022077386219304464
9.837,-0.06164051809061795
9.8375,-0.06877997656386406
9.838000000000001,-0.0829610585834164
9.8385,-0.12199558349812421
9.839,-0.15696676890343414
9.839500000000001,-0.14611476811991284
9.84,-0.08502891759308513
9.8405,-0.013508820609555865
9.841000000000001,0.0252280986271855
9.8415,0.025705599018881798
9.842,0.019587798537749012
9.8425,0.03702827675982888
9.843,0.0731851722422788
9.8435,0.09726862948068897
9.844,0.09154870761787984
9.8445,0.06967632785675729
9.845,0.05133289741605181
9.8455,0.03067373159067239
9.846,-0.01717684438055056
9.8465,-0.10104448005243231
9.847,-0.19287998611030452
9.8475,-0.24169425595637492
9.848,-0.2081581811094151
9.8485,-0.09319765270588723
9.849,0.058928375100718924
9.8495,0.18497450074629002
9.85,0.23952348083523528
9.8505,0.22085409714042867
9.851,0.16516652993575406
9.8515,0.11131831793627234
9.852,0.07020213778109893
9.852500000000001,0.03009358402743554
9.853,-0.015388674658714737
9.8535,-0.0562424939058213
9.854000000000001,-0.08262542414988447
9.8545,-0.1004514473952001
9.855,-0.12224388090695305
9.855500000000001,-0.14565044116729395
9.856,-0.14807308390398408
9.8565,-0.10645957886343622
9.857,-0.02495714531614867
9.8575,0.05695980852173249
9.858,0.0903558600012564
9.8585,0.0588679164987757
9.859,-0.003896668013966557
9.8595,-0.04399139142963929
9.86,-0.0378757548672243
9.8605,-0.011471282857250551
9.861,-0.0059072365542980915
9.8615,-0.02936328723201137
9.862,-0.05195728959575298
9.8625,-0.04753538970496782
9.863,-0.027529475324726993
9.8635,-0.025045207054479254
9.864,-0.05337417757830581
9.8645,-0.09076086725111336
9.865,-0.10279632278935376
9.8655,-0.07298516568722187
9.866,-0.016756026787624702
9.8665,0.027578804148321975
9.867,0.028293838743758543
9.8675,-0.010203958933387009
9.868,-0.05045027921796363
9.868500000000001,-0.06045998763201969
9.869,-0.0451515644365158
9.8695,-0.03428549906673891
9.870000000000001,-0.044784922123822665
9.8705,-0.06237458340647942
9.871,-0.05734745270209013
9.871500000000001,-0.012885929749261662
9.872,0.05867575545496378
9.8725,0.1228512869296305
9.873,0.15007316037421012
9.8735,0.14034144244688226
9.874,0.11830491200627488
9.8745,0.10270794252686388
9.875,0.08727815556642832
9.8755,0.05602227470463286
9.876,0.010808751466639975
9.8765,-0.024936463062441096
9.877,-0.030077343127077327
9.8775,-0.008479113274730044
9.878,0.01503370592840474
9.8785,0.021802199930752667
9.879,0.017763385605564723
9.8795,0.018285447905352817
9.88,0.02017532274878575
9.8805,0.003601649075480098
9.881,-0.03625132432367334
9.8815,-0.07281931889182823
9.882,-0.07167515334090849
9.8825,-0.026748466356689614
9.883000000000001,0.03180221205436903
9.8835,0.06508328101050427
9.884,0.057067061449252415
9.884500000000001,0.019450810874954573
9.885,-0.025937981807001284
9.8855,-0.061141669205693326
9.886000000000001,-0.0734855210573892
9.8865,-0.05760889633161832
9.887,-0.023438622873360238
9.887500000000001,0.0043498831990039745
9.888,0.003921427128145886
9.8885,-0.025832218302806194
9.889,-0.06678537260247669
9.8895,-0.09616179938100163
9.89,-0.09637606117079549
9.8905,-0.06158513588404385
9.891,-0.009072044965070152
9.8915,0.021030893789332056
9.892,-0.0028770691337110495
9.8925,-0.06634804735621372
9.893,-0.11497235445329956
9.8935,-0.10693160213444508
9.894,-0.05450788467920141
9.8945,-0.007487017094906794
9.895,-0.0004907425246197736
9.8955,-0.023869296656974223
9.896,-0.04085586290390307
9.8965,-0.022575943216907913
9.897,0.02974805296299597
9.8975,0.08460802355630942
9.898,0.10322694657685039
9.8985,0.07296643478222992
9.899000000000001,0.019256962380084057
9.8995,-0.019320560135899497
9.9,-0.028032597916386164
9.900500000000001,-0.028187267431380156
9.901,-0.05172855041878549
9.9015,-0.10073767504216692
9.902000000000001,-0.13377555688754159
9.9025,-0.10039251376375766
9.903,0.003948266993968501
9.903500000000001,0.11850070359473411
9.904,0.16250373015707847
9.9045,0.10965714753838572
9.905,0.017543790351670203
9.9055,-0.023386101497126773
9.906,0.02737253485753586
9.9065,0.1283384794717666
9.907,0.20104042344754194
9.9075,0.19935305457410576
9.908,0.13596417194952334
9.9085,0.05368953357014595
9.909,-0.015353021548699738
9.9095,-0.062113695688756056
9.91,-0.0881245020606688
9.9105,-0.09547575691934918
9.911,-0.0891144820651728
9.9115,-0.08106844088685064
9.912,-0.0871886085219717
9.9125,-0.11482188539807575
9.913,-0.14880864114381934
9.9135,-0.15475643047601745
9.914,-0.10939762521113057
9.9145,-0.03174364478081421
9.915000000000001,0.025225212721882564
9.9155,0.021870937400336805
9.916,-0.029958404608914344
9.916500000000001,-0.07843023844678669
9.917,-0.07973835620437394
9.9175,-0.03330827338047675
9.918000000000001,0.02563360693358377
9.9185,0.05944990099759877
9.919,0.05369534860768418
9.919500000000001,0.02206796184064957
9.92,-0.004529557153748686
9.9205,-0.00023167960317741626
9.921,0.03375125214072691
9.9215,0.06969575103370272
9.922,0.08164162220790905
9.9225,0.0710779582438739
9.923,0.05811002054383862
9.9235,0.04963974707078804
9.924,0.028443988249867568
9.9245,-0.01856334189826718
9.925,-0.06862488599434002
9.9255,-0.07556814726303991
9.926,-0.020865198728840503
9.9265,0.05760660801237584
9.927,0.10029621907437265
9.9275,0.08700141862677674
9.928,0.05098584422729227
9.9285,0.030384692361666514
9.929,0.020943469557964584
9.9295,-0.007649791204792269
9.93,-0.05536002272874537
9.9305,-0.07666559965119832
9.931000000000001,-0.034972993571916466
9.9315,0.042323422014999786
9.932,0.0849972407224299
9.932500000000001,0.05689696233144364
9.933,-0.005421866895563851
9.9335,-0.037719232350737
9.934000000000001,-0.019513687237349354
9.9345,0.00937833631514157
9.935,-0.0022327602907649107
9.9355,-0.06170275767401611
9.936,-0.12736663019480512
9.9365,-0.15217675465478542
9.937,-0.1282354964079049
9.9375,-0.08987951442431044
9.938,-0.07635395594785735
9.9385,-0.09258770218501652
9.939,-0.10677745758003235
9.9395,-0.08607458879033487
9.94,-0.03159169360342195
9.9405,0.02392466705961521
9.941,0.049397598673497675
9.9415,0.042695547832061816
9.942,0.028639321332471896
9.9425,0.03481523148000687
9.943,0.06631647521275327
9.9435,0.09992846577750363
9.944,0.10509406828308002
9.9445,0.07158503114844443
9.945,0.014220302562102133
9.945500000000001,-0.04427360363479653
9.946,-0.0861884013248198
9.9465,-0.09977668150411184
9.947000000000001,-0.08035058909986664
9.9475,-0.03318142278263996
9.948,0.027967148864252993
9.948500000000001,0.08401630220944065
9.949,0.11388703316522476
9.9495,0.10287301909368081
9.950000000000001,0.05272378334734438
9.9505,-0.016198420412806724
9.951,-0.07225325848061391
9.9515,-0.08658267795384209
9.952,-0.050838416514273135
9.9525,0.013441596289346564
9.953,0.06723765327418602
9.9535,0.08114719173275947
9.954,0.053533026747641176
9.9545,0.007857554264932322
9.955,-0.02251698439900203
9.9555,-0.012047167479213214
9.956,0.040830864548975845
9.9565,0.10751154062388454
9.957,0.14333311670057117
9.9575,0.11724459081738174
9.958,0.03504157246778431
9.9585,-0.06390093820430204
9.959,-0.13418302927687908
9.9595,-0.1513501082339655
9.96,-0.11715237320437255
9.9605,-0.04921928890252621
9.961,0.02689655748161473
9.961500000000001,0.08225270653181148
9.962,0.09457100047047226
9.9625,0.05964126745732335
9.963000000000001,-0.007172494748425616
9.9635,-0.07948598125000794
9.964,-0.1315920656096798
9.964500000000001,-0.14929651402562694
9.965,-0.13443560592572867
9.9655,-0.097513434488612
9.966000000000001,-0.047619641840276776
9.9665,0.00407743524641731
9.967,0.03600325757928985
9.9675,0.029203313310181805
9.968,-0.007185835308751479
9.9685,-0.04054844636242142
9.969,-0.05215362225892768
9.9695,-0.05339864024880763
9.97,-0.05555041241214671
9.9705,-0.04269725443816633
9.971,0.004737221641857376
9.9715,0.06863376915842676
9.972,0.09844819245967619
9.9725,0.06336348272352035
9.973,-0.012437551661430929
9.9735,-0.07326177866530406
9.974,-0.08425510315797814
9.9745,-0.05441910847104596
9.975,-0.01498957563687662
9.9755,0.01274932678691518
9.976,0.028342171352251425
9.9765,0.04211355325914148
9.977,0.061114364599513166
9.977500000000001,0.08280155600136384
9.978,0.09721315511359267
9.9785,0.09288255187297917
9.979000000000001,0.06480410219889428
9.9795,0.023242848397415684
9.98,-0.006432884757302621
9.980500000000001,-0.0008642902435756356
9.981,0.039992275639709016
9.9815,0.09003945886127863
9.982000000000001,0.11648447938793066
9.9825,0.10317720528826313
9.983,0.05946033531420667
9.9835,0.011263710342477636
9.984,-0.01708044676038049
9.9845,-0.01926368863029905
9.985,-0.010720792345842615
9.9855,-0.012283099241227193
9.986,-0.02559050184341279
9.9865,-0.03050834597849284
9.987,-0.012333909980417938
9.9875,0.01710392850855324
9.988,0.03459167601417503
9.9885,0.03472740446852686
9.989,0.03246470476744624
9.9895,0.03860515765247992
9.99,0.04440932322095668
9.9905,0.03554844687680796
9.991,0.014038190095827383
9.9915,-0.0034089931430528794
9.992,-0.009100358182448852
9.9925,-0.017275176823175333
9.993,-0.04605376785214045
9.993500000000001,-0.08997688736708809
9.994,-0.12071904534504284
9.9945,-0.1197956909852222
9.995000000000001,-0.103668443987499
9.9955,-0.10627374718722525
9.996,-0.1379184321522134
9.996500000000001,-0.17432414345225772
9.997,-0.1907976897214736
9.9975,-0.1915574184200426
9.998,-0.1904676834635674
9.9985,-0.17484181751147848
9.999,-0.11429659662876986
9.9995,-0.00853438725091336
